target,x000,x001,x002,x003,x004,x005,x006,x007,x008,x009,x010,x011
1,1.3345773969093375,3.25994292090808,0.9184463987354012,1.7971783741534788,-0.0489942436580754,-0.6385504047460333,0.4550204525778423,1.876229244288552,-1.1014486630462406,-0.8151156332490945,0.1753390159063033,-0.4106993556190242
0,-1.9994448958737672,-1.301949338396782,-1.6940010908427043,-0.8668770728816183,0.1220650404068557,-1.013663380465541,-0.0188697412047967,0.2725943894034273,0.4582687707889779,2.1416721842592525,-0.8639962918777727,0.3793140518397108
1,-0.4619498549861998,2.4512594724594665,2.086267069896475,0.6752037774812661,0.5616335802903621,1.2263266824132657,-0.2289343830881071,0.538183146014697,1.01822764481421,0.8583224000630876,0.5292080199316129,-1.565562091547698
1,0.6295733894574957,-2.6175855227803733,2.6635289635971744,-0.0625775834780656,0.1280851964966062,-4.237076563432551,1.9381059181476412,-0.4891676734802649,1.1335584590125538,-0.4505536543371244,2.775812765333304,-1.3241230061378997
0,2.536482062000998,-0.6020631639106195,2.7050571039729268,1.5900100654972034,1.705093867914386,-0.6676812866796685,1.0998073150306442,-1.252756614907908,2.6926981025229653,2.157708819152653,-0.6577561053626089,0.1356065182514797
1,3.790467497162323,-1.1814391865541471,0.9009754567834292,1.960898613090558,0.1113774210956837,-0.826092745710317,-2.8724212617805063,-0.7771444542628244,1.3910042627142325,1.0248378911054083,-0.5928071815734445,-2.040312390022059
1,0.0137750531937035,1.4117330809567317,-0.570089075806037,1.9342197614860015,0.7311219129952182,-0.9575889343389478,-1.0285241419793787,-0.1000288316118871,0.7865272092179888,-1.9472216686712256,1.887550379746164,0.1769552762200178
1,2.1563740499176536,-2.576816938234051,-1.7892124864348955,-0.7473890617724661,-2.1578212385815205,-0.1917886002581851,-0.3598578329611647,-0.0391048414422505,0.8407972108698076,0.7589474817783144,-1.2255797754385918,-1.6003598290185252
1,-1.5702517779977354,1.5994078115234762,0.1348193474991903,0.9053452592183192,-0.187598272077077,0.939672828992306,-2.2909805665423915,1.1956706271996371,-0.3705892470535478,0.7430169552106405,-0.009895598760502,-1.5067241875938189
0,0.4898065638560482,-0.0781062168458503,-0.3049596075108486,-1.4998365927210144,-1.6532829341678077,2.3628215821475047,0.9330536932405112,1.6035967037533976,-0.1968294784962376,2.073776027962295,0.4344434933894849,2.3044200173675464
0,-2.45200860414114,-2.8333865024136977,-1.4093375887825066,0.8574241849183986,0.2546053486186207,0.9391526974699972,0.2525750430947522,-0.6922782969732685,-0.2493571410803775,0.6339193006264956,-0.1033381296554384,1.043554034713461
0,-1.1213543815770182,-3.516949819720776,-1.1896807120501491,0.8325678671447417,0.7904520818294735,0.3933895284707651,1.6739590950118837,-1.8007901815534173,0.4340460826683741,-0.2662387612509662,1.1549619984944757,-1.0682117448835589
1,-1.5946490556573911,-0.9864732691054116,-2.8721797269698235,-0.9171750708030608,-0.89029293951763,-0.3308959383614372,0.0897256218716062,0.9571685354046124,0.0791373912822052,0.5254163432512676,-1.672924542430453,0.6187780411742445
0,0.4974278064246518,2.1854510629813344,2.3047106049940487,0.7306651023571863,0.8307093809113943,1.2054623717771171,1.3484153566073205,1.23331148794544,1.1901308953116778,0.0021276883137658,1.035676817705098,0.1979798202764041
1,-1.9292083433779663,-2.666480216389972,-0.5371110829633202,1.9287907239758992,0.4659008250635745,0.2663658391359787,1.0474039146739724,-0.887566903806615,0.4006798863152601,-0.2640686957221474,-1.034052493063733,0.2871326456285855
0,-2.2913823716237447,-0.5932585770220782,-1.0221825080089135,-0.2054710158371067,0.7742671467324665,0.1266460922829846,-1.5090373808321271,0.5752092000734536,0.4594775693628063,0.6710723381004123,0.3991758489507447,0.2541536473832763
1,0.837580271736446,3.6760338873741576,0.1489595243644091,1.883239774071683,0.6505814703806413,-0.8863119029979193,0.164805605721234,0.0125200970670791,-1.017397810895432,-0.6707176482670926,2.0880670947956785,0.42900087239619
1,1.235910376539728,0.3434068492619058,-0.5018880249707647,-3.159788318801948,2.0026265090635045,0.669352834541733,1.312392586220684,-3.929661644281476,0.0022949786862094,-0.0737662883642383,0.4760050545982398,0.925139317374372
0,4.484195903511696,-3.493012623158396,-0.2992645629937321,0.9550921792689844,-1.0621030577237398,-0.0075875670060819,-0.8080495612144883,1.4713071938015692,0.4125389657668938,1.0085443201296584,-0.9231625280606492,-0.6268607820756574
1,0.885767930371436,2.047964802271136,-1.9755620864292007,0.6086234687365718,-0.2149723252644632,-1.861828551280412,-1.862462107624901,0.6495149053568224,0.4225694242808669,-1.1639083461971087,-0.6680288862753112,0.504251659634402
1,1.110829526855356,3.181433339520596,-0.1840475498601132,0.6515200148827521,-0.8200697984455945,0.4768703555525906,2.2190984456990903,0.3077894614084754,-0.1720882393488479,-0.0820436703340913,-1.3577154193512655,0.4255072585494692
1,-1.496516199088306,-0.3626212472132514,0.7035688384212763,2.0832097834747456,1.0016887219773645,-1.303906814857292,-1.4095411706856784,-0.3003153229591097,0.6348527757213867,0.2382812349074191,-1.1510249090430678,-0.8979944211631429
1,-2.229513051290734,0.2240284761576406,6.583067849111067,1.1561564546794485,-3.428372064610884,2.220872092162324,0.0788403841862598,-3.427538065484875,1.19894373884699,-0.4272600251549329,-1.7129513464602726,-0.6726667784371295
1,-0.0234362858770359,0.7910558496690645,-0.2967143294116804,0.6143967958950433,0.0528307928960534,0.265109899326701,-0.2428833769956068,-1.339590562465725,-0.3239758092656637,0.7206133645664893,2.843104835843302,0.4353744596616404
1,-2.8793253126347085,2.318323558368151,1.3495271923598913,0.390056179772749,-4.091483324434378,0.0380627209347058,-0.3160792839778785,-4.295417317221954,-0.274432139142292,-1.2821293044736166,-2.619722566390721,2.0934835404598924
1,-0.9161992699851724,-0.6980315165476204,1.359425242043108,-2.209098373658691,0.7433193926243942,0.983242705854237,-0.5883828757423678,1.2044099544708242,1.2487363417473765,-2.1223185054350573,-1.540831976371685,-2.070588428193212
1,-1.312772106149902,1.5314157514719222,-0.0496650448372695,0.1161470675223876,1.2696779584853644,0.7132168552106415,-0.1023210578651936,1.0839615500244506,-0.1120598791969317,0.9751984118891917,-0.7893611297672277,-0.505790510733785
1,-1.998700321009536,-0.284267756508638,0.2550197224904493,1.681040402905793,1.9946262734408653,1.0139942397717738,-0.3824087628153299,-0.6949638580090333,-2.6267011863588703,0.5781767879617011,-2.303954846660325,0.2999553476201316
1,-2.938762116500906,-0.223811653739623,1.2637140547404455,-1.6802350233717638,-0.1906435562059734,-4.078851124552579,0.1157466125514796,2.108115236288134,-0.7214080940052612,1.9229437393629285,-0.0995381447445623,-0.4817689341486325
0,4.187028633700353,0.5749290312586164,0.0401568738391024,-0.6716439688020229,0.4251402194891864,-0.8096437886930775,1.9720641681656856,-0.5009112234085142,1.6359567802598378,1.33120508743465,0.0732078230813299,-0.91178017206212
1,-0.630029877282387,-0.3705584177849365,-1.2795473265268305,-2.3479290758026377,0.8238903414913806,0.7921255291335514,-1.9288019710465552,-0.3760528198658704,-2.120208584449044,-0.0626686131212691,-1.769258746462506,-0.9046789461006132
1,-1.010383425900629,-0.6858468566167752,-0.8248292298673735,-2.3043741668147395,1.819282508798833,-0.714492056573914,0.9480553913145592,-0.5856150993035925,2.736645521693273,-2.0502975782781947,-0.7831696483651863,0.8431710749813424
1,0.4756196884111586,0.2489499461067673,-1.870927480510196,-1.1059035167814708,-1.4800212801758887,-0.628391962280521,-0.977981139085746,-1.1120588904163713,0.5002098273967203,1.424126708228397,0.1483446842528015,0.7464589823599461
1,1.637115143162843,1.3145238075486825,1.780247444630499,2.6511156505872853,1.2679349135522269,0.753050328640443,-1.2997567285525182,-0.6174350836022757,-1.2065762769542985,0.9026640318779312,0.893805038154746,-1.8639813416240805
1,-0.4304000463541483,-2.0287618300112764,-0.797455100798261,-2.101809059113274,0.2131036991639933,2.4243366295294773,-0.3031705003045565,1.7952408025330864,0.1141549287206074,-3.8586814302843697,-0.4790846863431726,-0.0253655891313547
0,-0.6977193359732298,0.8417929859282721,0.3014379959459388,-1.4006908485800764,0.4121433989132296,0.855937479366714,1.0515469092053775,0.3379465659628558,0.7081954860736773,1.494110360124811,2.1754357815263323,-0.4414554380405963
1,4.0496694537953735,-1.0259822764419773,0.7141177357556271,0.1305846202617929,1.930073510096968,-0.7446732337504386,0.5522966584293515,-1.4749878013585145,-0.0124004967710033,-0.0218541758540575,-3.005317425504749,0.1522932500968525
0,-2.0544576033999578,0.0242420831441118,1.461927309370506,-2.8368221652980594,1.1170668439173868,-3.427824225546169,0.0997141151453321,2.141123365976123,-0.3238271861830065,-0.5417269277369743,-1.1533536346889648,1.4561237958064706
1,-0.8658509475292254,0.0717638600712996,-1.9265970148308251,0.0554262889316293,-0.6335546916322874,-0.4558838285763033,-0.4799192066615959,1.416580526037979,2.240384126195636,-0.983380527580382,-1.8502405422099744,1.6325709713731649
1,-2.315460982708135,0.4221187464505426,-0.4062222165194482,-0.1463518531316771,0.792439921627039,-1.55031775932548,-0.550599332194652,1.3447272146280604,1.0749473977656585,1.5039237389701994,-0.7126415552312719,0.1599250134439399
1,0.8461047653152134,1.259945503821147,-0.8985314274297883,-1.3830134218994496,1.7629618253249864,-0.6765900918274204,-2.8982837494970703,1.0270081921866678,-0.4705055817126598,-2.055269541030092,-0.7975901088134542,1.3467073907510727
1,-1.123647962840405,0.1830357787496735,-3.2800239632578707,-0.584361927860224,-0.7102946081478716,-0.6600621431166549,-1.4886354827881425,0.9674816808461212,0.30394300474037,0.3961795667885323,-1.7393957621151253,0.8067661318261234
1,0.7063451841423237,0.903475101468316,1.2170618947685636,-1.551530623028906,-0.6303565251236204,1.0155253293212212,-0.5910970758335233,0.6852087775443678,1.573809856294451,3.614186060789245,0.1826759183516342,-2.621887332906298
1,0.2336126475541696,-0.9623761072258108,-1.1595769662987825,1.2790569893278338,-0.4046433709847025,-0.0584235965845104,1.420077509033105,-3.2215739129148004,-1.637636267926175,1.2809425709720093,0.4665814895289473,-0.1690955319939062
0,3.574328305100253,-1.175403879973721,2.7653994095285306,0.6890055092746536,3.1393506321473383,1.2747679580164173,1.0684010620823858,0.1136625936167422,0.1310969287182391,-0.0632821666468179,-0.6766160799353464,-0.3780688811091102
1,-0.4253777895568446,0.8223853846139709,-0.2216162598889833,0.6692196832870985,-0.5454254619301663,2.714894631423264,1.3463066749686765,0.9925782009854914,-0.7807059288120142,-0.2921026729074403,-0.064549789112728,1.0489825313226264
1,0.0869259402481554,1.947900011791177,-1.6566718805404874,1.4045548144123343,1.1541205350654162,-2.132013651445265,-1.664342131663677,0.5150128072804808,0.2203926769225852,-0.5686647068059753,0.0989567461581748,1.476240864261559
1,0.0732374403834894,-3.618386774390892,-0.5524002586359383,1.9574444916500864,-2.4044155572671784,3.618516518618596,-1.1117661964072156,0.9631689443087084,-1.4054531131466712,-0.9352581363666794,1.1411213426480824,2.453033992290721
1,-0.3040688028047107,1.945185318956859,1.6163435595212734,0.1594551010514308,-0.6486904485389248,1.737662952875341,0.8211466249162304,-0.541440704349344,0.9628914344718056,0.6103110053931956,0.9689997344143676,-1.1347503176079794
1,-2.9980654264972326,-0.3424522762668824,-0.194744574481029,-0.1991184678345156,-0.7209832967212145,-3.29969510555706,-0.6300403145564653,0.9850135411051962,-2.8968002483322133,1.0656363980380352,0.4762979686954663,1.0456359944037636
1,-0.4012038837194033,0.0215013905485306,0.3903054912252355,-2.737216724082128,2.083335588451101,1.5193401969041598,-1.6701879296273332,-1.4403888773858105,0.0772152171897828,-0.8979958221579122,2.964142946713656,-0.9136650195595214
1,3.116802477801211,0.3760534041679234,-1.40774414835084,-1.9645087791535167,-1.8622192809112856,0.7914535000988007,0.5807756554111388,0.2696944055302923,0.8098393197433649,1.2220518400154663,0.0013789729498393,-0.8347073846402574
1,-1.800132267612379,1.0813912652808226,-1.6010804075853275,0.075953638840052,0.4606577269811354,-1.6677480230615296,-0.2212910812917894,0.6069734670004971,1.4229597451201976,0.1039981908284135,-1.1397446420402004,1.0568583172969843
1,0.5950345788050191,0.8602771901150776,-2.1204616428447705,0.3863479486442392,-1.8833969289921424,-1.2071634131416518,-1.5316471453749787,-0.7872079817256564,0.7933342758443611,-1.4029554925237842,0.4830285859850139,-0.8635777185930742
0,4.752368661538129,-0.4687964642389763,1.970068926127873,-0.2788036687190862,2.6170042376320444,-0.3464871002949565,0.0375633408705019,-0.4045233000753025,-0.2989743407597283,0.8186604208583548,-1.1451781743132363,0.3450338985056549
1,-1.7954877098438329,1.173516539817509,3.7660088675271752,-3.63226630000346,1.4078041256021363,-1.0824009461138275,-2.6839578536782285,-0.2120541532196615,-1.7067467613941685,-0.739191184936933,0.2520114561469976,-1.5242598966954288
0,2.7651854322505214,-0.891047689830847,-0.6128672942825032,-0.7482157957068024,-2.408639298715437,0.3268639004333817,-2.7421197392249748,2.687991464201054,0.2694787971185198,0.8253145062529208,0.9692334310188048,1.1472374720255374
1,-0.1726708597796048,1.249797198630524,-1.6624087583955938,-2.1567178345150992,1.417265850700807,0.3875599480062601,1.773779046203684,-0.94850701986773,-0.6321588846159268,-0.2116063735078923,-1.9640260400053595,1.4327856603308735
1,-0.8773790125436552,-0.8283598402321427,-0.6830582031987747,0.1234994038746002,-0.4410759988558125,1.3560590722873516,-0.5963289217446273,1.7549114065775502,1.140479963263094,-0.5577829862099114,-0.5023482671144882,1.6056327658465144
0,0.6418791948704309,-3.7494047204454777,1.9842473833459229,0.4667445606412955,-1.0971029390575155,-0.2520754705403166,3.8522876297479822,0.533275191327826,-2.8374832070867138,-0.3319625656897407,1.0710115262630882,-1.51578377999437
1,-1.2835292353753078,-0.6199419312550025,-1.0974291959131406,-3.318110229223802,0.5983736736882002,0.2137477776774751,-1.0043522265156564,0.2654908630356018,-0.6169890094169036,0.4783278777939941,-2.996000465525891,-1.024842210064226
1,0.5448382620946812,2.427508510293031,1.629510048266778,-0.3060764562460834,-0.8822232827960665,-3.4037506325869527,0.54960064598036,2.199020667533752,-3.764742824602768,0.9031615761861024,1.1164912523678487,-1.004985328455685
0,5.12273860053778,-1.4046131339181387,1.0418482102763245,-0.0500304091495182,0.5925296931936448,0.2216302327460468,0.269220295227041,0.4828756668435254,1.1304233738417282,2.3984645915148275,-0.7816950666068971,-1.2185213832291608
0,2.1302275366905548,-0.7481631470423511,-2.763517581187603,-3.5822611860159363,-1.1186040085035165,-0.7187932058313208,1.7565087620210431,-2.627381439671513,1.959938585625292,2.7068504048914246,-0.8942885790781682,-0.4249561499726184
1,-0.870709646694816,-0.5963970007849418,-2.2991870456648584,0.69668910043141,-0.4972469338031535,-0.145089466287844,0.4130741507592399,1.114621028946031,-0.4143166388517226,-1.5920901219396564,0.2138791268729573,-0.3326726917788894
1,2.4647291974947145,3.2480983445479,0.2204556147942754,1.313964140548674,-0.6537149924676959,-0.535622828178908,0.1438570793185342,-0.2412497022970888,-0.2754044530797591,-0.0050189535084063,2.4268592085622798,-0.6886094455924202
1,-1.984937691908805,-0.5897205187210417,-1.515437669005183,-1.2242877935508236,1.9677069779361924,0.3007150756791462,-0.5075214517568406,0.137414774108144,-0.9636044503334892,-1.7917323131422758,-1.339158034134616,1.8129955665847293
1,-3.0818212411892465,0.2780909062502972,-0.9086852843540806,-0.0203144310105136,-0.1795332068705587,-0.1610252190055615,-1.755099633204975,-0.0411384952021467,-0.1371100712155525,1.8247636999545187,-1.193252491146482,0.3506165751081717
0,3.180876319653742,-1.1972173864593676,0.145589522434571,0.5834035375643836,2.606704595257818,-1.3748455511061997,-0.6768023419730756,0.0919492722457006,1.3332048439658426,-0.7946593941996666,-2.837772557123017,-0.2097258033570589
1,-1.2592285246446293,0.4362065746662093,-2.697066831515626,1.0847393137620231,0.4486628550094227,-1.426789815367776,-1.255343805676829,-0.2988871606368117,-0.6662516273802044,-0.1601285532168329,-0.2073611381894575,1.1379913359214773
1,-0.2896774234570863,-1.2543730702813618,-1.2208579521187233,-1.4668302410413554,0.818813764656074,-0.0274920369985728,-0.2578799971348157,-1.7373230973889282,0.0268023743294255,-1.637095395512035,-0.5996663459116415,0.187917053581531
1,1.0103329517246955,2.3259907467309198,0.6075809429953106,2.0934806945390414,-0.3519833449661762,0.8244017038765088,-0.5503179870073258,0.5692294235334874,-2.0779292249103904,-0.9573343357911775,1.1150323524324748,-2.407545471790524
1,5.833805132172492,-1.046171237451757,4.336107234745096,-1.1178590231222356,1.124696632644127,0.7776818286052964,0.5925379928070997,1.8734535197757864,-1.0824430658772146,-1.634094162604553,-1.770631399958044,0.3596656157301779
1,-0.327118076045976,0.3688515853319262,0.8341741072978653,-3.628497664854502,1.4659219913114363,2.461421601701042,0.5270785402740567,-0.9164312172261072,-1.285879653738657,1.6582665247029955,0.0226559732253511,-0.8804437704220283
0,3.434819819135407,-0.5877484725024489,0.1140578404206263,1.3993041907777812,-0.2570859293137095,-0.7082399371068029,-1.590682362656518,1.6600818366349224,1.1270173441558369,-1.261526583999155,0.7147540545427452,-0.6278373811731093
1,3.984175494217044,-0.1271948350570401,3.178474541629152,2.855945393039266,1.0153479030071646,0.3264061705207269,1.17369662533347,1.5859764761058224,1.0081218929547204,0.4204296327395584,-0.2913420647062512,-0.0192262953769719
0,-0.8812921340603087,-0.5597131392103535,-1.2024056465978763,-0.2746760334228492,0.834663060142879,-1.6462306275575107,0.7603765448545596,0.6523932241338719,2.113317842521794,-0.3303423025862112,0.4015444159284134,1.3852805437942657
1,-0.1282280318882433,0.9845238394099652,-0.3586849793785959,-0.6643771329735727,0.4786894871458516,-0.5930337205589565,0.5657776968963423,-0.3752760609614932,0.9685134279770208,1.3095856850794685,2.1403860012230624,-0.1744724939554884
1,1.453317223107628,0.8906299086669581,-0.0175801484132899,-1.1007968664084526,-0.5942312750982081,0.0371548634375265,-1.247217116110045,-3.025470737623668,1.99665549765514,1.0484120808381632,1.9129862581535648,-1.874286824101328
1,-2.513864837710873,-1.830302656702174,-1.713030882788668,-0.9473486818206774,-0.2162709989952418,0.0898389246744448,0.5488561949806008,-0.3123638245796614,1.2297039979848834,0.149571994379506,1.3824601162290435,0.1739348096593301
0,-0.0636210794465375,0.3603026452117258,-3.1252613889945327,0.1781959424270495,-1.4747756721985186,0.0431698502082277,-0.7671609523976431,0.0330330127676417,-1.2176039899858082,-0.7334958879594782,-0.3100889926981109,0.8264605876482995
1,0.9534590673081752,2.257346431602953,-1.2010441830350471,-0.4199982508405219,1.498115514751459,-1.024224502433713,-2.063909458361519,1.1370707418547925,-0.2740859401007607,-3.3166007926332477,-0.2483055659409798,-0.0087194215863241
1,-1.7651445615887456,-1.5180301578021014,-0.7763020791209503,1.11772363767906,0.5377012419275592,1.3846949848611632,-1.6634822776009677,-1.9786641002749488,-1.1162622018715544,0.9867305951626564,1.1029231631572858,-2.5618781460893323
1,0.0461717799770739,-1.796206362741682,3.047833604339944,-2.0401337100365704,-1.4589571790092115,-1.7706756935121686,0.4437710183348513,4.3190726282223775,-2.633002297540911,-0.6590272224725645,0.2774621915347141,-1.6217681270955078
1,-1.1546734072814224,0.7788778605585172,1.9399605366080757,0.7245923530414763,1.0300507004151684,-0.2745629603942626,-0.837490292119913,2.702231209141574,1.5221390140460465,0.0909104169950316,0.4031030277643088,-1.2113944100113097
1,-0.5985254299273903,0.7475026852036671,0.7437785325838954,-2.040097125310313,-2.1198596269358925,-0.4623473879629711,2.081082672210481,2.260829404766821,-2.966067990910135,0.9558693256098972,-1.5091310336216266,-2.3530982863176404
1,-2.067386874333419,-0.1697543963055239,-0.84598740184406,-0.0678528034283209,0.4384839169387213,1.6796002653462143,2.7272106136511334,-0.2892159475535655,-0.2251441182199343,-0.1667714290516635,1.8262143590742737,0.7804641412839352
0,4.264724451305266,-2.424222849038589,0.1102107211389071,1.130469229628036,0.1416334249020016,-1.796127020802307,-1.9131122760591164,-1.866938865018435,1.3222303587635842,2.7258567680897148,-0.3152780269088773,-0.4975947289123767
1,1.3651401577377726,-0.0293580005042844,-0.5411827814088715,-0.7404445749598708,-1.6706447933409267,-0.1129044393108892,-1.5106604112865996,0.380308680853694,1.5503567466154184,-0.8741744467114149,1.3431737934051329,-0.2159559802235238
0,-1.1155428111431536,1.0351162952264807,0.9366762417360418,-0.2392536250454962,0.965805474098489,-0.0872886520496108,2.447127217617688,-0.5135965297307549,1.6924454610101076,2.0780049824769886,0.8038927675591274,0.3208366723476924
1,-0.3946795950613021,3.197279910361402,0.9161800831911768,1.6883953503779687,1.069078448169598,-0.8324878085607657,0.6508703823467907,1.8151902111387856,-0.3293622078304026,0.2362413468840172,-0.4035895607442532,0.2627207790252224
1,0.1618255617860972,1.7609338006257171,1.4215331060165948,1.4587083517089052,0.6696921206879249,-0.4830590131285059,1.4242776699589057,1.122527213646369,0.9569286510181232,-0.268202877987633,0.0924539305141293,0.0581488270458296
0,-0.4393399667500847,2.245044833031208,1.3472277186595465,-0.0897192619573425,2.362716720242257,1.4329519886232294,-1.8714972086531152,0.0728219790750942,-2.283103265336126,-2.2165399492168523,1.4125521428992729,-0.6212078021272321
1,0.9030724652397176,-0.8002391966994361,2.119647519821904,2.0592597732255187,0.106740352559452,-2.861294421792305,1.94911588041194,-0.7365554834897834,-2.815949794887391,-0.0571357234471296,1.773203910515724,0.9783932608215956
1,0.5553119963736002,1.426179648040175,0.0624421260765241,1.125320866597463,-0.5348533356887162,-0.4156722796744734,-1.657149962878946,1.1421415344178385,-0.4184237611934825,0.0992327005870598,0.027793027054792,-0.3982126226483385
0,4.027982040828353,-2.912903599940344,-0.9091153856730644,-1.0591491346849364,-0.2530464123738093,-0.2819800393068891,1.6780344271542722,-2.795881817862069,0.7008392764813828,2.867163034769668,-0.2383035530685106,-1.4943810001848603
1,-0.1710563489706255,2.082888233437469,-1.309835638525302,1.8854099529147264,0.5218964850259361,0.507156042560382,-0.0667023052356278,-0.4566917748709851,-1.203054410068415,-0.5493141791852125,0.8534076322298231,1.4595612426959113
1,-0.5429908808788768,0.3173075208185228,-1.7409078863735046,-0.8629429119030153,0.6753514624162369,-1.1808230552568069,-1.3752351751119822,-1.3703225321313115,0.7575848683047588,2.0957857207283337,0.8567501992062808,0.5798021306412452
1,-0.1742738958471551,1.7583669914122066,0.3818691247494788,0.3474738246776657,1.068144014114425,-1.193508172759422,0.8741606298451039,1.1605390430366844,-0.0738675059417504,1.5964200431860958,0.3163067138758469,0.4395394362264532
1,4.124686519802862,-0.6752273028321915,0.1898103258897488,-1.7655467482800014,-0.2951137949538967,1.0424456991189337,-1.302435253509092,-2.450849432666695,-1.6378426844935965,-0.9164347544426282,1.6679990669268936,-2.8407330592247795
1,-1.3713472074309732,-0.3362731428297935,0.8841726822948027,2.1687203022274684,0.4188415000512975,0.6323574333323008,-2.787717685486009,-0.0129004906498917,-1.5457621419940153,1.4328543484673355,0.1702008933243083,-1.9326322669283464
1,-0.6383921112223035,-1.3434967702694862,-1.480621829167425,0.5748928141899442,0.8997094796002418,-1.923615014927616,0.2775847864360877,-0.590695681947406,0.1835392399086364,1.0781397304777451,0.5157123554072,0.2361555061372904
1,-2.5558387104851485,1.0472287771880653,-1.165369564854262,0.1516238455468636,0.7445772724854938,0.1045339672979539,0.4341939943795726,0.414641904616123,-0.177432382152002,1.417100879002716,-1.648927106185056,-0.0830763711130267
1,0.5367675578531049,-0.3801026665390233,-1.1234198392587342,0.7503271679163552,-0.403592356240691,-0.0528584600525778,2.194023085737277,-0.4843316627273155,-0.5835971253241139,-0.3270930806610906,0.1785132084093332,-0.6757336443099097
1,0.0949398490966399,-1.432154742059507,-2.7712798369920963,2.142071314641674,-1.433174026671561,-0.2456964042921324,-1.40069577352745,-1.1445480017579188,-1.9157529425024529,-0.968287381525866,-0.9827242012775556,-1.1193068017471657
0,3.449646874042908,-0.9365943732207956,1.664837192897386,-4.604469230844149,-4.062450719766363,-1.7264874226756115,2.194588995740381,1.5752830119072136,-2.097681108753508,1.187865571430524,0.450026548529195,0.7717789328164966
0,4.265459650176672,0.4185633939878873,2.445813107151442,-1.969022776504652,1.2312118865674568,1.2129005180515586,-1.0682707779536875,0.2353101088068365,-0.6047119560356758,-2.0993856109007063,-1.1412787659908163,-0.1532814810909605
1,-0.8155505680927088,-0.1552027755599419,-0.9513749509222575,-0.8114181602429138,-0.4908522454386525,-0.7405733842420209,-0.1521179951622723,-0.4791161178687971,1.8024344705961943,0.8655350818421857,1.0346524809560804,1.417828413781848
1,-1.636768788586339,-1.803731881566814,0.911443330358746,0.1943288872801415,-5.20579305669136,0.2474152514387647,-0.6713030019835852,-3.8791561509148047,0.9910135721565196,-3.892048971962521,-0.0703654917158145,0.786925048206432
1,-0.5983325172180933,0.4357724699620781,-1.7701216773495954,-0.3522875729231301,-0.6953556537326201,-0.0686238149075875,-1.9850427357960037,0.6032828722543654,-0.8233392140406278,1.179689199099141,-1.2538921548256785,-0.9083535183300748
1,0.3752869458696725,1.2307697931304635,-0.555027828885343,-3.1069399852661497,2.260450639642585,1.3620660046416155,-0.9033458994871992,-2.72264597029513,-0.7849634573799626,1.6228646232822923,0.343673888665607,0.4537537761245153
1,-0.9693297235563888,-2.8127609449052,-1.3750726901226868,2.3849355044984613,0.4143829184379831,1.124368516716033,0.6756929612395902,0.2305910399830124,-0.3820640826651162,-1.612935088981039,-0.469493721082153,-0.7297123985449288
1,-1.1893847818313297,-1.5894711020924774,1.143365079492482,0.2139032175036299,-0.1700896893148123,0.5064934173531408,-1.054428632036189,-0.2700762051170297,0.712715540606635,1.8920881921063573,0.9024118988628556,-1.872507668248196
0,0.4727281485656963,1.2475706530599553,-0.8573085533709317,-1.952341181522792,0.1539944076797395,1.1519595310361068,1.5834779115614228,-0.2981758673120214,-0.8538719995126869,-0.663680626747789,-2.5481552119664457,-0.0742643909080339
1,-2.364134866682184,0.7112582731791327,-0.6320014265271446,1.0033712694799974,0.8007215074243599,-1.1852501033723966,-1.5505172617054437,1.582713898419826,0.0971946785942831,-0.0083677608621622,-0.9931032899690097,0.6308323358735141
1,1.5028948512142646,3.136545674985525,-1.064075806312862,0.5633218492715575,-0.7170338684645096,-1.5576653565548118,-0.5360566952429582,0.8893432250747723,-0.9112488540813046,-0.1019127260244228,-0.1670364307843697,-0.103569908101384
0,1.384757973271213,-1.1256608607821854,-2.670589705833088,-0.5936193943771344,-1.7630266697158723,-0.4447688459961796,-0.8669844556777627,1.130327712127884,-0.1458348271406679,-1.2932793427873897,0.7023632885752996,-0.0691822542292435
1,-3.368952039346892,-1.8340723092179896,4.633401251540285,1.4412469592181316,-4.4578475889526485,-1.062052717353715,1.8900462378591467,-3.872157861094152,-3.414488840282998,-1.8793852594117848,-0.2394633269051374,1.2517438604533544
0,-0.9087107191337828,0.1280077217019793,-1.3992801900725094,0.8999479488523968,0.4244641626445756,0.706524501361038,2.0573980907477982,-1.620811688563468,-0.2398349978357242,-0.4477572588558506,-0.2300014251592075,1.2177241203705231
1,1.2153712564113677,0.8174566522718109,-1.5494732526747712,-0.5453687688459564,-2.128105195558126,1.958552007833804,-0.6765413664556279,0.9402311597751168,-0.4522790177723274,0.0929806747941026,-0.0780852836748473,0.3860798611822854
0,-1.5548939910025743,-0.4553316615133811,-1.2168343173131873,0.0062745259699252,-0.4322251797233815,-0.4222034981874183,1.1995795155850617,1.5995197850568472,0.240448621533138,-0.10011678010106,-1.983646707344202,-0.4700884831047914
1,2.442320415145758,-0.1325505458499418,-1.1778235140911013,1.460203079557728,-1.4910944594585112,1.725904711567078,1.6656878074857768,0.6762072312543016,-2.045170021549496,-0.7413753024937056,-1.3942081467212024,-1.145239846014028
1,-2.3211755763695345,-0.9268925014050852,0.6243165948338826,1.0390140813888864,0.3836983068862273,0.4178941750826179,-0.4888791607230574,0.1160111474732874,0.9487843615075582,0.3737692408863244,-0.7733451048526336,-2.5243358858478486
1,3.465736315351013,0.8890494865628097,2.434159115992865,3.1333380426731896,0.8177938128050591,0.0605132172702334,1.0695387292693224,1.408897215397086,0.4571401900295631,0.3756522405728128,-1.5927820871188618,1.0015978677987287
0,-2.208411311117367,-2.587658092264281,-1.2160712956224162,1.921604239596707,0.5371501831489646,0.3977464421667178,-0.7366627441517596,-0.9095325917127663,-1.5295675732225755,0.1608181477248982,1.0592039209744832,-0.5801647536780921
1,-1.0463458394718537,1.4369276247027825,0.9961408762212434,0.315637617407794,0.2256914758346421,0.2365276739748785,2.4494268881879995,-0.3505217556217336,1.7442513003675495,-0.3192685715015521,0.7897785392514989,0.6189312741393859
1,-3.219292594981419,-0.0272589105832856,0.7416655688374513,-0.2104952448466289,0.6266531254812394,0.0197439182999009,-0.9185607829892032,2.5945448922631686,1.246267860665314,0.996789175872272,-1.4001359140676226,-1.3144648526146994
0,-1.6500362384180514,0.2714552743693758,-0.8790609604601877,-0.4070427331396692,0.5824178732562465,-1.023625320079245,-0.0121229594191668,0.6218818556663708,1.9016703552733207,2.108075966208465,0.2749583896869684,1.4437283527998612
1,2.493131398896124,0.6217474619494711,-0.6634343824872654,-1.1847373041537217,-2.38552969386611,1.9538432963329253,1.0373438281780365,2.3056278358136617,-0.0329546947068038,0.5578026380109513,0.2752664012915282,1.1516179844537482
0,-2.3093430788754628,-0.3302382021889019,2.154512259750421,-0.4088623274872321,-1.1079797581943576,-1.288986053182744,3.3988984861758085,0.8245429818652941,-1.7633754555005836,0.7390401415761727,0.1476604790606974,1.2007917789880986
1,-0.4008502738419011,-1.2155499830486935,-2.523575527804597,-0.6146051097817451,-1.0371357024057837,-0.4837716803111329,-1.1254437287167864,-2.028374981018228,0.0865648814325224,0.9894399609566468,1.8352835923306725,1.658669569607833
0,1.7353647284651974,0.0015501788252987,-0.8264473261788488,-2.58575217640559,1.618983372891475,-0.1899538877243959,1.3915928371520818,-0.9181389471772624,2.2125880664874016,-1.5202933357504391,-0.4054108028290141,-1.0070902216700834
1,-1.2236196632162584,-0.0702312570731472,0.9920896199025532,-1.6800161702865952,1.7061199700820362,1.626345582219788,-0.3226328052891118,-0.3598264281084377,0.591179355491657,-2.3843143761933043,1.3063084275268246,-1.0072207395346306
1,1.7084442193489302,-0.9447042029886072,1.704053923072521,0.9854884062309448,3.332573836332587,-1.092753814246734,-0.0149415836852874,-0.5467741467295258,0.5623395420117496,-0.8505336198609471,-1.797251626685694,0.556995614420984
1,0.5119333414112641,-0.5145712896034011,-3.065453558047359,-0.269335665263754,-1.3936106265510126,-1.4618627728336773,-1.0100813572599334,-0.876781342637235,-1.2877456061863422,0.8670270513519736,0.2113021256203033,-0.4804595755369205
1,0.0957120690865247,2.9356690822638742,-1.0591680840925333,1.6464860678182454,-0.4955324765844659,0.1706974346329058,0.1247193075235708,1.2690670723707247,-2.7645842062940043,-0.4816018152665088,-0.638581540614729,-0.0844169435944194
1,0.7972317586336577,1.9314418617569828,-2.027001717143214,-0.428593370063847,-0.4104289144127295,-0.4175613156330941,0.2051013477367207,-2.8185155169464373,0.4954166650537247,1.4433718572409229,-0.5834248829179982,0.2636606293540622
0,-1.5774412015716563,1.440616129984169,0.7643542253547723,0.2565243326999907,0.921435098901579,-0.2095544084621774,-3.2088420526859336,2.080670933785812,0.5960480577658311,1.5833655214437086,-0.1298913291320106,-0.7597650419549713
1,0.3753793814097296,2.203942786115874,1.6147105665937835,-3.1931902657985924,0.1073158628378655,-2.883509800323878,0.7004533500463705,0.678656259836917,-4.632218957416836,0.0121613509211739,0.5481706323831538,-0.5472801697621307
1,-1.3105947576283072,-1.7863731410229915,-0.9952672989951008,0.7384848499710455,-0.3925037570647903,1.2044934824041174,-0.6679859527869894,1.5009969551338562,-0.2124295045300978,0.0334650307590904,-2.46218209655196,-1.18794322895794
1,-4.357733115463904,-0.2503388992158601,3.639312945362695,0.5421075702335845,-4.777075508436705,2.9152787773774214,-3.4595378886753654,-1.753660335044848,0.1484232832279627,0.0513684596021681,-2.647498855720409,4.552862393710575
1,0.8627395552193807,-2.487753869463727,-1.7597116509857416,-1.1003377681205972,-1.1120597987080378,0.474155707538325,-0.6055327272346716,2.3760852306592075,0.2726281193483414,0.6512697884891058,-0.5505357314870581,0.1244548243117695
1,-0.5703387343031049,-0.5693419342506647,-0.8098392116193492,-1.0870496408298764,-0.2725782411464827,-0.8484081524592475,0.0111411636746673,1.580902245524991,2.493288538653317,-0.0448220459232567,-0.625599097510343,0.4695736231321712
0,-1.7256837612070353,-0.7422258629968672,-1.0100145956970574,-0.2472275828805463,0.3471005345741442,-1.0767069176488882,1.2916579674198647,-0.2204545350248302,2.8269287218277186,-0.8157714693642387,-0.1514759556789547,0.7343450318132672
1,-0.5531315356624245,0.0208970525198513,-1.6715010103772003,0.9708354549135416,-0.6064279673919423,1.266545255185984,2.4458747377847594,0.1519747978905392,-0.7618800012127097,-2.128592408079737,0.7371965080578401,-0.5082289713527678
1,0.5209189968940479,0.2695766875166704,-1.747243580717895,-2.5934559855407278,1.3905518579177572,-0.9605491770628728,-0.8930084377945423,-2.566851713196089,0.0674098618520507,1.8535335103301944,1.970560945705466,1.3891923391107603
1,1.1246192658010503,0.2216833502386204,0.9946005290574148,1.9518982895660164,-0.2883459388235287,1.29500975200424,2.334336897489304,0.7994573523651869,-0.5415876143326093,-0.618397533834031,-0.6915361920529861,0.4878989475689012
1,0.4963684462538327,2.2540023053156064,-1.5075470409350975,1.0044586833812688,-1.0257693713959457,1.0455620727567452,0.5828804422413646,-0.5370677066639238,-2.0882243974817394,-0.2096222959861692,0.4021596323547401,1.0520778299098217
1,-1.293082474644044,-0.0160302124279556,1.7304001340983688,-1.533969712842752,-0.414365145766583,-2.9115170963021813,4.091704860170338,-0.163725722186895,0.0524042985834104,-0.2823738759882249,1.873125055525735,-0.632956256257935
1,0.3749176751144553,3.93496991003221,-0.451907318042699,1.7238724154314684,0.980048604269573,-0.5882881619143093,0.5593955582729919,0.0336214335203275,-1.371381964100714,-0.0241450872767106,-0.0079848789992818,1.2257909200714074
1,3.2500681859288205,-0.1600560069837693,1.292966149034946,1.2185936294417523,2.4414925804888155,-1.7468448530261018,-2.933506974939235,-0.2624465921304053,-1.095188953565771,-0.8919608341341343,-1.306750095310086,0.1070344931165699
1,-1.5509642587897248,1.1186786816391423,1.8604490579600304,0.3587235119985185,-4.558762298432268,-1.3493944644511036,-1.10532008569221,-2.229030071120216,1.4323615683975497,-2.3956778921576185,-2.56373111190131,0.3486421698631669
1,-1.2825473646016212,0.2063583486925257,-1.77628270954525,-0.8917521234171222,0.4707343729322389,-1.9142782595431664,-0.0530944759401081,0.5603669814706699,2.471764192389577,0.6208723192219614,-1.29742453332969,1.8618369456067625
1,1.4494602248031714,-1.5680158469757224,-0.3129376866506806,2.8467614962756973,0.468199132807325,0.4512152672862478,0.4121053922158257,-2.2764939849560912,-2.471953820477369,1.46087164236426,0.0315488727428136,-0.1512188319486259
1,2.9649781879016857,-0.9961154078796148,-2.0525359035927666,-1.550248258684428,-1.165572582346713,0.5760012943310334,-0.7498859480409571,-1.8678372325829744,-0.8075545097743911,2.344062479175729,1.120474515053257,-2.05345248925056
0,-2.290450160624741,-3.077641250500962,-1.1374329604992428,1.8725695746143851,0.8048114454662456,0.1015449625183326,1.80246375443632,-0.9356988029927742,0.415313406608762,-0.9589799772798034,-0.7920311436796216,-0.251786314196649
1,-1.9730529380179036,2.42117085334499,6.962101016374495,0.1221717046996994,-3.3234310481080724,-2.9536705508612053,0.3157540598094951,-2.3523880356309186,-1.2857460413563944,0.8049686738426255,0.4376307517629041,0.9509682323958044
1,-1.190278955548238,0.1762990819377623,1.6524965359871815,-2.50913688812784,3.670250954159621,2.131862700477674,-1.7642652622489046,1.4262354543425442,-0.5833492714975815,-2.468492174084217,0.5732301973870985,-0.4276183229739221
1,1.3741913338251248,0.3066914327832991,-1.037652666377601,-2.4668672118259454,0.2689971386362766,-0.3316594284145244,-1.4943475607425984,-1.5771065575649683,-0.9354861410188262,-0.4326178998026047,0.6280037668591001,1.11094845732117
1,-1.2133744530681958,3.45132164409239,1.454146153567729,0.3435059325667338,-0.11784530433216,0.7165579285230618,-1.4039376266702663,0.0730686791127847,-0.2308633040338301,1.3586323125495048,-0.0181859237650566,-1.3936408576311066
1,1.1962470175747613,3.0298228320990708,-0.1394774647161666,0.9389829167320995,-0.2824188077762808,-1.1359053030950652,-0.7048423967834908,0.2897288830393028,-1.1214905685381489,0.4420953163059332,0.0433373616830007,-0.6766265862821671
1,-1.8413154863126917,1.095866104644968,-0.4126935823145215,0.7672998155826257,-0.0058112284965924,1.781083644083902,2.0173196050903464,-0.3278739747667519,-0.3325611524570124,-0.5369939527668726,0.9472557315604812,1.1641030984710388
1,0.0510339107361154,1.6926643194008817,-2.054129950722461,1.255163273458518,-0.579820527688886,-0.5712946155646722,-1.1942136535272767,0.3284407080043808,0.3340865000912905,-2.1492911266746173,1.0952975076576266,0.5452993689458532
1,5.026021473257385,-2.98761612794563,2.4468709629634176,-0.7340176727884289,-0.0585635368373242,1.4183926090788503,-2.015150432688332,2.1381054959291155,0.2239564593186292,0.045075995284347,-0.8251278161835918,1.2065972783295882
1,-0.0587643417281859,1.6054796781441707,-0.4543308084627913,1.813832977823528,0.6300632572061015,-1.0865272451079226,-1.622437039426769,-0.2766392848516453,0.7729801906202796,-1.2683481907784018,1.6457182091774756,0.7867967782398703
1,-0.3325086798356,0.8599420700554778,-2.506619464899209,0.4383837769570081,-1.0350360698522734,-0.7116490802536748,-0.9964366825930012,-0.2453267593311607,0.8321061963744179,-1.5084517782505789,-1.207814163614375,0.1961378301207685
0,-1.6245490361351749,-1.7573970769270857,-1.1395989196406902,0.4038222383770425,0.1416149543626144,0.8102976234761137,1.4330174413857295,1.475315280065805,1.2330279957457635,-1.1772074284314675,0.8929739294118973,2.543035389572084
1,-3.1955507944350448,-0.9779766555002112,-1.6098836710346982,0.360727167530341,0.3536096931257849,0.810062651883892,-0.5531188469416467,-0.1242015263827676,-0.5582923121235979,0.2110649440193962,0.4832137881719721,0.4764285863607932
1,-0.3564101705272113,-2.2963822439141883,-2.023631092090945,1.766965104143878,-0.9481808691577224,0.2246121098578876,1.4039864241182367,-1.0539997288653489,-0.837000377061292,-1.9979541381332768,0.6515976092039752,-1.8941653193662908
0,0.7987675199255051,1.5259784769557576,-0.6635414275756694,-0.4782671588243194,-0.3316794011681577,0.910510321173552,1.943842832116201,0.8002953923930304,-0.6935310757763148,1.6223458415191594,-0.7859471571518629,-1.1341201240890049
0,0.2645104418534649,-0.0942067436556921,1.3236146430824365,1.1836718297419009,1.4900978562935558,0.0707657653879392,2.289766730309395,-1.862455153628564,1.3033206092484706,0.3452304844608748,0.0532705109647954,0.106793243458711
1,-1.9388516463912608,-0.2169843014230558,-1.8865970424736829,0.3821711885192629,-0.732319545792823,0.0154292791753958,0.5364864250796226,1.2701690975370632,0.2677165825967995,-1.0097741400784954,-1.8186308058332197,-0.7552219276539681
0,1.0610530797277966,-1.690969910493908,-1.3833912409015705,-1.6231825662271455,-1.953129142690635,2.946272587491585,0.9483603086132631,1.770462460732028,0.1594366829745803,0.0090161463979106,1.7983470750840354,-0.0620965255239369
1,-4.230122345205719,0.183405813205693,4.3309219747252,-1.7084755638462927,-3.657414918186253,-4.417977308186111,-0.8868972479259947,-0.8091510388272368,-0.1789987310290598,0.4674517040991538,-2.118700657998021,0.8341596941211156
0,-0.6781037896925934,0.0517297560302893,-0.1910423246173416,-0.499447961631609,0.9394094821569848,0.6622670621823583,2.0739905730376127,-1.1735259954104504,2.323063088782464,0.2166404042628583,1.5314145162775608,0.1552493395394343
0,3.104861081010845,-0.6839390282034967,-0.2752230178495726,-2.4971689600623783,-0.486499460889513,2.338892914150126,-2.6380218888319917,1.139963489851318,-2.749125864666945,-2.229493534286516,-0.5803518148019823,0.9117852259066008
1,-2.0700063920791942,-0.9514889038546402,-1.2525430826350412,-0.2031812202558841,0.023403841148663,-0.0355064872587213,1.35565030658068,0.3928947559569574,2.726529381418628,-0.7009152369748601,-0.7208033749427252,0.7310009605756435
1,0.0998512986087538,3.0875881564610945,0.2864155661359556,1.8494828409168709,1.544239944267174,-0.6431968665108392,0.7016607549319025,0.9052333332638746,-0.3051845910888061,-0.6890117698683351,0.2382743092326606,1.6866428940674618
1,1.1379759392605622,0.1078812634666963,-0.954214978556945,0.2795161143720646,-1.1966459998104737,-0.2276507465189022,-0.1088775749959728,1.0405018652225353,0.0176949732330623,-0.6693518048869201,-0.8436244789786005,-1.5119886435962937
1,0.1855587589291845,2.4433653015641217,2.39296869483345,1.5484404796640243,0.8631366517455228,0.137860357963954,1.921383101109888,1.190888327010679,0.7358682538403694,0.118354002782499,0.3593626037005082,0.5331909403450363
0,-0.0405674404605459,0.3921480771846759,-2.5899642392980127,-2.1997741117257528,-0.3776124278616889,1.16991502414848,1.7544972649630382,-2.1741994416282804,1.356346559481218,2.179111116230469,-0.3807625474301114,0.2835760716612797
0,1.58782390082742,0.0359026821508507,-1.302721528220385,-5.110612942416046,-0.21385039398858,2.375686323526999,0.4200950533175026,0.0852918535557801,0.7048515975190648,1.78698717858706,-2.236454707029244,-2.2089497419202164
0,-0.3328820508342907,1.201110890203261,2.43615979659056,-0.6490945394023669,1.1380822878187358,1.031453200809277,-1.3402653278806698,-0.886880300554219,1.43066721403096,-0.8137735899673169,2.327043851162727,-0.6654312312909285
1,0.6255051931524618,2.4989249484220477,-0.6412132853154507,1.123585272400213,-0.743413207939764,-0.170699503235662,0.6133663685588072,-0.0499098521478707,-0.7014042236915845,-0.5266139753217441,-1.1054808495809938,-1.1042691561939888
0,1.8749949060312363,1.63431689145341,0.8588247885939898,-1.4452988993843343,1.3909606222995712,0.1266548163596449,0.3075886074782111,0.1139001436734209,-0.5356230717312467,-1.403880473213748,-0.5082569318952568,0.7809210290474817
1,-1.1302292682606585,2.7060587951398243,-0.2303150846707347,0.413036773430703,0.5134110122053466,-0.5599773091010474,1.721296642482821,0.1801656250679641,0.4494942696268567,0.1064736315352927,0.0909073442509133,0.3862175393098302
0,5.42915311173623,-2.647275724816289,2.744552970473644,-0.3957211566208024,2.140187701696866,1.5837965126081963,-1.7402468121659815,0.8630115459062309,-1.6234236595052782,-1.1288565804738926,-1.674606869579466,-0.4242398757642556
1,3.321814113093261,-0.0137164187124925,2.238294021446038,0.8057548422254623,-1.755056277526666,3.7788502654812026,1.1333614405713757,2.2163195728654514,-0.7932915420134694,2.6306135893041955,0.4321176090721982,4.460499351182015
0,-2.732904502220111,-0.1300618038326248,-1.5324669766342736,-0.0392923342820768,0.3007483997459895,-1.30512868408539,-0.8566345876508478,-0.1430377643201683,0.3551079087744412,-0.1310226329616662,1.6954884505111014,0.5285400027370589
1,0.4862100088497589,-1.1065703292799702,-1.32398821143865,-2.668133721204898,1.176538151382068,1.4786951069166108,2.1122322143817973,-1.7848810244905324,-1.0654218426839608,-0.5880345069792564,-1.7480637665254608,0.1959697381402943
0,2.0298023621408534,1.8431540035561351,-0.959845386749423,-0.7630729347578076,-1.9653215573275404,1.2075751508867212,-0.4043842276445515,-0.2299054751893107,0.0002603902540551,-0.1075856003612427,-0.0657892671681353,-2.107994317945473
0,2.841533675345008,-1.2877318419435666,1.4376563443213373,-0.6102525715031552,1.975856909800879,-0.1914793386014967,-1.4178979918896923,-3.087651333780442,1.3792924089492342,4.474616795307214,1.794358936144173,-1.254356601930447
0,0.6814241706128017,0.256053575610355,-1.7141898902001615,-1.878921626803873,-0.4631268739215302,-1.1175642533719563,-0.0897553461955208,-0.1225329676855769,2.01225880814876,1.0629659121092965,-0.714524470188784,-0.5405197592560229
1,-2.729857839817885,-0.6673441299443046,-0.8884643051195983,1.471250728577017,0.0904175904824835,-0.834146510512345,-0.3753096177524135,0.2451797168634913,-0.9831382926153676,0.8662898467184668,-1.5168412710773505,-0.9857280318335668
0,-1.500938016203088,-2.17792159931216,0.2274514375900443,-0.5750012729435702,0.175091394164565,-4.6746102046121365,-0.3608058219869545,-1.039587047921557,-2.2284939848983423,1.8975197580559424,2.268612728188703,-1.2280311495199574
0,1.496057198788476,0.3729325843969354,-0.8163301430213313,0.1465981430673323,-0.8184797647603204,2.396617580372324,1.417080077069005,1.7337180608781455,-1.1888404017120873,0.143300167179463,-0.5384485456839707,-0.0104191643978119
1,-0.9344918509952064,1.6417514928507495,-2.1163730585888496,0.0570550584070283,-0.9826069628541676,0.6987741786140476,1.943532116182748,0.5729415202088612,-1.13515618024688,-0.0198053502829687,-2.362799817324298,0.6344702975129202
0,-0.9788174218623558,-1.7911570294161858,-0.7612924348957956,-0.1451436248854183,2.639912687101935,1.6140402652059196,0.6788971426635909,-2.534889008878109,-3.409679470299558,-0.3966869805304389,0.6013888188873519,0.7749901768732252
1,4.408034381049949,-1.514225689636007,0.5571185950618468,0.9271129547575138,1.9184410387841813,-1.8458384435107535,-2.625130849361255,-0.5254587484816575,-0.932593651448594,-0.8905167672358699,-0.5336842640515838,0.1467904915618709
0,2.5710456907631656,-0.8850281783072244,-0.6327798509173943,-0.7565916273614888,-0.7761241605638365,1.293768918717082,0.5730338984055888,1.7446311968532098,0.9926518168985554,0.730633914150153,-0.0496481205872714,-1.1889833600369697
1,1.700136330727385,3.629510822545785,-1.0042734818818584,1.7959030787396717,0.322876399056915,0.1058106724936588,0.1664811392907794,0.6263951574522169,-0.7910462994151298,-1.0687417358832425,-0.7857446334004549,0.895923646329102
1,-3.0527134603320296,-0.4929227072123301,1.207060732485731,0.0061033242254867,0.1640516297149533,0.7426528706928591,-0.8360195199527837,1.655868089488422,1.595461635147723,0.8543356172217514,-1.0055105008430747,-1.2490531304589054
1,0.6092792412502923,1.8986647853544465,-1.6032966602017282,-1.2016488705094583,0.5038027770623495,-0.327048622698826,1.560005064514526,-2.0000542068354057,0.9781871594636988,1.5972781698603855,0.5676032081665178,-0.0411412912001095
0,-2.341831406976856,-1.9306319625984585,-0.4422192786708286,1.7649018610683764,0.8397752740604942,0.1739380362015775,0.1668477031997086,-0.1450025591846212,0.0691290765750525,-1.3459412849777683,2.3079974208050023,-2.100382690267985
1,-0.6651970592436428,3.396583338538642,2.6517913711010754,0.3952325609225826,0.3311013701726161,1.3875243826556414,0.0530562945495977,1.0766566248070937,0.8484673271108356,0.8500242790505274,0.2943397411514714,-0.8701288218321541
1,6.210426778998994,-0.5567777594816004,2.343228820465769,1.4591281228155524,-0.670622407224531,0.1728534997177087,1.9611628238785783,0.3648178273852477,1.0376549669499378,0.5943060928088951,-0.682360050496522,-1.2414681387384223
1,1.06983486544331,3.2157358358821044,0.4733034363146278,1.2752664595931615,-0.2458674294384171,0.3307221967090388,2.647073488714571,1.134723188644693,-0.781048589186232,-0.7142844285763112,-0.496820125949781,-0.8925319901730193
1,-1.21502355363047,0.936055434177471,-0.5736132968071265,0.2618695534348085,0.4522543922612384,-0.0648585683905372,1.020029709900117,0.0263081629131341,0.9618552424633584,-0.1014793648726942,2.2437357732408083,1.2695899727384443
1,-1.522587279457152,-0.9814848926641888,-0.6675063874610445,-3.757778525419023,1.504989362700275,0.9686075991065332,-0.5136789341275144,-0.3435581714913467,1.906669029857,0.0387222993889601,-1.599657978099752,-0.9964434357761096
1,-1.5501515177852916,1.9938462373452677,2.2064026680234647,1.2029299143502383,-4.050501948120926,-0.9484772980289968,-2.234279510972841,-3.993290654329906,1.0968557883203884,-2.519267759530984,-0.4128405327366067,1.1660832617411063
1,-0.8545152312408454,3.39065565447936,0.3755512348818593,0.7200515723859585,-0.1407846609032884,-0.593086805176031,-0.4383501248297171,-0.704269197842692,-0.3654463974297131,1.0738882400225431,-0.3965561108660413,-0.0909656122519742
1,0.2816660226243876,0.8150586086348062,-0.7737408807737912,1.0529482163036394,-0.8162295087578649,0.2387371089130426,-2.526186519014392,1.7257060051110649,-1.5136893102401,-0.2964323857361964,0.075010263357736,-1.8411911984007552
0,2.586578393089005,-0.0005838762444614,0.114805556838925,-3.361407144232033,0.614606466256076,1.7493168801655563,2.3664082389767245,-0.8435219140814169,1.3347144289905002,-0.9274297066706532,0.5965618008215647,0.1295854033592987
0,2.5513684450302656,1.518902818428769,0.3202900455196314,-1.042186576482797,-0.4955158728926945,1.018578051122104,-0.2054307739590401,2.134363634593292,1.1736017379144843,0.9156261176623604,-0.9279510659244804,-1.6554212955313856
1,1.9631844315310905,3.1858549220492303,-1.7058935735257406,0.7681503101521477,-0.5633136801913848,-1.479608894737681,-0.3022416420615636,0.6497138244698176,-0.8872645011410916,-0.8107676364190745,0.091404080277263,0.7448932876077379
1,-1.429084948188244,1.3065140323878364,0.3717373797137943,0.4131640035769617,-0.125090325356429,3.2090266111629258,-1.176755233976407,-0.2503820615360088,-1.6479754424730784,0.0776688041387753,4.6220057729740125,-1.7860746525229976
1,0.9801942197620443,-0.0687382143819621,-0.4076313523069818,-3.640014321426735,1.1665167138846144,0.2827892877948825,1.7332339196672903,-1.958262285847936,1.2087173312006705,-1.655810913057641,0.138265827994353,-0.7482887840110181
1,-0.7295137335034682,0.1297328284474493,-1.3438055791489532,-0.7256775426036468,-0.773504939930372,-1.507685254183883,-0.272911225186045,1.350435268558193,1.6458090893145767,0.519572219215227,-2.285709872311792,-0.0655138824804049
1,-2.572478283038832,-2.73225229924056,0.5387150817090052,0.5648503152098336,0.1669039283533414,1.1709520396178372,0.5551500982853421,0.1320353670743358,1.6796985598501015,0.480782748586434,-0.8766453787413994,-2.585575824184644
1,-0.2407930292994193,0.2647796339753378,-1.3648298147795612,1.0972225226018486,-1.0492966582613934,0.4515430893093146,-0.0514688592935878,1.0137337673858473,0.08564058119597,-0.904320643067501,-1.6418547697827413,0.3547850460383723
1,-3.92574710628884,-1.358711406628558,2.144647833288524,-4.004691832189496,1.4247154451173474,-1.691396118537955,-1.4575746506347076,2.711440809373943,-2.627214441511112,0.7828124690567982,-0.4597165926854598,-1.1774053995975442
1,0.0906651063733808,-2.569351755356953,-0.7294934657461285,1.1152327800676554,1.7675910896256213,0.3035403242995695,-0.7050072881217587,-1.3698655897599752,-1.8304842401650403,-3.300928357402526,-0.4957493410427446,-1.2709367904748026
1,-1.5876485530644404,1.588108869170375,0.306582919809137,-1.3230806074477472,2.261211098541011,-1.0723318942932465,-0.5909093246268677,0.6583449645593562,-0.1314837312399378,-0.6512256404201802,-2.11592948094977,0.4455960922933563
1,1.4560632221276235,2.878397472693496,-0.8811248734366227,-0.5596990070352034,-0.3816577935661063,-0.4365892251184618,-0.5568693019339743,-1.4477378120449784,0.0648577552698441,1.3669257531746437,-0.469555887631032,-2.1321926396393533
1,0.5914073092938475,0.5127428565501193,-2.279719682332657,-0.1119400413651602,-1.3533961895305613,-1.3025371163879884,-0.0485785816459135,0.190995764183906,1.4279001422533242,-0.6998698871091754,-1.5731287551169797,-0.1424874538388571
1,-0.3474138808871755,1.5408171795086172,-0.9795692251960266,-0.8235837987967178,0.751969918875798,-0.5077511052022723,2.0357523644471835,-1.429241592164201,1.7092678745520635,2.526711122336889,-0.3946562682358824,1.2561173936356984
0,2.2824448555929457,-1.3527135669829606,0.2098281779847451,-3.579419244972743,-0.737879721233466,-3.826348927595908,-0.096843836394397,-0.8956432098027476,-3.008229194245779,0.2176169831164426,0.6378879854259065,1.0238166992099178
0,4.138700523960239,-2.4610384542163364,1.4793436212255135,1.8703622375639155,-0.1125500837130032,-0.5682604146289378,0.248085282865133,2.2072931152384947,2.0556072047100287,-1.0757230945275724,-0.4339532555832828,-1.04869323989749
0,-1.594613077991849,1.2757085541014188,-1.7152140841248893,0.106300010962115,0.4394478849175354,-1.7504337405426316,-0.108068824165041,0.6210916068084771,1.1299287764154151,-0.3407254196218038,0.0417949709243001,1.1952556268556265
1,0.6887862383683463,-3.204943801022737,1.2659628866220347,-0.164829002626403,3.257972450000002,-0.9755578823504636,0.3513260374457258,-0.5947226310977749,1.8701606888049565,-1.5482173973846294,-0.7599736095540541,1.2537627598171617
0,-1.2623517175130334,0.2924528217382671,-1.6006353666995543,-0.5636862956408007,0.6530693633762454,-1.881906355560484,-0.0667302394129422,0.6781865871330921,2.3007897493102947,0.5209847816965757,-1.2540743448410585,1.7713551199583022
1,1.7179410675731654,-0.0637675580328101,2.3251710086955244,3.369404365368473,1.364797511211927,0.043565093842675,-3.274342487564702,0.4981397415961583,0.8430392116881903,0.6380054514657543,-0.085439195405009,-0.0644314056627404
1,-0.4967267545436361,0.8848363881295433,-0.9879240759534662,0.656159540453595,0.4826786365381852,-1.9654768377355456,-1.8949317184634504,-0.3445117945709356,0.5176399282131207,0.8789276177376772,0.8791532317471585,1.2327095763206108
1,-4.048961715818309,-0.7969163852415723,1.5261724172109492,-2.247031386687866,-0.1930158358390457,-2.691533491324832,-0.8539445069378264,2.9990473847430428,-1.4409149224330056,2.674638077550197,-0.4738025351233116,-1.9118843726500885
1,-1.198360381568496,3.7858370557342265,2.012509426813483,-0.252473491497235,0.1213305216105615,1.2107789350733762,0.674790405502668,0.8997306264230581,0.1832598159038431,1.430802644428263,0.182695330280584,-1.2002102704198754
0,0.5608565755465439,-0.4488052335409495,0.3432304062515086,-2.88814499685175,1.035341045944492,0.610454226884023,-0.7195107636502531,2.4321959134069986,2.242398296774574,-1.589034576314008,0.1185963874190204,1.8658070954216837
0,1.663598333763762,-1.6756162276573412,-0.3404493915842465,-1.1024936584269804,-3.9533320272013537,2.540940458569376,-2.2193221089091737,0.7330027103917751,0.2228784809765942,0.960736060410884,3.3257134744458576,3.395389702541356
0,0.4610350869726035,-0.7604608396875373,0.3378590292171823,-1.62524660670527,2.405812274736629,1.7240103261219692,-2.1021221103403622,-1.2180360820763323,-1.6350171486488425,1.1328821272018743,0.3450085078274688,-1.0305561088596271
1,-1.8192100202804276,1.8649362469853723,-0.7190988030078941,0.8861947740204776,0.5371553869944116,0.4668966581234604,1.953299199877554,0.3731107526761379,-0.7078456142259508,-0.0622880166265526,-0.2193171238258454,0.5474447665064189
1,-1.2203212273640578,-0.3012110609996581,2.262292524846697,-0.792851781163626,0.1007051774280963,-4.199721707230887,1.082341681357844,1.277455611170719,0.3926424791740799,-0.6473202154247787,2.254943713595091,-0.7506239657890281
0,-0.6246151081455765,-0.3937082929583736,-0.4098838772288528,-0.3482642219430182,2.078676328535172,-0.119023520749903,-1.3152787017233925,-0.5539643821056265,-0.6532750370239835,-2.639184921715793,0.3611787998741096,2.1055090635432867
1,-1.1292176888134526,1.7202893523559053,0.0002859058629379,0.5130573982673806,0.3345242234891579,-1.2895795090867528,-0.4651982060935351,0.560161816682419,1.6367506520153785,-0.859148639608628,1.4397932774575264,-0.0533212597375706
0,3.60112923349186,-1.4238837938761943,1.8818511487425624,1.5917591060986285,2.0204881124141765,-1.4505619121022872,1.9567914025326107,-2.221155099386844,2.387073408647536,1.6729902867932214,-0.1973200833681828,0.0737292827741076
1,-1.887980629546953,1.7559393769786966,-0.576739739757263,0.1141744562962946,0.3618605943219311,1.1599914426565463,1.8578614008589065,-0.3982440312619074,-0.6906803957846674,1.492162142229909,-1.5564228112536105,-0.2377900659124637
1,-1.806267198461452,1.1523444961697809,0.8595814849556388,0.1819057726101855,1.8234142130381836,2.306789258716789,-3.387399840285294,0.4477941914272518,-0.905730327506594,-0.4416435481454177,0.8235584107246627,-1.81746862907012
1,-0.3428291747612772,1.1349870353719629,-1.7147446078189383,-0.9844277274317136,-0.840403251384822,-1.0095471985105506,-0.0301969836715214,0.4369302916983282,1.0782843573974996,0.1417781065963531,-0.7108924254073423,-1.0995483474758534
1,-0.0893427641508309,4.023395463875763,1.2249178383360149,1.588467954845329,1.0850307188346948,-0.3037305405709783,1.7658397458352848,1.4477473796437728,-0.9097900803798854,0.700746046076202,-0.4116160696967975,0.2710050244963363
1,-0.8808793672746399,-0.3838126364822094,3.953963673689127,-0.3756257480398435,-1.078682656294596,-0.2533999838386875,-2.125680896222111,-6.5128273028787005,-0.2290067290617962,-0.7853865945966328,-3.3807197168720977,1.9270839314933832
1,-2.19301686612039,-0.1603694283905657,-0.3282550300630158,-0.0451186361182325,0.282755465101887,-0.7279135947196023,0.2244957441957199,0.4490845404155349,2.4441025880537963,0.1760372154288763,-1.0492086084190348,0.378792203210111
0,-2.2641513860315694,-2.6754576363342677,0.775847856471042,1.236854572764688,-0.9305044769692083,-1.9477962462779437,1.0230522878594264,1.948507642600529,-3.618418092715156,0.6168439955481044,0.4677269519867285,1.2283537668244997
1,-0.6285229544931524,1.5107119478353603,1.106903458739959,1.0537563878170275,-0.976803498209145,2.831362460399712,0.5242050220976379,0.6582429261463681,-1.6343341220472931,-0.2597656473547164,0.0605295708366542,-1.5636497445261213
1,-2.4760389917709613,-0.9557231653631368,-0.3929659798492743,-0.0818449189462707,0.1664361771097507,1.7343314793826616,-0.3078540242222931,1.0230824047999356,1.6642828803423029,-0.2002845211938948,-0.7426041796720935,0.1538469986902561
0,-1.4708230076093949,-2.571185501207045,1.6421066520211247,-2.682431170818562,1.565427500232072,-2.7517688512346954,-0.0357178770931482,0.3760420961644943,-1.892905326865015,0.3657316274675059,-0.5157372161387879,0.9840034807903226
1,-0.1957125549733971,1.5289886452957897,-1.031004707441492,-0.2073575938891619,0.2363868452344819,-0.1452219757792522,0.4717831053208583,-2.567537963864169,0.690603082314242,0.8071256597443077,1.9081024880913904,-0.4293505738256534
1,-0.1547049893997793,0.1014824675400242,-2.593281889291575,-0.6392414885629968,-1.3662160627606803,-0.9759230760550136,-0.8862712407228247,-0.464590505155226,0.5730435701226824,-0.8700087860024738,1.3689191076212046,0.3055356728426189
1,-0.2586941490013517,0.638776973020067,-0.6411183026314213,-2.315957300817157,-0.2092813810937954,-0.4100666436768315,-1.9789347180575128,-1.0369397215274427,0.9784423509003984,3.609456866746653,0.8491230858468112,-1.2661682156598
1,-1.307489511580463,2.802734631135292,1.0339598474599665,-0.2319004223593634,0.4430758183728914,0.4145898027910126,0.4766900454049275,1.293117159188881,0.3711423801500199,1.6498286282219603,-0.9041707188964933,-1.0129864386569032
0,0.1308809545249997,-2.1270562213105664,0.9583657611237852,0.8167313455431284,2.60252775916796,-0.7887049364756974,0.5216776534842628,0.4061829020102386,1.434698432737594,0.8076158057785291,-2.1433082742415475,1.2915869931801724
1,0.0137886957730702,-0.9359387796905568,-3.2357251392803987,0.7615364766255849,-1.4707680790259363,0.2932235807462526,-1.090687894285436,-1.0779581247547472,-1.1655596196545162,-0.652150589386299,0.0012731912298173,0.2796606923433621
1,-0.6882644043211071,2.468045158497792,1.2246584510043792,1.0921272106459747,0.0727645675509798,2.8494361715625875,-0.3557616466169351,1.773735732616225,-2.771876183193985,1.996355570913652,1.120488647766038,0.7146793708297227
1,-2.3187505783319944,-0.4872908915616521,0.112048872116736,0.1281344015766416,0.3409925466694417,-0.86139068023678,0.9202624282139604,0.4377610999875291,2.531092656393413,-0.3775459205426377,-0.4350043888553063,-0.2446212083555466
1,-0.885015158307259,-0.1536092039014274,-0.6915467279752706,1.3363751053040882,1.3504757992686929,-0.9082298242616744,0.7153798304483846,1.7553411150727392,0.5148498162010171,-0.8868365286619472,0.0376897316310863,1.3101386280258838
1,4.652391571015168,-0.4131436917126786,2.608665954725706,1.7736508426139257,-0.5895098998026949,1.0043474710084772,2.0092496713620838,1.0250306696659683,0.5914502374274023,0.5048392688411661,-0.8768498469146724,-0.3598718773286529
1,2.6476283776332403,0.1971986533063164,3.516141973918987,1.8993727758692005,3.746376751270922,2.4850488625296165,0.4933660184185154,0.0610383563634781,-2.0028700310897003,0.1722431558426959,-1.448084089002711,-0.103757733173409
1,-1.6503520530153837,3.4687946767496096,5.956703380951242,0.8830317198044727,-3.2351904633215574,1.2273333461526077,-0.8775718769898926,-2.282800035120321,0.9944517117807102,-0.5850413471742213,-1.6038324120009313,0.0368213948871534
0,-0.5967168422667986,1.0448303949366982,-0.316373818463303,0.1233931063703033,1.247785454332662,-1.7220122121742336,-0.567506284600017,1.1888368583160922,1.3424759401161095,0.4941647998624521,0.5908966610288047,1.0067588859020211
1,1.2361987895473137,3.2365107018277453,-0.118577780123941,0.6970427045736084,0.3737338465132668,-0.5921950985203775,0.2549592004986676,-1.137353601586801,-0.829635299637836,1.094520886506835,0.8928941237960146,-0.3468859315050226
1,-0.4250235621180036,-0.0824603245957088,-2.544051972777853,-1.4716200657168617,1.199515474169582,0.1896661664015574,-0.1402612462081682,1.2820086097805934,-0.6007005337376732,-2.458097273440356,-1.784496394085983,0.7979617067970821
0,0.4439569054741258,-1.051518000902513,3.100602043605153,-0.2325849024359697,-6.060914956409807,1.187199884506163,-0.715351698786217,-1.368352684861723,2.399731628328885,-2.9913563951903277,-1.349268694047992,-0.0497434327374437
1,-0.3567729856660784,2.378197874589278,-1.609721411287025,0.9669815950335804,0.6453189418707118,-1.909228835787441,-1.1537253153345606,0.1716032730823822,-0.0906241450975543,-0.423726211021507,0.7105384949560252,1.375010779709092
1,-1.804841088214234,1.6582542174040842,2.329182195857922,0.9830512810490823,-4.085054713996764,-1.317978551238379,-2.539077718495083,-4.110162583861039,1.3661351464746692,-2.551291689745754,0.6548778643693247,1.723679086531838
1,0.1825794976489413,0.0158571426895272,-2.222896863630344,2.6680277489619995,-0.3996859835451975,0.8643418433423553,0.988860031947464,-1.131572170783581,-2.6065916025475486,-1.714737987984582,-0.609483238812886,-0.4095871440721336
1,5.744163817170785,-3.866978121928988,2.368831173606118,-1.315981716871046,-2.1220353173305613,-1.911606125262954,-1.1873070696142236,1.0626762456538164,-2.2289327250109183,1.3846586138346748,2.210272672026883,2.020763649495892
0,-0.6951403817675541,0.5578452470021092,-0.6373281242334686,-0.5653830593651883,0.6069043930166361,-1.8548560616104133,0.3437741097748998,0.4736214940451851,0.6933186458006695,1.8192329022022744,0.7639723090357396,0.2133388153251138
0,0.6968683295390219,-2.488330641326244,-0.1066673114430364,-1.052032994480831,-1.4762141611397868,1.2906045342141224,0.1295318866881873,1.0949887152198707,2.6231007840234493,1.5399362438581674,0.1335326544319695,-0.8841834789265942
1,-1.9365101454806888,1.2936702987333568,0.048387613582994,0.1641609506728482,0.1483953495089886,-1.354994828598338,-0.8141425409004314,0.5534425447601301,1.604699090393678,0.7785566918957183,-1.2726734153161787,-0.3330418008926593
1,-1.6392723908918854,1.5774359141887744,-1.5588213891919105,0.3686122962117134,0.276536401543054,0.3130405621766252,1.9651784905393104,-0.090208038870103,-0.7552790377830831,0.6991533007692903,-1.483733313732723,1.3653014418258709
1,0.1687219264903804,-0.221807895790571,0.0672500830040368,1.043780961805124,-0.8856182319547783,1.2674486531721891,-0.9389487319426024,1.3105985720214686,0.8924145092538808,-2.493215195190428,2.1669159777836837,-2.3202329381181093
0,-2.139359919568851,-1.2468712530763673,-1.2259470472171137,1.1564901128826124,-0.0802674673580093,0.9764410183681808,0.8860856231993433,-0.3454758933918815,0.4321475217625418,-1.6781812440033783,1.3821587997934537,-0.0377872865055323
1,1.1170093692334715,-0.6872922129642363,-2.0297430602311533,0.7267769134224599,-1.0800783111444,-0.808827414450789,-1.8065501970348303,0.2851742754393451,-0.9139861155093022,0.090678545198816,-1.017251324439283,-1.281061716799492
1,2.85912635230242,0.9405049485564514,-0.2163457494285592,3.2604713584008467,-0.3474952524570298,-0.1753313403826851,0.7546645207063398,-1.574877781749713,-2.26717409055668,-0.1793267347009338,-1.07622594781945,-1.1958922279474842
1,-1.7658657378229372,1.0127433686549605,-0.1385404418318138,0.6490059586402286,0.4092842670156019,-0.9482335431466444,0.0692525396609987,0.9351845111010884,1.7099699528744112,-0.2573104746897393,-0.6885439271739762,-0.2407835294863879
1,0.2393337918272637,1.3483134829335297,1.1702102256529432,-2.067668247004362,3.264850657499152,0.4341788730225767,-2.9734003754827376,0.0588164924379856,-1.0116082323257651,-1.8728941983392784,0.4522747439186872,1.177270153617919
1,0.6215967551782291,2.911494383331318,0.3619854641441085,2.2794125009842663,0.5473042328649435,-0.3441736733225262,0.21361160264581,-0.1711804983033525,-0.2915430787165989,-1.8439838803659565,2.664745160479444,0.0660634644331431
1,0.3123504234501747,0.3138285815884298,-2.070813211052808,-0.7167707414322897,-1.310468067090631,1.0664970291020195,0.0705075791213044,-0.5069740917251285,-0.500560008886355,1.0994698110119767,0.5277071328300126,1.2253563479684606
1,-0.5276680998793521,-2.3183951365475,-0.3002334212186137,-1.2916208479781002,-1.8453274936708817,1.66317274909429,-0.059332230006015,0.8119986552128549,1.4459458717943492,0.2013959039607892,-0.1952227201954299,-1.300064993600599
1,0.3365361594954318,-0.4582459057159389,-0.2436937110843458,-0.1046893079892446,0.0857478061677246,-1.7972732649742318,0.7499676834510476,-1.04036156752117,2.9829603948880394,-0.9630636254751572,2.3107646305517213,-0.3941133026654753
1,6.364034948657654,-3.504111293432408,0.4621850415934478,-2.107798332960228,-1.9879954020581836,0.5057919621540712,-1.5551526089224827,0.3693890541870283,-0.8005221620783579,3.330855246267291,0.8615143926642587,1.514652755327897
1,-1.7712568975803826,-0.4785896355036352,0.6109581777039207,-0.9668125383061076,-0.8434092947398897,-2.8729030517865186,1.0150175545724165,2.9934267072455394,-2.8209747754157446,1.1985792116409208,-0.9119750044989584,-1.2670749016143237
0,-1.462783262833706,0.3698224325714252,0.108032636462196,-1.8755733713898295,2.72690459990992,0.299454459037969,0.4722898462114937,0.8993266023593011,0.2805705468383678,-0.1143253427781433,-1.3443261243601712,-0.0964208659601319
1,-2.782073257589029,0.7175233084202909,1.2305832381036956,-0.7710361040212173,-4.751623436675168,-0.463491022448367,-1.342976835957415,-2.433538129263096,0.7726843502598528,-0.5072354729402735,-4.808880965391441,-0.3299326357950512
0,1.617386092314778,-3.866900325841801,-2.31801628173624,-0.4881247054927593,-2.457751958984592,0.810784247624103,-0.3333357479053384,-0.0994736005672524,-0.5589597018106687,0.8031684216482773,-1.059334839042225,-1.7587714709618554
1,4.902606133181464,-1.6735908755332276,1.8576846850611013,2.209754028659766,-0.5555046529343773,1.1752239843351642,1.5450621724375488,0.8708265340680243,0.0536798869938496,0.0821936645589127,-1.1029310269305586,-1.0765490419996906
1,3.551490364966664,-0.2264223903487246,1.751443755581691,2.883733261453915,1.6308038004958791,-1.2525164818233323,0.7391481135991849,0.1171802219603473,1.301837894478617,1.139287215645256,-0.8217096431858225,1.2549099363220804
1,3.020934868605114,2.198130825807589,-0.2054046835050526,-2.469022135301248,0.8521201733323178,1.4052137066245396,-0.6826076708619976,-1.1237227427955432,-0.9290208806117708,-0.5676384739505594,0.0422227889029651,0.0949628645740252
0,0.0298572571103909,-2.7054330662717523,-3.2920368125504416,-1.4143691211684155,-1.419602407267741,0.2248206449821342,1.176005390773421,-0.5011206324132521,0.6357859307376456,-0.0923606261417827,0.2071348758512594,0.4418117680005993
1,-0.8433472383714433,-2.104783014732346,-2.3611795663215283,2.5829139784326047,-0.427891060386484,0.2718094903585595,-1.0376892326130418,-2.274209494773264,-1.65635985276642,-0.673424845557843,0.2470087592095551,-0.0262876874792328
1,-2.14911293305479,1.2958549054048345,5.440203759548284,0.1068082980746334,-4.854272409080044,-2.317793892523476,-2.735969529557261,-1.7374649140407703,-0.6001647926647831,-2.447787759319539,1.779476814791714,1.1525511791304224
1,-0.2753786352104159,0.6340469399353703,-0.8177486033215304,0.5720878479591307,-0.728768470234757,-0.9286157746633948,0.2922467022060259,1.0690341544813242,1.0962904576770705,-0.8257913723287105,-1.262202765847637,-1.2891443568275232
1,0.7609145613952123,1.8817320670306263,-1.7804365169138272,-0.4333545472576832,-0.9712291889609456,0.2207369639322415,1.5277352245690798,-1.0202070106041026,-0.7510609680300945,-0.0658976623334114,0.6852726975794493,0.3348341556888384
1,-0.2070184797026606,-0.9229957093366212,0.7723587750997155,1.05906984434209,-2.691546136360772,3.9506466647493617,-1.11018504704684,3.4059270494725693,-1.0501117959216366,0.5112083753904018,-0.0278867030435624,3.1909862840351906
0,-0.0241766854851156,-0.4606239073887983,-2.684006604500388,-1.7519424784239352,-0.1647445513296902,-0.2279121809776599,1.4617956234490967,-0.0574549403039331,0.2494657440300556,1.5244731859893117,-1.5899214686968346,0.6782396541427036
0,-0.0988803764934745,2.7655891728038746,2.8375660886485163,-1.4855830209564895,1.5900583202729364,1.5614925428008766,-1.836326766446078,-0.556712796635338,-0.2933975360525206,-0.469139912492275,0.6008827674869877,0.0323156600435937
1,0.3702946200477225,0.930926717987747,2.1808608265860285,-0.485122890744074,-2.009382561739596,-2.003861831421585,3.570724604318491,1.2202108820959423,-1.1616963107973803,-1.442312390005685,2.4731482605928985,0.3934792712481511
0,3.2318467916320297,-0.2009264774262461,1.243467016641124,0.3315508275448733,2.174897306947899,-0.8541251592901643,-1.2424482654287954,-2.510500546385696,-0.046280586442693,0.4679407160180794,-1.97290681891817,1.7587659810044574
1,-2.5512135182869136,0.9147567741340676,-1.2624958075835495,1.0806446800000675,0.0319390795087371,0.1314725591199866,-0.6834783763925358,0.0751961095429697,0.4145466804350654,-0.200152878798358,-1.1406359621166346,-0.3740744997147732
1,-0.0585491166690564,-1.5969995176239384,-0.7157054057536836,0.1446296051497561,0.9521825599801844,1.260642393306685,-2.135337940568399,-2.285468977958092,-1.4231240283712163,-1.9842097952218731,1.6194336719118778,-2.241239167819702
0,-0.714118137587206,-1.1661464697154824,-0.3158494901069476,0.2832169013413418,-0.021271044887528,0.2098543363427802,-2.114076795869261,1.7455767716445714,-0.1059588308470952,0.4146192066328784,-0.0441874664829716,-0.9696598568041698
0,-2.7926176695732665,-1.2282355424126714,-0.796316005657296,0.5063606102479442,0.5431259747004158,0.138340913883736,0.4510427974068988,0.5673391431912764,0.3320276037608777,0.6110666955288238,-0.3553036836732381,-0.1800762671580327
1,-2.9518088732902146,-1.840565507762513,0.9825418425804489,0.8916188409711363,0.3655154675495775,1.022773399048626,-1.36703142172502,0.6461148705042005,-0.2808591226023572,2.2389989464918685,-1.149229586798322,-2.2019079198092397
1,5.758719236269973,-4.036315760928756,2.0320843752742013,-2.080674136229343,-0.5419306415812345,1.1890047371441992,-3.113831981717724,1.4583037256545768,-2.1720768067790948,0.9080597436854524,0.6259119148552961,5.008013302465856
1,-0.7085019532425622,0.6233564775406757,-2.0682551590561777,-2.2317608397036928,1.6056658049261798,-1.0782030359812662,-1.179398134232101,-1.6371014469368137,1.168252166439632,-1.2249741352909125,-0.1587643537945419,1.1560951287640504
1,-2.0267853102251325,-1.7596230197769325,-1.7833587774707014,0.5315081200955197,0.4347685163645317,0.6738136732884266,0.9204752698744162,0.0609431074084814,1.063515672368373,-0.934529200690648,-0.0674517429467418,1.5946138585460363
0,-1.87367201585082,-0.7512032745245992,0.3622385039986244,-2.529335089536413,1.3317955520883489,1.2857971438372828,-1.8286778599010756,0.1206853988342898,-0.2231471157739422,-0.0323964752725631,-0.1790973277035328,0.1897453872998329
1,-3.34487652444142,0.8699603089351782,4.668078019966764,0.1491834433356769,-4.0423203771283145,1.1661589937788883,-4.274902813941602,-2.760173032387042,2.278602277650891,-1.0302448441637782,-1.1248252398608902,0.8622259016888038
0,0.7487594085213158,-0.3749227150148301,0.8041571835263742,-1.8983066215142548,3.818524105791079,-0.6014733528566906,1.0111425434145287,-0.7192175512949514,0.357876737590037,-3.098897793306631,0.1552332253332556,1.5519927090145684
1,-2.538242137670502,-0.94940625119188,3.262270260238433,-1.321055453923402,-0.138558042916098,-2.1498444354846598,0.8007050962332524,1.305977937003276,1.3478992745128917,-0.8838815599767961,2.360519343054422,-2.579481014064989
1,-0.1877359343610338,-1.1987385855361508,-1.0219279145453706,-0.0038413094579177,-1.3580615818264057,1.370397691926371,-1.5292484052779316,0.107755929054737,-0.2262573719898864,-0.6416089532947546,1.865992907115616,-2.196503245371104
1,-0.5651506655137277,2.5045390456478573,-0.5251176624749274,0.7862099736921142,0.9843724342294692,-0.0443434521036465,1.7520227090360092,-0.1970937638081477,0.7506813974728296,0.4344326049371861,-1.0142133579530392,1.128364563292003
1,-0.9631231600069914,-0.3989868628834317,0.8291640768630918,0.1479258291828368,0.7677800020705386,2.362789397379314,1.9348898720556784,-0.278510518692487,0.8422211115109632,-0.4258899156709925,2.2126293325529924,-1.697451678366397
0,0.3963553923713553,-0.0286349283826799,-0.2777367882542502,-1.4437252774401417,-1.594031213326784,2.3848435487650423,0.9174788270554036,1.6636865415216482,-0.2206066826060181,2.038326006001899,0.4184595656774819,2.315660985635665
0,-2.049596131337641,-1.0061566183785544,-0.92393681798083,0.2742230603666852,0.5789026223628939,-0.2802691596735043,0.9355699959657796,1.050021358698349,1.858657052805396,-0.9400784317925476,0.994487823539404,0.385721850592358
1,3.4315218377906094,-2.732935314496205,0.4136385490388679,0.7360885242435172,-1.171032847146518,-0.6779586553535271,-0.2950576214037939,1.0665418889530809,2.3541104872493714,-0.1718441381061967,-0.8448281858203559,-0.7996902055236574
1,-1.49214627154159,0.1411147153408469,-1.280652954725949,0.3741536564006153,0.5411439589457138,-1.0598683931822186,0.2440752354380483,-0.7082073700890886,1.7812367900175106,-1.011663094262755,0.0480875557709839,0.780495399079809
1,-1.6989911471725816,1.7969663653643697,0.2771693197134999,1.1914230055976156,0.1879396470954285,1.0564513082163631,1.6142444295276812,0.2160338368019522,-0.6856317295342074,0.8622683686607525,-1.2610350607756,0.5429982101424186
1,-2.122245001180374,1.7997650899480135,5.718596055910756,0.0692748080086104,-3.932674877646605,1.474778414241415,0.2155622265960964,-2.7210662970751724,1.6064844082068497,-0.5175633809044938,-1.1022684796554565,0.2613736383868968
1,1.9425414542364945,0.8517590431844584,-0.4019528338225159,2.7512750221697657,-0.8978955907462538,-0.0358167235500608,0.656818540377026,-1.2604178119620792,-1.562174924435071,-2.0666667936851395,1.502651112535691,-1.7874853853031738
1,-0.0420803739334182,0.9503912249334868,-2.0180666634010667,0.9420488052433938,-1.0104911040432951,0.1007712095549907,-0.995518334021744,-0.5762054806093623,-0.6233486713212575,-1.2384435034350607,-0.1762857711509044,0.3221853215707838
1,-0.4928593964815148,0.7031401204201974,-1.1980507817943622,-0.0209889475157283,0.9263950702295752,-1.8750304652461365,-0.1313445907507617,1.1848959718207932,1.885606261011044,-0.0024577183896413,-0.4070958008829398,1.9545940775690656
1,-0.7488973809914686,0.9640371170768752,-0.2819061832239495,0.3561583578112023,1.296161051026077,-1.6587115409220536,-0.5390224103565854,1.1306463630750765,1.155879260185072,0.3855566710529221,0.6000457926714955,0.8764742841773924
1,5.974369335755193,-1.44676549986354,2.3477710469454207,1.6181676442733337,-1.542845079346646,1.4431894063743047,1.323668552315547,2.106719478782565,0.8012085111956984,0.6752304008168395,-0.4565151991608211,0.4583113742061445
0,-1.3987274466342026,1.7415444649513825,-0.7283018152546895,1.3161754158334285,0.7996839569199816,0.7560696846132022,0.3701261640431332,-0.9052159957101548,-1.4691044914523164,1.5216953057458058,-0.5554526937140577,0.5347345227295422
0,-0.110669591168035,-2.413244085556148,-1.7102456977041989,-1.3529592989609345,-1.1301416367418289,1.056227335214825,-1.5543275754706316,-0.7824908107075625,0.3199451435246693,1.0454208287266642,2.989218211157766,0.5997979867196038
0,1.3367319336289336,-1.1118226500906565,-0.4973064323649877,-0.7762479363923972,1.126431106376474,1.5881780327598982,-0.3414803028807527,-3.736551594058044,-2.971812118230474,0.6495933461157233,-0.6640239645656223,-0.9765502804819116
0,1.737390927653495,-1.7751506196886038,2.3165514812031387,-0.0653827494478176,3.5921938276153558,-0.1358922995591283,2.298687147137279,-2.864765486424667,0.458341946243646,-1.0038658716981403,-0.3960701034492289,-0.5268677569186084
0,0.3950344624575962,-1.7514663717939931,0.4850381061373745,1.0022653001966733,-1.7384056652349438,2.230163291646683,2.14118965324883,1.1058899638998927,-6.186085708785484e-05,-0.5064098464751366,-1.9614697367693064,-2.8435602685513226
1,-3.452914894495008,-2.173964502384389,1.2282809255480789,-1.4728936270267363,-0.2210789277532734,-1.1884279153673143,-0.0002357726634565,1.9583460729753432,-1.8204692038348769,0.7204144206421892,2.4664865827409925,-1.4614786526997297
0,-2.202392024469205,-2.2510419733987304,-2.047968982681712,2.297614305243494,0.7283843856366894,-0.3111962875122543,-0.6970430515343187,-0.8524718509085504,-0.0996473701003696,-1.0459680173540498,-0.1897699143491566,1.1981679498051978
1,-1.1870764670264875,-0.7855605995144224,-0.2416262367418113,0.3675634133290236,0.6016760262276206,-1.1875428866230298,1.4504856916849562,-0.154935586660653,2.755791443891171,-1.426405439331356,1.3464568108103363,-0.3121415329047903
1,-2.3357593272792,-0.7821675887801501,-0.822001444777887,-0.9454802942620348,0.254393692185156,1.0925398870865637,-0.2789732877244572,1.1454721278339417,1.973093664879536,0.7568828537036819,0.0228423374800293,-0.5279548684828256
1,2.5152544771390564,-2.407145369409408,-0.059081814135709,2.006840961042037,0.670599932141956,1.0631303827398666,1.907861383645317,-0.4680551408525342,-0.9282065644024,1.7411882655404962,-1.1107861419642755,0.349292407690883
1,-1.768723679604641,-3.1946066474269115,-0.2710216390752286,1.1402479655435396,0.337531209637765,1.3032309333016745,1.0177406387560857,-0.7226183526663397,0.4384090880982646,-0.7259159923683673,0.8451040169465858,-1.49066078577265
1,-2.6049466406745734,-1.910472381275892,-1.3722261841168084,1.2741980257420238,0.3880083671757982,-0.2955056777866167,-1.8733746482085527,-0.4230530196384637,-1.631962835398894,1.7483726616563071,-1.022950830544942,-0.382279256331377
1,1.2390344307087604,-1.347247410179862,1.4597588382259798,-4.7223773231611474,-1.2888202006484692,-1.6093484901735438,-0.4438139502284729,1.909783844839199,-1.9276584555249745,-0.248783517225207,-0.0655805706029283,-0.8000962946624334
1,-2.621165885975957,-0.8057063344009575,3.1580213443571514,-1.876421221451888,-1.0078378118262925,-0.9908036251058888,-0.6575885039077018,1.266388186090982,1.2053955135286931,0.0135978198559186,2.1563665511446635,-0.9845710452146332
1,-1.8372240425125768,1.5864782673776987,-0.4242759197688643,0.2364090289017216,0.5839509764004469,1.1976505386917282,0.3907904285934532,1.3897320701190663,-0.3225148129557071,0.6106062702220924,-1.005766403990878,0.1229770001985433
1,-2.2970835751585232,0.8683135884191566,1.8793430264762665,-1.1593081696369456,0.2317292648162824,-2.7044833917949846,2.171295750558409,1.702512178750238,-2.3589441860261458,1.9241636631964136,0.862702209148151,-0.1498311124253472
1,-0.0156243042586468,-3.889117414678327,-0.036933141555778,1.963266851554886,-0.4327256477060927,2.5346454955859548,-2.208751057994279,0.9564977231141102,-2.143529883108984,2.537588580240565,0.8568527545483442,4.123066984535846
1,-1.0888895832015315,2.348433587851792,0.2895754593562803,-1.3828306071700718,0.225455358863082,1.4946030082641433,-1.4531455770624375,-1.5365896156470458,0.3384302480816374,3.292013053361662,0.1824357027310283,-2.0702903841134224
0,2.402511902219967,0.9194550362967558,2.1177056008608703,3.1669791682931354,2.5155855340731774,-0.266998271073771,-0.0358282202723933,-1.0051018533381444,-0.2668052393958129,1.951102504500416,0.0037211753626264,0.7106509383250809
1,-1.8117355244617648,-2.4241834648293867,-1.7913093053632716,2.391752266210132,-0.6518178529895106,1.0929288743771532,-0.0941060748787823,0.4106166912827866,-1.2641610272478851,-0.984779291969518,-1.5607057411339855,-0.7267642746465051
0,-3.7739021645218993,-1.1065418265791616,1.2486516743914666,-0.2806241895744647,-3.4973157463220623,0.0651049139527668,-0.3496077230630841,-3.2000967987807605,1.4000847862985442,-1.0849146711990092,-2.3342699719244138,2.2249068219184944
1,4.031539797814075,0.6130710730870322,-0.12016986576007,1.026886821051893,-2.6362526747856987,1.2502391873271748,-1.2128663140806843,1.3201002122770793,-0.7379081504434695,-0.3123646926307018,0.6483507902971359,0.5148881308160131
0,0.4021600863797107,-0.9184918356675558,-0.5248651107521745,-0.0033461573332551,-0.0116815508023654,-0.477808203958131,2.8310516944603217,-1.2841790238601969,0.7923760871364258,0.0398201238715567,-0.7668746484370124,-1.574875093862109
1,3.1867829713207514,-0.029595655497824,0.2307213999000782,4.071676072493788,1.5345347351908074,-1.4590770567422766,-2.074812681471635,0.824151706465434,0.1859315666000266,-0.5578450250221838,-1.3639671279324066,0.210054840188942
0,-1.8446391131995947,-0.3403716450166974,1.044914065606627,-2.827902508751813,1.7060396059682896,1.331389882489194,-1.7429654937408274,0.9096108512526284,1.548549212304234,0.1661834279091971,0.2376661947473477,-0.4134892769635164
1,0.7826746528299326,2.2934253974765078,1.186316460266063,0.6354084500587726,-2.015282257580125,-3.1845428768300734,0.3091215225005337,1.6893157687457772,-3.61967783503828,-0.4102110803610308,0.886407755680139,-0.0284646837992825
0,1.745348688299731,1.5162708484717429,-2.0495918231298256,-1.921337607201042,-1.2127337707777632,-0.1080120081790979,0.7099914485568337,0.958095750015939,0.8738887704852397,0.8514392795635959,-1.520460902256049,-0.67013838321697
1,-3.088359914401773,0.843939127750448,-1.0875782726589105,0.3926140238123389,0.3948903065178347,-1.2468280381529124,-0.671667115361845,1.5634539659754711,0.2398270199570868,0.9422826064763172,-2.190622844912132,-0.0717088902186244
0,-1.980546196803882,-2.8382448473386197,-0.472147863169552,1.8969896249845133,0.8335416107757663,-0.2730754334035328,1.7191517769291271,-0.5347516506484519,0.042550207482671,-0.6969084505065308,0.3045618877795122,-1.027788799709375
1,2.0273016575016016,-1.1477189157863823,0.9744709204995904,3.0038737130908872,2.042794919852072,-1.691935097440789,-2.1867786613310187,-0.2412952972029381,0.9806294169021004,1.7303161490719938,0.0433408724356067,0.6689391786793817
1,0.3830244913602953,0.8844546877379472,-0.7056798733649967,0.3757362935240098,-0.3706755184140516,-0.451231758178527,-2.4267570953710647,1.6432762058579522,0.8027551009568266,-0.5641124838644038,0.4350394071454336,1.1584549160791815
1,0.0409147037117448,0.6304256392294965,-1.3187448072454342,-2.4706394840327635,0.7911423921192056,1.9452705940573172,0.943954885358825,-0.3365177891840984,0.3914286076396066,-0.7413382701278365,-2.737067215944017,1.033147380160395
1,-2.818438278522945,-1.7806745760854,-1.1575591626688728,1.504827398598042,-0.0982222182121942,0.0040813250497349,0.6300634565651788,-1.1479115790055254,0.149245547412459,-0.5684787425524959,-0.6379116817331234,-1.3909402454035895
0,-0.907395918406237,-1.6167342100980389,0.2097954728848016,-0.5582855886538047,-0.905043608245366,2.0047089145044814,0.5016626309456256,2.315297067565085,2.104485870514306,-0.0469489562092004,1.7991096602589092,4.757522508643865
1,0.5220360479071154,1.0193142608500698,-2.036194328736965,-0.397765798089688,-0.8362097979605404,-0.722574721232247,0.1998445141269131,-0.0667892691933841,0.8553748758491733,-0.5012222089241221,-0.3646604789461621,-0.5413399609621641
1,0.1377498103438278,2.291760797501272,-1.142819286889224,-0.0102189480857515,-0.4347060199997378,-0.385284652531371,1.8262816207936756,-1.0121473573965212,0.5842086809069447,0.2051186009076141,0.1686495210579763,1.068974888662332
1,-2.031412127453443,-3.7558081043342417,-1.2811179194431996,1.69959021466228,0.5485141761081403,0.6796827593543548,1.901189959896146,-1.1648275596571662,0.2512542272635971,-1.183108923799285,0.1187091882409356,0.0119125781232335
0,-0.0519263103841225,0.1228803007380961,-0.0269638947426073,0.1949935748954662,1.010647206762762,-1.516082048603179,1.0309771570458488,0.3137489073157297,2.948628670948458,-1.287699224630388,1.0521622781016031,0.6861174238354096
1,-1.8198700905253151,-2.60243317151326,-0.5411909548284201,1.538641957540963,0.3859091229484507,0.2827637129277753,0.7677215488670999,-0.5849406755305382,-0.7735690964512745,0.6274166209214588,0.4659853710857832,-1.0342182727363711
1,-0.5989697068798404,1.3259903837491624,-0.3815461177248962,1.1011767629834672,-0.1490495191139465,-1.4633315076701463,-1.893181792851492,-0.4923230634987159,0.7252326093977852,0.3776633101946258,0.21951428162299,0.1696847061120591
1,1.6418484660801826,2.7693321112765177,-1.1114859391018734,0.5380234268619407,-0.4521777789972369,-0.7778134718976134,1.8313764825779013,0.8451087977366842,-0.6267074206461641,-0.3792767225126793,-0.8174681619894915,0.3622768267537383
1,-2.1722633429961733,-0.8715489570060756,-0.2024825592582097,2.181617476040264,0.2483778086788202,1.9673579975369904,2.6431008431030283,-1.1714153801126714,-1.8755609747653084,0.0976317120323655,-0.6795738864685865,-0.7420703678647487
1,7.290677150398456,-0.4455209096051814,1.6602199743126378,0.0961917565804137,0.0555197874538698,-0.0984149722315146,-1.7139835348754355,-0.7589183432657648,-1.046565625976427,-0.6686721855072743,-0.6665311234353911,-0.0600444754734179
0,7.628194406165914,-3.93900284697765,1.6294416734518982,-3.388972682464308,1.1091262143398697,0.6864523431389029,-1.7537463779658085,-0.5753260535457122,-3.697006519492154,0.5052318893788538,-0.5420488101555827,1.3605136397316604
0,-0.3522077632761595,-3.400985055035976,0.6285253918336302,-1.6732549491455024,0.8139097982685897,-2.3746024134910906,2.596450812540474,-1.8203118923083257,-2.468715719797007,0.4686645279736494,0.8580140393476082,-0.7120440411595663
1,-1.1742888144958612,1.2750538934645488,-0.502840191874287,-0.2328238791171643,-0.1769302733192392,0.825313751451721,0.547967996783977,1.2329411747367722,-0.7045304282145066,2.3183112913055077,-0.765187037937328,0.9916392368374424
1,2.1271304742989527,0.9116513671928692,0.6657327733394468,3.056551894934992,2.03117667457294,-1.6886354695783916,-1.540205301916944,-0.460598001257102,-0.2190752614569684,1.2614745103441347,0.0594855489544937,0.4751532893281003
0,5.213990451623193,-2.4339674587262974,0.9086047416856604,0.2949376204979311,-1.1297412308384205,-0.7045011831360719,-1.1048243283589336,1.4510620204535394,1.8338329416477008,1.4567830323534647,-0.3596721834404647,-0.2365914065718164
1,-1.1146032976053812,2.1938914763646915,0.4250108431944208,1.1207374885356876,0.2646587524426773,2.290257054069361,-0.5634529882447588,-0.2289026091323997,-1.3969880285060898,1.058786008582722,0.3863781120052996,0.3072466349488473
1,0.7119002058614456,0.1969136417312918,-1.6967486087552677,0.624455376561545,-0.6784868958617262,-1.4341689587703454,-0.0321888782083105,0.0141184966061084,1.0141691625171447,-2.3331847105207544,1.4715408231757576,-0.0236754134060702
0,4.597263628264309,-4.531754190877841,-0.207083912366136,0.8271143351053561,-1.968467590068108,1.1871022636273902,-0.7920782296251886,1.8372158774162508,0.1167445682236988,1.450042709107155,-0.4101517636803302,0.4794918172617998
1,-1.211188250131895,-1.0823656803429078,-1.165333589870206,2.834787882940368,-0.0275363518127563,-0.0438926574558416,-0.9667416065688158,-1.8968001346091063,-1.416196539569605,-1.1906067972583283,2.025271367669621,-0.4020519582184489
1,-2.4912492088910536,0.0757982707387529,0.1464441790671689,0.0954352220688519,0.2033166907646109,0.0135220261812105,-0.5303685696476738,1.0501393128603524,2.1795924799600304,0.1741606172331982,-0.5217979278097918,1.3848104228020792
1,-0.1964223207342832,1.778278926383973,-0.5338932321001784,-1.850089849951678,0.1712607083333477,1.1001399766929207,-0.8665702142727156,-2.553863398260198,0.904479998130984,2.5206812189942323,1.8428497805690025,-1.930687256306096
1,-1.8135032902241977,1.5954175478659225,-1.6674311004615991,0.1522716923298815,0.2041000216141077,0.3253927885125537,1.9448613381348767,-0.0822196098150908,-0.6275802086224554,0.7328138311102734,-1.5545621028604486,1.4764721635060811
1,-1.3819959145109817,-1.1943257100233169,-2.292867734937253,2.0709090888232207,-0.5611389558208938,-0.2475269852980557,-1.308915714284138,0.2115424272254869,-2.4052564703992023,-0.7038844871537789,-0.9616816402031636,-1.0594548430032924
1,2.986433560421137,0.1334326327557657,0.3053780295078779,-2.971597052718548,-0.720838453627966,2.671501444905291,1.5460837756787356,1.7031250360300598,0.0217870692181911,-1.6485440404400242,1.496657172047681,0.1282406988161689
1,0.1115264282942436,1.3520174759316137,-0.6819410992108771,-2.067744859336827,2.255969231877123,0.1962137620852422,-0.7438401224514329,-2.0618317579679544,-0.8873280624612564,0.2583119702241375,-0.9466813288014296,1.1686081884856772
1,-1.6207703663688755,0.63262184330601,-2.0915592304428428,-0.1828053107103158,0.259351875897936,0.3694153828937527,0.9095544511296174,-0.6035635485310712,0.0766146758688566,0.2464332742685723,-0.0932499653973182,0.6719713324811898
1,-0.3740137813741497,-0.3758052623144848,-1.1691275810408803,-0.5858248221547819,-2.4608712762591005,0.9653177292599164,-0.8202824808992754,1.4959367309316327,0.8193635266222563,-0.7696533702318021,-1.0475232802397774,-1.3192501370156218
1,-3.0025913391062207,-2.806087603444822,-0.0964125485926649,1.5727662701420868,0.3635438556149341,2.466830832913615,-1.2049902549395943,-0.8702998481483739,-1.7185229062489773,0.809341134006751,0.5686761037253655,-2.188120068552461
1,4.288135707854428,-2.669655456054618,2.4644941323256853,-0.6235373779001254,0.8676787232666837,-0.1866114465332156,-1.0620954381127674,0.2748630034807489,1.5955585386113642,-1.4391494262352578,-1.0178011192434404,-0.5604482814252536
1,-1.5909572344785052,0.314985235419096,-0.7668159685526651,0.7729224834063622,0.4188418118888931,0.2914837530468261,2.202047704459334,0.19581467959376,-0.2684582201346893,-0.3290887549457197,0.083458580518984,1.270893168108297
1,0.5066767185420882,0.6658292589741314,-0.1496464994674223,-0.1622220749123786,-1.3007439904771183,1.978294977980428,1.1236797709952748,1.605953991993095,0.6687866814471212,-0.4688006086509385,0.7883923061753797,1.619989981660198
1,3.425315300727928,-2.0439039829910843,-1.4708415602652651,0.1488820588321593,-0.1916197907440531,-0.8713243880233882,-0.4066234020454555,-3.189324190631821,-0.3551927227145813,2.8725530650894813,0.9753311087953548,-1.1233788430632567
1,1.8283800682143392,-3.989532295236905,1.6834430925677175,2.3031915513466763,0.2819664437474769,1.6299359867519805,0.2848136740007208,2.523374973835783,1.2014724258543523,-0.1797612753636854,0.3038902263894616,1.315411127718475
1,-0.1657457294238443,0.4695916922243483,-0.6479906450598507,-0.190932570236869,-0.8327014446877882,0.3932297480942084,3.178085910439948,0.2894579242029559,0.607776118996941,-0.9626428187011734,-0.3548035950088822,-0.8903133611784834
0,-1.4623850249774253,-1.020670575170086,0.5327780143923723,1.2153160887734942,-0.0662833049021859,0.9070513787290264,0.2261738193518104,0.0879849793551919,0.002599945331018,1.6973778135826327,-0.6301994295962778,-0.386650631886236
1,-2.053895469366537,2.6936470178173213,0.1689507461085772,0.5795411050226892,0.3664389945813447,1.666791611224401,-0.3759894145824522,0.7062412817566159,-1.709600712721664,1.4429043832713893,-1.1565715976056894,-0.7422655661311088
1,-1.3989157543841402,0.2785405073072288,-1.5076820878544446,0.5517938639359072,-0.6780737815301885,-0.5471414542340199,-0.499771452704456,2.112946045169244,-0.6369837596050781,-0.0926508708747842,-1.864483140312389,-0.8031088158078515
1,-0.7062730706428527,1.557897032608763,0.0608881657528414,-1.8679252229022956,1.9310844630868265,0.5254972450540293,-0.5915848101613571,-1.4004793822626165,-2.51330236808168,1.283871741843187,-1.1013683497975906,-0.2326978993174228
0,1.864767433913603,0.8787949804535291,-1.7977170892534062,-3.7378869932143743,0.7259729285504302,0.7372022547396788,1.0015772859820409,-2.016596609043966,-0.0985559176890007,-0.3263456031682266,-1.313185388783628,-0.1778232797087976
1,-0.9821234293441828,2.108507476182932,0.2263495497382789,-0.8534465264624497,0.4167748144440044,1.1591894081088474,0.0990493086240395,-0.2048127060876529,1.6117490826369003,1.4681701244939522,-0.2684138828550725,-0.3456077765871306
1,1.0795284295454282,1.960964709234005,0.0348075938143368,0.2639536660276252,0.7484164039613517,-0.6080270269763656,-1.336528003206163,-1.1553277419237653,0.7082448845552392,1.121350713570509,2.068418416966977,0.8092798251776208
0,-1.710822208485888,-1.2495157094625342,-2.360483086959421,-1.2046887298017253,-1.194419910633882,-0.2406845776534499,-0.1301290093453677,0.9361022110589482,0.2250683559035258,0.2364646341639117,-0.0336518428800198,-0.2939729877460129
1,2.550733438010101,3.2661306342291074,-1.1004928237667746,1.0120265654136469,-1.177280900485086,-0.7141855404662945,0.1788988203237393,-1.0618916263767892,-0.6899059149596497,-0.9383637413149266,0.8164989993514941,-0.2467471248870581
1,-4.451273590252134,-0.364126831024599,2.5019139019412258,0.0600625138893565,-3.008803196289763,-0.9642577123262912,-0.8580669270426258,-1.3121045028242215,1.388040089369111,-1.1007258901949846,-2.9810941600614846,1.5783337851970185
1,0.969321736443258,0.7454438661307413,-2.8177216165278667,-0.0028569295647097,-1.4570251600069248,0.1066939185988887,-1.9864348840138968,2.129492416522344,-0.0884695551072724,-1.0901241395105927,-1.3115036963715343,0.0719043506516266
0,-0.69972189357521,2.712005754271875,-0.4999280975045422,0.6248408756444307,-0.980315311486996,1.154233282498605,0.391893694147534,0.5148265410058833,-1.4184495354420616,0.4429658471151269,-1.687702256367217,0.661788384323035
1,-0.2172990706106339,-0.5684707864118147,-2.4731479439712936,0.1839715143949916,0.0488921389778599,-0.8831250011261748,0.228587745563866,1.6262471449862987,-0.6563577509223415,-0.1762820236119194,-0.4779682027720937,0.593634868066051
1,3.0019987226183087,1.5889485720950944,-1.4818283223511215,-1.025962366017326,-2.503894269361523,0.516341247818755,1.426123632298874,0.3431899195773332,0.3206749103230017,-0.3211102818633414,-0.285531839526558,-0.503374503900189
0,2.7343785886476257,1.9612933992390809,-0.5567230421145347,-3.2457641849356795,-0.50957285523239,2.7044083811513664,0.8782144490061187,1.7899509456658491,-0.1920296708636001,-1.0916033344487788,-1.0084924184261554,0.8179064131497289
1,-1.5706011849740849,-0.0127082639706821,4.683986542719776,2.130310862861807,-2.929663557406088,0.0984032527227123,-4.088984315507528,-3.8413525866837057,1.5241870662475694,-0.6740243927817396,-2.659143817971635,0.0573535806381861
0,-1.768705069839353,-0.6003447404183604,-0.7143771414817364,1.0791228894160096,0.0105962790829506,-0.170335336653359,-0.6427799658366111,-0.5447911058600357,0.9075569346333756,-1.1946406392959128,1.5351017338859592,0.7074222115749357
1,2.4907380289102323,2.340594857906221,-0.2446351484250745,0.303494024398052,-1.2522760499315508,-0.2969339588142504,1.7084634045769966,-0.669591307816859,0.5781304175043481,-0.8724563928228335,0.6933380979061204,-0.9972097253480462
0,-2.157883257536146,-0.1310805445307438,2.075428896303762,-0.4579552511408512,0.2508760706152622,0.9119022058116724,-0.9469333709427742,1.288190848908521,2.9660106407925104,0.1432173067697041,0.7604711043383978,-0.8681910560683741
1,1.009572289730933,-1.6896196601363147,-2.2333498522949427,0.9060037699235276,-0.4931545974001736,0.7860118013808028,1.1509123956985237,-2.6371828485451427,-0.9180558949038192,0.4468448835469297,-0.9736810376627684,-0.9737466198919222
1,-0.2137439064282091,-0.3507644719962793,-1.1497639231075565,-1.399396694559315,0.3860850132709539,1.5458532770953737,-2.581557097507458,-0.513107059504792,-1.0315829394498417,-2.034016218137031,-0.5579627222826294,1.5003862645447412
0,-1.8647576052880708,-0.4379176066765339,-1.173414974226044,0.614221023254276,-0.1142668059089927,0.0258782124074314,-1.4538101441146798,-0.5975630538555179,0.1001858680455824,0.0489178786919335,1.7433800148250462,0.787306231358063
1,-1.5861632823480167,-1.0896236076712071,-1.8701199635358463,2.247608734261088,-0.2319368847461827,0.4439755028799969,-0.5882638647722886,-2.300844819670686,-1.5753006494075767,-0.2867683378861585,-0.1599181112234023,0.4048330842135938
1,-0.4971239526742453,0.4256730713645184,-1.775821408441353,0.1278066027469735,-0.1189545893757404,-1.5338596128106896,-1.7439653947780318,-0.700004758043043,0.9473840325601371,0.5236026731086781,0.6439834467814854,0.9333235624495276
1,-0.7575631276693647,2.2035186453038267,2.757481782809484,-0.4337880942343389,-0.0631986349672651,1.730758788825379,0.123011979415844,0.411468626410843,0.7860765520255228,2.070341032832773,1.307412194197487,-1.0669297176314043
1,0.3141616874216446,1.764667846337665,-0.3499477492899066,-0.609273776817379,-0.294700428652236,0.6929359539381559,-0.4408381708543271,-0.5252450457232867,0.0749468166427267,1.1536237086477086,1.641905266461323,-0.97373381325495
0,0.1000465252087368,-1.1062531815825456,-1.4221943361378284,-1.1004101537597712,0.5282076779121397,0.5463835162197335,-1.2452680314646196,-0.7117004746275687,-1.7016925436947143,-3.0244668690834238,1.270061676724295,-0.1670757266523337
1,-0.3515982966861836,-2.5681875196477506,-2.45185141669765,0.4187417237795958,-1.3123913239857898,-0.4987831898899056,0.0463838358112341,-0.7600926464067247,-0.5410911685857179,0.953793992377586,-2.2484229992625493,-1.2639493003107367
1,0.0295280299117819,2.982940538755732,-0.7338365788748066,0.453717606024993,0.8217485804881531,-1.0089333287229243,1.7151524870287895,0.4818207630925528,0.0305563361512167,0.2804187146169168,-0.2216611477701258,1.4669010597850307
1,-0.9589472510120604,3.719160719908995,0.0870576815068574,1.2290521614361054,0.5842012217323916,-0.4622148024611712,0.2713308947710242,0.084372906811651,-1.0656650901649516,1.059749697713995,-1.1642955482361732,0.1770226213258791
1,-0.9958934383442232,0.5814123491222299,-1.010559920345318,1.0412686655528332,0.4500936104013345,-0.8391683669674938,0.4860444591668497,0.0051847701284308,1.2317518684747537,-1.1966231941272545,0.3550215623124965,0.5984207134169589
0,2.242379205686715,-1.4919445842694763,4.195881310150262,2.742243547904006,0.34198679667354,4.05490663874871,1.9481077246249192,1.8506231417195749,-0.3984408414229182,3.551505191463702,1.160075526735106,4.655980935160543
1,-0.6525426287970338,1.5063641252898128,1.264952893962491,-0.1236441804537204,-0.0613755982963875,0.8661463617245174,-1.3510966987438109,0.8907638259236953,1.2218742310107926,1.069090330004966,0.5341668647158708,-2.097139618216379
0,3.021377772207723,-2.68277477952804,1.1093480235759348,-6.40169701864795,-2.489979604717066,-2.153443936062793,0.555347020656438,1.5324674714085875,-2.709130575446784,-0.5713981288610269,-0.4387284142564018,1.2512733108879748
1,4.02559924139464,-1.1360562247109365,2.2512356190927814,1.6569518468449589,-0.6432063876103103,1.921420845644419,2.613911766634326,2.327644775172905,0.4651451811740449,-0.0533966448442786,-0.2057721241381882,0.5637890043482814
1,-0.3463498682133081,2.1272772979427628,-0.6961227726012453,0.1721996388236205,-1.0128802364795235,0.7399973403857518,2.0068406563125483,1.0984642284168984,-0.0086552673132768,1.8395103548252485,-1.7696482096686026,-0.4010812784899499
1,-2.338791979370648,-0.4191851479807609,0.0867014550320679,0.1626331224134693,0.4530017364975459,-0.9482146513905612,0.9329145642799564,0.572556247313326,2.521276707334183,-0.4546819944217479,-0.4129910358988073,-0.2228059661691982
0,-1.764771809212847,0.1736082140241848,-2.161777147551784,-0.5207587494282151,-1.2735507338135643,-1.128239341819118,-2.1311831909667918,1.0485214889677517,-0.8273403283679897,1.233410951016742,-1.4874589888465697,-0.6113169425767422
1,-2.612745995159661,-0.3518449859999337,0.2370674393641568,2.17522126421551,0.2330371844084546,0.9757374565470376,-2.49475871987594,0.0151456127970218,-1.370437914274849,1.9091437906041044,-0.1553057626786519,-1.9217766896641169
1,0.4698054860784709,2.658891750784707,-0.3748651103487467,2.057457292940402,-0.6442285938475498,1.233106481471592,0.6900274608894986,0.2471487778531456,-2.655287469922622,-0.3579516891710639,-0.911356781231501,-0.1870044466686159
1,1.136890976108662,-0.2253801591510897,3.4548427359124583,-0.7710315356685887,-1.8410008262299544,0.3640893352939996,2.969395236846172,3.1322846924312078,-1.345952055900732,2.522390550335263,3.455079726484876,5.747003741225664
0,-2.3496509587632586,-1.1990717794704389,0.6175569900722107,-1.295859152338499,0.901588675975516,3.791133209906133,-0.4823732830001556,1.305731873634243,-0.398176405377466,1.1852277730184322,-0.4014289884116574,3.434231799128612
1,1.6558599493354031,0.9101965781799876,-0.5784143376259985,0.3735882650718679,-1.429341394444635,0.1987137116529449,-0.8044002427622633,2.311897754547228,0.913524523333072,-1.4517621159639122,-0.4267904683059515,-0.2204805158732434
1,-2.8293705028522007,-2.5065909003155897,0.788787475400612,-0.2128056626633565,-0.770634751116496,-2.198760544360173,2.5906040540685376,0.7220072117883418,-0.4384358086363895,-1.581081333742712,1.966116922833564,0.4593814014297091
1,2.207853908559624,-0.1391757101383126,-0.3992408459207491,-4.837835573448368,0.3819619190751825,0.06952149573593,0.7005258872531607,-0.5314121883660363,-1.1672257129282717,0.1245834749955677,-1.7134008909499852,1.1232178033537177
0,0.3460550907704754,1.3240328116859723,1.681747427096882,-0.5011183310201233,3.156962147460957,0.4538622759306635,-1.9306786506142577,0.732349820775705,0.7474460134431861,-1.809236540982421,-0.1573750317551979,-0.3957609820294531
0,1.1873282996773693,-1.1713609671010956,-2.073862012690069,-1.4511966070711595,-1.7967840394259824,1.4562506879762072,1.7804196631724516,0.614402016368117,-0.0726699067325527,0.2971086504532745,-0.6553301511817551,-0.3751435008987919
1,-0.0558256378403884,0.8899755042394383,0.9997421393282752,3.6053289679266087,1.20581857980756,2.314273157827178,-0.161110945008577,-0.6760314322852303,-2.5942577333745023,-0.5891364721158171,1.8118521291470928,-1.813153731097916
0,-0.3915648092891581,-1.6391702799161825,-1.637283506549469,0.3992214448387922,-0.5332250417015801,0.3107709078831773,1.0725108055534105,0.8021868592737167,0.816325292257428,-1.4368060963588276,-0.2602433134175811,0.8396233988149238
1,-2.9300255564422075,-0.3118923175849819,1.287666964957891,-1.722913976553725,-0.343944730703036,-3.9701261012901936,0.1027440645328905,1.9563384944133744,-0.7159463567903213,1.993894810959749,-0.1280772596118187,-0.5166422958756273
1,0.6780035918860724,-0.1570156178342305,-0.4663117307211979,1.352012969310513,-1.2893104722616118,1.3135358370021974,-1.7383532143230638,2.637119475366968,-0.6474544888908336,-1.8297947857127856,-0.1045954543912268,-0.8538129568387061
0,-0.6443811703281559,1.809741933206907,-0.0979223730923729,-1.907432215669498,2.007608738777782,1.3501510013554894,-0.3576785062777279,-1.1454515151835614,-0.6844764295865077,1.8344825170275736,0.2927054522512948,0.0039974540513543
1,3.2896208434332475,1.3232204683600786,-2.213539166761784,-0.743784838365041,-2.736854922396581,-0.2581383305020386,-0.6119645830612813,-0.3300589689820173,0.1264558572594591,-0.3575365112905925,-0.4204973980658971,-0.5583018771596897
1,-3.241893360065722,0.4187958468951216,-1.1867834408273976,0.6181986787972373,0.3839418551457801,-0.4779906682412316,-0.3387108112145633,1.3472277837175652,0.123072857676493,0.4535005508681289,-1.7915893659176871,0.3521594902391182
1,-0.0185272698538762,1.3733500539755277,0.1530930973008977,0.5584494282854747,0.8228437644992154,0.2536065061790151,2.358620674013856,-1.3930393225771944,1.069902052429499,-0.586798484731481,1.4721401650135264,-0.321074293000017
1,2.4549358419386205,0.5645651120037298,-1.376352454459078,0.2764851439108327,-1.505347636423701,-0.4132753412012768,-0.6600706918694158,1.9294699432627251,0.8491100834845919,-1.4461261157688097,-0.5110500963592202,-0.7591166989405608
0,-0.015619690289723,-1.416715671515331,0.9281720164205736,-1.1899013898667534,-2.5548418729251883,-3.149038452547155,1.9006719137218588,0.7120057549698661,0.1276064201012054,-1.565953689461251,2.567226680393013,0.1311151022551791
1,1.241610665978081,-1.8080336559108223,-1.6770788795504092,0.201399102693913,-1.6370431139538657,0.9784519303050904,-0.6294504409189888,1.7608859788939608,0.3929738549482368,-0.8615710579669864,-1.060362929468123,-0.3977860701886692
1,-0.8597163684258213,0.2802845748942809,2.194855509015984,1.302228302012394,0.2126744484924468,0.4242583983249973,2.0454535313796423,-1.220897724419636,0.8912989331113329,1.0701328273154551,-0.9789522068725072,-0.8198656833488702
0,3.2768416397611677,-1.94443741839976,0.8730100786164937,2.7297967481246586,0.4860272430600215,-1.7685695608508865,0.1973520565524761,0.8088519439779328,1.6468427719120105,-0.536259270227599,-1.0363000808639566,-0.3936906574265688
1,-3.612407876093354,-1.4543333711306852,-0.8995607749460722,0.8785708162702657,0.7332731451643466,0.6511141564339755,0.2245956027256916,1.5952408178100768,1.2638641935710972,-0.9257148189761892,-0.1985074731250876,1.502786889019241
1,-0.1882376597131941,0.4694630216745332,-2.365986078175353,-0.3420167217784359,-0.7934204943981233,-1.1264072403579914,-0.0221391094671234,1.1176406087152595,0.8713209251935098,-0.820687702359165,-0.8777598049705816,0.5468746134669871
1,-1.7953561514874825,-1.347090190208944,1.81658936091652,-1.5633644165773677,-0.4820744562283949,-3.66154480559264,1.8717884080456089,0.0139251336438554,1.525225074298816,-0.7877170614567364,2.016843236659389,-1.1808061957502336
1,-1.890451711523968,-0.5243432161290825,0.7702680557985223,0.4743373264676135,0.1134904361899816,-0.1083699575075068,0.232456993182652,0.6086727621529033,2.121245859337181,-0.1585688914313655,0.2616230674093421,0.4980234996893846
1,-1.948555040191808,-3.4800630978763576,-0.4968363710933754,0.3746389590042969,-0.4230142973010765,1.9492238036710936,0.0453122148386043,0.909353721630055,-0.3074130518279073,0.4582079607696138,0.0056563007068661,-1.1432615830991646
1,-0.3071574343209239,1.5333727912009183,-0.1599991787472285,1.201981173509867,0.8691150410213072,-0.1605608479645489,-1.910449871453481,0.3022556813885331,-0.1223167041501212,-0.8299613030004304,4.430478932793484,-0.7385045966699235
1,0.8138341891042294,1.737917530548866,-2.0598866538855405,-3.0469214630930024,0.7560699756863876,-0.2678899882668233,0.3727795867955727,-0.2650011144136757,0.8378898906040073,-1.5580746760816837,-1.1619338384443385,-0.0207819954392905
1,1.963153099095788,-1.3104669272624323,2.977931702901633,-1.9670092068174885,0.705026637695993,-3.898357324536084,0.1903025369869468,1.0522025317427768,-0.4390424539454605,-1.729394371446583,-1.0052630740651656,-1.2104355131367417
0,-0.7143020870741706,-2.0510615532117806,-1.155481179600061,-0.0012834550179782,0.2791294367139459,1.6813845805019676,1.029342973205521,0.5498978739598003,-0.4143238589227707,0.1598800730558655,-0.7391183859751885,-1.7102802325653432
1,2.171430536812347,2.6122825303329567,-0.5531383995283778,-1.8184938578899004,2.3130031120463608,-1.3570885229634768,-1.0684012833883203,-2.1653652281688016,-0.7004161967815523,-0.3854981948676426,0.460021528630564,0.8828543547789653
1,0.3779906011482893,0.8215804874279681,-2.9692875902839937,-1.4892309202252554,-0.587459994018603,0.8135986801060551,1.7718400388713909,-1.2916365185757968,-0.0458295305961477,1.2833419997470386,-1.779058675332435,-0.5616849332925039
1,1.8165100530136264,1.750103142118118,-1.069431836196514,-1.1074401411360109,-1.1328484356461133,0.7261408492859445,0.4310226632043903,-0.2917078596392038,0.7940147965708657,0.5555030447861725,0.2016126327482708,-1.7472296059333283
0,-0.9828562619328852,-2.257538436242069,-3.1414483662912627,0.0713617943976691,-0.6377149172551118,-0.7238083678064133,-1.3166960463428876,-0.653545961225153,-1.8504153837888124,1.3613213818940966,-0.5704469584560575,-0.1774683355017993
0,-2.2831937566402845,-1.7002245996546874,-0.5333521361961336,1.604682002534891,1.330105211998989,0.7295723726400816,1.0622463242516529,0.4758294276082205,1.0852514831135458,-1.6256667665333755,1.2887042202648475,0.3800746752607227
0,-1.8221385275111948,-0.0322576179346204,0.8121656542424543,-0.1380524191823853,0.4390804804983759,0.2943244802569617,-0.4289452669079217,1.0189400487384708,2.734706425613677,-0.1221215801630421,0.0541539226925888,-0.0811838512319963
1,1.6718247109473243,0.8865231223976902,-0.2645064748338495,0.5293102756711072,-2.0357680624257037,1.7256452153611763,-3.2119758578590383,2.3783861802553545,0.162700722927423,-2.393999285771725,3.742344045139135,-1.3171599463596817
0,-1.9325360982514583,1.0288456293311834,-1.3888268363416378,-0.5411770668974755,0.5499681263583971,-0.5868986447197522,0.9361152197194677,0.8025087330446854,-0.2249016028060008,1.8376232205993173,-1.3468092222639456,1.2379543829250907
0,-1.6740370269469107,-3.509344533748721,-0.3798861755355793,1.2640845120582511,0.8665572239281757,1.6471206664855988,3.224842102344581,-2.5703937413775635,0.3114810551133768,-0.8235334241345854,1.1388725402583784,-0.9296774366280648
1,0.0285217933629119,0.956409181804172,-2.247239993000389,0.9799530898983966,0.309883948329991,-1.846295587624588,-1.4930521748566483,-1.031524475876727,0.9782594686898688,-0.2702872786261504,-0.5484578373029624,0.9211226105100292
1,-0.6759384159079102,0.2403696951956052,-0.9082499716876316,-2.186456748396875,2.101876242019981,-1.4417472398542968,-0.6006372723325506,0.1107872893100977,0.9569993428862512,-1.3502109171804462,-0.8941235899346759,2.172777639289029
1,-1.175583909500916,0.6069169761752676,0.3305007230950845,-0.985522552886074,0.3757378456701233,0.4008744765363406,-2.595450155223576,-0.2911751131855326,0.3498599985415298,2.571862914827633,2.1039805371472573,-1.6202623099850155
1,1.4913700984876836,1.9445333821025,0.5241273763138393,0.811556547642602,0.2021744624311489,-0.1263903441737336,2.9076202468940084,0.7670951763643968,0.9808689102269093,-1.7553105865482992,0.2839343741488045,-0.1683537649160653
1,-2.7783030723585203,0.1970736161961846,0.2163757166168275,-0.9258836112558028,-0.0281011910377403,1.6242003762639192,0.1240315240998099,1.0465182450664543,-0.3360806573702891,2.482773682073227,-0.8298947636418504,-0.7229772776122834
1,-1.7749370306785448,-0.5793472234193269,-0.5401796920700436,-0.5829457108103587,0.0761268170164152,-0.2060955147785735,-0.1186631526743994,0.0023442133885081,2.0185636005781147,0.1347749920814933,1.9412602809574309,0.9833714193683984
1,0.833905008550989,-1.413158265773789,-0.6809245269944291,2.8466434591420517,0.0195601652389921,0.5229110349938618,1.3884299384947183,-0.5731999215259288,-1.4641706101419414,-2.4115036538148567,0.9455018335460068,-1.6851536314157765
1,-1.3989925881714589,1.4413643686072295,-1.6292962364905883,0.6646443007665718,0.3282586590542425,1.25656182097207,1.1333173970268244,-2.0129985486914497,-0.8685472157049577,-0.5507046318316665,1.789091107763026,-0.2272061157206649
1,0.2926914876063526,2.8929184659343323,-0.1970570514480155,1.4735668903357535,-0.7159225208012168,-0.0485188161929449,-0.675436957429517,0.4980762425916192,-0.5335574869559057,-0.2686563873605686,-1.5358480666332337,-0.1608791549960907
0,2.0333260337160173,-0.0126116893308793,0.3378120219244197,-1.125923127525016,-1.9447183300052129,2.337918671181176,-0.1749013930707482,2.264206270245101,0.8578501377937463,0.4360846022276494,1.9104526468660097,0.0975915786041957
1,0.245472727371837,1.1680858382227073,-1.653384073669516,0.3283241738256493,-0.6858498737939089,-1.4371565975333391,-0.2008248321478268,1.2988141966055318,0.8005514498702966,-0.5383107392724372,-1.6684047019820798,-0.009335862629975
1,2.5374963649292703,-2.274370925785624,1.9948113793905489,2.346103906576296,-0.729680348879246,-2.9563164807072506,0.6369166949408555,1.9932806647665888,-2.1120733097929314,-0.1759214801354292,-0.2473498658783489,0.8684580489891511
1,-3.097030490485761,0.0784423741355094,4.000264225059573,1.1868625672684967,-3.667831123729954,0.2935188105719251,-3.715741969202604,-3.8771372670848567,0.5422292454770321,0.210050706732382,-2.118294671917341,-0.4993687162812729
1,-2.1975634721485395,-1.5333347898688428,1.5663353635573027,0.4508958083172795,-0.7814186691445829,-3.0484838317968395,0.8047375481833472,-0.487688176661752,-1.0140042051890794,-0.0605137834002519,0.7301874768637272,-1.4554766332369955
1,0.3148617192844227,2.294391986750821,0.5023190632680086,1.2720759527126435,0.930197783929556,-0.7643664842293578,1.3180850692138577,0.4947382541347032,0.0344647609207581,0.7251731833221603,-0.4628889783173992,1.1210086546442033
0,4.67554882879153,-2.571875786732347,0.2595986457273401,-0.1891306738144584,-0.0816182684024346,1.5749892916616923,1.2216103777687752,-0.4680319471832443,-0.2051743274556935,2.7909359002962093,-1.1261611507760774,-1.2057225118623802
1,-2.114444744363475,1.755758474577334,-1.2742705757317343,0.6300529197581558,-0.0611664013896009,0.7060836224047369,0.4966807112757001,-1.206141974421144,-1.5249490770597571,0.7004210345621381,0.5336602056510876,0.76611544331668
1,-0.6285032376152679,1.2442426502493744,-0.4317442432341864,1.253934140428578,0.8539727028128726,-1.5805928359107548,-1.8027686780658847,0.6941963344999031,-0.0158989452437754,-0.4385961244535037,2.604491324300924,0.3927471232714631
1,-2.3662950479152816,0.7431523011567446,6.347835399950384,0.8646375475037039,-3.249303364561822,1.3585414472353088,0.0830662709157881,-3.375413257499473,1.5981489739752703,-0.0598191709188771,-2.592848670423763,-0.8051515915958388
0,-1.7575044442534806,-0.8914437854711692,-1.8061045945286625,0.5719008669518134,0.0138284558803788,-1.036131184235234,-0.2540039764378879,-0.8728936276616007,0.8118680020926607,-0.693531075541878,0.1130280200520666,0.3991562778035381
0,1.9324139163851184,-4.506525923128733,0.0473340431618489,-1.371195958590612,-2.561546035976523,-2.4037235724808275,-0.2457829722491826,0.1427153216967356,-1.8806581632994568,0.8909340639940009,2.1309804219927524,-0.6008717313996857
1,-0.3355767753590372,2.26335038704624,-0.0592716815269258,0.6899519219129208,0.2964127778502123,-0.0271938256348279,2.5570381160008826,-0.5988392659667682,0.6200828958066233,-1.0116287128510768,2.005508632457189,0.0534263814904245
1,-3.2289150990588698,-0.3679260816324268,1.958362969034712,-1.6962143235268103,0.0727248536900183,-2.6797200346009693,-0.9266951527919008,3.526774273622987,-1.8514031090924408,2.1547832717350723,0.3795581443600431,-1.7304055519641377
1,0.7690188331398209,2.072875903186046,-0.3834216639416428,0.8284209872132512,-0.827495494195756,1.340525361265388,0.2373492555666914,-0.3721326133630666,-0.4057558982107935,0.1293157807273543,-0.3561385727727209,1.0044315389556315
0,-2.351629148179561,-1.707582472141161,-0.6680083055875116,0.2534488655840855,0.1170434603197091,0.6062742879200183,0.9617328956590344,0.1063220261462817,1.6875828501920849,-1.2421033011583602,1.4254717690082506,1.0397019049775695
1,3.062351419219893,-1.9529075820832875,1.9137087006384423,2.55415882708836,1.4413560789704098,-2.109074254787473,-0.0341423068398833,-0.4851306598026142,2.668888829926376,0.4982480308112332,-0.033800185727251,0.0664338594421414
1,-1.5309312552297238,0.8617636028216783,-0.3112998895887141,1.321047255933065,0.6211542401194363,-0.3549981690920702,-1.887045688570964,1.2684522721021068,0.0218952853276936,0.906998545843997,-0.2944604211622549,0.7994294043836533
0,1.0547529536662397,1.0912492232195905,1.3305065818423245,-1.0997297915091395,3.012690170469906,-0.2860277748721164,-0.8213946356534293,-1.2449111503966852,-1.4652718214359672,0.8640547107355087,0.8171360085614077,1.4968665687740697
0,-2.0561644845678866,-3.1697868399128306,-0.1703109630147146,2.1524234557998088,0.6860300834150727,0.7351907107798203,1.2505419188271791,-0.7569264037693476,0.3022443669348064,-1.2572396176296288,1.168919868031732,-0.2018904720615596
0,-2.0582722433846143,0.6255427979110157,2.0758726281225965,-0.3192420369408456,-0.8145234561114044,-2.4198197194604387,-1.8363886287274112,0.705605969410115,-0.9213306540833038,-0.3532481893758568,2.6070242942799897,-1.7724963341674376
1,0.838065269841595,1.7704146630784867,-1.7474649293246076,0.4748447834002732,-1.007812794285866,-0.1375839815416552,-0.3412718390797278,-0.2217550676251067,0.5089748434815698,-0.5252538139752595,-1.933166132623848,1.0779417608754691
0,2.446169989731131,-0.9272177449427382,0.5133218655747899,-2.419249202427976,-2.0903665219595555,2.2107913589955324,-2.1821878241141657,0.0408360611459861,0.0899284394458716,0.3116762656146263,2.760568472105258,0.8156824480690901
1,-2.481732983894529,0.4856695241813843,-1.5762030681396164,0.2112862262386082,0.3149052075878358,-1.29352084467663,-0.2321447368932913,0.781199639043163,0.6855554862273924,0.0368264656788839,-0.6399569549073476,0.0345477893867394
1,3.348363260868101,0.5219538206577897,-2.151336703892804,-0.5086924520200505,-2.0742172196838795,-0.8235345675013874,-2.001436022001266,0.4915191279929442,0.4458450920260586,-0.4393104113468267,0.5094685493529914,-0.3584140142313414
0,-1.9482109108798813,0.192855262867084,0.5180677182908461,0.2737675653434717,0.1918749981749784,-0.8859263421105776,0.3015851716914351,0.6385312833430823,2.1906824710586204,-0.2304560329965489,0.506647245249778,0.4793181900061035
1,3.778875694727156,-2.102117088276964,-0.2543781944310698,0.9202212489612424,-1.3047294671549243,-0.8783727722469661,-1.013801890265528,0.6973399999761124,1.7964220625574905,0.6239136051152715,-2.2177705536890624,-1.086324753061223
1,0.2310621722314965,-1.3177596807782666,-1.111288246879493,0.5652805110675662,-0.5965922486709287,-0.1901236823640289,0.5637839271120632,-0.9813321708829514,0.7224615253194252,-0.6327922326474441,0.1448060303723526,-1.7015508434165292
1,-2.4529491175306477,-1.335630604014966,0.9761097432721296,-0.4653191292697661,0.0488647633849596,-2.609769092810628,1.898275459875004,0.386107153805457,-3.430569563066338,3.291640764220344,-0.6588564694207699,-0.830541068865964
1,-0.7721905472585103,1.116604961296846,-0.5976993146050907,0.8726546472171439,-0.3451634788205848,-0.4388393272231779,-1.7205470250820474,-0.4413078266674449,1.1181316365677236,-1.167202787080909,2.3302855107923723,0.8897001844172957
1,-2.688019846998179,1.123184183109028,3.728496301152037,1.0354148885698975,-3.3987227393474755,1.1034088610548567,1.7411879912857449,-3.226728775278124,0.6864269492966558,-2.3366270372230744,-0.3607713124192598,2.0651665022239034
1,-2.6448489994174884,1.2711872998248146,6.201049412412803,0.3066037048284088,-3.3907929680373003,1.7259640324696894,-0.6589131504742193,-2.2641702284524325,2.249409474188182,-0.9867908945732312,-1.2421452429935274,0.1828984213200069
0,0.4198992417153274,-1.5434604337878866,-1.551832017160332,1.561025971551532,-0.9519789030282794,1.5838379030516223,3.360945116624856,-1.6889411118131468,-1.7780094404877402,-1.2761370365008284,0.4050869875705962,-1.531573405411592
1,0.2904650886510285,0.5194386321926765,-0.1513524056421981,0.7646303095842023,-0.7399591947974208,-0.5881507364714339,-0.9123710157426276,0.2595161937398572,1.0528318429169232,-1.533331229016235,1.886513956384549,0.018377338391552
1,2.172868795197508,1.8900869248497536,1.3522137262884226,3.804321723964886,1.8829658818749584,-1.3985065427373669,-0.3723306264161778,0.0357377340582466,-1.1624661468897128,0.7574728515166791,-0.0539861316620165,1.0062178133635604
1,2.827316994791549,0.8914544341354723,2.057573188517824,2.9975808066882785,1.5596946893740364,-0.7383138290665427,1.5273975586930355,-0.0908749654219699,0.3750564668074127,2.516325624325852,-0.0566010396591038,1.0770685274660063
0,-2.856379741347132,-1.001003821457584,-0.7476088069541095,0.2214603523063696,0.4164536232675057,-0.6533541649676499,0.5523658286984421,0.968282241892304,0.9564277701149192,0.4203074599458156,-1.3039682164363418,0.2669720980331711
0,2.9458506472513326,-1.701435445508001,2.060532952325341,1.0343365534235258,2.0000031947539614,-1.1287627840468597,2.563614784695301,-2.2086976517450028,3.078215974918619,1.7316224860738547,-0.51442779551619,-0.1197176741789683
1,-0.6034234170022147,-0.1955850505197172,-2.702380745607247,0.9594394440746472,-0.2385692617400129,-0.7008500079452595,-1.0812412711887347,-1.656471308504141,-0.7209516558624423,0.0319434140028683,1.1077315425553522,0.9642479285938506
1,-3.394682698493805,-1.0191066917971188,2.1888748097655424,-1.4870072097719251,0.2710147318315423,-2.198749872688883,-0.6434020321461846,2.539871106499001,-1.5028307918205714,2.0784942600009586,0.3570611825919156,-2.1024204728967995
1,0.1288414834057367,-0.6948680187875469,-1.4596115467372517,-0.7194791053212659,-0.3614719439805537,-0.541332163896398,0.5295081890895865,-0.8471500318127017,1.3698062178793915,1.0432861112009195,0.7529067798412309,0.9647890463236666
1,-1.016388458741342,1.235858214009036,-1.7095219558697374,1.4171115087403765,0.9455594819621788,0.4270257986027084,0.1205555075078028,-1.150513294342858,-1.0987919729315685,0.6769803275495966,-0.2573838588247262,1.3960382784519223
1,-1.384458284169939,3.345410723219778,1.823546035240446,-0.2209118360848659,0.1100816009507003,0.9374272372329624,0.1282960927380374,1.0514231514634291,0.4731355930177698,1.201458772097984,0.1832554837006727,-1.204652149400565
0,-1.3147635601995735,-2.04298102502001,-1.333788889459786,1.2035295000749673,0.9374379807722524,-1.149563316283243,1.1503359607705623,-0.024575390724833,1.0195868184137886,0.2729513972710067,-1.3957841131599331,-0.066232190068576
1,-0.7600393640804891,-0.0847289803720549,1.962815914727729,0.1281038501181128,-0.6191548299925768,1.210662506785929,-0.8910218728582896,1.97037025115708,2.077311742484804,-0.7080546348148538,0.1732438538389856,-2.0144048580241187
1,-0.174411841981034,0.4877241579218488,-0.824610988615653,-0.7907044517154356,0.7644420760650577,-0.9609285090025088,0.3531979047324741,-0.6974695693186295,2.083918471285137,1.1730021568117508,1.0261522223567805,1.0012502214382577
0,-0.2292069436805583,-2.008893452664942,-1.975024243943003,1.0937215668180449,-0.8972811683407969,0.5552029695121259,-0.4837710031732989,-1.7397547886279157,-1.9414800478759235,1.2374788182155485,-0.5104419415075959,-0.2105674275978521
1,-1.041822942277845,-0.1663513349733187,-0.4293120578462575,1.7277825922485188,0.5308880201246577,-0.0779080383492361,0.2931332913112224,-0.8222118627103061,-0.8095477801419729,1.7325279669052782,-2.169560752724293,-1.9235263654447436
1,-0.7955226791965416,0.7229227611111725,-2.683678271082531,0.2107214184065604,-0.911697736831967,-1.3845974113834525,-1.4121890368894474,0.1108220586844783,-1.0473787739760485,-0.4467114434071607,0.8440329145208222,-0.5363062738297754
1,-0.9019352113113888,1.4744506518968297,-2.0487554994843493,0.3950646415397497,0.2619498060072832,-1.3515452775564525,-1.0283288025879769,-0.2836867776234355,0.1209723022730864,-0.2557780984001396,0.7824188106095437,1.4775948802489758
0,-1.2505517201872938,-1.2265753882119057,-0.975514925758098,1.3344196083542457,0.6997584765492607,1.6324272344071478,1.7163091868869331,-0.724825483975582,0.5195075956029271,0.5509111119370348,-1.4478464279624554,1.1100301751892945
1,1.4036289223734926,-0.9118069125070664,0.2187972967732432,0.949515569249832,-2.4310388414271022,2.4523136385327144,-1.5142627683148269,2.976669198171867,-0.069370069808614,-2.256703756760868,2.198342960329588,0.6754732963709631
1,0.4389629274196515,-0.0049032089691887,-0.9174706409037964,0.7016303598872422,-0.4376828329987848,0.9322437275984008,2.2330682013418826,0.56655059299843,-0.8419241354967615,-1.1272469568724288,1.3050361048854395,-0.5340878862908424
0,4.0715179068274265,-2.750827929132497,2.741043488420971,-0.0621220046984888,2.3031144090205204,-0.6986809033311685,-0.9246306178782412,0.4670999387546921,1.644645586274982,-0.7910053572919629,-0.599777980343269,0.6705566179131821
1,-2.328835214245386,-1.4881621392999107,0.1670947775762249,-2.091208260224505,1.5146393694161968,2.919899983288298,-0.5374358842592493,0.6031054684182457,1.537396094012126,-2.365987142155439,0.6383500124069051,-0.1939723588388683
0,-3.3354533343594683,-2.286917539725964,-0.9808417273431568,0.4216062546127236,0.1854489435789536,-0.124930751323677,-0.4417347988548098,0.2719224770799158,-0.7486371257794615,1.972574075483349,-1.2931491172632912,-0.5403300317771773
1,4.139206617929621,0.7822435921989951,1.355673977139655,2.3728607741073247,0.8481595551223376,-0.5572011826891974,0.5842086633439174,0.2624077790306272,0.5674123378894532,1.082500010512162,-1.0517058684902032,-0.1495151939486621
0,0.2238323819128822,-0.0557620780770484,-0.3782009676655595,1.2074769755137356,0.481925320056346,-1.5556232654514148,-0.0473503832568262,-0.6250216161344893,1.5551247530520635,-2.092524348929741,3.179832870033429,-0.070929329499489
0,-2.225320977276641,0.1925979865818525,1.3155813553129132,-0.7143353048752737,0.2200910588505898,0.5822891813241436,-1.026340038222029,1.0057478324147169,3.144909006827056,0.5304870951310106,-0.5439661462389457,-1.1685370072762855
1,-0.0725029128373064,3.393644728421263,2.775632411912349,1.320773024784823,0.5060082207974202,1.49132815917149,0.2354552308978804,1.666185381992726,0.0521683893669041,0.7015740926551453,0.3693225531270936,-0.86823967354885
0,1.2124056183315437,-0.1779972127691665,2.570338309827404,0.8310419833070699,0.8606839902436844,0.6301659295269184,0.9890066635369874,0.3584927147781298,2.0778163806344785,2.052805333507382,0.2757253110012318,1.268316720064689
1,0.1260222249788923,1.1015989135353703,-1.5103721678345114,0.8277751263260101,-0.8334043430589502,0.6466887659054431,1.535537428261543,0.3385124908370778,-0.6356200815077491,-0.505451428299225,-1.602425016866464,0.609802806998722
1,-0.638405223504228,1.2432948594258155,-0.5510600473704317,-2.0080357302153238,2.0044017848655056,-1.5261879185288925,-0.9465433645539126,-0.3368951606171825,0.754656103532272,-1.5236987459083493,-0.5599854665955051,1.296182368999273
0,-2.113900751669032,-0.8008317652804039,1.929927884810949,-2.0527338578166887,3.705455517969322,1.4184009303880745,-0.7355487401848295,1.0120448284763837,-1.1349500716769094,-1.3124742152223037,-1.6035194844079328,-0.4252923571266201
1,4.764646514496538,0.3204235072945699,-0.6647299772378236,1.5487610662708975,-1.170540639451091,-1.4271341300185971,0.1662700136049601,-2.0964686263695187,-0.2454324630800193,0.9444842393003892,-0.1574045702514168,0.0152031348092946
1,-1.3054187741267962,2.391723903005543,-0.346115155557837,1.8741322875263509,0.1359080047803549,0.6514530247543469,0.5629265414295223,-0.4341087061024553,-2.050788621436409,1.3530692685085275,1.277287130336528,0.6152417979471365
1,0.343117582853842,2.1328096990563687,2.364718952370941,-1.0774757451936643,3.5853070133592047,0.8912294101056205,-3.342419523215268,-0.1614904688125088,-1.193451008206014,-2.659228868552216,0.8495754302060772,-0.4088199489170581
0,-1.244973795211349,-1.058144397341169,0.0617291613062619,-2.518613765439325,-2.0896182427548013,-3.86523398007656,1.757424117690655,1.6865327057999138,-1.360232800827474,0.9596305948860756,-0.5724794399092954,-1.369180866035105
1,-1.1042030623419556,0.9928297325308356,-0.9295654669799096,-0.50343071021977,0.0545231816861364,0.3076809361119992,-0.3195521605168602,-1.1628996734894896,0.1175475326426356,1.4638057898196155,1.5692497341002956,2.231053975620904
1,1.2007196203815853,-0.5277635972426348,-0.4756157319847127,0.3535337381522546,-0.915709696230076,1.8215885049369624,0.1479883677320179,2.2201244365249013,-0.2435785896351626,-0.7610436528568739,1.269851305805061,-1.1778300741846268
0,-1.7634685281425897,-0.2337572021143791,-1.4623260920780266,-2.8578597905646004,1.926841046396432,-0.4195886680685396,-0.5992226097263599,0.3231655762091299,1.1898254487704063,-0.5360745425509105,-0.4610586273515786,1.7123919066691893
0,-1.162514197397412,-0.5533070876448835,-1.49397739214017,-0.6417120289776357,0.4780282666453096,1.5278530914405124,0.5160586075885,-2.501502019653339,-0.7501298468028004,2.190080138393929,1.2534323557354463,1.923654267989616
0,1.0549828686835578,0.3045316440170436,-0.8746750810487337,-1.333793958236812,0.2200497721866254,1.4461673033372895,0.0477690383050721,-2.9836649557757458,-1.863730774661949,-1.6377491400194395,-0.432749206101857,-0.2559419099143075
0,0.1221542877897352,-0.6902626475249789,0.4554485333511217,-2.3966361189145373,3.1839678935166185,-0.3548698648464942,1.11281997040344,-1.402795369181387,0.4457189752818752,-2.9533281051953257,0.3995765902665162,1.414588338381299
0,-1.6848731938823711,0.752610959774178,1.24915088640918,-0.8259658738672829,0.1810406819602039,2.0270897044325187,1.1561596767315674,0.5624047431214806,0.629087602241831,1.4852909860933503,1.0761921570608377,-0.9691526355589772
1,4.772104105355675,-1.2149381037556002,1.841792124586008,1.517427321463161,2.178198428021482,-1.9460550814832784,-2.1494157596617303,-0.4688797017664751,0.2362647048489004,-2.219405180165518,-0.5931959200916497,-0.2666952966105721
0,-1.024909625928602,-2.072652313516044,3.1605812088883427,-2.981975832067172,3.1137933137834186,-2.361622136573796,0.4378994838362023,0.0931786872537468,-2.844194350603173,-1.4788250438566883,0.4415077295991011,-1.1156975727777454
1,-2.1741226155978604,-0.3714384169992782,-0.527055797873003,-1.9080142292506428,2.3908898465294417,1.5592032378137333,0.1723287756169254,-0.2548027260103669,-0.3188005000076361,-1.2686917667470552,-0.4684751307223222,1.3906596393326651
0,3.7888977334938447,-2.3538195066428917,-0.2229795842182207,1.1647837187578889,-1.0022938886909585,-1.772241126230122,-1.8600988001661152,-1.5208263151081294,0.9770079020444736,1.8774161126549307,-0.3387859199913912,0.0051391542843575
1,2.8106430009262486,0.8851366757923473,-0.7749252141048277,-4.099876302414388,0.104132710411639,1.2176420481518393,-1.2402270454053594,-1.165416605316436,-0.5275538424551078,-0.032889902915514,0.6422663285490022,-1.6992956558145105
1,-0.022136391735038,-0.9770343982277409,-2.386724464458246,0.0535196652225554,-0.2967700679883223,0.4037354162525043,0.4379505975009919,-2.0628536343239348,-2.461275542510089,1.5501873330372649,1.5394797047174276,-1.2047413760448658
0,-1.5787676280599263,-0.556438855534135,-0.7094576545684722,0.2638891322817807,-0.2420619146677391,0.114665215935935,0.7852587313848516,0.1909637470271253,2.1160021069264587,-0.5021189968289845,0.2736734856551213,1.1729068804329
1,-0.1384381911114218,3.088831054627426,-1.1122246550401895,0.9957711681782232,0.4405997808074458,-0.7767941495673139,0.0597490677443456,-0.430830349620676,-0.7541078966332588,0.0700706199428192,-0.1804852287277611,1.372084655044789
1,1.4213241353350232,1.3632591876918456,-2.16253150426208,-1.1957875181852458,-0.8699882432891866,-2.081262958822933,-1.1275639719712407,-0.2353662426890193,0.4732802178536412,0.472896731673162,1.2361675552658395,0.4571373631252677
0,-0.1807003976909167,-1.3908760546730778,-2.688139761526818,-0.7365560767949552,-0.6624699441664884,-1.239757688825284,1.14182196560154,0.747867104918542,1.0662659899569502,-0.4186798249971781,-1.5065077494478096,0.4976586524049908
0,-1.4227972973997849,-3.480129570423589,-0.0798998240081626,1.2283387090534583,-0.1853378003992387,1.6916224793369137,0.828146693112615,0.9426427890783324,-0.1907362239247376,-1.106370484937797,-0.3019339170130223,-2.956744373312905
1,-0.4027427739618104,1.2691667588767686,0.1861883285492524,-1.196518460740344,-1.1138535103580358,-3.658207440618042,2.3401682179185785,0.5816258159212688,-1.4904697442218915,0.4312327623121072,1.3081169181003571,1.8808914053638468
1,2.171024794993613,-2.7389066943353053,-1.8085148816450247,1.711590193435229,-3.01589230796197,1.8556764530075052,-1.5508797361542548,0.203471761293107,-1.9224088129166397,-1.4681080503944968,1.3385973135752245,-1.070160145930208
1,-2.2961425197407053,-1.1399029082991567,0.0738139506435451,-0.2506463425880076,0.839730087708748,1.306024383872537,0.2550926875572368,0.3819108094126353,1.5195167410129264,-0.163628422818957,0.9196443288242918,-1.7453694186855588
1,-0.9394117297136396,1.0737243237534138,0.2866103101992481,-0.1544945128581249,1.1468854785379492,-0.1548587299916599,-0.6556189449238817,1.832422206390013,0.6660215745794897,1.0097567038744142,0.8617033723838161,-0.0988168461196301
1,-1.101696977802308,-0.0298380681818223,0.691493527198965,-1.9988765764646343,0.522094840283178,-1.178533008676176,3.237140200139513,-0.672861869461099,-3.7259723022416287,-1.924840576584236,0.7458686258194459,1.8842250138410968
1,-2.733080733283756,-0.6256018736698552,-1.2978238124921424,-0.4301606784083512,0.0650420447631857,-0.4212670647725147,-0.2083747441377113,0.8821174417822137,0.007704975191383,1.3391128538713686,0.0138196399701508,0.5695211697814054
1,0.6042753931390409,1.783798238449139,-2.31147385792051,1.1516012728326777,-0.5813167636953369,0.6739715453171604,0.6861571977238531,-0.6677348253902579,-1.5584580746661614,-0.4023952622553216,-1.0438689327525998,0.5420694003342745
0,-0.5957738960409004,0.3702406710144933,-0.8720544962231987,-0.2954672558125006,0.0841754288162448,1.2062257857453036,2.075445857898703,-0.4171676139912792,0.3158462919598579,1.4323981581917726,0.4271930118334802,1.621302636777724
1,-2.3573476430758094,0.4816932845674106,-0.8061284574541479,-0.1521478143431163,0.5424513734299485,1.8193755271160004,-1.2980338824640354,1.3947249464715523,0.1935904509713343,-0.0432751197958065,1.257913113878364,-1.3194048140205807
0,-0.8196941228807916,1.174455678526272,3.521242113832749,-2.532018545241251,1.4264895000758877,-2.1250760127603754,1.428745692558434,0.7056443255812364,-2.885873671394123,0.4220806929646626,0.3516779234054185,0.3105773617487387
1,-0.4289781415650876,1.239970562487236,3.445782935298009,-2.209532831471037,1.4976508655591,2.6925219072907622,-0.5024910146751481,-0.1332158319212908,-0.1568639099673686,0.7124292608950319,0.2603870729552985,-0.6047095923874382
1,-2.840743394139276,-1.6483627942179913,-0.8968945721449458,2.0441701265043317,0.6161560785196596,0.0966454546683366,0.6848485671050271,-0.1978956241775282,-0.400140744268038,-0.228929919807705,-1.4700338364331182,-1.016080506668816
0,-0.5726609297582749,-2.523976167697161,0.9716100662951008,0.4285780497545737,0.965844684690204,0.4182840124258163,-0.8340224598663198,0.2755082605989446,1.3364132402165394,3.038847540128069,1.1501665291877787,-0.6128907594438774
1,3.543279990885361,-1.2828520637141316,0.5169811013140614,3.336789289153898,-0.6339521106611984,0.4797329040074844,-2.5471609840819105,1.658331822205997,-0.9525823138787128,-0.730101300227001,-0.534150699575255,-0.2808144511631728
0,-2.158788705772237,-3.3848680594335936,0.4134736411938841,0.2238213242597254,2.218654908075788,0.5060659346113503,0.946440416178584,-1.285003995702163,-0.7762815314121952,-1.6943914083378109,-1.790340807898424,-0.9384067707647464
1,-1.001251611546124,0.3529261697848495,2.247737927540632,1.3900570111427817,0.2782630293890406,0.4760531043598462,2.017366670686552,-1.128215143532171,0.8515797490769216,1.009981497234178,-1.0069768033727065,-0.8110124893478845
1,-3.2118812987082683,-1.2299057777971505,2.173695035141934,-1.799897876140515,-0.1834790017272159,-2.390760517435883,1.1178439836950032,1.598718875104367,1.217832672173741,-0.891980928713148,2.1112009250127857,-1.977853130847875
0,-1.78476413166349,-0.5873421873172593,-0.0332491020584909,0.0779226530427583,-0.4899892634707835,0.6879488429584121,-1.0417391071019249,2.954765019927312,1.3430403221556937,-0.2220754656609633,-1.6532036937869972,-1.4764130516556846
0,0.0977985319010985,1.739624705568464,1.4395739915427974,1.2358613172449575,0.8219715408411002,0.2781820623930235,2.989378260113963,0.4198699341112594,1.241113830475162,-1.5225322586450207,1.9862626621569808,0.1299286059875805
1,-0.2416897752501914,2.34953666845952,1.387297543881148,0.2959390916184902,-0.2494684188932368,2.279285355994946,2.584015866534054,2.349484059654319,-1.4719090745819905,0.3941505004210797,-0.3792758498020583,-1.557828536133683
1,0.9651859074188937,-0.645360475744638,-1.7772507434068237,1.0319247463091366,-0.4383528799618807,0.8235077456064599,0.1214493361865149,-1.7715389227283775,-2.034779222508427,1.2815412580581886,-0.3412856566343657,-0.5903879286284015
1,-0.8909041620947924,0.9434498036909588,0.5964772174396935,-0.714201434958974,2.4546929717869723,1.6675009145963746,-2.557884671937795,-0.0793685386509261,-2.0780081620890503,-0.7702657318979391,-0.6570410950265957,-1.4095632579873387
0,-0.8961087248311287,-2.9142027989846286,-0.3874998932288447,0.6192691908948349,-0.8600721220208499,1.621514993219735,-0.3726313195001318,-0.0904326174251444,-0.3871876679832857,0.3138507434989691,0.2339235233654602,-2.584374584174094
0,3.836721312897689,-0.1934970625400882,0.5660885845102573,-4.146170759115654,0.6817056743090786,0.4875610971521583,-1.5276546922316252,1.4821459768720875,-1.1910267717374388,-3.666416317826573,-0.166092820243983,1.2636394279247989
0,-1.953836669657132,-1.115449070373391,0.6870109018286567,-3.19254826591632,2.1825290270742768,3.5468338386783795,-2.489470607792413,-1.3428637385246265,-1.0279204561336812,-0.709589613315345,2.0567703056472517,0.4754748133308283
0,-1.3492279064475614,-2.056822685375808,-0.6357316033855924,1.8155953374664529,0.6169397863091597,0.1827846331054196,1.788242150208727,-1.0369093347020786,-0.1112094555687012,-0.4290704432465227,0.2332085718827546,0.4880061788767428
0,0.834972473953014,0.920057767019814,0.5004559614197118,-2.5526461267996554,-0.5642135993730967,1.844844212783557,1.3110647110553246,-0.9071155195736338,0.6600848795578148,3.421161095100039,-0.9018150037257024,-2.8828605545715886
0,-0.0511601604178853,2.0845881559908146,0.9268784937091438,-1.3560068236988732,1.1546136982516175,0.6903300317247725,1.2301635606064496,-1.59659114153142,-0.3089107816671095,-1.6013290909968787,0.8140628170075879,0.925770329484124
1,1.7116217336718722,-0.5667635119327444,0.1437688809547299,0.4474659123096111,1.3226740330820037,-0.762627542205993,0.3394463687589256,-1.987682650717211,1.8959199740188488,2.990474244081329,-1.58223062188844,-0.2912424129951867
1,-3.729316602906366,-1.600671599494354,0.7317377458197716,-1.4214659500470834,-0.5002763871281993,-2.2369928529986027,0.3324849816841567,2.1899275792912385,-1.9852714396125943,1.511982646793072,0.3568505933837805,0.0414693792659392
0,-2.775741623934487,-1.20084245154492,-1.3319814423490357,-0.0382671125989521,0.4256262605541466,0.2194062879304581,0.7253472032598978,0.2751583673883422,1.0793219761503563,-0.3999666702620528,0.9691262165885028,0.2782415681052003
0,1.684933931713124,-3.004629370777009,2.510367432659565,-0.4727816656258238,4.803473353075297,1.4819843571193363,-1.4048231087126888,-0.5356970779590877,-1.240587417362203,0.2635015971083386,-0.4557036466322481,0.3235555316459514
0,0.2502146492173651,-1.086213358201195,-2.684240190245242,-0.6853944713386182,-1.606104770417815,0.6222788363235048,0.4012003589399841,1.4505501731270205,0.6910295979416605,-1.3384962696474216,-1.2959607854554942,-0.5282174342240509
1,-2.9704071034423927,-1.4508139859290716,-1.214952826032835,0.6847361626293441,0.5948387489387394,0.9397347896764814,0.8635759637229901,0.5463056614768352,1.2867062038055848,-1.7340563521901855,0.980345127326006,0.9947533867268404
1,0.4339480642533572,0.1656716907165941,-0.240793109826802,-2.083322490481875,2.394867587781362,-0.1851506715325176,-0.4665215676395726,-0.4118820874601729,0.1962867630998352,-2.9940893255277143,-1.570394379448078,-0.2538324813632698
1,1.9555080380160856,2.111983510712031,0.0962189462406007,-1.095169389608628,-1.7614018966506266,1.0464738407325058,0.3894636300769472,1.6880538225524382,0.595425083261598,0.8234508000475849,-1.7206438091481184,-1.8723505346098144
0,0.5635300653244272,-3.2266052564177388,1.1252106419669652,1.0894294963644906,0.6788981180480008,-4.067010838664032,-0.7471156621362208,0.4000881213910007,-2.550329399748858,2.8549226457038275,0.8731012149201517,1.7048480688735212
1,-2.174714430423942,0.8692705205527369,-0.7695403760908341,0.1250078560500458,0.457970777059775,-1.1366340692054893,-0.4827104394738972,1.352436914239608,1.1130860796671194,0.2553945522622219,-0.4935107716883788,0.5374837290063548
1,3.3486243994921816,-0.0630582118220914,1.9631626003105005,2.190585633280598,3.101774787749365,-1.849182949435674,-3.0490064351502437,-1.0644859530879778,-0.2754405018598587,-1.4172917584758151,-0.3257880557588216,0.4655397105220883
0,-1.9983343794362085,-1.7126133277607127,-1.315463419851771,1.1910845570358757,0.1165777581687029,0.960098550218932,-0.8312822151984006,0.6453478510968398,0.3262028748482268,-0.994900507871464,2.8155162572278463,2.849480795343449
0,0.8499746821669629,-1.6833494477164652,2.7061663810531247,2.986544094593308,1.426749824752474,1.253483093741152,-3.166358234137764,0.02107138535821,0.5235468785230667,1.5157323562380032,0.2903154505670156,0.2646309416902678
1,-1.7152920397199112,-0.9129021672734654,-1.3913347158520997,-1.0498651893493136,2.3566639028859435,0.1211266088961569,-0.7141093723344688,-0.4332238742067328,-1.105697276299087,-2.138730916413022,-0.7295875421535085,1.9299259109274576
1,-2.130776053614409,-3.606025363149439,4.70391143016609,-2.181134125729288,-1.436055570300796,-2.213709730385266,0.5688540232883667,-4.901503375687239,-2.958698053646994,-2.98405586833614,-3.3499642405319574,1.0225802438839109
0,-2.091885643099649,0.5377010223569048,-1.4380272566609111,-0.1355402681927378,0.4575580033049538,0.4519867379961698,1.3197146643237097,-0.4302571242130886,0.2880658324040911,0.3774709892508658,0.1718714007180935,-0.1668662691882471
1,4.00003022527785,-0.4958421738485015,-1.6531676338489156,-5.096843595733578,-0.4430294595025187,0.5781283837393996,-1.1148857629493298,-2.3294096372877795,0.1282019965200578,0.8066166816240972,-0.6783630530343892,-0.6642476840808372
1,3.563073062314334,-1.8039774462022549,-0.331921876621552,-0.5572002184911058,0.2012874392968004,-1.3101243408986425,-1.748792091551132,-1.206625273268354,1.172860397643388,3.718864812865832,0.0935005781814024,-0.0244984150474957
1,-0.6559196219696602,0.6738947147546339,2.571489930507809,1.531439294188495,0.1752353489135266,0.8706074610088236,2.568753797742048,-1.448662790652656,0.4319504207228843,1.2657162355666234,-0.9738988256920916,-0.9641778215961396
0,-1.820317894201315,-3.894129058787452,-0.8474090582461092,0.0897423043065106,-0.6937414157816789,-2.650104894715259,0.7554508911917747,-1.7161856040604873,-3.1376093343644067,1.2133580644907491,1.6980265991992158,0.621376157264026
1,-2.3695986484114795,0.7964867793711708,0.8113593884341045,0.2459829557203761,-0.1883002110518611,1.3413180229027015,-1.3695515453688405,1.8117320796164949,1.6286006267610422,0.8991615360366049,-1.0787196290099954,-1.109065401399374
1,-0.1208776142863488,1.3873593651986114,-0.3366398894340903,-1.132047261497488,0.0620665574848395,0.3334245656832188,2.1123836616466045,-1.566658478736701,0.572831045324466,1.4494300869335228,2.1159622249447123,-0.1993509131323887
0,-0.3961350147820255,2.1275807124587804,1.0461191918827355,-1.2234836695658904,1.5235421228464618,0.6119735868908414,1.115869177115033,-1.2262086019494205,-0.0634014560199547,-1.354472262612171,-0.3369870354073926,0.8595351670801896
0,-0.3038667799649883,0.594201612751363,-1.2465882984903172,-1.9990769276236773,1.4713420037297438,-0.5028883886567491,-1.980451553529616,-1.3386959014780928,-0.2256566366841744,-0.0928091824488873,-1.257017865028344,-0.2222199943006156
1,-2.6643626448330413,-3.264784707064815,-1.4863666510672129,1.353031622651407,0.8453525741899007,0.5162477488161769,1.8020584664654504,-0.4658925703054666,0.5609551893001954,-1.393015623806339,-0.0407785879480028,0.448602407876087
0,1.4435905519444698,-0.9328567958887556,1.8353362892211809,2.471273881686621,2.072172945246372,-1.98467452259688,0.5212074141611683,1.068189767833608,1.9037067139731312,1.09533265282464,-1.25439994627822,0.6487015783919483
1,-0.4395439233765401,2.0981194491765662,-1.554684943119892,1.1416807244150224,0.582222135749898,-2.0396884680589,-1.7860496768865963,0.5320116980996196,0.1680195021276564,-0.7208966452478436,0.70027470325827,1.3429719597061456
1,-1.0954132281710636,0.1397738615214909,-0.5442520487528869,0.0244685039743426,-0.808192153494084,-0.3519726968781306,0.1529100296230368,1.4627791940392176,1.924693500060488,-0.6820135380469482,-1.8161943494524413,-0.4521102180570137
0,0.21065939570689,-0.2594443968108437,0.5895019433448643,-0.376820941949694,1.226721195717419,-0.3238496575414726,-1.6778883428153113,-1.771142330950677,-0.1411114255857247,1.4070802018327622,1.8142137885446112,1.7488681787603002
1,1.0022512550034253,2.4915324746351635,-1.0583999035413272,0.807617502316106,-0.5282194257921194,-0.4527571221267592,0.8477841996092987,-0.2982456703627977,-0.5225230050141689,-0.2920119627082479,-1.0800970230519862,-0.6669421553142254
1,0.1321422471689394,1.7771466107081,1.3735519054157987,1.9007653269154172,0.4541075279185895,0.4377122896965226,-3.0268758185175875,0.9493972498988192,0.3149333938777475,0.1311351714715319,1.0971299871216942,-1.4388682040935423
1,-1.8583065591535584,-1.164106451570609,-1.5137601328494428,0.3794881813772938,0.6172222761284287,-0.8477219252704393,0.9158531544048996,0.4450662460599382,0.9826669695000032,-0.1183533646523224,-0.877037222307364,1.031918434622227
0,-0.2716450872223439,-0.319472997599722,0.8413332968526979,-2.2201825008025526,3.536477721914091,-0.2518697407804322,0.8448390244946895,-0.6450820999536425,0.770288266098665,-2.7771341802358,-0.831551424508913,1.4566517089326518
1,-1.7875275189816129,0.1825909173978375,-1.4884816000501926,-0.1559162090464221,0.2729655152514614,-1.1484604234770412,-1.633905516235686,-0.0071860796717267,0.6212868908693893,-0.0816382491072457,2.4790533524355847,0.850657035301356
0,-2.693448448943476,-2.9447659466835105,-0.3666490627752294,0.697452544724423,-0.7884333800390909,-1.3912454078362515,2.6355336203839994,-0.3938724609598338,-2.751911077759581,-0.7856741393010565,0.7318350658824371,0.7608467184257558
0,-0.9644520589174592,-1.643300322759506,-1.1388800875916512,-0.5776878159319755,-0.8544427986406289,1.907048046614524,-0.6704466335684544,1.2181049410735558,0.1479510914408124,0.1748425174458006,0.2806597498110284,-0.4345008780807725
1,2.0728709806877497,2.1194747599841848,1.0915398157518852,-0.1176727407287406,2.00228182918545,0.0701627280407752,0.2330987875163346,0.2600453986904115,-0.2959945386684879,-2.8739440011639688,-0.0245582970840685,-0.7652457792635191
1,-1.919977641043353,0.8638025332823799,-2.970013077132064,0.7301140139822859,0.5312624180176728,-0.9791667039823176,-1.3405449271246144,0.1130851177811751,-0.478003664707837,-0.5582232347390154,-0.164568050237798,1.8848161416103928
1,2.8272990277817933,1.0172841174219762,-2.9351384815880244,-1.916028845369606,-1.2850890877055807,-1.6003906205685543,1.7819097263174666,-1.646956184127765,0.6635892679872998,1.2919268964339412,-0.035192574786994,-0.2675851130995552
1,-2.03881091463195,0.1513100490783706,-1.451829674458638,0.804522307708296,0.8406790796050424,-0.2281544989147442,-0.1537591776094574,0.8304647743749678,0.2991601305393484,-0.5741101987661579,-0.2888439892879585,1.13198139302399
0,1.636769985396865,0.8530469044269193,-0.057847387432497,-3.161511657245007,1.3020684174498076,-0.7024604756113924,1.4244602513653375,-1.197865731627764,0.8636164339459963,-1.5253627241818453,0.5930759083057118,-0.7448113136814801
0,-1.7711432028213667,-2.153986959374737,0.7861148868321824,0.5536054951897109,-0.3628291322970821,3.1628794279853274,-0.147785571615304,3.045093416237269,0.6247005172377839,0.9686986949675376,0.7563921159160489,4.171859145118575
1,-0.480327577278498,1.0352706475881417,0.9079413359964124,0.0168832772099258,0.96490372654291,0.4333100326189028,-0.4042832198324745,1.5888713497233995,1.1440443070202124,2.135951704689096,1.6912548797067897,0.103901144108156
0,1.321527347797406,0.2731136866474406,-1.348600216546926,-0.1426358413400056,-1.535201212355245,0.200204938861871,-1.9660066286827709,0.4215239893620474,0.867120037381857,-0.5869601354479185,0.6349915263153578,-1.2400317129288057
1,-0.9021891244045404,1.7188755457769462,-0.5404298451585589,-1.478496165507425,-1.480269811177863,-3.100780989906161,2.497998968762548,1.7581190235922577,-3.179326780134222,0.3756582542156775,-0.7829339582393023,-0.2814748972683728
1,0.1615556938729782,0.8382950506197858,-0.6085649517532526,-1.0118509409887724,-1.6344892250533278,0.9509753819469364,1.9113134814643944,2.1112165464630164,-0.0857541829733751,-0.8139147607293036,0.0770915311145308,-0.9685998160334016
0,2.3732791145106718,0.2158055960584962,-2.600754474411753,0.0338081292605726,-0.4992938058342838,-0.0564932037832669,0.4382853302984894,-2.959109432069822,-1.1042223683198251,0.8765760022906863,0.2032183887191092,-1.487534969345423
1,-2.1631936393105278,-1.1611298471192812,1.375023304071129,-2.2261446715693456,-0.3324342135795698,-1.9754356953752936,3.8275067198711312,-0.3417944223595328,0.2198639821327216,1.4686344963698543,-0.335829694753935,-1.0953282564358875
0,-2.3089306589702394,0.2305781571350147,-1.4579534101324931,1.35962685898788,-0.1425746438256466,0.4019998415613557,-1.4419443522859072,-0.8050226975920175,0.1777481482030121,-0.8768955016923646,0.1810997387422702,0.8675500610576596
0,1.648187506858485,-1.3101426369022242,2.555589895999013,0.4398149651592787,3.125323714398456,-1.0323141240750275,-1.4154102721033832,-0.5650561074716546,1.7331813018677655,-0.564243470001072,-1.129395230343622,1.6759350769641723
0,-0.8147167278339412,-1.2716726240145686,1.4948023480049637,1.6189885532207515,1.6884844347655903,0.2710873881253547,-0.3156784073404873,0.0926415879434814,2.061177027893108,0.0209523536927008,-0.2945135492785736,-1.7717052960471902
1,4.347861112417705,-2.772804329483828,0.4862478814732882,0.6346593130756124,-0.2704308618525826,-0.9594609525323472,-0.0617526806283266,1.2564430666398614,2.759202391970468,0.238467722683086,-0.5993917910861202,-0.5145033522616591
0,-1.8778906504100363,-0.3191247843489052,0.4113971707087765,-0.7390351836297583,0.3940973402406831,0.4452621931991076,-0.4541250167360171,0.8368879819971758,2.3124737824351222,0.1086870828624522,1.791387224671835,-1.3124629038571711
0,-1.3372955327934144,-0.3687474001958777,2.4328994484868627,-0.4735172756671902,-0.6874602531091548,-3.43368841894158,1.1499346402557191,2.0235509718304217,0.2444554941421557,-0.1851292657447957,1.3793847431092807,1.223717263083433
0,3.9545919677011554,1.6380547608393363,-0.6498389641801802,-1.722084348805539,-1.6773025470204688,1.3589896647242932,0.2844165638973268,-0.904426280248044,-0.6741197210831346,2.414452533359816,1.3797916037838254,-0.244457139576476
1,1.7003509920363005,2.424856638496335,-1.5192025428639415,0.2714608267043853,-1.1149768532634283,-0.4609966005347877,1.9494361878926816,-0.1773928371208445,-0.087023592024039,-0.603792722608553,-0.3518579418532462,0.116312180550026
1,1.402640469212704,-3.006747806567624,1.8124640524481637,2.097724531401927,0.3758020109279927,-0.239426138631459,0.0915580381126992,0.3796340535469321,2.242409155765281,0.9579205758063256,0.1985262819134405,2.258674697369892
0,0.0264703712807919,0.5951044587373242,2.1611031565272416,-1.6374206158105296,2.4425548533978385,0.6635880349299251,-2.114767928250393,0.7066035545512034,0.8382538085789029,-0.7806499991395093,0.6468547806837319,0.0832486869627528
1,2.2549904715651503,1.2482285877593744,-2.8831199236510234,-2.241849300988354,0.2202928065544991,-2.1359681762132965,-1.5983252118354736,-0.6450248138513707,0.0174911624320657,-1.9698908318853647,-0.0004116487941738,0.4483256965239016
1,-0.9228822459851084,-0.4539671254371828,-2.0587873853907666,-2.323484713134361,0.5304840807907086,0.9497674447493634,2.1747800470117267,-2.3407602829136667,0.7121301803963896,2.9506663049241824,-0.8075279733924444,0.7341343698743628
1,1.9359875295406224,0.3001686393182567,-0.1541498310852593,-0.0369249540439096,-0.5337442783426076,-0.3486483417400459,1.5429827584077551,0.519101705528096,0.7722750336842759,0.2940363919026358,0.1191762004140268,0.1922968618333284
1,-2.982876862353073,-1.3806493495668792,-0.4326391246259239,1.6503050746093433,0.8005482910508427,-0.7801113563783908,-0.3906390428827098,0.7560569655284253,-0.3025002555192143,1.256737031656994,-2.828343099708442,-0.5953978016700485
0,-2.2021361366664967,-0.0749294176496583,-1.277524461031007,0.5470613356856919,-0.0777758954757188,-0.8304966415949812,-1.1224697972266329,-0.2365522682529209,0.9060488377805432,-0.2807507655090634,-0.3163102303920336,1.2196343856266538
1,-0.6967066711353723,1.7013522810129558,0.2566565317247083,0.982958089564728,0.6693572908086884,-0.8198829940326148,0.6317065063161456,1.075830545738545,1.070909957460383,-0.4402789688818198,0.2001346275358518,-0.0407932857865203
1,1.7851137645749675,0.128998147999899,-0.2523168306209377,-3.871506980489927,-0.2808676076250118,2.8854382020406164,0.7207585992231699,1.73595683940763,0.8267647954286113,-1.2267318974949912,1.263362003373335,0.0121899197993274
1,-1.5741429498929702,0.4731073120316361,1.222035930236552,1.2755322700151166,0.9178122043856144,2.733442268638349,0.4953817265798608,0.930179332915425,0.564351371325853,0.0379106240273476,0.0839198577856408,-0.5366244830782497
1,4.361386493754425,-1.335101917089932,2.8100193171308208,-4.720124291289254,-2.3495537492275176,-0.7443563351207705,1.494931441619954,2.8818945359298063,-3.881976270639199,-1.077342963292376,0.0150550698766912,2.805339276545967
1,1.225184722774981,0.6635298925551701,-1.0354596435888836,-3.405523037725076,2.017075337506363,0.0283136312549226,-0.7752159748342685,-1.5021077368242008,0.0486662981255896,-1.8694812424995897,-0.9389562391017688,0.3068054425213531
1,-0.952106199034103,-0.1902709271355355,-0.9208237911355756,-3.6054598489347054,2.4813778692084187,0.9319818018745128,0.0227985626548945,-1.6811776157933562,-0.2168534971825679,-0.0905280154005165,-2.18208255395432,0.2143618407111258
0,1.2787218016306303,-0.6932845168898224,2.6686064589760683,1.0831668762339142,-1.6649157927789493,-1.920947319256319,3.779582349022688,0.3699440611602896,-2.277764665397324,-1.2511531079041425,1.8166408721719716,-0.6522681010235105
1,0.1129326829905641,2.035302865214608,0.5010422967643197,1.0263543050960091,1.0855671733794854,-0.7591977254600827,1.1749714122023982,1.0881392984092886,0.8469638554408528,-0.3985601924601087,0.8719041555015851,1.0289401246852852
1,0.8874641768136676,2.3005002350322936,-0.5381364199571994,-1.063313187691009,-1.0030730873985216,1.2454686789488785,-0.1509379251298994,-1.2818445097962126,-0.3228949917810361,1.0364911687093397,1.0674332133755335,-2.319704330706672
1,1.3426273852097077,1.2264930773669818,-2.931717650607822,-1.3603963438787643,-1.30449259014555,-1.0078321747179837,-0.4937258286039007,-1.8989027572375368,0.1742930806640501,0.7827098140832143,0.6451685996148806,-0.1006831715759579
1,3.177224341790659,-0.2004092067461413,-0.6645781398340799,-0.5492974893173608,-2.3087452227576994,-0.1873882403815604,-0.3863103663636518,0.7838018529520677,1.547729382261509,-1.0448845897150727,1.12284834021073,-1.1792411613062266
1,-1.9105175820764264,1.8532436053617436,-1.42234898122248,0.8320455008169717,-0.4338252816297949,0.5199805972297504,-0.6000443097983964,-0.9928890014886868,-0.5706623317213744,0.5243107445328737,-1.6952091631405035,1.5181441202639865
0,-0.1684239361311124,2.0335770557481334,1.104650320943189,-2.6017404091397545,2.620796856730662,1.6755187387011117,-2.806510849520308,-1.1533756412872649,0.083247441276761,0.3301494281525943,-0.2287366265796583,-1.483508990978551
1,1.2905767640607624,-0.7442399664322723,-1.9536716574327688,0.8781918851496888,-1.3038822427413976,0.8865204512844682,1.402629858366193,0.6928185472532703,-2.1339975866395786,-0.4867683682535457,-1.1081601933295293,-1.0682901436809704
1,1.5513556502410704,1.8361548671301924,-1.248404585053063,0.7018008286965698,-0.4162394858335222,-0.5901719692121848,2.023820150193302,0.4734590455002535,0.1923991682486847,-1.453964956016549,-0.1504789610061019,0.0599104639517875
0,-1.0269445426517767,-0.9237364445108958,-3.1827141165542097,-1.641352617022449,-0.0565280209014769,-2.1173216655268137,-1.4298509313347312,-1.3247733829428872,0.13973499519433,2.9351938989298088,-0.0633571426890831,1.2704747618316328
1,-0.0921642873448628,-0.7581338549243268,2.865592272625041,0.1641326920445009,3.068970750810553,-0.0819049980112198,-1.1737019003262308,1.4518198306627406,-0.3369672720543712,-1.106233531387852,-0.6485025822861645,-1.7652643615073806
1,-3.0709309664328317,-0.212567238314751,-1.4549321841069789,0.4500495111960306,0.354764069188653,-0.0789079372073503,-0.1935868377126579,1.2088198718546472,-0.0391765503139452,0.1788861463886595,-0.8499016768880358,0.6761484272660951
1,-0.9293590998718952,-1.056226948388748,-0.3259598060124899,1.9736572541709576,0.921958886785719,0.8092854056471115,-0.2829939470278062,0.5599198154193649,0.5779221149344447,-0.0517307470049216,-0.5321169113419938,1.0526509509038913
1,2.2975686890079587,-0.2385189727282999,-0.4396490016830159,2.789096584997461,0.4083707817828457,-2.438721739583061,-2.058620272914452,0.4954974047825075,0.0361859602057227,0.1797420209478452,-1.4759638507121755,-0.1599723034883002
1,-1.5005325012367168,1.7891287515069505,-0.065120831493539,-1.7661621533719682,2.4272988303520173,-0.0926036629047066,0.0233176014507326,0.0593641052248959,-1.3338796705982443,0.7367265361835726,-2.770108159279357,-0.1774509819935728
1,2.3241792663943643,0.2060128721626948,0.1715106102372398,1.921341742404275,0.1733042668219587,0.0312297804731909,1.8092793047785267,0.6753632546047912,-1.405643177098986,1.5140085145823017,-2.401969200419854,0.1434860508965443
1,2.229108260432136,0.8550106800843986,-0.6196248008857336,-3.1322877568468988,-1.225084010684186,1.137832391599919,-0.8404119397504468,-2.8071231861850507,0.7255466167156872,2.805642489542488,3.23377092996576,-2.9794815401899672
1,3.933526590247089,-0.891017786143377,0.0274385025739708,2.011970287907542,-0.2118935466856205,-2.429548835143258,-1.9810005809313955,-1.361106937259785,1.324672835736158,0.6818861610188973,-0.6650772641453996,-0.2618226255077197
1,0.290273473537808,2.726838576362969,-1.0321120418653051,0.426123019840136,-0.7987347571386494,-0.3981900022434231,0.3876778064219321,0.2495982597616579,-0.490814963699594,-1.1022235471563864,1.1283839780978546,0.4323311811794873
1,2.5777174099559623,-0.8154971285352837,0.7673451137218538,1.3138817107943084,1.8065145135608305,-1.256745121425095,-1.300950552184727,-1.816230852055923,0.643899755515118,3.3519437267957146,1.1801860305433618,1.1348225155493026
1,0.3900120344450941,0.7422531631403336,-0.5559351902844151,-0.117539740567936,-1.5028740932769302,-4.161481343615791,-0.547465093828047,1.3701901528995122,-2.618534055157681,-0.5526066136046074,1.2623096096113748,0.9821143004449108
1,-1.191745828465785,0.3422127415401183,0.6156267993008888,0.6959556713433734,-0.2067699046099044,-0.3163259965936196,-0.7005567541669568,-1.5560824895296352,2.113955618058757,-0.7302522936068911,1.1254659430064204,-0.1281724681693511
1,-1.6960312841789484,0.3090359704423617,-0.0266714042431556,0.415898343949112,0.1637473136028001,1.0911350689284405,3.4323215338730804,-0.4775174516514333,1.4431270531224052,-0.7399022464668732,0.5406970884329998,-0.1744635649489903
1,-2.74437729478313,-0.6789223659386315,-0.1165596036528638,-0.4461414060551902,0.1495398541309934,1.1319730970795796,-2.3163122233562468,0.3480518297502597,-0.1349162036931913,3.623905539867138,1.1044957534553146,-0.5090011828528402
1,-1.478645112875696,-0.2372979447237229,-2.1523274121199165,-1.0123143286107117,0.2201765712775009,-1.187457102465689,-1.589897224312447,-0.6126558980719965,0.5654941164260112,1.555925687354461,1.297184145443836,1.8232658662659111
1,-0.6357837171354443,1.73687073390414,2.8183987662936083,0.4680152134954399,-0.4061019060650457,2.057313247944597,-0.6135080367655004,-0.3440682998345412,0.7419593203222765,0.5505454261893802,1.6867095774604015,-0.9746599292443588
1,0.0112472825633588,1.1416897457294222,-2.4710316335479354,-0.3493818402174964,-0.6853817726149,-1.8743800160715904,0.0538008774824175,1.0394877137997411,0.8377688789905231,-0.8292130593544179,-0.5650974526679758,0.4186049786023986
1,-0.3655590820390202,-0.1078180320375803,-0.5550004015794725,2.9938261326718028,0.2292569937553841,-0.67737011117193,-1.5507900487464774,-1.469454582920461,-0.0879096827753369,-0.905697295558192,0.0559891435123548,-1.0109471043479574
1,-3.663689166520403,0.6567998072992227,4.433406204873046,-1.598807414108303,-3.695248768161224,-4.218839523705763,-0.1806383268216334,-1.187395743613054,-0.8609883122869428,0.3322682871053057,-0.8800714784365997,0.8540548002082574
1,-0.992277448071555,-0.1675879378909521,1.0787592434095965,0.7731176032801517,-1.8476316121756025,4.612555191131904,0.5655042479081843,1.5870706566813042,-0.8005286999201799,0.6212464489419358,1.9720452863192384,4.47637561563509
1,-0.9875002207306312,2.69187162158616,-1.0060503639430496,0.0738796623211646,0.5846187262609737,-0.8652687224620693,1.7160209623100615,0.1426504623589108,0.3642194778138776,0.6776554338479368,-1.1300600860026284,1.272579142128054
1,1.9084916456585563,-1.252001082496441,-0.4027561626205955,1.645819737157484,-0.1779695718235253,0.4570367228344533,-0.4369420111317605,1.859951222005136,0.6193918546733073,-1.1167575491416823,-1.340968894163058,-0.8080077647053286
0,-2.0494894094086704,-1.2685497463151498,-1.135428559818204,2.353729658293319,0.9464634947979018,1.15872717425314,-1.42479172159498,-0.5233788343531892,-0.9287234220920824,-0.730770885431608,-0.5847164309459739,-1.1745864746841086
0,5.07231584980523,-0.5495947792732705,1.272942381930049,2.32574510709782,0.4958930113374192,-1.373218729387291,2.266568950045634,0.0085849787351263,0.8447827241685628,0.4136082174270503,-0.8148527084746429,-0.1476926939059329
1,1.846192726191384,-1.5168851171576496,-0.5330085041990933,2.6145985152597224,1.035896387997053,-1.1757484309056248,-1.812380072978187,1.1760612638675312,-0.5896122219282357,0.6634686229255775,-1.2951389340560362,1.265247761630137
1,1.140784102927901,1.890681791852356,-0.5873660996246187,-3.2320223889332333,2.593347575008463,0.2884799569531871,-0.4842166312170926,-2.307648028739601,0.1529892127634673,1.1022858259918966,2.2407311792166245,-0.0783926382147213
1,-0.607922484637494,-1.1984429238223215,-1.8805093696371584,-1.3813480965542897,-0.531144141040983,0.6957544639451467,0.2741988769366038,-0.0196905438092807,0.8238339572790276,-0.0239322314208975,0.9903687999673436,-0.8241197390076127
1,1.3109700295183604,-1.4521305853309372,0.3283925887481241,3.834537099157977,1.094333333019902,-0.3341449225699699,-1.924906239403725,-0.7232632935501762,-0.3724003180225932,0.3982643462761605,-0.7831156707529242,1.3561986878069223
0,-0.2211579374584135,-0.4273575605472073,-1.329015533572896,-1.0185623942312894,-0.5465375846161559,-1.3024397473303693,-1.2479592309988072,-2.140707831753665,1.2480471897272687,1.254928923342847,3.436731092190863,0.8462559410230632
0,-1.6227532656758832,-2.59719350286301,-0.766695246676056,0.6784252552767532,1.0990703602000962,1.806890060495681,2.964538073634338,-2.281689626309142,-0.6537340997863583,0.4925337490557181,1.383371131718181,-0.6382063933107587
1,-2.1230625004875767,-0.1926623960133411,-0.5826263397641702,0.9458743218583506,1.127592643374096,-0.6177196447395553,-0.2920089446740761,1.8331100986582365,-0.5988221137502775,0.8342544658879096,-0.0998063922114538,0.3935331405426825
1,-2.131270406689499,0.568018295991963,1.2590856402152943,-0.9712526291331446,0.4061392551794803,-0.0996134789082334,-1.8056189433092449,1.5451281401480923,1.8361872600426463,2.0717714764929145,-0.2223845821201195,-1.4500943056654916
1,2.271899798563612,2.886688264567088,0.0586692444943487,-0.8958948796579465,0.7558772179831277,0.8225402810664868,-0.926765330337556,1.2269858401570866,-2.127793813114035,-2.8992040948006883,-0.3518717225530338,-0.2708796421083477
0,1.3664938615600857,-2.438379742357372,1.973847670954258,3.0484830700508585,3.791994011911502,0.0772871325920112,0.6436570152980651,0.3009142753680518,0.0696600410689598,-0.3590825728363418,-0.7865373870070763,1.2708992912756616
1,2.461322110933596,1.3376612034407531,-0.5864146473477715,1.13242577584522,-1.8162774807847908,-0.4679609865324396,-2.5446762715384503,1.854481702457506,-0.2811175566021139,-1.2385457908204698,0.169858247586409,-1.670035967435867
1,-1.7368832801118337,1.8285357670840696,1.8898638772226004,0.1612839876926053,0.935737925596905,0.5560177691859144,1.2183690809182484,1.5771583080665017,0.7922529387906481,1.0918669157644247,-0.5307289688069762,-1.177661262049415
0,3.5209700042325145,-1.972029905798731,-1.0616623036745123,-2.058617804850706,-2.2655027120239644,-0.8398728117735381,-0.5333601238374028,0.4316897488175343,2.1151389642335934,1.2607909480873478,0.7205253564688076,-0.2282802159611992
1,2.480991042418009,2.953466114531148,-0.4332859004746336,1.5374705020338162,-0.4994198865534551,-0.5505177989258001,0.1556838542265543,-1.3687232531274711,-0.6473823550351746,-0.0092401065598337,1.084439468750564,0.7988885781259534
1,2.000824756556654,3.706760966052825,-1.0533013219264444,0.6321797685764308,-0.5822574660915586,-1.095117435700164,0.0155290502212228,0.0079362738336017,-0.8244539430667349,-0.5778217455139644,0.1643870763324392,0.3823172113416438
1,2.4181610145288217,-1.2078978378684604,-0.0200882544173434,1.1344986440330065,-0.3054071986924124,-1.1685394658955848,-1.167317880694414,2.245661026627081,1.2868354747547248,0.4811753457943338,-2.487943912711277,-0.6472299168114661
1,0.6604608866387871,2.4785239213609893,-1.6891213128781315,-0.0608423285834104,-0.7863670932195918,-0.7291911073932125,0.2930865480791538,0.1269570124036019,-0.1907332466774546,0.0414137725286436,-1.1938597760660925,1.1781841028453195
1,2.2419372970469933,0.0667932380945239,-1.5514715831019816,-2.4218954060979643,0.9266434135570482,0.2099692899486509,-0.3460493925700486,-2.305628990324395,-2.3134646884489376,0.500144039106678,-0.7858981702553895,0.2646837643665206
0,0.6982631300396414,0.5814819965962809,-1.0525080533005082,-1.6017414249495208,-0.7139321896514619,1.3250948320127716,1.0722032776634,1.5635588059506835,1.1498476240378777,0.0733488212097346,-1.4268205973911037,0.5564530530049709
0,-1.1233858025347494,-2.1695033757836297,0.5942944275555819,-0.2787448843373726,4.000698762269886,2.125959632872215,-1.1773671685820335,-2.7574138370752213,-2.907543276803356,-1.8678732289853632,0.4301638355106018,0.1609752874325976
0,-3.111079711861275,-0.9457347731138184,0.9521785258142688,0.1457299682237896,0.2762736909494551,1.2976790093592363,-0.4344065369523074,1.439298326580765,1.5230568187400213,0.3767850843566946,-0.5453200795754108,-0.7847760043822785
1,-2.3260704821652243,0.5409393962814744,0.2042810381397258,0.6885488476058778,0.9340621966564068,0.7976742742561295,-2.9536570417684453,2.204921906710287,-0.5601335581016597,1.423156057934291,-0.4457887216499569,-0.6000046506886247
0,-2.209133658130204,-1.710389723823757,-0.609358954242358,1.911672291639104,0.1385798671057135,0.0725498794569489,0.109619649761242,-0.7797177343796605,-0.4257097481644424,0.701806696745989,-1.6092086894546562,-0.6048379623734892
1,-1.7740318908513015,2.20977638392955,1.775085855414533,-0.5670239767993626,1.3849645115054088,3.236782484907935,-1.086125734538108,-0.5664052669544084,-2.525371279466857,-0.2513333074428781,-1.6855728727038477,-0.4349500498529455
1,-1.7975497369164015,2.739093163173424,0.0720173850994221,0.5647326831031477,0.150743058938206,1.341598118237981,-0.9743200859484236,0.5175041091644933,-0.9941034601152045,0.7008703888149307,-0.2918620671387474,-0.7942200121097875
0,-1.387978248800939,-2.103533481188548,-0.3927505712561049,0.0513462452023507,2.895830323995856,-0.2426323423188469,1.0818353997281065,-0.6683663878972441,-1.3474800470112342,-1.404506412710954,-2.05459732641533,0.4979667922248262
0,1.8135319981636904,-2.489204056524688,0.2745881586782883,0.4095133972454534,2.4334519268255117,0.1358884951446819,0.4993767080732438,-1.3394215388633677,-1.1774914622093031,1.6696680682458571,0.0432664331900505,0.07434511817712
1,-0.0020543875966476,2.043835207128964,-0.9875683455517656,0.0409135227498822,-0.8564129280733604,1.5731018651480804,0.9049938789287058,-0.4134791797929745,-0.7438103689742761,1.2955067879472648,-2.4924305527999886,-0.8801365286480382
1,-0.537716120196518,0.0616841084127466,-1.6267323312808477,-1.6991373816649995,0.3338514156371275,-0.3817047428711508,0.5868531335636503,-0.6772180691725531,1.2538521287526012,2.108014799947567,0.5096195229757603,1.1003013989706276
0,-1.8359789145671952,-1.3851042966735054,1.721722830556572,0.8473191258278767,0.9154919522354183,-0.3738833381972262,-0.5769217928606811,0.3102775575651771,1.4796228759294896,1.0145301887500768,-0.7116750945289374,-2.663256738051584
1,-3.5205091140328157,-0.7562093165374842,1.7825535820190683,-1.5700670249391395,-0.1117584503990893,-1.911227862975782,-0.5049445982715955,3.1306911068857364,-1.9850280512349767,1.662995310416347,1.2047388120887972,-1.4580214022767066
1,0.259423928970113,-1.3749606535845056,-2.8849534424797034,2.322912115739351,-1.0734293223788756,0.0109417520549217,-0.5205927156582568,-1.70341011867703,-1.955320958877748,-0.7177345240889123,-2.065536002723092,-1.1420015905854248
1,-1.780891999415697,1.517258735784028,0.5241959143132756,0.6428459893223483,-0.602791418458018,1.2394458343807602,0.806991889733487,-0.4062570301307613,-0.0367742949339895,0.486821278573057,-0.1948805843743991,0.3930415681840533
1,0.2918408406042514,-2.817734982695715,0.4398266881950776,-1.8005122724057456,2.3443801192832434,3.0049414153105465,-2.9019075909125736,-0.3519090385987401,-2.1823446109311275,-0.2859189578089381,1.224890206814249,5.290352347168808
0,0.7620209145251537,-3.4427010778055025,-1.5192146785825045,0.0668002602663305,-1.319493878519696,1.0673758912633025,0.4650781538598025,-1.1666099869563706,-0.4091009072940945,1.567861446215007,-0.7290897404636887,-0.9617912220652166
1,0.4570853185669389,0.0925913505869752,0.3091713653453192,-0.4753529596711321,-0.8840550382146102,0.1041366907330712,-1.9007160312030476,-0.1467308630253169,1.8339369259818772,0.0327215045578692,0.6246702305659952,-1.1496233849741335
1,3.1089709547614546,1.5356853395411916,1.3272400119282242,0.0564222554307303,-2.1774392533579814,1.324663975857928,0.6400587704736708,0.5334520821428371,0.6934224823356332,0.1127156155450277,-0.1756254088266066,-0.7547509151728699
0,-0.4161318895309096,-1.6505943525961797,-1.049321890918368,-0.8506421860660996,1.1526052842948118,1.9164910561474937,0.1700529967427691,-3.413919238225177,-1.356089619994886,3.8088563062629306,0.4100633167844257,-1.553959377443373
1,0.2532025946657505,-0.0946436128143643,0.5663417235538835,-2.430352539634704,2.6228853849716818,-0.1564414104674593,-1.1103203492811446,-2.4985964413163084,-0.3989714864101489,-1.651181240316005,0.9795221861439936,2.259379910883049
1,-1.445498933847997,0.5656569791336659,1.543999958455356,-3.237625091406799,3.418606794532544,0.736429152303343,-1.5724358771804985,1.0415035790184706,0.0828145867510854,0.2081830325312916,-0.9972897232640204,-0.7185521704453864
1,1.012635176973587,1.8712231610794032,-1.51458611779616,1.2073280456948594,-0.5942900596736087,-1.839135059024844,-1.576697468410538,0.8899344018858522,-0.1921347800068446,-1.8414985400631545,1.35111442480549,-0.4507344440418821
1,0.4012164356622719,0.1829991978432881,-0.2312582137420036,-2.0636692886829904,2.415620728583548,-0.1774373938847507,-0.4719767238160823,-0.3908353930134254,0.187958706838034,-3.0065058306813555,-1.5759928109817238,-0.2498952894317968
1,3.356675123327381,0.3510055944644034,-0.720803925433494,-0.7369121956913357,-2.369817030017867,0.3216465134674992,1.6388054245999324,-0.6550062084301188,0.5259811926092542,-1.745066827378518,2.9561704842562126,-1.4911623405409675
1,-0.8623897331590986,0.7552552941205826,1.816826462412468,-2.88610066920164,2.0794580103949127,2.421308577016916,1.2193966040040527,-0.6686990257230573,0.6836303248671601,-1.1448375202763033,1.0579701117200482,-0.8194566900497593
1,-1.2455312227602764,-3.375967466043827,-0.3824284514866797,1.774004266025259,-0.3588670475697927,1.3852117627767149,1.0131121637740772,-0.1536996037821644,0.0024483408069904,-0.186977482621134,0.2235770098102534,1.8012673490036195
0,-3.135218875865412,-1.2847063846189235,1.0325740532917256,0.0612088676958879,0.0909756563362004,2.0702720966458386,-0.4870202669782168,1.6143801283000572,1.3988488344477648,0.0320675266622901,0.250920040779467,-0.3953912094964813
1,0.0145894239702834,0.7076790088901511,-2.028846074723302,0.6521941441756363,-0.7866694254671708,-1.5245055058911747,-1.5912497628724238,-1.627512155913114,0.8913750474035355,-0.1308331006900522,0.0949125829057608,0.5511000650441321
1,-0.4198716297804473,0.7140932872827402,-1.5815844575596862,0.2323721459692223,-0.4522858605702541,-1.2131129410845702,-0.1036267073670558,-0.50321760190615,1.525029950691315,-0.3930439500546715,0.2448054877155689,0.7532658703897227
1,-0.4021088657954745,-1.1125956107078012,-0.0998290225695106,-0.8104350302815416,1.1803087993715982,0.816138176122192,0.8336898670681535,0.9259894456193212,-0.0300194017611969,-4.267710981806223,0.0354207906398871,-0.1630801592177242
0,-2.7068085394043995,-1.8155267629742176,-0.0951603889335456,-0.2000448259648671,-0.0579461173760086,2.04292602648752,-0.0813338385181645,0.5526193008245832,1.5362438702389591,-0.3395609122691061,0.5008351383793317,0.4195977992310424
1,-2.0832163690260894,-2.065025356555032,-0.3123891325197367,0.4021794319579857,0.4506726548448815,1.5484409390798646,-2.0176583135980635,-1.4931306523755443,-1.7374833914173275,2.6864511025115587,1.318860996631725,-2.4221185690535045
1,-0.8023801260630857,1.6057038469170266,-1.9042696561568615,0.0936596455279019,0.2206031293649613,-0.1422493759474459,2.2069793713661623,-0.2681795166987391,-0.8753489482838389,0.4513722270131545,-0.1389443861596949,1.5293440336237083
0,2.8398416340655253,1.888495287837416,2.2061829763016005,3.2374887596887936,2.2892185666358933,-0.4799453133506311,-0.5478347127592643,-0.9728593551206628,0.1957537925791556,2.753851013367484,0.2904264143867063,0.2971384110685095
0,-0.2548114280488164,-2.5151045975207755,0.0126514537215931,3.118749584908541,0.7087857924882598,-0.4832911720493439,-0.6106685347539844,-1.3644267664971792,-0.5661773404032463,-0.4498250899146642,1.1004774257442032,0.2961622820579311
1,-1.786597445303858,2.897116998255268,6.696906210810762,0.0910259870575128,-4.583343530960489,3.258246395988806,-0.4282302938268233,-1.5922745220400334,1.5532706125105706,1.0025083484382955,-2.712062418563368,4.380944957621711
0,2.690725865320569,0.7860354073415002,0.6493151853632367,2.6290368749453847,0.5501317703734842,-1.0519335116429678,-0.2221065528282382,0.2752740736778123,-0.4245372196849686,0.9307405612991696,-1.8848269912945617,0.6714454350176882
1,-1.404427545816831,0.1362541446701942,0.8737488083280661,-1.270950440995923,-1.9783785759572057,-3.407166550829052,0.3191502620375208,1.5537034736850812,-0.6355640039767263,0.3012106778501285,-1.0380603190967324,-1.2396424650188833
0,-0.2961118756444296,1.909530106477663,1.541533263598715,1.1716160794022787,0.6818991687928943,0.2682220946601076,2.381163077379547,0.2458521558976848,1.1562223646901588,-0.9419754885930124,1.67562373469312,0.7121133214149573
1,1.5965558483586917,1.892856381147914,-1.142767145141799,1.848727758477627,-1.4196253944702455,0.8700276610235933,-0.1619680248101996,-0.1676381195263223,-1.9045472496578584,-1.119216270611173,0.1043088725585076,0.7156551533036448
0,-1.832200339537654,-1.225739120229336,0.4708415374506917,2.1506752880029816,1.0037760828035298,0.9054106771513032,3.427832333612083,-0.7273839403008778,-0.8747327127792673,0.0873971977413549,-0.984700187507638,-0.9832444890502586
1,-2.0570462118175548,-0.074005165588189,0.6710804875900147,-0.2286780926276716,0.7328030985265177,-0.3780798342761822,-0.2820143847100992,1.3772584754404775,2.430904714938785,-0.4081260195890115,0.9740073979877064,-1.1616157348750007
0,5.491073666340553,-0.0954371159482496,0.8551489443316705,2.1297753382279696,-1.313851453348814,-0.2078846227067753,-1.1483703589840049,0.1183181021434652,-0.3264874091119697,0.2307683840610652,-0.1151874807671424,-0.3795281890927357
1,0.1795715946408263,2.043347857067703,-1.3874673456849291,0.3664249950090121,-1.4673334632439274,0.4055449855799086,0.4635320405914069,-1.1332777443862545,-1.6550838303718305,0.014015476312015,1.1481428030841612,-0.1903962999695273
1,-2.449565318463624,-0.0959749605606407,3.1447016526387856,-3.0955283143052634,1.699649431522854,-1.8903958625373176,-1.0353159874627542,2.892359330487479,-3.324893404782596,0.9091748479037745,-0.3651780505099179,-1.5556356253386858
0,-1.9158148578873408,-1.956308508126826,0.1794253942293674,-0.1195372922161281,0.0997335029550528,1.6796488108254672,0.7794278206334523,0.5512018816965059,2.491241819201928,-1.1904486399559329,2.070642765941091,-1.455021677400043
1,-1.35243091656839,-1.754541656420132,-1.1538876411042187,3.0175802608977675,-0.3655418083015717,0.4810040510564541,-1.4357770713280686,-1.5127713513659853,-1.9479146133280485,-0.2371881031894313,-0.0213165421584819,-0.9860500059297992
1,1.4590763496580543,0.2262093758671587,-0.4113716371346262,1.1076970010009528,-0.4106047274666142,0.6852888545182743,3.218283681085208,-0.9562068306384168,-1.381072065991246,0.2234455070340444,-0.1581951567509779,-0.8170869948401789
1,0.901079703811606,3.4113746435704693,1.5465065012772312,0.8108053575670364,-0.3993782322736377,0.9742933359762612,0.3314131214068463,2.6117456028024946,-0.8193599877298473,0.3218405797664047,-0.7368628386783574,-1.916638864079932
1,-0.5413449364578184,-2.044744276296418,-0.3983550901724378,3.0733416971516023,0.2996347798024263,-0.4673001136155009,-0.6727348253963852,-1.0926427348655905,-1.1995759154029684,-0.5361385390840135,0.393427477925021,-0.9869254504743143
0,2.3556787936557995,-1.3083438581102014,-0.3194528293833807,-0.1040879229595213,-0.9302063463212472,1.4502635350184463,2.230638853244187,0.8206206646389212,0.5819095133662215,0.3498310351697784,-1.502979225987285,-0.4245033887737398
1,2.866608416947268,1.4591943035792054,-0.7936004788144447,0.2595832400453359,-1.9805971708692232,0.6757566181396958,0.6334232405871421,1.1243709494918,0.030015473330304,-0.9262558679704342,-0.6725979569736527,-0.6983759404453902
1,1.052654055884596,3.1605404933178,0.7789387674804694,-0.22984170392053,2.527552398339852,-0.4884860648885477,-0.3305925204142685,-0.8354326110662346,-2.074207296641494,-1.248625605386558,1.359340824893358,0.9038445591058296
1,3.41433806120494,0.0090322609010924,4.465096606805427,1.4126572293874593,1.64547520519027,3.996922343136133,-1.34637104788783,1.032051395307351,-1.53055067649502,1.1423421295931753,-0.4972549591035344,6.099929486620712
0,-1.880165853294953,-2.0057401454771253,-0.1485060235718269,2.5860636251318905,0.4215405885733458,-0.2316939756279749,-0.6748153177705956,-1.028857024768539,-0.6539211166175849,-0.0432768335603789,-0.2492951229606675,-0.538168031176609
1,1.6350311005501603,2.416120121597826,-0.9819758450285404,0.1570822845750023,-1.0681937552919252,-0.239788752445392,1.997496574110832,-0.2631106491457948,0.0487984908098295,-0.3299213270442132,-0.0518748897678583,0.56805266595645
1,-3.41394334094565,-1.2961275278062094,0.6781205501483871,-1.207343925792073,-0.1922498794567995,-3.533006680391929,1.3819238460237566,2.016752841428448,-1.1493974352390488,0.2536366872039712,0.5409035907102729,-0.140078296670298
1,3.441766317143321,2.6301813461985826,-1.3753658388244123,0.1109626905140457,-1.9230683144885865,0.6143649191013661,0.2321717923056058,0.2836761819449309,-0.893270706651133,-0.6456846056977307,-0.4692621062058923,-0.3931155290532131
1,0.779239305393135,-1.1402350945776938,-1.1873821442379586,0.1289469941339529,-1.3684854850948007,1.2707154526103386,0.2000333615496624,2.2772709009902963,-0.2055771253969397,1.464982065565024,0.7649514335369919,2.0666449398698163
0,-1.3790488097199332,0.8967893477305489,1.3200528774339289,-2.284599722873066,-0.6222433637057635,-3.4891331053736616,2.344634051712652,0.6328298003288255,-1.8392387375652333,2.616268604508367,1.1586105989371749,-0.1930555166550589
1,1.4392632402839574,3.4175494622948244,0.4050096180413849,1.85938486493235,-0.6809508986393681,0.0780796003949737,-0.2410405340606977,0.6309745398465351,-1.2051813060234673,-0.4616946508620694,-0.5570668637298588,-0.3627219486093883
1,-0.7980684833538084,0.4062901785284174,0.2739848049496424,-1.8862310013613848,-0.3562206990810367,1.9058986399176876,-0.8281833758006195,0.7640358560643329,1.1198918981915402,1.6330724391818292,0.4844499270093224,-3.1130788822110573
0,-2.2095481558354395,-1.502058456498908,0.3075955078785978,-1.933527618854843,1.7255408420631224,2.299420865013912,-2.8074347987480466,-0.7421855610932717,-1.0781532006431092,-0.6538568331320466,2.2503939488962548,0.2517958732057434
1,2.533301740068789,-1.220995658203816,-0.904668567282522,-0.3539769840301863,-3.50274662247005,1.8602051954208447,-2.4343897384199527,2.2488313539428835,-0.3239262781713992,0.7543371197057547,0.7001889971946366,-0.3896713214541095
1,-0.2006104845028399,0.6232927380140543,-0.8829180445931792,-1.3900930373376756,-0.7104950085696483,0.7537438514047017,-1.8194681147668332,-0.0221372522996219,0.7512068874226605,0.6876951348988121,0.8059894137418221,-2.425569257979684
1,-0.1401695096533358,1.968672905782389,-1.482452672959892,1.5233999361178014,0.9812937997053952,-1.838622933020912,-1.748136247442631,0.5265980512911015,0.1398964843753486,-0.6324015501041128,0.0033663824945048,1.4125333788060126
1,3.206911684300879,3.2190187336022484,-1.1626770392633785,0.9440007463191692,-0.857348471252854,-1.0721581665909332,0.1779294075362059,-0.898437288754985,-0.5359557423741886,-0.7964049166581427,0.5392413615701485,-0.0269235012293716
0,3.7270992191030254,-1.2000903787886894,1.0445247023519817,1.6479654315692729,2.613274651830264,-1.398047318976377,0.2914000303427732,-0.7151941151128867,1.5635412830457065,2.958711155598192,0.2393232107567516,0.4638123675214946
0,2.5755844700284234,-0.4379446857698768,0.537360211331318,-1.1777395741374896,1.9277201397938608,-0.698600792364727,1.4504055494840946,-0.4687634679212999,0.7445055388548205,-1.2232018887093463,-1.91039700973976,0.3380786637478986
0,-0.7554463904742231,-0.3977045323629399,-0.2956873457359465,0.127037269234494,0.8578095156452512,0.3389261824108471,0.0380401324096954,-0.3435998383299255,0.6111455799686367,0.4457413789493048,1.752703361399934,-0.5441241049582926
1,3.465825693137025,1.1180954036965831,-1.1815982643778404,0.5238143411296723,-2.024555571019207,-0.6390608268830762,-2.393033451244932,0.6380368434900328,0.4705018812357164,-1.5368294327365792,0.6159631089688966,-1.0894133329373454
1,-1.8428339065184007,1.8786488835365125,-0.9272452487362274,0.991844241748658,-0.5397866015111389,0.6702087745743122,0.7306773015517659,-1.3785829687743705,-0.8994582993709629,-0.4777533936472008,0.6513139755333689,-0.2028142870924729
1,1.2914561722514315,-2.0367731817612404,0.935104360450269,2.8822393396188875,1.7012095943098755,-0.5109752009300972,0.2035588860142656,0.9412931286249214,1.9551460050631195,0.2690030578599393,-1.0127952164348857,0.9523735514151638
1,1.7342758759926102,-0.7715508835362587,-1.0508790511862574,2.91897686226174,0.342867404554072,-1.3575680629535896,-0.9499405647414846,-0.3413169692213628,-0.4239808555733302,-1.4216789101957106,-0.6121362007625271,-0.7885527248044151
1,-2.177652984417907,-2.444533644116708,-1.594190970801039,2.4521292261854377,0.3343745075828092,0.8290663353730148,-0.2505930604263883,-2.206856296869301,-1.460894358804968,-1.041751747138873,1.919319537456636,-0.6884636886572169
0,3.671306079934232,-0.9144168086517,0.7159932396836141,2.4509743087175173,-0.6579225770960873,-1.517621476741258,-1.1989373352889283,-0.8497683950367633,1.3106656560845935,-1.5106709187442289,1.4206303123347246,-1.3783484637183328
1,-1.954937701481461,-1.048389728213906,0.5256725682594444,1.9718975178891989,0.4323064497031882,3.2031004023116894,2.1185183432159267,-0.9542191066574724,-1.4830725734674517,-0.7090426772625369,1.3042245204217922,-2.024139400953917
1,1.5175590816385454,2.694732973798795,-1.439790377475142,0.936384254177324,-0.5990178473762238,0.1099926785276069,-0.6063783257334974,-0.0589397606732415,-1.4003591707263698,0.023511229291194,-0.2250943781168,0.0366970650546222
1,-1.4915835846242569,-0.2845190945575869,0.8475433592791977,0.1748483984533346,-0.9472107323741488,1.8572569043119829,-2.792616171266638,1.260034363135351,0.1492750917107847,1.6224319331999129,2.066485998487564,3.1074368873349907
1,3.213488211619682,1.2939095250921313,2.632819721236378,3.640475466844943,2.5799364194391115,-0.6975424994248243,1.0326619460787398,-0.0714790681172301,0.7022715070904737,1.087460975197987,-0.5340634569478812,0.4917518940693932
1,-0.1523778358062929,-0.8557885211825339,3.241983764366692,-1.5435716036911056,1.076301762281653,-0.4644489099651609,1.0650742070664556,2.0323147549115355,-5.776795048433004,0.2557306566942432,-0.8975338541439638,-2.863049420341351
1,-0.7817639159876224,-0.0496093975999576,0.2014260958810884,1.2266896360634043,0.4606904604651485,1.1365192888390152,3.532799167308221,-0.6128955649991771,0.0657247484721332,-1.3573555242038773,1.6940832516401454,0.1082674180372389
1,0.3383569926367293,3.736690235638962,-0.5962080888411865,1.7392700043154836,0.8131085442167221,-0.9946930582166602,0.1098940709603514,0.1059589041394698,-1.2488944167883087,-0.3057696258674288,0.7411330600885006,1.3075286404905295
1,-0.9516771352637388,-3.460589386343318,0.4272682622055558,1.071256484203069,-2.153810494323813,3.5273172567271227,-2.2688472842965024,0.3311113118956741,-1.9296544155421584,2.512669521832063,1.748996113158019,3.423706834597437
0,0.7203201325479347,-0.7725665079206463,-1.709123724565647,-1.3162815808803776,-1.7157346270892002,-1.2043540570401434,0.9327904587795276,-0.4091688482065789,2.514245479203226,-0.7031299472790942,0.1727633038096939,0.6513302856398289
1,-4.68866994952829,-0.3104505286488687,3.1996369126308752,-0.6669413811048138,-3.2379648680401125,0.6129812790663407,-2.6050503022002194,-0.8230426545477848,0.60997266887238,0.4935624607040368,-2.343982231298701,0.2010219140967897
1,0.7194777035444524,5.123966987120091,1.2476201803957685,2.1624421474006383,0.8261179023981261,-0.219224011774694,0.7382885412673105,0.737735079520045,-2.06228456906777,0.6440163690266499,0.5425896283403469,0.343560477890097
1,6.318117667004865,-3.622052216550177,1.7172426107178451,-2.5464711832474527,0.5541805147439954,1.2310800604336891,-1.5091390045080364,0.5232278222260506,-0.3138278349094305,0.1505350724375835,-1.0530922210830578,1.3081830388272773
0,-1.9902790039257057,-2.762811272464579,0.9442219923790468,0.0231622592587254,-0.4337036152615545,4.295958764781231,1.0922152666839358,-0.8376915202905261,-1.2155731111333297,3.312042113117121,0.0929424575736645,2.263464723784951
1,-1.7520203016394773,-0.7513064335709485,-1.742737156458674,-1.267921744861941,-0.7829294811229341,0.4077554645185692,-0.3382344138910304,1.0776033393002395,-0.019330826748258,1.337894015659551,-1.2812966324080668,-1.1063971270277908
1,-3.4019824820552644,-0.8451992522289059,2.43110934428825,-3.5841718160867337,1.277002029991685,-2.1093066060453416,-1.4174985914654608,2.4041123737373638,-2.9462530512361496,0.7787110811708641,-0.0947624072017635,-1.637461723242465
0,2.444278345958494,0.7861114489954046,-1.3217653870353134,-0.3992339378402691,-1.2231226382121545,-0.8737318490797963,2.956110380028546,-0.7744529468620448,0.8547039339517633,-0.5296868170105116,0.2327615948069759,0.0110324853468061
0,-0.4496915114182373,-0.4787236961224528,-0.9771086794953542,0.3856016285891606,0.7431289053413536,-1.4473293241137866,0.3812370025146744,0.4676747860057614,2.853442507366749,-0.4545963661197289,-0.0494492203448489,1.6918062194066266
0,2.284896695690975,-1.8165576056349624,2.0400329308831,1.959445570911913,1.4354360779851616,-2.0085605412357985,0.0976171537685161,-0.6074205007781017,3.014513170669726,0.7429042742907137,0.5565438211433971,0.6533729465191118
1,-0.3052693320369139,-2.019379395224123,-0.5518237153989091,0.1822816169256624,0.0527427886579811,0.9547067633941227,1.0641489291963775,-2.1531573032792646,0.130738226983327,1.9883929620919092,0.6404353208995575,-0.6402515899294838
1,-1.9659850103271124,0.9661215694920442,-1.0381649168345608,2.011530305602499,0.1057461144353856,0.357859468452128,-2.276631204076108,0.8763191261124554,0.5809395960213871,-0.1071562970289161,-1.3830747867024906,0.8060075248850042
1,-0.4731447680894144,0.2339108255129652,-1.9644728921611108,1.384274677565816,-0.8503439214537948,0.8053316273480662,2.3238447108233817,-0.527172887547776,-2.4830029571788343,-0.2412498847757827,-1.5543540558607554,-0.298614615689114
1,2.2710538322226483,-4.16157841440276,1.096478804401387,-4.127587851644113,-4.046695470923168,-1.1980460321455255,1.4979988066723495,2.808566312802344,-0.6714320268574232,0.3642794934608307,1.7100205031642823,3.064599320920081
0,-2.471014835795715,-0.5054136247314349,0.197562703846921,-1.4394300028901037,2.360382181528199,-1.088173645151277,-0.4417413156271966,1.0689325834358097,-0.0286714857414429,-0.7228953644645815,-2.4876919680491336,0.2104430083398689
1,-1.560497520272134,0.8730282481481859,-0.9760540250228956,0.1589413660799886,-1.3466168185514784,-0.0020814530315074,-0.0416990184763929,1.0913359283308155,0.0203642103548223,0.4494761562866811,-2.583591219664565,-0.7186355959734251
1,-2.838797714491561,-0.031363008028003,-1.90622145701003,-0.4656014212839483,0.2992608761261763,-1.0075649268999003,-0.3719763582022066,1.145115651639246,1.3162383595775171,0.7326425029511893,-2.3293674906197874,1.6255939863711066
0,0.1142569288130577,-0.388836073917876,1.2890124747758476,-1.341863751824793,2.317659497957019,-0.7635284397675104,0.4807472089811748,-0.6345571213598792,2.035235621720436,-3.12051277861888,1.4445495311648384,0.0628821444070341
1,-0.5548110588591972,2.266451122946372,3.219801290790672,1.0496917729722337,0.7747673112393294,1.4695344655671343,1.0270584922599932,1.7134310713384604,0.83243405634192,0.3741722244174118,0.6749118919295628,-0.8055003137145282
1,0.866642359771087,0.5909754642490211,-1.676450683777476,-0.7181737286801534,-2.016409821547884,2.493067300675861,2.1513810743656023,1.3511864853372868,0.1518084203960474,-1.0345881299371498,-0.798391877974043,-0.3774296357283539
1,0.3628447191389409,1.3095753998081612,-0.4362768453086086,0.4811309320520304,-0.5468633933107981,0.3613661296009857,2.3696806613704107,0.964758317913825,-0.2211942265799127,-0.566298290464406,-1.0423155410234324,0.618081886530518
0,1.0430285273326034,-0.609769301325763,1.6332987384921904,0.5350551649895393,0.9907437835507874,2.0369004748933395,2.6647753566625085,-0.871373122519218,-2.999368696898166,-1.3739167653454725,-1.943438462465417,-0.8534079157119787
0,0.4404858933120987,1.912239681224413,-0.4463147183400859,-3.5070828024341743,2.1566055773332105,0.4980700057011479,1.244359688092192,-2.7560306933471908,1.8094045941401464,0.5300041163945172,-1.628757615621266,0.0745094659152018
0,3.622760297816014,-1.6966394653819892,0.9590142891887838,3.033690586027723,1.030123562635356,-2.46414814860024,-1.2707490528297152,-0.921295888547972,1.4664239368198646,0.2573372660345806,0.8214376424532254,0.4613549786423869
1,4.573420348568819,-0.7734914574476808,-0.3039924524847385,0.0041775131189491,0.6335558873585925,-1.5917921710050742,-1.1300872019417982,-2.29774137331585,1.0367551000350437,3.1375799006838947,-0.1825486194385639,-1.2961917310789537
1,1.5745775521037653,3.058369784799571,-1.916892453212552,-0.9895049436814204,-0.0186344896229524,-0.2309665300437641,-0.397217508216746,-1.417900920452907,0.7270113276376261,0.8804810468468136,-1.1934443437092987,-0.6122853803170173
0,-1.0055497732758,-3.027632282778743,-1.4959083553908714,1.5091075616578902,-0.3855238672226297,0.671451493116259,1.2372712603756095,0.0155681902198109,-0.1293265098319224,-1.4248897633705293,-0.8662786679928391,-0.0139087398895267
0,1.892727520804016,-1.3085833050490905,-0.5047649763864472,-0.4591612804824175,0.9463595553854872,-0.4119775201985646,3.144149061432058,-3.436634196907574,1.1290455617373782,1.7151793892974505,0.0603215221549672,-0.6548063972584652
1,0.7915775811920444,-0.1219304406289889,-2.543737433725637,0.6174405721448482,-0.6759908050265184,-0.882422798099583,-1.3679837518512836,0.7146442248063408,-1.442833920138368,-0.2351609725579547,0.4748523429396713,0.5627772835752276
0,-3.2323967225966808,-0.9641939058915656,0.0796533607026617,0.104780129101494,0.4807780306024625,1.5380920705094747,-1.1037135446535828,2.0247677142980915,0.5331429738889912,0.664292179641361,-0.6599612202987559,-0.232339893798939
0,0.1206181667738448,0.7200763897471832,1.2895712235266772,-1.7580866457370468,2.6312559920544905,0.3691931382598734,1.6775676436921978,-1.4330494365538224,1.1119453840253384,-0.7966863391711616,-1.201176328673312,1.3872198294272733
1,-2.192749798638969,0.7094098672865315,-2.648358575977225,0.9990264377191596,0.3604684271154467,-1.0597661383765362,-1.4309019530592182,0.0598549103864866,-0.596038626300751,-0.3766874224918033,-0.4926190301036514,1.3283269815654637
1,-3.0810536777171125,-2.1334913357845524,0.7633364997221062,1.729530777221467,0.3952491635846341,2.2768972391217206,-0.4619285258546437,-0.1050502052575257,-0.2596522846757749,-0.2236523528963545,-0.1022357800092319,-2.5487591123623243
1,2.484668273279244,1.85135306959738,0.6792085451824329,1.216389984565433,-0.449603480928513,-0.178628877984767,2.500521893621677,0.8258045057991471,0.5933453082342146,-1.6253358505122135,1.0328531707308324,-0.7458720255880904
1,-1.2713573421110689,1.9432793192042337,1.62043943732945,0.1128335621279837,-0.4790247283423796,-2.820868063216712,2.2137136843671543,2.2689424826205125,-3.349412327407552,1.1217048849182163,-0.077119023917523,0.7417131793675567
0,-0.8696069108748035,-0.7526718078413392,-0.6571635787836709,-0.2738117804133759,0.2382106327448575,-1.3394226536489997,1.5776803310375431,-0.4457948140195626,2.84593108742346,-1.5520340974973792,2.4580154020541345,0.0314828490496836
1,-0.1997126475561371,1.9233568851695408,0.6987531251282348,-2.6946755788989023,1.6133668823982423,1.2637987072470858,-0.4707870311337011,-0.5074187748224929,1.1443466645581604,0.7230690178568634,-1.3244331313631932,-1.804890754389386
0,-2.4885166966947203,-0.3774725525931528,-0.7376377472692031,1.2484175006944127,0.5228667340747514,0.3760495041344213,0.1856001353328572,0.9210844832586684,0.0051156675293074,1.0903021294897737,0.1605309668581791,0.5681327440010105
1,2.005246525952015,1.208348934843301,-0.577787611077548,-2.860927582258065,2.2110283074432298,-0.1029451290318112,-0.1484365219599016,-0.8115988827290926,-0.9709815907907532,-2.2584352765080187,-1.0499501355432264,0.3015776009678937
1,1.921228761084474,1.7887806533741146,0.8282633837842915,-0.6971598901475957,1.4041201499584928,-0.105946090904193,0.879298632886792,0.0100541795176562,-0.1451440288070491,-3.415951729398936,0.5065646944662884,-0.9832325681051104
1,0.7205712384320699,0.0031352727432509,-2.3999438725419093,-0.3668200276984736,-1.3003546007648206,-1.1595936516106635,-0.8053757208439242,-0.5884996130195838,0.4371785281888045,-0.7688745285580348,1.6133902249761645,0.0882992737633767
0,0.7005655129649218,0.4369750536367961,-0.258911734113959,2.243330479943312,-0.3377476160762879,-0.6271877243212586,-1.045249860822717,-1.797204113929332,-0.2862821554221205,0.2763761755655704,0.009024638114386,0.0779595140436075
1,-2.706433057605542,0.032219286272604,-0.685797674350085,0.4204893093595023,-0.0999552827245119,-0.0207697624127997,-0.5686593389428828,0.8087423939805485,0.5406703514828771,0.5092931142181106,-0.9069962063787226,0.4392933617038249
1,-1.3251967834339289,0.736923564169485,0.6993903453552872,0.8205644403066794,0.7143199861895683,-1.435535059175169,0.170777355314404,1.6661705435850405,1.4586385316608546,-0.1545094851979883,0.3162835010866996,0.0367767799195641
0,-0.7891077190317565,1.1218192483913525,2.2459987949502542,-1.0601989933012017,2.835673587727444,0.1045924480466686,-1.242199353972094,2.73822260794137,1.328133199037312,-1.3646386925420106,-0.2671410505243529,-1.0408602295653646
0,-3.091513698482713,-1.100974594639914,6.050670976103536,-1.6704818969868265,-2.407137889528047,-1.9239299442811617,1.7099224591295787,-3.823968995070684,-2.491122384973357,-2.193596255905606,-2.5389031527746075,0.4057299676251035
1,2.3338761693577683,2.696677732275208,-1.0963984709426655,1.1339007891969592,-1.65360091406786,-0.3868589431513601,0.5057551471942272,-1.2162168264237196,-0.9313602942260611,-1.316104371468445,1.8827076734460488,-0.8624279257118693
1,2.502948686927947,0.8646041859237236,0.6049418978616984,2.350642032762734,0.7432734271987254,-1.2199173152799836,1.3430197359577725,0.7302826326536384,-0.2032431159090847,1.0175435091665466,-2.4666128144589354,-0.036541019255106
0,1.741601656347643,-1.0815085170591423,4.082690069468865,1.0045351488060104,2.5907711572297187,0.5404894546762657,-0.1710015996053834,-0.3991716726464935,1.7521223894277664,0.6492295195797702,0.6710139112522686,-0.2502040091326472
1,2.8599448194707864,2.07347702520299,-0.7405904086384104,-0.9540237324436286,-1.0912082922877495,-0.2822061660651411,1.0015254270581038,-1.0277616212805691,1.390428978544154,0.6113058348254762,-0.1496082454421634,-0.1085566158732548
1,-1.1370036335515874,0.2208715383132199,-1.6031766213423089,0.4741845379968243,-1.1889046250729784,-0.0910663719788566,-1.880829688742127,0.3496685536872205,-0.9058739448232,0.3878384032716793,-0.5707209470588125,-0.2482648876216629
1,-0.515407986953859,0.8287042615897126,-2.1828539173991426,1.4108187343091363,-0.8571381850592404,0.5706179655663841,-1.9451821724284517,0.5304641270051388,-1.1735891990090292,-2.691396872160964,3.078526512024258,-1.495129945428035
1,2.141322536325505,-0.2990516875486509,0.1567348228463051,1.890989697595768,0.2916916298513431,-0.9102376661085751,1.5294493349158949,0.0231778436814891,0.9075541895035184,0.1345334813460958,-1.962743287792848,-0.1971676947715185
0,-1.046921259476575,-1.3670224959610402,-1.061472464114902,0.1715505927899451,-1.1159287864733436,0.2882355018550482,0.9811407427131508,0.4739100632624866,1.370264341414643,-1.506092126018303,-0.1470882437751235,-0.2377869709755907
1,-3.47855934321446,-0.6657214029841085,5.004824386142063,0.0676458380216114,-4.590604171430714,-3.516492855277852,-2.240780897805061,-4.514746174399857,-1.1599851262549523,0.3353558924252937,-1.7469329215113063,-0.3003320847841025
1,-0.097306288526049,2.807569218528396,-0.4989562420926426,0.7776296910450231,-0.3267197619840167,-0.3288701987316906,0.4848133764693902,-1.37291374194899,-0.4744153514630823,1.0635997730111435,-0.9652259448056676,-0.1277792997316791
0,-0.1823105194426378,1.183550597057824,-2.857992814139053,-1.523834990210991,-0.4807059395964235,-0.0079535342431181,0.7389793216180152,-0.3908723231322587,0.3359664844786559,1.267889540966341,-2.324524540049911,-0.8774801009526523
0,-1.2333450694119663,-1.213281185826231,-1.1613618867380129,0.5905258007617838,-0.1344160869827613,-0.2450932908934745,0.7317265602926626,2.0792398096896534,0.0407523754019099,-0.8661133018120182,-0.902483998050306,-0.3484908876689811
1,0.621738216677905,2.576997756064813,0.7072749145030405,-2.003291237863756,0.6880952002757215,2.246927734712772,-0.2513568389535491,-0.2964081100137398,-0.5429858707462619,-1.566787090647228,-0.4969690390381431,-2.093674569978844
0,-1.856228730131106,-1.2323258665706247,1.343400717130519,-0.6937692333413938,1.872714256520792,0.8479607155337978,-1.0979755098745088,-0.5521750907111928,-0.0635283682134,-0.9904098204645015,-1.5660679803441342,-2.244980746126478
1,-1.882286374648744,-1.6199954310905678,-2.3268606874417705,2.5781145475035245,0.6271760214510628,0.0315602848342237,-0.4372543016416567,-1.7374199752817303,-1.064755474241428,-0.8749959459155346,-1.0446109500294565,0.0618931426231301
1,-2.1965350237513745,-1.129063788147399,-1.5869487061614376,-1.9259519391563495,2.318073285046826,0.1325953300600829,0.497836715990973,0.7826591350915335,0.8755311325666204,-2.021129577093484,-0.887559543609458,1.8565686936567711
1,0.3199310338703653,2.001250437729637,0.6012137210742834,-0.4971686697150763,1.9519006597095436,0.4779646625045617,1.4534035222682575,-0.4107357245683417,0.4315321163737424,-2.718867517138145,0.9505988275615126,0.0173742108240073
1,0.9153047951583568,1.7572299744241902,-1.1650283068649765,0.0720528030816361,-0.0419197266424562,-1.0823229723245518,-0.7591144089490801,-1.5629801654804778,0.633143945758592,-0.1048908678137207,2.2860641338630154,-0.2554714940985289
1,-1.7413898698165404,-2.576490642969228,-0.1399504232354494,2.75625416355947,1.3145402037757925,0.1322406953685612,1.8155248061609723,-0.2122768985800615,0.0892206468898971,-2.161893604957114,1.3352099201111016,-0.8786225364070279
1,1.4506335481272097,0.9070339273210878,-3.1119208527372395,0.0878092400235692,-0.7925663527810375,0.5492458624497937,0.8817468178818296,-1.6508953966437467,-1.0040601554658035,-0.4692176871033609,0.1413773492151441,-0.0221241710787551
1,-1.533031350678418,2.99383054808731,5.609509918743304,1.2312901711186457,-3.25463877277265,0.5980544736525611,-0.0914945652201121,-2.605958214423546,1.4467386533882471,-0.7314054529478409,-2.391536840182687,1.943372126220079
1,0.3805351009826164,1.95378814862018,-0.7939935279726404,-1.0559315071310555,-0.6498135049127406,-0.1709784182709256,1.1789798275421493,-0.939899203332324,-0.1153573951689938,0.9948576430007552,0.5555008055362801,-0.6374216713624151
1,-2.9450594931156107,-0.1055650056421822,-2.07661317044329,1.4337584484952737,0.1652100362072498,0.2883374840446998,-1.954325822903432,0.4640580572826243,-0.3586005022184462,-0.8004200434851723,0.4193189296790982,1.5164244251518078
1,-2.1121081709289564,-1.4538108580663025,2.775448214478533,-1.4920128140774456,-0.9204027338311316,-1.9994983044374188,1.166014925067116,0.910446055721984,1.461105824573927,-0.9862213417273646,2.803332709840713,-1.2550074407522809
1,-1.0716557155487312,1.5243602038364283,-0.6563326971572498,1.0319909140644066,0.3385315300727857,1.3558017275703595,0.8049311266889744,-0.93678865428781,-1.60259167786235,1.1892245230897014,-0.2421161144518889,1.5295900551903063
1,3.2258381484473566,-3.729797556895752,3.6414310530785383,-2.1378817569837523,1.5411273677381072,-2.0080844774179263,0.3206644849360888,2.023865045255373,-2.362158055165274,-1.9466216224027408,-0.8289079368759946,0.7832440489584946
1,-0.4055785376840588,1.249519718753147,-1.5690732412353614,0.2273859374319172,0.763001559243082,-2.1486778996577685,-0.1050133826986012,0.8110686756407974,1.2121511167699557,-0.1646422929804675,-0.1088933783405243,1.2946324860977456
0,2.1340128165221186,-2.972140461429701,1.1822680808964647,1.1422879766088758,-0.6701443504329583,0.4139709845267626,-0.4222742453987583,1.7385285109480473,2.26024113346346,-0.3985667792213483,-1.0016906605190272,-0.1373815879541533
1,0.4860587515651532,2.784995996354902,-0.8057832545700094,0.5856552922169381,-0.4307476192399139,-0.897959081630192,0.454726715481012,-1.461117914927312,-0.5978387133699393,-0.0939245188347266,2.357466833676904,0.3603572343663834
1,2.437982977633266,0.0462028000500286,-1.9546040479018865,-0.7720347894796624,-2.466577415007603,-0.3822899366531345,-0.4873244034167972,0.9538889361358582,1.2536746533976304,-0.9931285731742504,-0.1896204919874304,-0.8133277951154365
1,3.652487519277311,-1.672285520362722,-1.077381474244194,2.544185914272864,-1.06872383519664,-1.24267748128889,-1.7106035602174892,-0.8207278715924738,0.4003142045204979,0.5439489795281149,-1.6648644225770934,-0.7549490617441659
1,0.4706341458142297,2.509657064177372,0.8640001907739439,1.043305581799828,0.3130519277922992,-0.2731670344570583,-0.1389847293001157,-0.3478997191571538,-0.8044344222909829,1.344443241685761,1.5550007536608208,0.6851189173491352
1,0.0944039777228529,1.184677582603065,0.6039129962904141,1.1056132783522012,-0.6035546796513899,3.5428982013547388,1.0283122975882877,3.0522229486564,-1.8956660322349312,1.2587303132152905,0.7091381030704935,5.07902523075396
0,0.1134758947926866,-0.8663020376125978,-2.47847012563323,-0.7796178841305067,-1.1305337510029942,-0.1710110760064803,0.9103511707733192,0.6211491173662909,1.1283145949363984,-0.3775115753773688,0.2379658350147498,-0.0439132712141526
0,-1.6269207516768458,-1.3648072319825677,-0.0944947918561057,1.7792087693374168,1.3534792372508284,0.7723572701645016,0.9366898163094088,0.8516825112320706,1.140841341526308,-1.5911771306517477,1.378432090634513,0.3904618869554612
1,2.680559948247683,1.876721660113896,-0.2830386612051008,-0.3369532935850456,-0.374778139051962,-0.4985657459450826,0.0901187651993609,-1.3102211167029898,-0.296404210972413,1.380950046554813,1.2730125282428604,-0.5417514605436462
0,1.7090198168675756,-1.131442824011069,-3.0403074247895696,-2.9554252542165544,-1.5828237000964145,-1.4693212325154734,0.4994332356058968,-1.371353363607318,2.031040763820646,1.8546876119774856,-0.6686037679004821,-0.3777626875900675
1,3.1035155532972336,2.0089484525587857,-0.3575759396865802,-0.1690091822727996,-1.6995901604309496,0.7542305597257231,1.3061761617912808,1.1442109981021784,0.0733832561878727,-0.4724534222617779,-0.2985157638652371,-0.0522245136266439
1,2.074630624945757,-0.9837262972379104,2.310494358082518,-1.8798517724345032,0.7512621762314502,-2.447634868809874,-0.778358577921287,-1.795515288572419,-4.7484314022219465,-1.782115878176949,-0.1779254265113325,-2.16322182847255
1,3.741158254797378,2.7837039468723344,1.1167002330158895,-2.819473182841002,0.9406829252254112,1.8953745703425875,2.623197662309746,0.6199469381284696,0.2894491888156799,-1.3376747772104387,-0.7254750985899799,-0.9983008310488632
1,1.4307698255156482,3.2765605884243727,-0.7486879507620747,0.9757844823854448,-0.0355304909239147,-0.6932381626232814,1.6879760079724997,1.5041747442577913,-0.7463857614167061,-0.6458042081220314,-0.8451150926436105,0.4394780666653094
1,-1.5865059453225885,1.523605890042368,6.07935818474262,-1.4768764615701355,-1.6628683819575003,1.5477456770005036,-0.0702340571274111,-3.2348998116684737,1.2160083708794578,-2.835036715873421,-1.4493688569423906,0.6806606700523743
1,2.041056267448752,1.014254548889611,-1.4550397924849274,-0.6645826883425512,-1.11599227375451,-0.5227123303247343,1.9471355587479269,-0.5376331075443969,0.2833085214238886,1.0595727426191468,-0.7623526493075234,-0.003552068539909
1,0.5497065825444489,3.0874540915376105,-1.2509507713168218,0.8071317474309466,-0.7648652737658377,-0.789482223929946,0.3641521079908711,-0.0816518608558564,-0.9493126525418816,-0.8432455704018965,0.3879817321068727,-0.4430971847652727
1,4.053209185349308,1.4229475226144492,-1.9229218503655263,-3.375255439069456,-0.9155671596080082,0.2167092375804982,-1.7956149017229504,-1.4573736066031628,0.6742689509214078,-1.4278988549059188,0.28278828221414,-1.1570042051465947
1,-0.1247603395785471,-3.4049058562796946,-1.0234537907956105,1.0787571120878643,-0.8600484701730728,1.1172226699254335,0.7404266356571472,1.5899145982181078,-0.4693938177700147,-1.8573283879515756,0.1739534436719611,-1.8577523119565424
1,-2.8397602426966397,1.7722306277827489,1.8540301529618308,1.3473410877415597,-3.7042904546022,0.9020705970202402,0.1662791922311229,-4.427146659693891,-0.660148338591172,-2.8073204449594225,-0.3824608106807444,1.5183457947198005
1,-1.415478507629666,-1.6097569518899375,0.5723688825622871,0.5932651037438903,1.494703429456114,1.625553245771704,-2.215358729166733,-1.4583531069243532,-2.5761595178936867,-1.7263506933188073,0.3658829266632875,-2.1382391078821747
0,-1.411922085285844,-1.4714813033353855,0.8410332145510508,-0.9343644783553756,-0.8131661965192826,-3.4751723482559846,2.2604857837209846,0.7304419937556772,0.6887356597628921,-0.7982238651301747,1.1295149767348127,1.1637492434918106
0,0.9536581633728064,-1.1108211284770295,3.3435184760891685,-0.8429801999673657,0.4868521586733537,-2.03254380272444,2.3257961341016884,0.0133695345202764,-2.938735249959569,-2.620484938542102,0.5318693544216662,-1.5851599593941237
1,0.5013041983383922,1.937071928509156,-0.6291162669886097,1.1303076310827302,-1.7767351255556612,1.531167865707855,0.2245602630526168,-0.1073107259293134,-1.3481295229490624,-0.0266652688068871,-0.3118916219229657,-0.3391478504725794
1,4.481707718412597,0.6428520299155492,0.9048135591380168,3.119104205306224,0.5008027174688274,-1.391864712526809,-0.0834938534474816,-1.971707534580224,-0.4138999971539649,1.2518718064126906,0.3944588131321551,0.5150685580259151
1,-1.129635892081342,-0.0518656940618157,-1.777621682596559,1.815857041731723,-0.7785301572928902,-1.2813759667399338,-1.8817983548747728,0.5949428248568622,-1.9462030143262197,0.2064240445448852,-2.340845034527187,-1.7343886794010028
1,0.6466340571467348,1.2068506611275027,-0.6938030124107553,-0.3508215977671823,-1.1955123926729323,-0.6335334411152984,-1.0846706129883352,3.337635494193436,0.6600117253707811,-0.5600009008709855,-1.1738273791657654,-1.021914713909152
1,-0.2408888524709977,-1.656430354521669,0.3642319382843985,0.1692802753119813,-1.1165510003003047,-0.2498758184870594,-0.2827284374063291,1.5142789705268225,1.1481722252826811,-0.1726985199645051,-1.997351829640572,-2.599839591060665
1,-2.957290544780963,-0.397788716927572,5.470578909204214,-1.1959663344995386,-5.44115515640758,-2.542642689992374,-2.0246083010667224,-2.460840671270464,0.1449535558012879,-1.1551572373148091,0.9828540765509116,0.9793687465385597
1,-1.098831924003293,-0.5908149053240608,-2.392275006424409,-0.1400795720059691,0.1633177244642353,-0.991958022379049,-1.6303931389533473,-0.9972561376818616,0.3507216635814209,1.5121059451052163,-0.155381295446577,0.9267349108228568
1,-0.8192290655260639,0.2921805289632447,-0.1154060984788503,-0.1783965299666019,-0.2532013029614234,2.8628694836209885,0.4488941793876369,-0.6140838935348184,0.2484666523383858,0.5230214539811656,1.3678315180090597,-1.4333455728497817
1,-2.4322459280839297,-0.563319150650818,0.2337368547842075,-0.0177548293788759,-0.6834599838774408,1.5317516922975534,-2.789346165501557,0.1555646734382268,-0.0725204439625716,1.6435687523438116,0.5650362006989542,-0.7550938715784887
1,-1.0128558039269095,1.2383694532932028,-1.0547333497947151,0.1151278175297727,0.8814435921325644,-0.1960354856302368,1.1967922380748193,-0.039547655730761,-0.4505045679309994,1.92078556136495,-1.2582610142574988,-0.246434736449676
0,-1.04821652524758,-1.249554416997833,0.1441875956879232,-2.164253804623646,1.88929223913606,2.729987460880639,0.745814759696165,-0.5483810542689721,-1.14885251157199,-0.7395311654126149,0.4644953851766319,0.2500797609468012
1,-0.7403385652132087,-0.2509293399322758,-2.175640856870272,0.787231745638247,0.520957638663064,-1.062218070025374,-1.3792090048862322,-0.0632625432086926,-1.048007864019178,0.4349604084308939,1.1469196885888648,1.3925709952924794
1,-0.3654073574692282,1.2468451407446284,-1.9097728201182196,0.2736505700699511,-1.1725196373278377,0.5311836817750274,-1.0622894077919711,0.0026616703627562,-0.5095544406799155,0.1286903718921303,-1.5118547357692895,-1.391182566044623
0,0.634349476877181,-1.5635968916508798,-0.2985745359029351,-0.691807080242642,0.7811160823339016,-0.1630404996213054,1.4691043292472796,-1.3800177339489512,0.6085609071808817,-0.95193619209892,-0.4267246834015524,-1.6905060129905731
0,2.5909013210750094,-3.2990393279949863,2.2678453837134334,-6.532276891390242,-5.349252204304942,1.3278318964029592,-0.2112861341641392,-4.424231501924032,-0.4076673864521167,-1.3308490839961291,-2.7652298867675205,1.2182583203805617
1,-1.288505077214817,0.1951051989690997,1.0994212540612678,-0.4861759905720307,-1.6255396407695155,-3.563257049581702,-1.1647677773183898,-0.6003749056203029,-1.0350633751198122,1.105006406299252,1.0435007993928187,0.0729416052887025
0,4.306011966404153,-1.4398103128583717,2.031318917914648,-1.3993585152608188,-0.3297712149986485,0.5217975670080361,-0.9585952138747452,1.3630170739201648,1.1373887073400868,-2.094006819134923,-0.7681276189551123,-0.3482304526478521
0,-1.3579050682766771,-1.6767893076093812,-1.0778050125312764,-0.1708540698341141,-0.8990663762130522,1.012204247227393,0.037912059616946,-0.2166884196934027,1.5764035331483623,-0.4824054160784778,2.762874615349804,1.6162407495297406
0,1.392326003034028,-2.130251398761298,-0.0007751676245413,0.8342367503911644,-0.9622932781344604,0.1930154109706312,1.0101816413115836,1.2874288072895084,1.3240801320244715,-2.5077499471601143,0.96911252954453,-2.285366839510405
1,-0.8142973366838414,0.6031235540835069,-0.3603963383127311,1.3045380912900264,0.8125471496128993,0.5568061239444347,2.3806727972796087,-0.2419487275365699,-0.133009372282894,0.2340405633723274,-0.8824607107794039,0.8276820258781147
1,3.02789527523578,1.3841729587941114,-3.092929465952711,-2.070425650961204,-1.7968577299034951,-0.7005019679745743,-1.150140166591158,-0.0047005091383317,0.6017634381906652,0.4420599344054298,-0.1288610238621269,-0.138364049866992
0,-2.5769461792000485,-2.926008085257745,-0.6360975778857533,2.126336170013866,1.019244849733714,0.2303202606562908,1.192828251876681,-0.0750095903415678,-0.2642457081284354,-1.197211761810998,0.7153336120540905,-0.4467467444458087
1,0.3629846179661334,-1.2974059825842883,0.0225274170563102,0.926696304174356,-0.8098068063339997,-0.3955614577204219,0.0107620906817123,-0.8521920887967321,0.5993432822092446,-0.4398868907299852,1.3972219783665762,-1.6642140602069475
0,0.6548772740372143,-1.793159972295782,-0.0233904619949227,-3.006190557098229,1.3498645596893584,1.5903626806360542,1.2789934550307351,-0.4022165055830878,0.4462664644544996,-3.782198647297368,-0.0085926320621553,0.0883075973145242
0,0.8364566951445536,0.1148562733789567,0.8339464764119983,-2.5128120644008898,2.1103536985022737,0.9838470092533576,0.7345959859637698,0.025278916929307,-0.1600783256371822,-3.0314696289663123,-1.047996968078362,1.6194666519897898
1,-1.9272027034063184,-2.319795208671612,-0.1350866651968725,2.2791072403068,1.0288243500559096,1.3675221316274069,3.297593336612864,-1.0348410688235783,-0.520538381194433,-1.6599652273085816,1.3449991716919274,-0.5729244208971884
0,5.231043000493743,-1.422935285456277,1.090462049764685,-0.6079601776907713,1.505887594867304,-1.520512862155098,1.1038700189796244,-1.2357756988252322,1.8449046535536608,-0.7204933418105186,-0.9079761425513796,-0.6435716681129904
1,1.6529547679436898,2.19298054258353,-1.8010393730261964,1.3242710816505947,-0.3018311523275009,-2.094519838839578,-1.6847304783988029,1.2470147034798964,-0.4056370968415405,-1.3412119084560403,0.2416884364028576,0.3597657034924695
1,-1.10328197494902,1.6661525608894336,2.647085848861909,-0.7863735838644531,0.7195740109766998,1.2758687316434765,0.2138603000338224,0.4261742655161376,2.6010406766303764,1.6900673827293566,0.0306430476640515,-1.5905294171410214
1,-3.7565658764452734,-1.73252700830646,4.944376064799672,-1.702793017328479,-4.361764617516895,-1.9490406829228768,0.5092020495589996,-1.6152761597322167,1.521440921578765,-2.812160620449326,1.495357393432601,0.8706704970359289
0,-1.5134680265319802,-1.1501577612451488,-2.8360791760768973,-0.4806308159283978,-0.3563111387743634,-0.0338626420526986,0.1794007449748872,1.5653794381646684,-0.3359278763555912,-0.173352001713921,-0.6497489219363922,0.9143356480311932
1,-1.5582067542302582,2.660092482373088,0.6811636461266561,0.3659173090709881,-0.1589359678078999,0.3143578377932635,1.275152571561883,0.0046210803499745,0.6613626352859409,1.0592492089522676,-1.1784300213790062,0.5431250003549958
1,1.3642641174165495,3.972929864314521,-0.0764183000754559,1.781600397041733,0.1805267574267892,-0.4879527224113846,-0.0277951676852322,0.6467137394027674,-0.9837140971170064,-1.5053910011955427,0.579921668029643,-0.3785975074147139
1,-2.279264472181357,-0.9843726898433068,-1.0359310258788108,-1.657701929447738,2.441753713619468,-0.5351503201195352,0.2061563558235751,0.4812422361066086,0.2327818151972611,-1.754548278045812,-1.873351894379952,1.749084522465025
0,1.6209154982755374,0.1346297047128222,-0.1608043563061136,-3.0479309368232017,2.1060336085881355,0.7681072635648106,-1.5343306048459426,-0.3600930778767099,-0.098475304536673,1.6437351762460206,0.8575388242402763,0.5771354695381333
0,-3.4726375793202604,-0.2350343546349661,0.1914966114718543,0.0609409404701132,0.6156567104073659,0.9773714048772696,-1.2402717336232487,2.2983392712064523,0.8495116192856659,0.948536322639704,-1.6153088154998252,-0.3951241728423864
1,-0.4405338001143823,-2.5179669815167216,-1.9079086598159964,-0.0447179789745441,-1.14748313240377,0.6897773162170178,-0.6399834003311304,2.056365984023535,-1.1157303400863503,0.3581220587020388,-1.4871807926511795,-1.152164612195215
0,2.565899926896761,-2.5098675643222945,0.4247334182889192,1.525850744974769,2.0103853636853874,-2.2145841709315346,-0.2750370739265718,-0.6254473371615615,2.241092984039708,2.639377710730785,-0.625854769504536,0.619776041569414
1,3.398332219870865,2.189812064595209,-0.1079600005660918,0.26680557345818,-2.5727588318283883,0.7203513987577388,-0.432708462559972,-0.5524006217229579,-0.0868651593006184,-0.8887434812510437,0.9370701832728876,-2.022735325740436
1,1.4011101374487769,0.5680048190245751,-0.1841671108918731,0.2377406518461329,-2.416892324371358,0.967488772174924,-2.444004425014564,0.5341374901271793,0.8942041601638248,-1.9332176622218595,1.8368414197063896,-1.21153407777808
1,-3.224501448948362,1.520405047874531,4.709580235230677,-0.1599719785144022,-3.7097268298118617,0.2431312172687366,-2.75323143184046,-2.2366921173136536,2.797844917450037,-0.5277464887387565,-2.5064996058660807,-0.1113715403242865
1,0.7355313484182289,1.2832897009684574,-2.4516758954441835,-1.5710132025208563,0.525166621064748,-0.9862315034982212,-1.1520835869373482,-0.5155289180050394,0.279948310830867,-3.3106527256717966,0.2682632973566538,0.265525420320379
1,-1.0033616876753686,3.546334032664,2.620590631271837,-0.1045740321639885,-0.3709169494453009,2.016240657134201,0.6548560517807084,0.2134066108841433,0.6545414971667156,1.2897556232195475,0.525300526634837,-1.0177578171190964
1,-3.144287668298541,-3.7234107824929046,1.117381760524547,0.4681819156817426,0.1225676519353638,-1.871282375087647,2.4871273641378195,0.5818830919632438,-1.2663536898916108,-1.632756314529375,1.9206284539604128,-1.122448638127566
1,-0.3569592253910494,-0.899366203444437,-2.212582378342966,-1.3722227946898218,-0.1153416230416687,1.3469915847018858,0.5823815115523338,-2.955821561542709,0.0700044855898356,2.0771044528826903,0.4210900283139306,2.2277340327558988
0,2.8104232790397163,-2.0783250495029746,1.091756973412115,1.6586830585047412,2.071678576200102,-0.6486599877389747,-0.4609320792299987,-0.8137162546785605,0.8886216946213162,-1.4792097201328602,-0.3315069776504673,0.2977373325991305
1,2.897554363459599,-0.1467234988039279,-0.0069913680983422,0.9761498391825164,-2.2941408253081703,0.8045266957959546,-2.6124839467107708,2.202548630447196,0.1902674309980518,-0.7002436533024298,0.8875083491081074,0.953343204998644
0,-2.842793464260086,-0.9370763040811668,1.7177409641270789,-1.1602992757531367,-0.9839829620328528,-1.14368081154637,0.2549860997626988,1.7088031307762854,-0.43341676204851,-0.868799258990025,2.5048174448439786,-0.9867204439204016
0,0.0152170260295619,1.8023877658899503,-1.4036048474680625,0.8034628456369194,0.5740662162096202,-1.6545323282121749,-1.0265436033949302,-0.5564556413535434,-0.3271981893696624,0.5720018499385213,0.8656417009806376,1.212113514334947
1,1.5347799506624005,0.7218462065291157,0.2663375888857939,-1.6941836708226017,-2.1327593140382275,4.088250450214483,1.3682035934855443,1.6827015860526295,-1.3689568160128618,3.0272159625827952,0.3271260249476946,3.143694514444628
0,1.0424664174943663,0.8746816444803472,-1.9764494556292496,-2.357447629068094,-0.5373046684671482,-0.1995909589274085,2.3393776783599027,-1.333019993863513,1.7735890817478408,0.8175820863565235,-0.0177735303819064,-0.4260821658391447
0,-0.7717946391028241,-2.724783794298084,-2.359553019749179,1.928910095111992,0.4450437252335224,0.238824233625726,-1.064969393859153,-1.650423808045643,-1.3582587617396114,0.3221787340552894,0.1334144144056581,0.5387634057523532
0,1.80940558419219,-1.5466513765633827,-2.4792571756385824,-1.1713099954198152,-2.660041901580926,1.7749319116007252,1.0096380908597136,1.842632790679381,0.158759715458113,-0.8693526152943432,0.1045305865573858,0.94989557274887
1,-1.7699796350359245,-1.8194756216330732,0.8246164376103803,-0.474889271321299,-1.338173005254786,-2.4356990695482983,1.7224569036038444,1.612344559781028,-0.9309709557878924,-1.4769364924023105,0.6426519081879318,-1.0983262036476238
1,1.7511480460737818,0.0614066869777913,0.2195390919914719,2.3950608590395897,-0.5617005888583512,1.848743057910592,1.3281655692872545,1.0361833627964163,-2.7946196735328206,-1.510031450523612,0.2403912470171762,-1.8010516488553558
1,0.9364570002631708,3.0473451912660376,1.5277255247582038,-0.9509350045412748,2.2942436972415683,0.9621302042608468,-1.0846965295610098,0.5575988519522861,-0.2843187160086847,-1.4118863637394503,1.527860825308211,-0.100232125684449
1,-0.6559448390689214,2.722542480000687,2.1310817294277986,0.1258364606191418,0.8176393610223933,1.2055058726804762,0.8527290307927654,1.6270348418236922,-0.6748305900486041,2.225406324168396,0.5052919641440907,-0.9647348675141206
0,-1.030393892516717,-0.2043415000729412,0.7147897121944325,-0.6718376456369924,0.0438252779460796,0.1578626329545631,-0.4007716419379419,0.6986903004418489,3.077221708525216,0.2744782983202858,0.1355180044639872,-0.0056715578190584
1,1.7701798844892962,-1.8212565946733807,0.4690968984259559,2.254229932976536,1.902142061876282,-1.9117663137496343,-1.324800573029095,-0.843560399703587,0.6552145748905064,1.5480062191172534,1.3843041995268133,0.7872614683194498
1,-1.7110948853487442,1.2034644495926492,0.2469632775726848,2.093773031527077,0.5537185025362146,0.1746556134315295,1.353970520688216,0.3505047605815763,-2.247260920043851,1.243178141770883,-1.913302761357544,-0.7318569385595843
1,-0.5951362625883896,0.3978938842977284,-0.1402134059841089,-0.5914961250101336,-0.1184235780333249,1.3528525700520602,1.245797877763226,-1.0785202729319625,1.233103462541321,2.0048548724364927,0.7781063115436962,-0.1910440300138569
1,-0.1182117244289087,0.6055274418366156,-0.3440907720741926,1.271056769976655,-0.0843107650345602,-1.373440188065503,-2.011089480333247,-0.827604374714301,1.22789518914751,0.2985052896394266,0.1162595296715497,1.0285358729021616
0,1.302257067696321,2.120407046514546,-1.5735955588032735,-0.9695431920221134,1.4121564369273307,-1.2098121257377397,-1.7029236803053096,0.3552530182016172,-1.304502833963946,-2.398201911168032,-1.5989397296380865,1.1675112710174271
1,-3.365442421987859,-0.944487940530191,0.0319565945316535,-0.8582630333115174,0.0399654777111879,1.616239441274975,-0.9825343299301086,1.337583935351405,1.09066121389658,1.9558977351523648,1.8088270327900855,-0.5648705007731266
1,-1.8800098893489676,-0.2736379969450996,-2.757648602197466,-0.2095870262330129,0.3637229873964278,-1.1968657177034892,-1.41230055596986,-0.0573722897945147,-0.2623218589596395,0.8962222128954049,0.1611518146409601,1.6159086125389956
0,-1.0421306952323195,2.053261766846139,0.0818841353190676,-0.5582027230743742,0.645139826655826,0.5104103529174565,-0.6440159027050596,0.0307778162059503,0.0993522761331368,1.401330339700546,1.2500405348293024,-0.3780656524725744
1,1.5157952411960391,-1.3008763144296025,-0.9024597445551334,-0.3382764954262621,0.7173974372139618,0.8150003681438099,-0.9567826652123004,1.7980655571879456,-2.322798441642302,-2.5561765839809145,-2.313073601060891,-0.6433360475921298
1,0.5542098467549557,-1.051505867752806,-2.6291235702058184,1.3953898847293815,-1.4515828334697274,-1.501914399146819,-1.0964555074338662,-1.3270702495966875,-1.819598790339127,-0.6501977405547319,0.5814802460170411,-1.8310230756911303
1,-1.1256798084515782,1.65016304955839,3.0610677458133635,-0.3622632131207398,-0.1913648855257373,1.6490054966085,0.8550325099768016,0.2263808363547848,2.0190806256561245,1.3265814518390018,-0.1742995078261289,-1.2285090321986514
1,-2.751076608307625,-0.237240776939634,1.0636961364879756,-1.550853143861485,-0.2623161154729104,-3.846413278826332,-0.9190862275544736,0.630821424175622,-1.1755730393541883,3.5699705176045087,1.6770831177778678,-0.0114092521906912
1,-0.4249129861999894,0.5263661162684502,1.396184519249671,-0.1003073679536144,-0.5424427909070305,0.531036191555466,-1.2522016309392705,-0.407903347438752,2.562634775067272,0.1797673208931744,1.2662279230506164,-1.614201866846919
0,0.1832460103134838,-4.886726436359429,4.090461962203539,0.4348867010452059,-0.8443313138601479,1.815205219593507,1.8166170415807223,1.1538779451372296,-3.5091860115732256,1.1968679268781413,1.917680752705526,4.8549655357076285
0,1.64098690187229,-3.1937916469503294,1.6751590528604794,0.2036345940450447,0.319250609943386,-4.315329681379372,2.032871347214665,-0.5341530185459705,-0.4774288524979423,0.956328924739957,1.4263319165785662,-0.1535670935257251
1,-0.2420535883508936,1.246007848921255,-2.466053343697028,0.0948750068508339,-0.549247815661923,-0.2475739462746188,1.5741239275857812,0.869492402186422,-0.7875895346010543,-0.1955798382379046,-2.0429761828093667,0.6487893951816814
1,-1.874743972582072,0.4140104518678566,-0.8472154295335127,0.6830608438514981,0.907442790104622,0.7485061257420819,-2.5125992841449976,1.5453544682654634,0.3746462296541716,0.2423856801204678,-1.0873334364974203,0.8826608868064696
1,-3.1794987318500407,-0.7683585242389004,1.3505564063643456,-0.7338515669942625,-0.0981887454014257,-2.8343494775595786,0.2050317821679633,2.6113376616148174,-2.0277912700700176,1.711487855437582,-0.3454598650513205,-0.4384727812805936
1,0.7738757857479195,2.1837591808106214,-0.6045069331828641,-0.7144208447464317,0.8313779003323912,-0.0964839793143511,-0.2738350733423407,-1.542750994007367,0.2817628322904765,1.4683801529622085,2.84201798069392,-0.3662764237174854
0,0.8519776508866597,2.77105622710683,1.4923597430628597,-0.0060222549048555,0.9034067393735068,1.0010728115045515,-0.1661357265590212,0.0417058104924347,1.4381693106806548,0.998169450343544,0.973903268026226,-0.7025220259853903
0,-1.8130508084664916,-1.8888278523510411,-0.2920350228213462,0.0203053690378977,0.8628833874366674,0.557502273783769,-1.291217909444777,-2.651509608846258,-1.5855794803709218,1.405626562561509,0.6581766208281128,0.0041737709321912
0,0.1630781320027078,0.5073867147787118,-0.2986511541832657,-0.7297851503187005,-0.3634097140488627,-0.1762425574518784,2.018678075542549,-1.032329133891242,1.31439222476893,0.2539757771612141,2.63823924811131,0.1794637474667443
0,3.0109960257886774,-2.0856087858294523,-1.1980552134238471,-2.6246346906788456,-0.4947005262583528,1.2031277479942577,-0.7169693261464435,0.2355440246574096,-0.5735343100076904,-1.0286099538540028,-1.2559431936461352,-0.0835604696140823
1,0.2940435565199095,-1.4199381159763322,-1.4672414751653395,-2.632441008014779,-0.6471031871180005,1.7803729069156826,-2.4957342143697487,-0.0435825204800816,-0.590825462544674,-1.311105584707268,-1.929970905265548,1.203267816147704
0,-0.0129337356969011,-0.8187989720179578,-0.1995982432017908,-0.4433567665363096,-0.35026951594384,-1.4855510956317004,0.5981228652197005,-1.2798499130190235,3.3990765675053702,-0.4306286679244288,1.0083163675195057,-0.526573510551487
1,-0.8629017831835953,1.905068446375784,0.6785550673825828,-0.2163769927993893,-0.1628481320767587,1.3862449984488407,1.6492952950546158,-0.4331954461541664,0.9448757083821596,-0.4525336059653035,2.273281936677799,-1.2200843929548366
1,-1.7503444327833195,-1.35252597020729,0.1074473346804559,2.023302970142369,0.9169517313910988,1.1088386087616255,3.73831746835216,-1.2101681658627297,-0.4264703738263182,-0.9814202089101124,0.4042930734205744,-0.7806182494936502
1,-0.6061620779403656,-0.4501544793419806,-1.3527903127606118,-2.1120442996441846,0.1555417997112628,1.667356540904568,2.33117364493217,-2.119292007921558,2.2169029122729365,1.5870644118060004,0.2633797737663907,0.4081839239343987
1,-1.1729018742921864,0.3317469509267569,-0.5527852924820018,1.4799754974587336,-0.197789533191563,0.542611520361198,-1.9010075664033288,1.5228252887143992,-1.5303407166003824,1.0045171945302398,0.7322585948519825,1.778088732483618
1,4.302873803484811,-3.440240410004648,0.6387664701384738,0.7898252218971781,-1.4861638383148998,0.0441488229390899,-0.3346741775815186,2.22465532412936,2.158405844694146,0.119133094826718,-0.5460488042199695,0.5615703968371737
1,-0.2282912531507308,2.279898447075089,1.3947106721606652,-0.310962906937139,0.8713390093690768,0.7035220291206605,0.6758366379555522,1.475044098036454,0.3444727219115363,1.0503112499198195,2.0244862386710656,-0.5710419475017317
1,-0.2717249427878034,2.4065857081760096,1.137599097635742,0.5949998333567937,0.1564653652956373,1.9218998502892548,-0.83014643004929,-0.9690941922097828,0.5199038788254042,-0.1692902137055554,2.511943524318022,-1.001535484262351
1,0.5401239436454299,1.902117702387315,1.5286425961563306,-1.8955338314122336,3.77361186111816,0.1748176259438184,-3.172307585609121,-0.5357893527001933,-1.469291567986471,-1.3330953735223718,0.59465415870052,0.3975511694532274
1,-1.6172145393055026,-1.0846562177727013,-0.449351654715699,1.2565411339427877,0.2654558924211373,0.1050974554115159,-1.0768249351421788,-0.5364383751849984,-1.092226519145044,0.4039182763949649,0.6095134262390437,-1.3743229702932764
1,1.5818522208907972,-1.8088849576066053,-0.4824413203191215,-0.8969626742562496,-2.028171627285152,0.8928194242174374,0.8947967894228946,2.4292784281025,2.2229127709757988,-2.064460654465907,1.9566525976351596,-0.0703410583364052
1,1.2982704943055394,1.9919267123546536,-1.2424890617512832,1.3722189132044644,-0.9314560054833304,-1.0812329572865162,-1.7700729605226084,0.6378314140510843,0.093031954203208,-1.5946081133044665,0.4228266471728607,0.6098827896573891
1,-2.4545338202413336,-0.2261807671140487,0.0575064552076394,0.7570140511987842,0.2104454013960805,1.2547475545929747,-0.3445959716888052,1.0599661444138,0.2144740853349335,-0.3680525736102402,0.6548941400079529,-1.5276262416644268
1,1.3719502992591412,-1.5097704479930778,-1.0326184056570575,-0.3309261526271225,-1.9572668928315975,0.5697991840627756,0.4418591216712682,1.6802321846031687,2.075838979144283,-1.4648079931393772,-0.2068066280587768,-1.8694381928889503
1,-0.6557168558694789,1.6832921172564062,-0.8603181804890344,1.2075370591962096,1.0954799303326523,-1.7436182804343154,-0.2843688086603645,1.4141853378169171,0.7272863125164803,-0.5989283773835362,-0.1244755732624025,1.0635184669233364
0,2.117107748063324,-2.180118700585336,-0.0259590025059868,1.5547665220007112,0.9669037355763288,-2.721187014800209,0.4366841107260373,0.8234905972063288,1.9298173842448407,0.5073372623406813,-1.9111196066274072,-0.0972986843336339
1,1.4922435007580308,0.2170526284692931,-1.3265734547524954,-0.3849068965299653,-0.6476955916889026,-0.0801704962890101,-0.1173189282125499,-1.13430551284758,-0.3231493823052677,2.0924323939264964,2.203317520208832,2.5987109000511395
