target,x000,x001,x002,x003,x004,x005,x006,x007,x008,x009,x010,x011
0,4.716299570474775,-5.313454969499376,-2.0369932555242483,-2.266590625469911,-0.8474679639344668,0.9593009069557114,-0.4775380889563416,-1.3916856197915637,0.514118101805574,2.069484623929176,0.1282341437060935,-0.1653146840199017
0,3.1013713703971613,-5.414466320417765,-1.091161137639683,-1.670915809525476,-0.653559297370129,0.6086171397102796,-0.5674890281696792,-1.4055564923162582,0.4066943057867973,1.968848875366069,0.2214611942102581,-0.4320908237650067
0,3.219637628595515,-5.622422512182497,-0.8620166417320615,-1.3126279228527185,-0.7006691060625287,0.3685798227866591,-0.6199415807503643,-1.5757937301616418,0.543880729220767,2.177257661360477,0.2839832346100272,-0.6818380987255688
0,0.7024451966779734,-3.9327088345516583,-2.747503236494062,-1.1206653078175677,-1.4045599641152435,0.5951562871716545,-1.054715727849055,-1.2972816079584402,0.8849863971990758,1.5801294283778349,-0.1619332703281374,-0.5569046137756488
0,-0.3457545005612729,-4.272749225472473,-1.5666767370818069,-0.6593589298874627,-1.1778344533477,0.3468452718199913,-1.446944022931176,-1.0919124529743234,0.7124549027012449,1.537010177819649,-0.2176408065120644,-0.8278853420429907
0,-0.3391929193681137,-4.482699375695116,-1.7720688792368904,-0.7630512846007101,-1.5842033701176033,0.1301579846461044,-1.0841346862601002,-1.3431491374170954,0.7386077519123526,1.56599213559229,-0.2439659083846798,-1.0291550537475618
0,-0.7984792992839955,-3.21100280778068,-3.7286713511850538,-1.1512036322639327,-2.124757905441657,0.5553015568120689,-1.163924820458596,-1.1852858546881069,1.1384529969428796,1.6078676932676743,-0.3932002940324379,-1.0224532601107006
0,-2.176526072770167,-3.610332520467949,-2.60958543687466,-0.8419035620131844,-1.9916164246488568,0.2938123749333499,-1.3405206098243978,-1.0481374131811192,0.8740273712522436,1.7307938625821178,-0.5008314288337409,-0.9588931069246356
0,-3.8092577390853313,-3.968276011905503,-1.6336952553507198,-0.6962041090766177,-2.0441118112891608,0.1358583886086534,-1.280035112683554,-1.4962432624654232,0.7416862603571813,1.456285954091462,-0.9828387468617804,-1.1845859351810986
0,-2.249128953126529,-1.296876530143637,-5.06303519513846,-0.0073241371028768,-1.5008676888770611,0.4410581476360569,-1.9050647435976755,-1.2408402189989984,1.58093059329454,2.1847663062758147,-0.0388239237887458,-0.8878897567795976
0,-2.8923100083415374,-1.911722616244796,-4.423024053297433,0.3193342351020061,-1.6988666782281103,0.5424994427024953,-1.825502397279971,-0.9668371388457268,1.4044389295780175,1.9031340689228005,0.0635996027931728,-0.7735633706922901
0,-3.420467401839101,-1.9896702992741653,-3.4031936999225367,0.6473297537779776,-1.6870405417550558,0.2427981114515637,-2.02343998040164,-1.044853509307993,1.144506944201103,2.230408107254903,-0.1482537177981172,-1.4559849889227685
0,-4.182915156185202,-0.371583338187187,-4.846044991760865,0.2214991120950245,-0.3795696764056654,0.5063926031446178,-2.1978334176661694,-0.5018992474566594,1.1339121169249138,2.128831377626164,-0.657301677714742,-0.539633641212378
0,-4.254773880173047,-0.8381303847487765,-4.272255013741669,0.5482976130222825,-1.0620327304414037,0.4418297990752786,-2.015260475433254,-0.7178804444480889,1.57310564553006,2.1321244250153857,-0.610251775363305,-1.3980358581338408
0,-5.2891755910754,-1.0869231311067904,-3.886374161257779,0.1155703274753806,-1.2798685789609725,0.1916133882527728,-1.908146232532748,-0.7776498025211314,1.3305191239263068,2.247923358270975,-0.7836984190612318,-1.3529939298689542
0,5.420101052669297,-2.557651538899413,-4.588547087435539,-4.531386799885205,3.774128434387856,0.5755396708335606,0.9382072394432632,-1.6083542488725286,1.7252254796142914,-0.1588053876713602,-1.3948176221437556,0.731098141296574
0,1.8359413661854207,-4.065399263384653,-3.932610734402288,-4.051288773421406,2.9062136900125424,0.5779045231080183,0.8131034024891458,-1.7993236322799844,1.7410335555221843,0.2805538768918513,-1.028201612373004,0.2346297498844824
0,1.6340663912379352,-4.256303323356324,-3.2912127847095585,-3.7787336185663336,2.336603306367976,0.2292572937822685,0.6647844878613305,-1.727188527112077,1.2447377866116838,0.4173747264847247,-0.7722118597979692,-0.3030222491860555
0,3.2441288956539878,-1.5913179128578423,-5.573827629238507,-3.3981716902062846,3.375454039428531,0.4861746721071537,0.51568409944305,-1.735327896739309,1.9012564548026405,0.3517984388540722,-0.7186387040836747,0.5337758087093906
0,-2.413316828346161,-2.991461832981107,-4.112721782343185,-2.911001089663325,2.69500512760928,0.3949525250115735,0.0647266690438257,-1.9448479403296663,2.274841111558836,0.4366766074960381,-0.6721654330692365,0.4078600733774802
0,-0.5584439983229074,-2.7782029247471614,-4.027895970603336,-3.497264480270493,1.6357778156735798,0.0469109976542833,0.5466559983825454,-1.7253403208674156,1.405175901547262,0.1687384012181509,-0.6552457484766051,-0.3145461832333209
0,2.9007860224185733,0.2217255952042193,-7.519930648164866,-3.048652599167689,3.2507437758948585,0.3433348778005607,0.1538506406864032,-1.6983140114036008,1.6621823271442338,0.3104784475605074,-0.8313190751371184,0.2821904029193077
0,1.2742357731318896,-0.2670303530822517,-6.044439698811628,-2.784438629163457,3.2525528992939114,0.2559370124298273,-0.1873628442896456,-1.792735365630316,1.4521539167769175,0.5147735360305608,-0.725542291657531,-0.2238101773882662
0,-2.2026739958627544,-1.7797050602839275,-5.175693192139313,-3.495419172551012,1.5820222401983042,0.0598007818973228,-0.11846039052541,-1.914844098271562,1.4899471297056612,0.848797649493188,-0.4577928994980461,-0.3202350066738726
0,-0.172006589812165,1.8620964358264784,-7.19115122954544,-3.1457826702894667,2.9120147000416643,0.402075201264911,-0.2677361999952374,-1.2953374270484683,1.008570689075419,0.2548595194802691,-0.1996695593012201,0.3204556610632213
0,4.620977562896642,2.605201012069672,-10.064177027193606,-2.8534246786525506,2.1016201594151624,0.3999035789480302,-0.4773689282340771,-1.5060881564844146,1.277684580451146,0.7889151861211914,1.245219081028568,-1.126846974816344
0,-1.9334331912981852,1.3028922308770072,-6.500461638093471,-2.4814948080664507,2.354631758918062,-0.2201047965401717,-0.0489071545656564,-1.5692585505894454,1.1019140473932314,0.6476303330600057,0.1731703706600711,-1.0931575739346469
0,-3.848525347014328,2.086562781042171,-9.595970582142703,-3.800013352522325,2.873965386879057,0.7301641938304597,-0.2514164181118573,-1.801865724369614,0.9764888758313992,0.5453314376100816,0.373296432340534,0.3795735809969274
0,-2.770766872836484,1.8643100244064088,-8.904515465996479,-4.13575136361031,2.093603159661745,0.8001014715046891,0.029717265193557,-1.7020062548010524,0.9995211000547024,-0.0209626248514446,0.7650752533620471,-0.639794780953745
0,-4.041532717942926,1.2175326566531188,-8.096685986587735,-3.92795232525978,1.5704395599854588,0.3782630229288478,0.1525398732757572,-1.9254414456162905,0.6983801211424366,0.029527756209674,0.6948909388501839,-0.8462086970802186
0,9.131976373212629,-3.6966429086979593,2.707509016273015,-2.305884352413746,4.44431955501687,0.4697754224815139,1.904338553392719,-0.81657189421659,-2.292291959733852,0.183348388412564,0.4350177347919093,-1.1669148592634349
0,10.42110246586376,-3.2117419129473204,1.887222494402639,-2.2817347433698605,5.018626371829418,0.6432127102290174,1.6201425055874477,-0.5058738215198565,-2.796237432053629,0.4898419334859645,0.3960483083107483,-0.7845658772120088
0,11.025613989941894,-3.371278272889453,0.6946986449297582,-2.8473815818256294,5.004621912127776,1.1354624181265316,1.6425772572910522,-0.767549619844828,-2.706214268462505,0.2683494925444002,0.4331707144048659,-0.4520571440173515
0,6.041339330340846,-2.6982767264496377,1.793972302588329,-1.701180214698712,3.430845476384351,-0.243858205614368,0.9299092296613208,-1.2887672534301244,-1.8995186257730765,-0.4937818720438335,-0.4414702927011896,-1.1772818808301375
0,7.780239792676978,-2.1406940100349816,0.9071174220686434,-1.4898142556819824,4.476181690107369,0.0798434346178249,0.6812313038290919,-1.1596951153887995,-2.1466443124823726,-0.1808208536000565,-0.5617838347515794,-0.96069559518255
0,8.979090252534391,-1.9189785622480648,-0.1507226401688757,-1.999343286847548,4.586146770761288,0.5869170828467704,0.6381713538603255,-1.2248389190719544,-2.3602223679264074,-0.4424740141328217,-0.5846632549154361,-0.6483071208446938
0,3.902443223775982,-2.0573412966849385,0.792465835952199,-0.7438328019581812,3.5096396112570845,-0.3054156844946338,0.1802787552489015,-1.7184597105265584,-1.5444911738168736,-0.5795532690924867,-0.4705227180744377,-0.9543806184035022
0,5.5690143992289896,-1.2928170896569062,-0.6675487243499795,-1.0637014321936251,3.8649411608938182,0.139375369583199,0.0840607651328419,-1.7711843160574166,-1.6879789813293935,-0.4767269725966712,-0.876396893668737,-0.6901236180637433
0,7.29012731611912,-0.9218780849579384,-1.440525576578113,-1.5359510532919671,4.060267327992297,0.3992004330129121,-0.0462839348554795,-1.656939541639429,-1.955199967771083,-0.5739516674904641,-0.9410644022240788,-0.9560759320092976
0,5.642095159903678,-0.1005317783265967,-0.7374328403449778,0.2737506233941646,3.6401434614631167,-1.104065645062252,-0.2691282062777861,-1.7512108434819955,-1.7479082208872796,-0.5999358602149304,-0.5800988312924977,-0.6436444282175997
0,6.276807676279147,0.3644555908635001,-1.025535823676208,0.4730124603650008,4.369748760485332,-0.5698301889029409,-0.7757077759749913,-1.6203522942018465,-1.6635238087490032,-0.37251863240489,-1.0319105733198577,-0.5112354570147816
0,7.264450952558095,0.503426678433682,-2.214169564976868,-0.6603117776001928,4.3750155779905215,0.1328658728070885,-0.6052865685212128,-1.653324708236216,-2.008776189525834,-0.8206506710013365,-1.3536539012537905,-0.3605021279285711
0,4.205799468989788,0.5434425742323369,-1.596628444805552,0.2138937252201773,2.716269968289653,-1.6596792793070412,-0.1433036825136109,-1.8877184673569831,-1.873374733754888,-0.2523404521865648,-0.4872373614956734,-0.839675585870454
0,5.448653061209023,1.2151847068349495,-3.1299282430787123,-0.0727560674403051,2.5326175136244995,-1.5576526875988064,-0.5206866058421404,-1.884725804213746,-1.9340324837311933,0.0087420751756944,-0.2803325291365005,-0.5658628881339266
0,6.137125619080567,1.494505363824744,-4.054088299585901,-0.4006290439839051,3.5101930256167204,-0.7127023375502131,-0.8586718135120569,-2.2035045629793584,-1.67079686870968,-0.4951439178032637,-0.738891608806914,-0.6807461957638562
0,7.291566892768675,-2.9772376795642885,4.474060574292866,-1.7435859300704557,5.165188317571874,0.1610203870831967,-0.0162717521085268,-1.0138434299846608,-1.8701087365364617,-0.0292438545372162,-0.959080609350551,-1.1544648086949614
0,7.558641318072775,-2.8534104474640447,4.617860677759681,-1.3966354957853,5.641735678653244,0.363413295157659,-0.4174191543688345,-0.9816323700493708,-2.004421650863585,0.1486762657110126,-1.0854314698064205,-0.8352422014346162
0,8.669895340440688,-2.77355065277571,2.9055586835753977,-2.1825796768258265,5.495743385479436,0.930565668938928,-0.3592324710853141,-1.2295673946188057,-1.9967347654259544,0.209788735641886,-0.94154235226878,-0.9423041329448574
0,6.282492112487566,-1.4879236301758427,3.6016286456492983,-1.2958754380697437,4.005186352590084,-0.3039012108380752,-0.4051121456116961,-0.9382016415983632,-1.6560858895639483,-0.1496533359534962,-0.9156401920402012,-1.3970886412689851
0,6.820177585677492,-1.3221610203892662,3.0026861255567168,-1.0963651910176957,4.934576238947554,-0.1024245551570904,-0.4026053686886767,-1.324098728078768,-2.224261215194954,-0.4454429412837772,-1.4097951436527552,-0.595655006543519
0,7.664901068016053,-1.0365275636259088,2.8649313882503966,-1.247435146651401,5.545452054216888,0.4739551135615302,-0.7445245529541936,-1.120242451937809,-2.2773012411022964,-0.5336581857536999,-1.6131397333712596,-0.5200609360190527
0,3.0817191487785163,-1.0282468455115192,1.146427577636061,-0.4897376154066534,3.775003966504486,-0.5439853203185139,-1.2677587783191944,-1.7584139906318357,-0.3575756478698691,0.9534281739593568,-0.8301446781581671,-1.0402083960761404
0,5.424525292116622,0.1708620196247026,1.4436513800075417,-0.5481307766176314,4.4750199370889066,-0.3809647165353566,-0.9423109523145752,-1.434695047038087,-2.038475452858806,0.2231876903855932,-1.367410792348309,-0.7520918623742304
0,6.391537635416477,0.4442526295865525,1.182201214008382,-0.2384505900451339,5.571451929025618,0.2885278036487798,-1.2291395595433834,-1.849078927149784,-2.105038326047567,-0.4641145211659324,-1.6687626482534743,-0.3160415640656013
0,2.3907677294424903,0.109150556375073,-0.4046124397406699,0.3614869912641199,1.710856766773936,-1.9797244858765848,-0.7066675007649019,-1.843502801697708,-2.379754058409815,0.2432468491734612,-0.5059858835997489,-0.4526194562025019
0,2.796411993413816,0.6502970170438308,-0.0514952924573476,1.1254872285973938,2.665570171017814,-1.829625053019363,-0.8647777630797202,-1.8982936583488883,-2.6098101809553365,0.217690938834358,-0.4903074894127166,-0.711623158326089
0,2.465535664280392,0.5910082528491025,0.1545907297426293,0.7780333216611861,3.356902587342318,-1.3332493660832818,-1.523343578781885,-1.7098076428500957,-2.8555850486910828,0.2983759544787728,-0.9272723564971762,-0.4214222581215733
0,2.075579956565951,2.0779878809339065,0.8421174751540268,2.2460989283788866,2.9665412021620416,-3.220846770890336,-1.356575398090488,-1.551790518143903,-2.620393312784903,0.2962922475874885,-0.7295865011659507,-1.187683222584194
0,2.607680412967787,2.379708224668254,-0.5808361149260615,1.4866823708787054,2.757118994936247,-3.172510455728032,-1.0842506269067305,-2.031768882782309,-2.3052984784102786,0.436663591371952,-0.6146233272957707,-1.0172439984158186
0,2.5419764896312635,2.1469228084379246,-0.2863970820355246,1.6951353950212735,2.767012104913872,-2.882125103038756,-1.1004363979694156,-1.9831530962598047,-2.656917883762904,0.613403148728793,-0.5248456208114523,-0.8193200171051171
0,0.6394401001709276,-1.6404710818018706,4.910814118970163,-1.2903109084112163,3.363642235616655,-0.7649693313252874,-0.8866326821333788,-1.8971541340919975,-0.0172808282286822,-1.076315619976309,-0.0592078005755134,-1.0866137896223194
0,2.153470140228284,-1.3690265511307331,4.214362604370464,-1.5697483299975443,3.6074826333246897,-0.4370144418983669,-1.0130388421344871,-1.5116963991334886,-0.2797450515990491,-0.8378419092275331,0.1524069861972878,-1.1290270443019497
0,2.6277479572811595,-1.5723494834684966,3.752807064207565,-1.7270928682981554,3.471068215352406,-0.2900272982501217,-0.9989405564497184,-1.8813609097928632,-0.2111201009429583,-0.8055833395099213,-0.2028441361863463,-0.9237375186799496
0,0.8832294996831823,-0.1615594652807643,2.531168088815133,-1.6986422548454518,2.198776604068548,-0.940203794959104,-0.7661358232981208,-1.4780787774845328,-0.2695846711498947,-1.1054757182191366,0.3635782978588396,-1.306369653846729
0,1.074959326513257,0.1818238333279836,3.4669404501774235,-1.0575110524015758,3.3877960276779318,-0.9270719957419836,-1.1946150799846262,-1.3553009393937805,-0.5921198363683511,-1.3969337584378434,0.0498940025713323,-1.0607536496129362
0,1.8362679988180783,-0.1001761811339983,3.1603081199110945,-1.2445522100395845,3.492338380126252,-0.6041786105577103,-1.377634991309565,-1.4183355452179625,-0.3166227214440926,-1.2881455187467208,0.1290093247798807,-1.077013074863958
0,-0.4918702251746514,0.9638499451428408,1.292014316840252,-1.3254648738758923,2.132538939503042,-1.2275660575458531,-1.0797927231611506,-1.7008396960160328,-0.3356923106035226,-0.901486812371509,0.3913428264314963,-1.131026370008163
0,0.1879328699077359,1.4410613932845404,1.8460432107606768,-0.8135438068659054,2.776642211038459,-1.3866926968054314,-1.3610790461898732,-1.592117639396094,-0.6413084210290866,-1.1589686311082166,0.0752486278198567,-1.1700791982346077
0,-0.2619840939705758,1.1911166787908996,2.0554983920352425,-0.949767162028579,2.978484346017,-1.109465969546993,-1.6167468327976224,-1.6151282891540653,-0.706835064081827,-1.3513968472313092,0.0007289061762645,-1.1278449999380729
0,-0.7684475061158467,2.3896877681376667,-0.0818599504755818,-1.328694020416307,2.5329357713949574,-1.3955263964319755,-1.4288345199545038,-1.5766200331619775,-0.4205226036430584,-1.131719912657248,0.5368050075515609,-1.3576775598542994
0,-1.137999426400493,2.3241648568916897,0.6276337805483159,-1.0516856632611618,3.0478448324902567,-1.4896040330432625,-1.7545653073177938,-1.3700021208366562,-0.5606744040753838,-0.9473375477112,0.7317518665701185,-0.7681942533501624
0,-0.2715352148599643,2.821332033365432,0.8388918585550269,-1.274304499432651,3.337089541754154,-1.126579034819187,-1.916989704516061,-1.0053262070875748,-0.928662613220638,-1.395202922473762,0.6247015172862795,-1.0181764906557549
0,-0.0711867022194929,3.894885084799058,-1.6679438507587043,-1.8718072636201175,2.447198835752915,-1.7877548145755966,-2.1221720498602887,-1.1766206291885546,-0.9225303430625158,-0.7774819457089288,1.2984236312508874,-1.1684048016237725
0,0.9599665052341756,4.505851432991445,-1.3751642201448468,-1.089113992361723,3.7228025496622057,-1.440919869639445,-2.4553535676352567,-0.8442892472694272,-0.8570010315218879,-0.6737995089160967,1.3832327844635457,-0.9791192689804524
0,0.5904021195955704,4.367225145646487,-1.1366116492761331,-0.6421137263415404,4.252426661607798,-1.153030287801323,-2.601788512694588,-0.8281853164959994,-1.4982449445507322,-0.901874931425963,1.4503926949329289,-0.8668713585702492
0,5.973300646249937,-3.960119468011608,2.969096490812224,-0.2912485839115933,1.5631767970782249,0.7644934968186378,-1.7109871325130828,1.2387511080566442,-0.983189676925004,0.236572206145027,-0.2306637340245241,0.2816615430447078
0,5.473431776417794,-3.443889042827104,3.1468977654173904,-0.1193895837231179,2.1996836878314845,0.5653266184411787,-2.040936430634567,1.0651735981955597,-1.169771439717026,-0.2558826162725705,-0.3573877550902831,0.7742645779263405
0,6.571753122602172,-3.4805046367640404,2.754565487312828,-0.0367130313704118,2.192654441994007,0.4454458369982473,-1.6623856552881182,1.1792231296761977,-1.1721250400692669,0.0574545461405745,-0.2656438557932696,0.4804726608546483
0,2.074663540437624,-4.029452920100846,1.8569200459907207,-0.5931429137469607,-0.3790634725582467,0.503705912181626,-2.1050216777496207,1.0897514425813624,-1.0036316615221237,-0.1791386103557613,-0.2918299569140035,-0.8676186234830136
0,2.482504609890185,-3.361050663590059,2.175516161274889,0.092377166474182,0.5911694928638362,0.7394145739154182,-2.39336126982221,1.4644043067219692,-1.1535103531547108,-0.5348412267587664,-0.3960214222434508,-0.2052783235810704
0,2.491557872787963,-3.2660267108559045,2.4388272004904272,0.1735029108887784,0.7376938074089713,0.4466168603283676,-2.142294892389659,1.3121517382219143,-1.1569941738861589,-0.806841203821145,-0.4741313210154246,-0.2720877972848815
0,-1.107096458154901,-2.888478697595456,0.6994490784729238,-0.9872017618793344,-1.4583664066997963,0.3504450589784865,-1.801350893323156,0.9785722685717456,-0.8827582697917669,-0.3193183615000017,-0.417905766598912,-0.9798469979541712
0,-1.8596670661371448,-2.421601747091154,1.4660692662206425,-0.339058123982699,-0.0802109551971467,0.7682617731025384,-2.082366825632585,1.0372080224927749,-1.1581711069233944,-1.048013194798767,-0.7322777396534683,-0.3205976667334055
0,-0.4986832690874173,-2.166985110751716,1.7917092979619766,-0.0309445971856416,0.2738879563093468,0.6515784814589063,-2.4100238026453646,1.4086049593225205,-1.4281124439819983,-0.8950339113727576,-0.7397265324955531,-0.2727829855506222
0,-4.50939121004022,-1.5426603405672108,-0.1909334587094478,-1.038130439176326,-1.855239009205064,-0.1848592897457505,-1.6737023960389614,0.788031160502267,-1.6538088933437964,-0.7435185659758937,0.031509063529749,-1.2982453205384905
0,-3.645405975091919,-0.383332338522184,0.1086304589601724,-0.1616464822567479,-0.4933851997462231,-0.0098332751331527,-1.8542870008403287,1.056104540539297,-1.916394546847808,-1.1120142054821234,0.1903437903182221,-0.3882512646187775
0,-3.3352704755130964,-0.0087559396975615,0.444866861310697,0.1223768900122449,-0.0954686730655081,-0.076797042223233,-2.017631027872522,1.037895041638583,-1.619994403036738,-1.3502726681517023,-0.1503155640287764,-0.4937349188087263
0,-8.56071467804626,-3.2158027825283555,-7.598953353162366,-6.025522495773748,-6.604532882755088,1.3068784174445387,0.5219646798761903,-1.5582633875381298,-1.243298229341098,0.4598460142896602,1.6730896219227809,-1.142563652749744
0,-8.340384057023858,-2.044963924557349,-6.843017429675868,-5.772408692500012,-4.689006842790771,2.1054314389638704,0.1294155192363044,-0.9163302233807944,-0.8454921528356039,-0.2961445584864954,1.1034958463555495,-0.0561207302450873
0,-7.903883016174687,-1.5805560483241206,-6.650248832951853,-4.819543500940277,-3.726508326172598,1.8771924138419664,-0.2402615287777669,-1.061527420008343,-1.3784629845919916,-1.006927849190588,1.1600828573610906,0.0373903663734121
0,1.8686566459076,-3.778999552165861,2.009200217401154,0.4528788819052807,-1.204692645243829,1.691265000654394,-0.2834268408871196,0.0416877911206199,-0.8560278566925933,0.7761559224517448,1.37171364757511,-0.4153720769915879
0,2.536844451323504,-3.619760391190359,1.939310159503757,0.4551674728339849,-0.6303694947817319,1.677157055400067,-0.3251524703702931,0.4061501823848323,-1.4551880326030644,0.6617899548070544,1.2803426614052644,0.3294459057376966
0,2.341536527170221,-3.8590278326566265,2.384657032526936,0.6360340158362843,-0.4548317489263503,1.8662109947832044,-0.3840060479018062,0.306604815040523,-1.447056935817234,0.5303406875314782,1.1552239924680046,0.0829582982845963
0,-2.3664871989077763,-3.657075356063366,1.3755942988654677,0.3617576453554953,-2.3856396694947355,1.7490818804232982,-1.03435350400959,0.1562339877228219,-0.8345209119466657,0.5979139645842376,0.7128546397085299,-0.8128076565873538
0,-2.1951883839161086,-3.492148337379079,1.610403323088316,0.0217809813806703,-2.2648724521291275,1.7963477259039604,-0.9813257207037768,0.5643388924583256,-0.843052937920426,0.2303483796925531,0.754328514494682,-0.7607679918415776
0,-1.9486912075802925,-3.7440059213390064,1.820916383932022,0.5048167145034337,-1.8387132064683476,1.8689482260583457,-1.0174638091668522,0.3201188431004751,-0.976930845655956,0.2087509524980314,0.6353566783618959,-0.9049870226520356
0,-6.407739045958385,-3.1932013260877112,0.4008811522667939,-0.2072748075942416,-2.823196700155805,1.8804236395900749,-1.1547661211782363,0.0901962211653993,-0.8907370493731753,0.0550755689585835,0.6294266443459593,-0.938842898986978
0,-6.083858390577048,-2.708117351707604,0.9981558280634144,-0.070678027256405,-1.9800451567336732,1.9704028858201248,-1.301856182923696,0.3627982382540115,-1.1906379738654873,-0.2995807041554922,0.5313231154186554,-0.6351609352007187
0,-4.635159089200725,-2.460390399906732,0.4425489968775737,0.0430152345673795,-2.0703866600240786,1.8328840440588832,-1.3658245292322837,0.5125443345661077,-1.0904929091987032,-0.3961805739417286,0.5962979169376621,-1.0634441491125743
0,-7.610583651100474,-1.8300980888139329,-0.3305282539847695,-1.0821611382570486,-2.983572495792445,1.777359123627636,-0.9945407587366308,0.4981554451091111,-1.53830958984331,-0.063698031804603,0.4853421912591559,-1.2086481619778835
0,-7.386075936359916,-1.5339450992435777,-0.2856290853655351,-0.8750172510859936,-2.393655019390926,1.866613717196054,-1.1257303474427656,0.6675260976040931,-1.605554031970267,-0.3090602263522486,0.671539359876905,-0.8465181113529701
0,-6.175145019820042,-1.3663340791774623,-0.2385706955409204,-0.5932007817567863,-2.145055597942777,1.838446940419836,-1.2677783467880075,0.6647605282325426,-1.65146445199217,-0.0132067518318156,0.5362667383278059,-1.1257326796336002
0,-9.589484121908214,0.1998985433798138,-1.9859252175561288,-0.6075877580240433,-1.3639410637078002,1.6349226103507664,-1.4591073764894478,0.7870838850488049,-2.4979380658464563,0.5218359791047449,0.4959981907554175,-0.5018373895693888
0,-9.66264166925411,1.002863182204201,-1.44627011742887,-0.2751652853192011,-0.1015285995832721,1.553937208072768,-1.8471918566728776,1.3600907118656242,-2.3905121088493577,0.2572689809790424,0.5259159339964087,0.2801662230797774
0,-9.734776549577084,1.153172318427886,-1.0795664148391635,0.008253883477159,0.1490530243095051,1.4591894737768274,-2.050477022267043,1.4231236747597846,-2.177318852197127,0.5197695796948802,0.2549930457984891,-0.1065240491266003
0,2.051806965279295,-2.76475795147426,3.0601105117043903,-1.5609807920319083,1.3218305861806157,-1.0888852173444794,-0.1649712849955206,-1.2960230629271634,0.4209204596188735,1.0575200274450105,1.2229240845925688,-1.2343254458175363
0,1.629635778187944,-3.010052020613921,2.9659129483787647,-1.6196017999957366,1.0315307569673189,-0.9796909866759558,-0.0989614860923028,-1.0726728929842635,0.3611777418583142,1.0643630142233031,1.478286255465076,-0.9423270863589835
0,2.4037011361347287,-3.084679240212276,2.865708232328024,-1.7465793060109762,1.3000491342232472,-0.8826912980723303,-0.3101767442310483,-1.069566496419692,0.2388367447825934,1.1646429569900707,1.3784178388198731,-1.099787249100552
0,-0.9569384343120748,-2.1624821666268588,2.759200426940157,-1.0907658538621154,1.5052122739281737,-1.400031227402883,-0.4138906420171844,-1.152587203795299,0.6180909483548963,1.0553914104520292,1.044241189001785,-1.4215182825055896
0,-0.4036446253387045,-2.1801376721292534,2.772009255035784,-1.1589158658751064,1.448880980837243,-1.2611273367557376,-0.4293042147117444,-1.076727673596887,0.4422774733808918,1.0837559570895756,0.9329582429866616,-1.081894376259055
0,0.5947502467442908,-2.270382750712093,2.1945370542729763,-1.351960518753808,1.1112982823593045,-1.3381220089749757,-0.506372483228301,-1.0796127334564602,0.4274850816738522,1.3193806221673214,1.084919710092375,-1.4560923646074533
0,-1.9345634984219104,-0.4412904102269422,1.3086788299637553,-0.5983508770174436,1.2010372849530897,-1.3746009735009248,-0.7332390338263669,-0.9340321400640028,0.3224934532431587,1.4686735881359354,0.9045659969304696,-1.479432813056525
0,-0.1156949649537162,-0.2706803587304323,0.9584367725599168,-0.6491637935229175,0.9586841436812916,-1.4314969706850742,-0.7573648017892283,-0.9925965861754924,0.3806143562386162,1.5459093870867904,1.172515353025921,-1.7296139638811625
0,0.067355408276899,-0.3409725095105131,0.7922046313814839,-0.5523096551704623,0.8504775397797691,-1.6563983799453232,-1.071233712595454,-1.0123545662621218,0.3332568110131425,1.5364314453439205,1.3475129959270324,-1.83158988226742
0,-3.547832271431393,1.2933208964123954,0.5718044081741073,-0.2511724731236606,1.7341831002884094,-1.8076781969321596,-1.1485822106666763,-1.0039056196100538,-0.0853834909270394,0.9157883198280125,1.053437700325784,-1.962181054871484
0,-2.291513984544728,1.2097399387884926,0.4837265616600099,0.4236068211363588,1.489303389405766,-1.850729795614712,-1.4040584139271,-0.929609929727453,0.088531919355704,1.3393869245218295,1.6335026549392702,-1.8103358752501275
0,-0.6507940204668794,1.9284810189043604,0.5313169766748257,0.695545277422834,2.0396326949359778,-1.9209475962112053,-1.510842278061143,-0.2382604554538477,-0.0621139543909102,1.3978574829724308,1.734730775310757,-1.6851143681122762
0,-0.3542981549816922,3.3033151602985265,-1.9429686013210292,1.4472939990432077,2.253714351697268,-2.099978020640837,-2.1393526284440445,-0.3996722529310632,0.0025971360171365,2.0783765642852705,2.661864667920696,-1.641769448950869
0,-1.9936650065085064,3.2782790495917435,-1.0867089115067396,1.1272393257225566,2.332154619058626,-2.2153584570040006,-1.9577559875314432,-0.1820383093165644,-0.2518903008572667,2.129979605594038,2.652140232248441,-1.01910433447745
0,-1.3125487593365726,3.123266325245092,-0.8619036136379546,0.8347796525305425,2.4673633445403134,-1.9374766296963275,-1.826268617816592,0.0253411054324175,-0.3436511495219274,1.890972605302934,2.345415681499949,-1.3521279361028151
0,5.986113251513475,-4.158066019052463,2.4126384996977066,2.517065265826918,-0.0803138823503479,0.1952324430967038,-0.1849611526016894,1.99864694138676,-0.8015715216945187,-1.307213012256606,1.465342911889361,-0.9717504025623348
0,6.908639455049639,-4.060526910035367,2.7359288810246367,2.8161820492580767,0.3764717472415195,0.0869231716632272,-0.3688682403662451,1.938012840659037,-0.880675369435045,-1.318886519091965,1.2188642366228208,-1.0443413265858372
0,7.083866933956757,-3.526628849581927,2.687862917906894,2.738895421672197,0.7979304563788449,0.335665529746506,-0.5760498672506122,1.629106085226527,-0.7061832022719134,-1.5529520937490489,0.9672498410525272,-1.0388676139004576
0,4.452549126328694,-2.660924570865897,1.5107260206870052,2.85481075971685,-1.0046253841362622,0.1908538357303739,-0.9247698475958184,1.9281128661050484,-0.5201980580509065,-1.294430335201432,1.239572781511369,-1.511194969622777
0,3.756775163978989,-2.4769954103497933,1.8910373967817,2.9057119892433225,-0.4543466993167701,0.035275361068825,-0.7823459976715892,1.569667413908398,-0.9498524521965264,-1.7281072230355938,0.5463509484487772,-1.6289994559060013
0,4.576401105534714,-2.0521836482920217,1.487213045126281,2.7561197944117057,-0.502992968014167,0.2061768861184472,-1.0008541070650585,1.608273515882826,-0.9694809845066036,-1.7571756290874956,0.3532846036906958,-1.4934794587715527
0,1.7971104534254336,-1.7569639129061718,0.5418399971762937,3.1629968307680643,-1.4988701503247677,-0.2865341936287799,-1.0655199444632577,1.4355294100429388,-0.65294661537201,-0.8698113673608626,-0.0693705713556177,-1.1944435257446044
0,1.197462044774553,-1.3911807990211118,0.5557249046984847,3.2119489893980435,-1.3950993333388222,-0.348129904794317,-1.021868696892665,1.1700654780680189,-1.0067819394517952,-1.0451769266581448,-0.2737502142428998,-1.1163851331638124
0,0.723506727120024,-1.5917262308477045,0.8759423656590738,2.880718687904258,-1.164451305610025,-0.0824263401785194,-1.128929525461151,1.2009189212160738,-1.0664242766635004,-1.414079655122987,-0.5727913514966475,-1.032235660621156
0,-0.7725035286910106,-1.7250651968294268,-1.7607397585157347,3.764805178245944,-2.505750827994919,-0.8857390998373633,-1.4231939562936926,1.184005738066787,-0.4493290164023341,-0.446586475649787,0.672184455336761,-0.0134256196331361
0,0.3415022563810961,-0.978680423364755,-1.7930528327994093,3.618645009784355,-2.1419142759506986,-0.952089046559538,-1.2412481684424248,1.3790165549745768,-0.6926544804404691,-0.2347605772634849,0.595816998737624,-0.1370532132876283
0,-0.8758663219498626,-1.5635612596593975,-2.3829772566674143,3.366170603356052,-2.1422298622263694,-0.6519797242082097,-1.5471548459080702,1.2802775569418965,-0.6849301923697119,0.1531629285276402,0.6648595305607296,-0.2748046487706965
0,-0.4445812435705233,0.4927938323000238,-2.20327222919386,4.522987596637263,-2.1047542198700278,-2.3270034102573325,-1.855526619867212,1.4211409381675757,-0.7342527563962049,0.1565560674412238,1.2481573376890878,-0.6480446978595061
0,0.9958266551144336,1.5077952052186072,-3.400028359481136,5.563266141735319,0.3343872389102048,-0.6561281691326748,-1.4209340626815377,1.342552526808704,0.4178557871586495,-0.6794133912397808,1.47376578589674,2.038149329232611
0,-1.1384426347668362,0.5884271291363868,-2.639491921940596,4.208007821081943,-1.3684195484077488,-1.385093979927248,-2.318434544970237,1.5365243920055072,-0.8969170333539985,0.2273882513298555,0.9978783276994722,-0.2185292086025509
0,6.339727671949973,-4.598230044261988,-0.166185669965135,0.0181061219440251,-0.4023170837295249,-0.5751441035051863,0.3779978787371922,0.8636552802841545,-2.063356206026118,-0.0067911728901678,1.3538811773097814,0.0640208685250567
0,6.736889453011066,-4.261487196750959,-0.2189994370433652,-0.1101480372235264,-0.4215985372134544,-0.8130294662336292,0.461055874439222,0.8191462567405481,-2.076751819006665,0.0330782167147057,1.018896905696858,-0.08104054636106
0,5.649477927619992,-4.381476416477788,-0.1819744974444671,-0.0759183600549116,-0.391685405898202,-0.2838125032515958,0.0661510060768224,0.6574519093145252,-2.087189865335456,-0.2654436926974702,0.7891433139256574,0.0600060662755963
0,4.066457945748354,-3.7906601650962193,-0.7532150745303542,0.5204213649554273,-2.1011181538325423,-0.4124794977817215,-0.3928696640927148,0.9964397671894678,-1.2399783967353846,-1.1225698076437642,0.8313604021407602,-0.8257674042180077
0,3.79356390791648,-3.4611789862960225,-0.535525612577237,0.7521878500699908,-1.5445756969294495,-0.5108147216433941,-0.645311827324464,0.8907628863660739,-1.530690289467582,-1.2794530918626408,0.3217916047524398,-0.6640200979529487
0,3.2741126435694823,-3.8075188531190993,-0.3442508902350242,0.6548628351535882,-1.683506548098346,-0.4581667142825225,-0.4461946101161046,0.4595470820572689,-1.6192212698023316,-1.1150698387580058,0.138715726498103,-0.9217808929327432
0,1.3034992105200514,-3.434733486271318,-0.2919056513402139,1.1606594890598287,-2.277680478012398,-0.7078213022277811,-0.5551373445946663,0.489426313023247,-1.5151431865689564,-1.0919468331034126,0.0876722775554287,-1.2516875904046294
0,1.0371987627803911,-3.418339709247537,-0.1984632563806601,1.1909936692382128,-1.8845304040810735,-0.6054538647679977,-0.6070047990246853,0.6166117011051869,-1.306950213079408,-1.440278390385859,-0.1900775435957911,-0.4971041964729111
0,0.7302860860915007,-3.5115475794244104,-0.6195481681730101,1.2304318056056045,-2.4515043600544124,-0.9530739686529868,-0.453861440851746,0.450435102987935,-1.0566553154093807,-1.331136630498832,-0.3151489158575656,-0.8152088606971603
0,0.1289165495504222,-2.452875792070244,-1.2185885111243957,1.629012601088938,-2.842726370436929,-1.3497349557719012,-0.6504118285187603,0.21483124115672,-0.8380522682068999,-1.561374103840538,0.3773630820208596,-0.9134043969896052
0,0.5631879611694157,-2.6274010143629205,-1.3601688561057594,1.833946766608497,-2.3917722850092344,-1.0848145611270756,-0.7692268711778464,0.6931107653838797,-1.1781304212555377,-1.4907751935679283,-0.0925178299107744,-0.7719852036739717
0,1.1735937455489105,-1.984523646543024,-2.132904562648274,1.599629544041294,-3.624113878356287,-1.4595888058077515,-0.5481447915113233,0.5912404045069906,-0.978520623081933,-1.2270642320062792,0.078225953786839,-0.9859223573759168
0,-1.504649871605109,-1.488912442890132,-2.4368097728363525,1.345495848632425,-3.596355255173729,-1.8149052922281497,-0.4365325606747252,0.3886126922608351,-1.15378640754054,-1.0264822667737863,0.1196118782275051,-0.7612010385223589
0,-0.8637350267336743,-1.3053084570606943,-2.3898182813926465,1.584607458164881,-3.3628497935629524,-2.053876325586088,-0.5393101041389678,0.3842037558465483,-1.2371765244850923,-0.7863592371362289,0.0729587833745028,-1.121764165719509
0,-1.9521402880092256,-1.4445395738210662,-2.286845212129534,1.95167406975418,-3.3049488279988157,-1.9946294564641605,-0.3436590508631629,-0.4985266526107013,-1.6099757238763504,-0.8447641843539954,-0.4983803063660312,-1.2500469822757896
2,1.031938499284892,0.8637240106117315,3.17567257711732,-2.8337514324907103,-2.37373534317085,-0.9506295920456972,-0.7982843270922082,1.1976453348717186,1.298770475378325,-0.2537027107588037,-0.200922662044187,0.8235758019460782
2,-0.4238573911759336,0.6140998212789457,3.462841535943898,-2.847253142205104,-2.070282663040314,-0.7049317227725285,-0.7067335944569789,1.1052929974263848,0.9737250193027812,-0.2057619832756076,-0.424939355936935,0.9213114767240196
2,1.2878495235374567,0.8519078814344395,3.4573532923886465,-2.8803222134000896,-1.9818661453398976,-0.9944061228929192,-0.8559805180998181,1.271790630662169,0.8256392282473531,-0.0346077000156315,-0.3808708939845346,0.7746153960666953
2,0.5112050404442084,1.9608500089743528,2.83128725043927,-2.2704850574853577,-1.5244025059940318,-1.2364582526563055,-1.062537440255698,1.2736762649346864,0.8601627084462081,-0.2667228867493726,-0.2940117455728923,0.2767262424323803
2,-0.2041768843226284,1.8038696178567013,3.0493340210319886,-2.089430448335826,-1.3588869522462963,-1.203851606299668,-1.1159644609526695,1.1437796381044765,0.5352294003223664,-0.27630516031058,-0.4095393571462794,0.4781858429205862
2,-0.5155616224198032,1.7184801419597515,3.7414342610804727,-1.7012677090143504,-0.7856812834288354,-1.4102324147528569,-1.401180405630588,0.8649931262740755,0.5827492767585087,-0.2287503086952388,-0.5707841747870814,0.414440440432651
2,1.2384230857765277,3.3383650797735984,1.3824132897849215,-1.897646998689478,-1.8324014651790792,-1.8701097039041112,-1.3146031862098757,1.5859722626406911,0.4682789277338241,0.7620633196918447,0.0784035143915033,-0.1016933509935259
2,0.2057145916502912,3.1462283185368087,1.4830904693362963,-2.0937853043674357,-1.8528415975810837,-1.9555529040373028,-1.0841393839086555,1.173109247857935,0.5153788520886152,0.5383028731599561,-0.3918398304721869,-0.3289785341063088
2,-1.3616091872064946,2.7943684877928665,2.373921974897033,-1.6164920385135857,-1.5226066021962918,-2.075155784995282,-1.31897718683128,0.9060507447564926,0.3568819614809282,0.3173086773049526,-0.3732126036747306,-0.1499852032106771
2,3.1776204144171447,5.0780331377795065,-0.6382205265016834,-1.631059131817145,-1.1636854732134705,-1.9118509882854071,-1.8135941260083617,2.0407861599147488,0.349006090269723,0.7228197782942019,1.2170892646579643,-0.2498198717915383
2,2.0499580321065056,5.123893926699801,0.6252100418160611,-0.8343569040280668,-0.5340371411886875,-2.4054801669149595,-1.836808147582796,1.4733148601204986,0.1922605700377314,0.7334890927325356,0.4616365653717113,-0.800767655289419
2,2.3979197658792364,5.260982750827453,0.6678266117872638,-0.9845693151077346,-0.5993790080623301,-2.0871432488287844,-1.9325849275233409,2.0797678786315803,-0.2638169711384666,0.5782807570874642,0.7824053884834495,-0.6902976241202512
2,1.808312945416036,7.170197868202126,-1.265950857643862,-0.6660013439858519,0.0177302447377079,-2.739799980040408,-2.0693083656770264,2.068599322011748,-0.2635503995262946,1.1609877238230868,0.9333200816061724,-0.8020225001985636
2,5.249568602274525,8.145723243570341,-1.91944048745464,-0.7846407274308949,-0.0123746468019392,-2.443592072910985,-1.9279677187968445,2.5927841974978154,-0.5774765098900115,0.9672029260049124,1.4254257737202978,-0.9505531375138928
2,4.559194976279144,8.166975957216323,-1.4587440343248037,-0.0007474831996501,-0.0650591468330774,-3.0773736232213262,-2.10798405412746,2.0122388499405224,-0.7134848035159631,1.242381027132028,1.1794477105608865,-1.5743547733898526
2,2.1821296000973125,2.487662332354644,4.969349551616923,-0.5743307812504308,-1.6268868575668776,-0.1533675833943351,-0.7246193999170877,0.6518929361055739,3.5464606987606766,-1.0724950971738094,-0.5192528939962059,0.0132482815321757
2,2.2234130476257463,2.1567500692627464,4.160417113634066,-1.4617500444387126,-2.309469334417592,-0.0083759911618588,-0.3039067147610299,0.509533028621305,3.3421184637592405,-1.110667510370008,-0.3610073375920507,0.0226190337709887
2,2.5153221284080027,2.12518351611653,4.167169705524328,-1.8845462748921216,-2.633705602427716,-0.2367038361118338,-0.3446981584084164,0.709878875852465,3.0859135764267056,-0.8725282016790352,-0.2413818253790211,0.1025486236997006
2,1.575174613963479,3.86503413750214,4.618304863939607,0.5196231344469945,-0.1062350313340466,-0.5394819935552024,-1.129075729542395,0.8875772817552177,3.7207049776338494,-1.0181752873177496,-0.414200519434204,-0.3593057850891683
2,1.8511175908778053,3.739212456889452,4.122140736362223,0.1571760998940404,-0.5340321535065141,-0.3889543747821334,-0.9443424512211752,0.8418722610718236,3.398079634351623,-0.9301398097270294,-0.4845100260308909,-0.1838097128684213
2,1.137299015415753,3.6210476626193455,3.923633701725104,0.2734039282540633,-1.0476236744636156,-0.7529589443177912,-1.233219767868914,0.7052466427415954,3.542484963120177,-1.1872074833659785,-0.4999023208496206,-0.7926600764436679
2,1.2684454608904148,5.153078352266366,2.0842718065725183,0.3629757775704679,-0.6500856216893973,-1.2313976031677256,-1.3723322401199811,1.009748029433827,3.816510097018491,-0.0151563997120303,-0.1385471833995011,-0.7653564590108362
2,0.9493797221849936,4.439709551322605,2.1240638976386803,-0.1585137725087299,-1.0106786093694708,-1.0754647935184964,-0.9218481135514616,0.66003171635228,3.465312249502681,0.2804229148299332,-0.395045329860601,-1.0639934021267323
2,0.6982631389794313,4.621246844670395,2.389706445396657,0.1777514702772107,-1.320891732693234,-1.6490119397939569,-0.8762198649434417,0.6406950127651176,3.129687987491564,0.1472422416771626,-0.4386485948822218,-0.8839786814629497
2,1.0854017316469255,6.688640016513276,1.579887694562613,1.3711284861900457,1.310530449117685,-1.3007087826742765,-2.35692246302846,1.100639545376711,3.710156695342356,0.5944333862641847,-0.1564873290153596,-1.4453554608896038
2,0.6939442320108621,6.675779384083385,2.199265863035929,1.3990111270557115,1.984045069577084,-1.260652051037637,-2.3420222018292125,1.360872065058237,3.861574898362353,0.9205744164287704,-0.5239154199383171,-1.1710084487361023
2,0.8032037987748051,6.418077790649274,1.1560345629271125,0.7203572268113397,0.7392569830857096,-1.2971197371520131,-1.875071292372317,1.2157333511659114,3.317083215578095,0.7567326333426245,-0.1581564166261182,-0.9674885601788776
2,1.7424973189817394,9.478159524227353,-0.6467413129527896,1.9965739466840435,2.912423404229687,-1.4934936581725613,-3.2460097485423427,2.331561182281986,3.47939786919848,1.7889323076144057,0.905601686199608,-1.3961990097843506
2,1.9307403658594784,10.081395124125494,-0.874316654740199,2.5669253812737645,2.652792588812276,-2.2650253714891457,-2.812377316590816,1.8911060470881105,4.156736930434606,2.0324138293426586,0.1176086975814312,-1.827990162051284
2,2.768049543343412,9.584123974334757,-1.163892044719195,1.4416179763581525,2.0964932714598703,-1.98486535229646,-2.7569212933545484,1.9201314746571856,3.2902248119058704,2.0374127245175164,0.6284980294097918,-1.6628196317729234
2,0.0741984169062247,1.214807954938003,6.21590329992833,-2.9871917598006,-0.8159169680710107,0.551141104658861,-0.6719456292638082,0.4888097005602817,1.515162191526476,-1.657738970066768,0.1896095445038128,1.62470297444225
2,-1.3402111375484853,1.7515713266002937,6.871089148003024,-2.377386668617436,-0.2183267465398609,-0.0003083011239516,-0.6916801616912649,0.632298622599789,1.581251351103587,-2.009798446878095,0.1463213553593902,2.166999617058488
2,-0.6932912558450595,1.2323547738037253,7.458562608754874,-2.029133496797097,0.0395565209358419,0.4206611942430855,-0.7425454070338068,0.6430783844805289,1.5913616464882514,-1.7478432686216574,0.3531796815415599,1.604941586656203
2,-3.895294390365618,0.4533000571533515,5.208597235484604,-3.643448007748924,-1.4116592948965618,0.0521956544458121,-0.6944937450089015,-0.1161813806843477,1.6978540189360545,-1.919903785916432,0.0031405200757589,0.2355726504680823
2,-3.679917683630853,0.3817552052911954,5.718117047786093,-2.951541829319269,-0.9216533819258892,0.0201838793266021,-1.0486749755753078,0.055908576492257,1.7176488202853049,-1.4184448487423076,0.2835105189264033,0.2829331549683166
2,-3.6361392290549777,0.5748764580511293,6.139790953702276,-2.719810670317453,-1.089120603159555,-0.2035229340201823,-0.8473164472115556,0.0923982627380508,1.9426994425267976,-1.8274293331044944,0.2924835385691075,0.116887352812959
2,-6.663481365707759,0.0508473306139553,3.836421892221639,-3.947115697153841,-2.1279951191040425,-0.1431401617390542,-0.4199804976100649,-0.3684222313325127,1.360158566023541,-1.552621959663817,-0.0836451774866021,-0.3242796453046793
2,-6.870449455862393,0.4694165623189391,4.7254321227788285,-3.260888529877382,-1.071153327014226,-0.3776244578149751,-0.6648898175228519,-0.1868663530087817,1.3153189129589176,-1.941033315712348,-0.0630928819118914,-0.1225116073634666
2,-6.736951536005375,0.506736079326494,5.167550571358477,-2.9391818228761664,-0.9806604593278606,-0.4643493485593391,-0.8758145611250536,-0.1408506327324691,1.6719177014203377,-1.6993206161453829,0.0016281240658309,-0.276224459501658
2,-8.819816016129888,0.7179238199298077,3.421986454555052,-4.003385846113739,-1.7027858898517798,-0.4571355557870681,-0.5638093239997689,-0.2145270245311251,0.8045492229593908,-1.7848736694484286,-0.1536445741062967,-0.8011150267494902
2,-9.17813469228844,0.7916076023360414,3.657727192693445,-3.7982534667810577,-1.194426360783857,-0.5332484047865286,-0.5113289587855956,-0.3596934435111713,0.5829925621414094,-1.9231149399875724,0.0793093196586259,-0.4945741077326861
2,-6.958390619497682,1.4919211631551437,3.6706445919218047,-3.215785346396593,-1.068199877279986,-0.6192610748978402,-0.6306790633121981,0.05336399143066,0.6057862378842835,-1.8654118178020895,0.1639323702500489,-0.5677391321763134
2,-11.925998619991566,0.8716508996079126,3.2413952775364514,-4.161927323568668,-0.7961109458766323,-0.6574778185865815,-0.5003014436408191,-0.5655457630386505,0.1961087978398774,-2.057525375533157,-0.2486084476182735,-0.5274192325547183
2,-10.49753886807483,1.7185820412582076,2.681463220785112,-3.640621903083989,-0.1513705401545408,-0.5625153871966001,-0.9052317535438092,-0.1278366877601855,0.4626600773509936,-1.659806863729471,0.154187231973848,-0.4283881272497346
2,-7.696372401824836,2.453899689871777,1.7197904576132528,-3.8305419786922217,-0.7017220293273781,-0.5010781438942594,-0.696891573701356,0.2030194657927681,0.3388073739152199,-1.496745519220595,0.6836591992456188,-0.5692643900238818
2,-0.2947205343186546,2.0173805795953754,-0.2353663327362057,-1.47645951324533,-3.3067248451391875,0.8318151130990188,2.206892778452214,-0.7051273497389451,0.844450989533817,-1.358450082194599,-1.6061691149030166,0.2744597225914568
2,-0.027854768486875,2.190363698877537,0.0214866995209159,-1.1133059812326875,-2.848642642982166,0.833944275472624,2.177403456995569,-0.6747656597717455,0.6830255046215342,-1.3775640414316177,-1.6320850667569875,0.3748529307667093
2,-1.774082708075012,1.6418392138645097,-0.10201800162656,-1.2068135872878216,-3.3659718119189272,0.418056651037846,2.395746176320923,-0.8844098957947463,1.3897830573016683,-1.244798272194154,-1.6854181261281955,0.6022103917940781
2,-2.2475919548833163,2.2688369132367088,0.2684266904313842,-0.6798990889055392,-2.7311989806632933,0.2491304728100725,2.000759903944098,-0.7787985321083749,0.5649553468575906,-1.7132891807568724,-1.5786472120915458,-0.146804631634759
2,-1.6959949871629425,2.514762985164767,0.2247014577248178,-0.3792589556580873,-2.970035629669849,-0.0097806036256702,2.224288550940426,-0.6861267500541863,0.5519015451223154,-1.8353729376353929,-1.3795169959295692,-0.1495145760020927
2,-4.4719220796111525,1.8860210137421132,0.6007498780602295,-0.9480235292387325,-3.1189183081960112,-0.2149709260439327,2.219199128037685,-0.8145684374453953,0.7131080670875487,-1.7097113290645676,-1.649122649267206,-0.1435410602694324
2,-2.9963795246978844,2.912599280688522,0.0837216181323168,0.9422999704289255,-1.5221646690646589,-0.4463843391323728,1.916614152951686,-1.2980605658289277,0.5692139132086061,-1.753723563824143,-1.4273531511909343,0.1404503584495448
2,-4.45611843695574,2.5705766176845866,0.6364214400095399,0.8124137035287246,-1.4111871905004765,-0.4651629813039613,1.8374101511102048,-1.351258729397142,0.5229613822068317,-1.5957877229644444,-2.061287460252124,-0.1536848226781215
2,-4.310429495841672,2.6338026008226225,1.0054857136329154,1.0492691614421632,-1.779106996689256,-0.7059496530087513,2.045924374390676,-1.3041682048145484,0.3214528256332286,-1.8937046783466305,-1.9439364681505868,0.1130597613286325
2,-0.1334023534496443,5.613769245646883,-1.9363896287712885,1.4137444547768807,-1.481676125719549,-1.290885054097234,1.81037650368879,-1.126321312668256,0.4437280563135048,-2.060393599557024,-1.086163823873425,0.0999881060523872
2,-0.3499518858284887,5.601299536269669,-1.4001849268392774,1.6312914338508469,-0.6930848555347832,-1.309133391535309,1.4928070025258875,-1.029239773272366,-0.1803690592556464,-2.0046277357117086,-1.2707602456025449,-0.4623174063167037
2,-3.691605226831165,4.682888641955677,-0.5291557642137928,1.8704528063455772,-0.9495342590715496,-1.6262618582208743,1.2430914290740436,-1.1689809477582989,0.1459767010846998,-1.8641373855973664,-1.0798530447349224,0.6047788421165261
2,-0.3041319782417574,6.333985376687067,-2.647605177228747,2.084349073476596,-2.9931477181532817,-2.526969516558085,1.7138717195695945,-1.5557871583304874,0.081019379443378,-1.2948553201731283,-0.0026181063664817,-0.9374022932817428
2,-1.8936514774669215,6.443279163651623,-0.6321677455257539,2.8976813493772213,-1.1820868517196073,-2.456072565200543,1.6727368045344275,-1.1587789768937615,-0.2997883251196445,-1.8527233377930203,-0.7607167966869658,-0.8503406181691584
2,-2.556691349560963,5.849769675570046,-1.387326155394502,2.0709971842049444,-2.122842329517568,-2.5754863295560786,1.5750895827395943,-1.036886616391329,-0.1739056683429625,-1.4723333017396332,-0.578105620824884,-1.192980738420395
2,-2.0852147702145998,1.9894304933338287,2.5784834926019253,-1.589214894381053,-2.139616155579661,0.034978913917133,0.5173031526785516,-0.9957778614522712,2.39182558073652,-2.138846940815595,-2.106771446003185,0.0967640801850011
2,-1.967611069561287,2.233470979818748,2.785290935920304,-1.090891530116238,-1.874010491956904,-0.040243887108847,0.4695742878226197,-0.9270382760364432,2.2616848221253707,-2.0853668264052088,-1.9627921388202043,0.2208648911395828
2,-3.955199109098005,1.651306752514663,2.9120801572323507,-1.04535092239129,-1.636923031793283,0.0589288355371144,0.4834642682299734,-1.317240884305105,2.333446507497741,-2.3033077197800456,-2.132803013988044,0.1926463554933674
2,-1.339976565393416,3.52881557371492,2.075073111729252,-0.6654106272875688,-1.6171241005077852,-0.5325441900367586,0.1918690374443067,-0.9130708877159528,1.8215096160224984,-2.5702348289786743,-1.5685726936713895,0.0720218583525691
2,-1.7181290949093184,3.244554514105592,1.8413912453848595,-0.4114349193499002,-1.8074565040517492,-0.6310668231910513,0.3186574592556709,-1.142570223739918,1.7989650594165434,-2.247181861880372,-1.7081696581466683,-0.2265318878635908
2,-5.188793291775512,2.402456853307201,2.6458329013994466,-0.4044174248508169,-1.309157692430885,-0.5724481687346639,0.1818817931502781,-1.2320391055170243,1.8261467271186025,-2.6504131688830666,-2.0195157489793103,0.19830284448882
2,-1.2483633769435103,4.962202594576055,1.6853537143447512,0.7418909807291052,-0.8765571741369803,-1.5468638091412006,-0.0780473149913766,-0.7398607501001625,0.9799478210656448,-2.8693390311982507,-0.944554923985561,-0.2053138414377889
2,-3.45544926900118,4.015207144059477,2.8655615408671755,0.7807457183280325,-0.5066850314663727,-1.2742033705305702,0.0888904804439982,-0.9816384731612476,0.5846735223130076,-3.094154029921035,-1.1222776200308224,0.1408062878165796
2,-4.29987992009393,4.105041081136731,2.707273302651635,0.8232364040690827,-0.6112987510602526,-1.4182724158517217,0.3343901289101488,-1.466217242967083,0.7977732372166404,-3.218343395120495,-1.4802442077591011,-0.2009532952733328
2,2.9042661387369155,7.227219594155432,-1.8401634855595956,2.595881288393978,-0.0265251766719464,-1.3443048061996066,-0.9521417318244484,-0.260587209243148,0.2303193398972743,-2.224611604752301,0.4525596677324611,1.5894922208782871
2,2.943148802133744,8.205101424365484,-1.8968801271846083,3.3563223468994674,0.3156371049256281,-2.1565399179925557,-1.2648252130407835,0.0788151940191172,-0.5269484256565568,-2.194917290035591,0.7656658266187516,1.2029635104300676
2,0.5135046118794008,7.439961868701278,-0.1710374283357203,2.712166985605715,0.1457937836088044,-2.825212160369592,-1.3547231726830913,0.5930750320227565,-0.571860399104086,-2.2912362117586533,0.3737887090102023,1.641945546832094
2,3.651381897011985,9.079538240592044,-2.192214105010677,4.703578552746297,2.0216615094750505,-2.2975771466158905,-1.595271644767804,-0.6896799197585818,-0.3431482796306672,-2.241353674442047,0.378327043143993,0.8194102688375343
2,1.266111116285518,9.25644402722447,0.0265522986126034,4.32610015444106,1.9058822980316044,-3.0105267813210066,-1.2767688378935271,0.4990883988077761,-0.6839222947705156,-2.480159801627768,0.3303355169446222,1.1286492644509791
2,3.078712765713955,9.801856282195036,-0.7863019637886036,4.548168116708301,1.303899423028149,-3.929389124085682,-1.2991100377834692,0.4266829650245606,-1.1354473278036967,-1.998206827832382,1.0926129891609313,1.3093344810407448
2,4.7213544361895545,1.5018419605708069,0.9285220295564882,-2.828865663926849,-1.2064717544973966,1.8059277240313711,-0.6861467098557642,0.6047045987935825,2.676818542597436,-0.6873996858234696,-0.3697589385462152,0.4730567911060594
2,1.2507348181839908,0.904493572083318,3.134530353542328,-2.225262997096848,-0.4326755354687274,1.378306064647652,-0.7172976073950028,0.5099773620461613,2.6592551991759894,-0.867344355099432,-0.8278180464093554,0.322918606120849
2,1.8928212377467732,0.8608669591942842,2.9778794153796007,-2.1800134957876813,-1.0900414567709913,1.3024001587996563,-0.4781686104686915,0.5015395467235076,2.2589694408063856,-1.193558217585135,-0.2809839399133498,0.2688924930374936
2,1.458515677178461,2.2912991240570384,1.1740460348236033,-2.064268366431917,0.1104834184424548,1.1220429805467638,-1.071163207099663,0.5941319051280584,3.148865236386095,-0.8075359512449068,-0.7489355670310771,0.4952040498806886
2,-0.6499234044984354,1.711564575090798,2.1903545607771218,-1.8283356050074748,-0.4862643653115062,0.6591297372554759,-0.9533477995807056,0.1808782598423248,2.8578452373105843,-1.283498522321073,-0.7955711707434581,-0.1346472404623991
2,-0.3884176553635318,1.9822951891641811,2.867692835617137,-1.6860680743647565,0.0217909609665023,0.5949118888718143,-1.1904420780641929,0.492771855845637,2.5992377404261826,-0.9211341594327472,-0.6388769811195026,-0.3446696126444496
2,0.026657921299462,3.0364145660294874,-0.2710209856410105,-1.7484158167709851,0.116724238372574,0.813968942377943,-1.4991448661872202,0.663952190161718,3.101890083513689,-0.1910021497969484,-0.8429253279496912,0.1616678932710852
2,-2.340255961500692,2.704086242058409,1.5036972568991678,-1.348230350700083,0.3610383626195351,0.4876734025513116,-1.5946825293717404,0.4830820556906564,2.561497249823321,-0.503973754660969,-1.0154439097038106,-0.1683259333891504
2,-1.5129219427813254,2.751520854884892,1.621691059679083,-1.4025860948206044,0.4293918393674,0.2777734537714973,-1.3886150421250414,0.2989820037406834,2.668275750837597,-0.5556485913102522,-1.0161654766179968,-0.7745201065218872
2,-1.7362862426577268,4.164722666121742,-0.5019538369060943,-0.5243996550532362,1.484502381244197,0.3957759894910421,-2.255616380851236,0.5618832773880642,3.4991724894008223,-0.0018519276906512,-0.8748943042600442,0.0298203719045972
2,-3.066884874275527,4.490631673711962,0.625993568937377,0.1462088672712313,2.32511839303852,-0.3116002042869815,-2.3993314088744317,0.4454354013809743,3.068353606271065,-0.057334945474819,-1.27595454218795,0.0146207027611787
2,-4.186403633773367,4.016903382423982,1.589597023451956,-0.2743021531070856,2.1958705904601103,-0.3528816017359173,-2.165874178839974,0.6472249050589032,2.676514588317651,-0.3127982348250842,-0.9613515907304576,0.2345097291342018
2,-1.8103207581034213,6.1923132254395234,-1.866747896820672,0.1962392869471155,3.350688185341979,0.114799563177486,-2.9043886832342074,0.903721406945775,2.967721345691205,0.7027489740170444,-0.6771927661346551,0.6773785145871941
2,-3.0139420798340053,6.0569622038126925,0.3836800885385482,0.6587644473243601,3.1622951468346474,-0.1962109641759702,-2.7080716128191864,1.0570174104599086,3.3228286228044825,0.5530849005731918,-0.8160597258778,-0.490570269623175
2,-2.975875940820272,6.295138017056226,-0.3480521170906372,0.8036424340544894,2.9446798259281683,-0.7579486043476783,-2.6388466467993648,0.9942862745562786,3.283792617562689,0.8911711389647525,-0.916149781890094,-0.5270276970419433
2,0.7218056442525571,2.050064342768221,-0.1568913096709457,-3.9149858588564297,1.5556595887824505,2.953022481154241,-0.4557565356937384,0.3814097045424324,2.9047567052711165,-1.5677185923688075,-2.41704570891869,3.140298528722073
2,1.3162175221840209,1.4477509706859513,-0.3690377752860401,-4.317146433961411,0.4329336741707351,3.096293496361627,-0.5270875900971378,0.5103103166324591,3.0158638913196025,-0.7634066534644451,-1.8720880833575868,1.754602395558207
2,0.5388040801485189,1.3882553354757947,1.196991536024722,-4.102831702850309,0.052856300584179,2.482297880199059,-0.4917098011170657,0.5768207031363466,2.159977678724979,-1.0807832305093985,-1.7171915075113222,0.9551467505347994
2,0.8943955317230257,2.8449169180498424,-1.2645622033199289,-3.4621932087146434,2.1287234304262115,3.0783662634864783,-0.425742719972524,0.3686074938018878,3.524986300827522,-1.4626940775659472,-2.0607094883608665,2.1005707069844326
2,-1.543948668887928,2.1668123203828373,0.7872943497745059,-3.8668605865633694,0.962708777051549,2.471799725571437,-0.4296892177022786,0.6933563346836874,2.6129085456192174,-1.5899090016697806,-1.7502158310510574,1.5771201504399623
2,-1.3933561448437346,1.7873246140201462,0.1844983277707234,-3.425075698985548,0.2082832339981297,1.957971170014919,-0.5975010869809619,0.3665916542054893,2.4926131333681605,-0.675423921018461,-1.5199768822678823,0.3655913479342963
2,-1.7443148754633475,4.053222577490591,-1.6807492878163015,-2.926611220603517,2.4988799419154546,2.3957710754059094,-0.8046535972860832,0.4348606795397551,2.802967197508432,-1.8870834396520448,-1.8600535296444969,2.429971556835002
2,-2.337705240109938,3.393813748773008,-1.3625729489489815,-3.4876667006778197,1.2356968339915193,2.191129354557423,-0.5841598238851807,0.8111218392704891,2.161727685047237,-1.0413218205906898,-1.22964608069282,1.5039351417765792
2,-3.136205521360844,3.05875846061314,-1.080699614518683,-3.2768257936930265,0.9346627260836272,1.791788906712365,-1.038508088065906,0.5214898433446247,1.926227319380033,-0.7997861394216897,-1.5452360643013905,0.7190764065911893
2,-3.6697581949276974,4.955559828266776,-2.4921468086896343,-1.8703713676683549,3.496618574791295,2.5443926993189696,-0.6837759003891157,0.602253795976291,2.62197903672601,-1.644824586303815,-1.5930486134934578,2.718397788494184
2,-3.071886050300274,4.832999427707593,-2.496824433022373,-3.1146397683167004,1.95362189504298,1.7308462891300047,-0.5418681079512474,0.7908058817000281,1.2101874437727604,-1.1937963088641992,-0.9796622703357172,1.0304342512717184
2,-3.8530372480142367,4.665806276574765,-1.1823253313888578,-2.765052132970155,1.3470083853075916,1.258142861415775,-0.466107002371504,0.6352006742519166,0.5872230267251981,-1.3308419461876273,-1.4005527296494609,0.8572551091682077
2,-4.374251274039695,7.020128469362326,-3.2399439418738023,-2.2355318538529443,4.426633352834661,1.8586641507024075,-1.51144655868217,0.9039791221275824,1.8149243520091631,-1.6431254359405754,-0.953884712406123,2.336653436659125
2,-4.930544997638095,7.14746757272946,-1.8095915008611188,-2.04089562855342,4.734373093685736,1.8822015201133293,-1.3846840331845485,1.3966852011323188,0.1917236926779806,-1.9806058346177655,-1.1514793910583672,1.2544270401659
2,-3.39060850138904,7.025724700837805,-3.2596121238124485,-2.5599619269066647,4.065797965297608,1.6360964962550313,-1.815125537543809,1.2961893930791044,0.4662918282003168,-1.0199050809006436,-0.5785883513773716,1.2677205667053244
2,-1.257793964748277,-0.0630924786762562,0.8919163191793986,-4.20663058936148,-2.0320383347110225,0.0206674742946124,0.3326754773638927,1.5224690387516149,-0.9130025358011546,-0.3409462963767287,0.990497768605674,1.0670465007535126
2,-1.4174484573523791,0.2380655911082116,1.327893056256736,-4.286908891495306,-1.6496190781178086,0.1008591499082764,0.1432955941190753,1.8126770302101505,-1.1363417427848663,-0.6023160746068581,0.921544654931014,1.4172676382247906
2,-2.3664260998206803,-0.1167776663988078,1.5051816039924737,-4.285099093633486,-1.5867510915892389,-0.0230673363459061,0.080783829285097,1.6769125520474313,-1.249436710745547,-0.668396333864688,0.8191073296703496,1.4288648934971602
2,-3.4498426786982725,0.4267463294379945,-0.7513241230587301,-4.4199131180473525,-2.0456927301053587,-0.2211186970990581,0.2641775566776291,1.3563032657016882,-0.5413256748078439,-0.0996072993480189,1.0976359149493902,0.4473389565254473
2,-3.5778839625405423,0.6218965083898905,0.075165139988728,-4.504583752193456,-1.7554859597080796,-0.2343126403040493,0.1970278953828363,1.5819856260748373,-0.916108294757526,-0.35669420287617,0.8546966848562593,0.5935431697455115
2,-4.078542964138095,0.2412706583079036,0.1436604916305379,-4.399011406769813,-1.7975184007576326,-0.2741520233497661,0.0497840239829651,1.474197609197045,-1.0726435008281336,-0.5141706983981996,1.0272241719952135,0.5207597733023166
2,-5.147675449173997,1.2249883726971045,-1.509559883662218,-3.98177913020986,-1.95718003079977,-0.5927492431243276,0.2390325589813325,0.993263978216092,-0.6373922311281646,-0.1589050798765391,0.7762752396404452,0.1927307350306456
2,-5.561448361008221,1.4972353773281726,-0.9452415751929812,-4.295213650803584,-1.3967161972562363,-0.4232545871160869,0.1519767910979171,1.3080821264919236,-1.3783451837412173,-0.3055545805795905,0.7520962184477546,0.4189657757295483
2,-4.178628244862225,1.8297955223787945,-0.9767543445658928,-4.205353658020788,-1.391720611346128,-0.5131681395177868,-0.04632087293458,1.6116721444546371,-1.557813561395353,-0.2943527113987669,1.0455125950878392,0.4111536262392638
2,-3.788088417472512,3.74467535346191,-2.400505315874621,-3.857233524776927,-0.7829787659940955,-0.858002297842331,-0.0363254172468444,2.01823958034354,-1.8012371809269938,-0.1783032732577315,1.350185326697587,-0.0206724924548381
2,-4.832116288574381,3.5488337566092936,-1.5832434344435178,-3.779927609527489,-0.3933429060958824,-0.7089389459149469,-0.1799965647452309,1.8854988820063256,-2.227603093990073,-0.52184052431454,1.0713728140300485,0.3144075402773926
2,-5.316593964910762,3.989167739798212,-1.1101304498677758,-3.1745954355520154,0.1147950940131554,-1.0981906185688295,-0.349795962941642,2.0304185899649987,-2.280790287923708,-0.2025962626585894,1.1470761699253555,0.7517458138993219
2,-2.696000017075509,4.781138915714909,-4.773070479138939,-4.588281241253833,-0.2693557415147321,-0.538737906932404,-0.2618275315816978,2.452938729070474,-2.2287217945642697,-0.3901797482628313,2.322583628946912,-0.4792720270403731
2,-4.214692520006007,5.369075338738799,-3.4638461035928145,-4.313781970625558,0.5300590610163802,-0.5019325362758886,-0.6259354816678092,2.4666201490269573,-2.790439293108978,-0.5379790126302194,2.088091335691754,0.2237363584040564
2,-5.45209721643628,5.121054763647236,-2.016887168333476,-3.5536211712926566,0.6964973285340795,-0.6547101941710348,-0.9394614073254368,2.2795424888779383,-2.847324711498974,-0.7253436585218176,1.6761792304443195,0.3139166629526482
2,2.179121736513657,0.6763499507110545,1.3313463838507635,-2.193322617305927,-3.893232571922943,-0.6079048260135976,1.0551372936693142,-0.3953488528326421,0.161860093329958,0.272863674356563,-0.4538741532806851,0.0416116626629566
2,2.418373408613454,0.8149121932272482,1.2660366778707015,-2.390072850582921,-3.9720557587518783,-0.6520222212903796,1.1819796149895616,-0.2083352219115372,-0.1448830058524308,0.2433966785866261,-0.3495376246229927,0.1690195525763636
2,4.815889369100304,0.8942691015227093,-0.4555125426359509,-3.223777684996408,-5.038186678778488,-0.7389420210339598,1.4082787057868935,-0.1786596391687217,0.1338971883241865,0.9071113859871948,0.1590392903018832,-0.2252773663755831
2,0.7594701099554767,0.8250931478687595,1.6715401037688915,-1.5652194145472362,-3.3445210500476152,-1.1092750538598917,0.7579049289877824,-0.6174634131356977,0.2706542886460749,-0.1804577195985444,-0.6633939229492842,-0.3627771657719514
2,1.7463741372096602,1.0353329617994265,0.8737422441648561,-1.56552991634632,-3.96208194508444,-1.2731840989954075,0.9382234049531823,-0.7225801210221907,0.1284878003182625,0.0229184558838531,-0.4369433116105811,-0.3009667879185045
2,3.0066534830452483,1.527356164486324,0.6822318918344463,-1.848186609308124,-4.151750808876659,-1.7216022796253228,1.0917372695841605,-0.5200865870513686,-0.1142460994734466,0.0892977185505142,-0.3266282078594986,-0.305992564302429
2,-0.2248461557193583,1.5877971101576334,1.0794912537487873,-0.4963227061634135,-3.301395322237759,-1.836999319446309,0.5948157162591584,-0.7125979467900567,0.1184415359530429,-0.3301459049445057,-0.8132370936572806,-0.322504736618126
2,0.9003506750429286,1.9043885773029063,0.9810645817612554,-0.6759778182920819,-3.2748816315368736,-1.9777602067588247,0.8605697557029071,-0.8731299211955327,-0.2615391119074055,-0.3141913381043813,-0.8204953437321243,-0.149358004475069
2,-0.570761175963042,1.659759938497127,0.9465522238194384,-0.8308922440779197,-3.3069531116074526,-2.2427204479740226,0.7036577703833362,-0.9485250183619524,-0.1626545369283928,-0.0067364407754266,-0.8698798113867119,-0.2529613351398825
2,1.1416679362322275,3.571841716410859,-0.8213074940069726,0.392084101714139,-3.0416445006039785,-2.2013596471290646,0.3970117928739079,-0.9333806494790684,-0.1150601548800892,0.2656436405460667,-0.5792931580822969,-0.5017116206910182
2,2.770096291149352,3.6079360488880856,-1.2039500551684008,0.2424664625180194,-3.1801072614208765,-2.249155185270336,0.4891543046177721,-0.7233067168348674,-0.3071635517776894,0.4494804587938174,-0.6674925879516862,-0.2684546352149585
2,1.0828764486189872,3.279855290167488,-1.0838512723609823,0.0307130639827988,-3.647353228653139,-2.979247233304501,0.4667706187306692,-1.2518013838219166,0.2295717480768547,0.1210501390886926,-0.6260872809478656,-0.5081369299286584
2,-0.6082293392165867,4.127258542052422,1.1281349294287168,1.7336553336337797,-1.6406253897748762,-2.683741563015714,0.0160463435066426,-0.4020940131731532,-0.6886497829660695,0.3265980310816369,-1.568753825798595,-0.0029063798666724
2,-0.6821483243691998,3.1585290095734826,2.1783407873397787,0.9645330254896802,-1.4704690431076377,-0.8892587139460888,-0.8594779888829404,1.1128336245594186,3.720074570045173,2.663731627563494,1.1073124582071314,-1.402258872961739
2,4.849736977696712,4.579001892176336,-2.4097260186305536,0.8623245901940659,-2.4845393179227995,-3.5487054510117915,1.0449421226369928,0.5340421200972454,-0.3001553556555682,0.5302697656217495,-0.9608609812117124,0.3346808130646785
2,2.696104312048255,0.0171912110698113,3.1209323605229287,-2.2799726567473835,-2.2385412777742437,-0.1672463036684318,0.7722789608035783,-0.6309207080307643,1.2563770544032111,-0.403781408179826,-0.7595605537653695,0.2928342672435794
2,3.8990518709438247,-0.0516514404897957,5.0694019669626575,-2.1398855167563524,-0.1964653742876544,1.7584208567673325,-1.4139419134762137,1.681509696837564,6.3274049038543545,2.777041753448865,1.8906478332191128,-1.249511653947181
2,2.8279994193684894,-0.2734114981883899,2.474242012230321,-2.235108016102176,-2.1746777806088917,-0.3679604601181861,1.0534211418467292,-0.6709766888302449,0.9766062060825924,-0.5204768678220336,-1.2118432956523535,0.6251015310314835
2,1.8781135473049968,0.9631156859475616,3.1802986600031664,-1.246566852965441,-1.50872966692849,-0.8403605804544905,0.4409097490696784,-0.6945553203541521,1.0000334720549544,-0.4048040242783343,-1.0300076538453231,-0.2267574611150196
2,1.847774251843916,0.9588628491294836,3.394250585599593,-1.683917889725523,-1.111183382195168,-0.1509096883238504,-0.2948227731961796,0.2640680894113509,2.3906299300050127,0.8091679836824589,0.0842567913580434,-0.632264715809142
2,0.0258162769122345,0.5042552614583226,2.614297805112439,-1.9771882633353497,-1.6582930222587535,-0.6721795085498194,0.6425128298189413,-0.7247113078994877,0.3974620572191312,-0.7736117703616608,-1.2995689000262514,0.4102233858256578
2,-1.2824638637111747,1.3582153611787335,2.201532255042331,-0.8014024749264662,-1.9322209662372325,-1.8726390858623465,0.2127723354124818,-1.1173391033876234,0.3665962526925428,0.0307582407031004,-1.284045043928453,-0.2277248407295434
2,-0.4708942041681496,1.3336731927996208,1.7956115362260414,-1.3842019529933511,-2.4396436617359925,-1.8085004173372088,0.4547403946393092,-0.9996988778006972,0.0290329652088587,0.1879888086793935,-1.4580344944783568,-0.1670953164320625
2,0.1872897684476173,1.51620312122243,1.0655654364407732,-1.201981778220746,-2.2943253131319103,-1.8692670984278767,0.3481541155121354,-1.3329953906472838,0.3291879808108645,0.1271624829207599,-1.6188234145202256,0.0013063259300301
2,-3.940096107354544,1.9618973228340897,2.279110706022297,1.4897679656093696,-0.1345787131862398,-2.2689405601910235,-1.085323757864256,-0.5902017835867285,0.4811371252126032,-0.0294443300177369,-1.2872505506383525,0.6587342955414961
2,-0.6800274077749685,2.71575142598069,0.8630698931577936,1.5141268898969362,-0.3652072510516796,-2.455019247444102,-0.9624840183534928,-0.5760157842843957,0.5412976736951641,0.3908783397830035,-0.6486139969388292,0.8613481884478865
2,-1.8227083933542163,2.421346332609557,1.0138621117519464,1.2544322734198243,-0.5266242963519866,-2.452901493662691,-0.9920245720216144,-0.1170945462846303,-0.2183423920529265,0.5942461038492913,-0.7548665407194326,0.8239058011504496
2,-1.4474208761504608,4.369166523105541,0.986965825899584,1.989604768454613,-0.3615053706104731,-3.8395011451023433,-1.2732848842345803,-0.7291106882702406,-0.5852465545289433,0.3762898195336433,-0.3191114998623662,-0.7175988187266111
2,1.7707299262957166,4.817411460717981,0.2971065575221028,1.4322710350798196,-1.788834930774979,-4.600849770569047,-2.012364680488928,0.5752590290139584,-2.146862578723012,1.3391594067828083,1.2123697174627075,-2.2417009295463526
2,0.0881431421901649,4.659217760682573,0.2482319648594408,1.8498891212115331,-0.4606158642273384,-4.074886518124573,-1.2552053026973495,-0.4584244298752326,-0.3910555607474955,0.7291705634394351,-0.4484817946931227,-0.4957966556401703
1,6.331190048592595,-2.978784537178914,-1.8781424758729437,-1.2454175369458342,-0.9854323860766254,2.282833283673753,0.1023689081731816,-0.602547557250798,-0.7167890002549333,-0.3177457064724449,-0.3338233164536004,-0.9115831226995784
1,8.136133526222668,-2.185365698530749,-2.312215658222426,-1.1696324020020012,-0.4522932750328591,2.1011408302150167,0.0945630003725476,-0.435019154605757,-0.8127511183571184,-0.6059947827711732,-0.2701341695998809,-0.3044708889283378
1,9.291837386945083,-2.2363032830234766,-3.802754880521488,-1.91134751371328,-0.5934775547310182,2.523646119105808,0.1877640758079378,-0.4284817177336849,-0.622813000765637,-0.3846679328955955,-0.1556483389196087,-0.2336723775198418
1,4.495200244375184,-1.868385738461085,-2.717037720416613,-0.7069600297829672,-1.8652223962693784,2.167565429460974,-0.0709717078204607,-0.4925753495939738,-0.3859484208864979,-0.7077778184720425,-0.736788085000413,-1.21352542487105
1,4.770541006918788,-1.3528664849827898,-2.720630927333376,-0.6044212171981321,-0.7439957382835536,2.471201798008648,-0.4291016664927822,-0.3167812730869913,-0.5388185045230682,-1.0291686197574612,-0.8426136888447519,-0.3736348195510033
1,7.173429185347222,-1.0677361089822202,-4.419475132646016,-1.1937469752569492,-1.2309708688325016,2.6651987296110726,-0.3460800328165616,-0.1976153224620097,-0.4870823659041187,-0.8567453822834014,-0.4507768765934405,-0.0897320948818309
1,1.251085763719853,-1.265881742556872,-4.014068610048921,0.1416235774710853,-2.997944332664368,2.119018860393489,-0.3675811746028516,-0.9060843820023948,-0.0868639663839957,-0.922684032585138,-0.6850010274176703,-1.2971945013331403
1,2.910478010871081,-0.4015939853681988,-4.889026254287179,0.0851533203389504,-2.273776805977937,2.364454742002028,-0.6443999059237211,-0.5657408188206553,-0.2068460770400552,-1.215143595313764,-0.7127777632905945,-0.9388336509634224
1,5.547166338266102,0.0608805017817724,-6.552270845904721,-0.3299254677413283,-2.1076377813367397,2.994732477792021,-0.9255576436930458,-0.4495422685849127,0.1675301997098465,-1.2601233996687262,-0.5075488477154393,-0.3848312051029556
1,2.4222275804460063,0.4256572418053107,-4.6306821011090085,0.6844722819855822,-1.6207914801110028,1.3254447734959836,-0.5702460789609525,-0.6974661030418886,-0.6520162620692797,-1.6740781852214566,-0.6834027809291613,-1.1229694337212863
1,3.177974868404851,1.0434137272113635,-5.159951823437372,1.008121136369218,-0.8506154258887287,1.5990357223040714,-0.7894836790631932,-0.6682189276485715,-0.9169454593735734,-1.7097740940654105,-0.5569986729835269,-0.8326250717588208
1,4.602501891883076,1.2698477318453698,-6.43309820494697,0.4096249946525049,-0.6464645365263518,2.035940496820525,-0.9530461165820328,-0.6718207408880477,-0.7437495125690199,-1.975174879485749,-0.4913520456775147,-0.5101977031527104
1,1.0895479974936917,1.187130597277937,-5.183931150664048,1.534086081954316,-2.6952362525641727,0.3464862928875122,-0.7768079506433482,-1.010269333678827,-0.9136073183350624,-0.7807320165534035,-0.342803008343686,-1.0485387729248588
1,2.491845668217733,1.9052642065640464,-6.338910421098174,1.8601342990817664,-1.7152245716073842,0.8274492394714354,-1.1506152247777206,-1.07173244015136,-0.4684063125452142,-0.8598712519636079,-0.653804638038064,-1.0514793160673248
1,2.8728504011889284,2.679571946046268,-7.674184087630656,1.078266226280333,-1.1059523623486105,1.3228808937774936,-1.1220448067363613,-1.1001393012268847,-0.1823140309380994,-1.8400226289032595,-0.2518812029742345,-0.4527623482793747
1,6.325118137361515,-3.7904502448000734,1.6967628900249117,0.4047586620899602,1.1277638932073677,2.229764831165737,-0.3991140597802114,-1.5223237385029205,-1.2906696821000914,0.3309736166971032,-1.0182774368315295,-1.470980994762637
1,7.892751610086859,-3.0736197354255923,2.7288376019215725,1.6866866130452451,2.712417232463276,2.343024833258051,-0.9456629925568174,-1.332825361849274,-1.6090726303915168,0.0974497587644689,-1.3355071796329203,-1.1511224615395774
1,9.700136138828586,-2.8753892583771306,0.7449566864669859,0.8885523982694208,2.2620871052967315,2.7448689377507667,-1.242746115518014,-1.2484310722294063,-1.7264679258087436,0.4267610634499977,-1.0780907687657446,-0.8196364033568845
1,3.081547639668367,-2.333667536968812,1.51939273661346,1.420120250237567,0.3097119917510099,1.9607706143894277,-0.9873187443289366,-1.0604466369290049,-1.3321760309571278,-0.2116740623940595,-1.27082631991858,-1.881785317092457
1,3.946919934324383,-1.9787928685211968,1.5358145729238288,1.6325769395676182,1.2176939058499778,2.2688513760391347,-1.4500880377855367,-0.7246016078155706,-1.6625609187042512,-0.5530489354741958,-1.617470852662368,-1.431434734952
1,5.077798703475847,-1.8058971462474305,-0.0838374877855669,1.0419025949946985,0.9751638530483616,2.763079593317229,-1.536845823443772,-0.8117198292515897,-1.5939383914266283,-0.5231783225695272,-1.5141422153912278,-1.3019418203452089
1,0.2060658001888792,-1.735325708765802,-0.7381756554635232,1.0525691103374402,-0.464716234158226,1.4605243201259042,-1.2606751222323327,-1.3071029906774374,-1.2122100311788986,0.0191634831940975,-1.7218089582968588,-1.229593077018854
1,1.9908745181459455,-1.095532244962102,-1.5649407368635129,0.9959611976370892,-0.0576241328565632,1.687591956520355,-1.208086302932044,-1.3456584219271006,-1.784520671899629,-0.0548357445304668,-1.57817940758337,-0.8795223807499177
1,2.6544296162576417,-1.0683565620565625,-2.245813289738956,0.5119079596243413,0.0957753466892773,2.24279027393306,-1.6836613231590236,-1.203556586334945,-1.8327370000491163,-0.1567013375968939,-1.530945217105358,-0.7753596898937501
1,-2.00088837885102,-2.213567659631227,-2.040517586768914,1.4605572246601204,-1.511524746852108,0.68121864162228,-1.2300828389266312,-1.7060913003154947,-1.7635473743549075,-0.0939893473834903,-1.974840019364053,-1.3628947700666036
1,-3.076479664385502,-1.9797312400869929,-1.4410915982173804,1.6199858093542017,-0.7091844930226983,0.8330729969377338,-1.4711974068677771,-1.6943105004674237,-1.4144568936163842,-0.0599107216117034,-2.140183111974716,-0.7706245581710663
1,-1.3820940204062917,-1.4143038887193085,-2.9446040712810246,1.3416318191044443,-0.4888008363672057,1.0534757582574503,-1.6622267528372208,-1.400380259968624,-1.406330874714114,0.6705893678876651,-1.7307821112593835,-0.8520043889780552
1,-2.8891277732545384,-0.7416608868390072,-2.2930030021632337,2.268970454786803,-0.905858090411107,-0.2238682758120956,-1.591890954773562,-0.992120527284988,-1.457228219953468,0.7267746569812575,-1.8331619378471096,-0.5296178411352233
1,-2.6349848199966326,-0.4949202806076955,-2.8891876689365112,2.5756799870729945,-0.3667333419263558,0.0794096759439913,-1.9987756349369084,-1.012389286842164,-1.26442818440243,1.0487504398989365,-1.4868047433769085,-0.904883504511058
1,-2.21198167978612,0.0409437360249777,-3.3341540080785514,2.6370776028886107,0.5206216241697748,0.458056004910531,-2.139093282942281,-1.3058527346525597,-0.8457422233157753,1.3747676008214682,-1.815000487388915,-0.8398634351223905
1,-1.3556728008318817,-4.786854600563508,0.9501503285499436,-0.7603313366495633,0.3034297469450549,2.073427411165658,-2.563336544809479,0.6404041969824777,-2.0862386303147926,0.9746293008309632,-1.7810704536841877,-0.4114717108137719
1,-1.6588450053305277,-4.584326279041127,0.5687517086780941,-1.033181056156758,0.3146495752335956,2.059658830985796,-2.329620753305974,0.4383281801243509,-1.9348348680539105,0.887912152076064,-1.764056939858562,-0.2720052873600458
1,-0.2040666670005244,-4.531060606460918,-0.0319308771148124,-1.120276560178507,0.3369288444995776,2.431801892181529,-2.560589647080074,0.6800665350385275,-1.6860520932797354,1.006480440741084,-1.7843438809200232,-0.4056522132933001
1,-2.628117512295377,-3.3219874633143456,0.3115603442063542,0.1731446185645616,-0.2576596715044422,1.593711877419326,-2.5878013513416707,0.6503797932738602,-1.6741785358186667,1.0378504710007883,-1.5225116461493755,-0.6142987241788899
1,-1.92256292764042,-3.0851157103905846,-0.9645804553713916,-0.3937451736493894,-1.101464953439128,1.7288025435026686,-2.382643742262139,0.6555394621925328,-1.574538580850326,1.2720241336518032,-1.198294391233043,-0.4859966962040726
1,-1.0485750699125622,-3.353499702700691,-1.001059115782071,-0.5682675412309147,-0.7142647436528277,2.405639517465049,-2.728767750226132,1.0367121830317327,-1.2680474611222612,1.0894581239438992,-1.242998271009353,-0.6819936517834146
1,-6.0735223597640005,-4.266309812661045,0.8527875437188153,-1.8071870104003889,1.503281611372547,3.900536166558552,-3.525241849695266,2.459671951766182,-3.0753253329627506,1.040079682440494,-3.0715197572065343,0.1547135348027621
1,-6.696690585902823,-4.410520781894434,0.2771780813277096,-2.462202413813846,1.8539006792582036,4.141463773340094,-3.634264233498923,2.398084436717354,-3.067122148295625,1.0906627488269407,-3.147697442422719,0.3258657321180105
1,-6.564371134901499,-4.313312987246852,0.4258219123807356,-2.4889679341109607,2.027794588739726,4.6806712612412085,-3.4022926454462805,2.6738286149665167,-3.3042193652360514,0.7983330376837282,-3.286875462351271,0.4191732873249785
1,-0.5154288901891897,-1.0527755898232245,-1.6821237399596276,0.991101687242813,0.1067048230182226,1.2454369689842577,-2.5825559378877085,1.5011020818556255,-1.6706491469788538,1.1076423748283502,-0.9565668341475352,-0.2543710951893067
1,-0.5740126650768409,-1.4026960309962857,-2.5876885588091887,0.2959882709642825,-0.1195146590248412,1.4659035742106752,-2.721632593341857,1.775667730500487,-1.769468386017813,1.6185237629499645,-0.708090617353474,-0.1136916940361488
1,-1.1816794671552304,-1.939254857850217,-2.317708457825483,-0.024760969725874,0.3436764696209363,2.176787973231019,-2.672714448187356,1.780707333523255,-1.761703279240497,1.326104405432735,-1.2226763229103228,-0.0073382169247819
1,-3.2363606236790465,-1.452341319149576,-1.5325138639831777,-1.0079418091634391,2.3886632789263484,3.055322627382536,-3.191918503490156,3.1677136428574504,-3.1922279948115317,1.4382624071341314,-2.901894665370567,1.0817875830378028
1,-2.409223864449189,-1.047366247193677,-1.9564479651693607,-0.8931836887539826,2.6276582842163685,3.302887890485572,-3.378861161647188,3.398046969984892,-3.5374537554316614,1.373572926632145,-2.511797982379246,1.1443963475375991
1,-2.005194980784744,-0.9801388672909908,-2.2789628832311046,-1.2512621075958077,1.868983647216328,3.0053028445643983,-2.9660032199426314,3.324452865238265,-3.64102988023602,1.4981269194626974,-2.375948401561192,0.6535427516845683
1,0.6908128765691627,-4.957936869775093,2.8825907100759296,-2.934567450135251,2.149509589892282,2.3377906049463237,-3.0796404864915696,-0.5068168598929049,-1.4510244303187454,0.4075962328086214,-1.868073811927737,-0.3199786611361481
1,0.985747994872118,-5.149930554795869,2.5618540058467287,-3.0743876956847185,2.12889657945702,2.551571898375019,-3.186811876691504,-0.5001271128812809,-1.8184102373153623,0.4855527571076632,-2.0264677986065163,-0.3853337812643573
1,-0.2556156766527688,-5.53032183759792,1.8558778354500187,-3.8786895545643594,1.3469574467431318,2.406652707415045,-2.903280155362372,-0.7049511445096509,-1.8432415605835664,0.1614569884136887,-2.2881592083287323,-0.7788228244061504
1,-1.7165030753123274,-4.3547384926382655,2.1495036695602834,-2.107984359524665,0.3692506007832095,1.724790790630869,-2.7574588325090423,-0.738018285132686,-0.9625587457775624,0.163435925955512,-1.7542558288355092,-0.2980876771297541
1,-2.230198568979583,-4.586873174410036,1.904307579044501,-2.640792794599532,0.2319558866739209,1.8508570317342283,-2.886956290007873,-0.7866583083428097,-1.0160084538782432,0.0938037561528278,-1.825542630552856,-0.5867363237993555
1,-2.292487480820956,-4.678666156123315,1.9557146779521284,-2.785971066049981,-0.201048443958852,1.7569673691686116,-2.706920721469983,-0.6478844041115124,-1.5049916945478157,-0.2066287534034939,-1.8739988075498677,-0.8723791387958053
1,-4.3738246353650245,-3.688577217651887,1.1044285982249742,-2.417724463663236,-0.6414234423536849,2.020097485283215,-2.712975035740265,-0.7240364131611611,-0.913775323390791,-0.3876306612012393,-1.8369579732846584,-0.2702462676717694
1,-4.870177732018632,-4.131587531525172,0.8011008192008771,-2.3477512452044107,-0.7243654181082799,2.171126324831888,-2.7335900490071685,-0.7430068445107758,-1.2607550934321758,-0.3341406830721473,-1.6488271835036334,-0.451449536050957
1,-4.589751071863214,-3.734064160494541,0.8608797751098671,-2.648795545462188,-1.123559345238465,1.958576727267148,-2.5673663933017954,-0.6707414156396273,-1.7676987758785705,-0.7435866714820111,-1.8512147577431888,-0.6684905832463206
1,-6.679246857045419,-3.625267668423328,0.1747712747917366,-3.108180141449737,-0.7986115818441433,1.8311466442429825,-2.313847712844461,-0.9417341153789046,-1.312530448162914,-0.4187989250757524,-1.5935042561146004,-0.1286758304384991
1,-6.063147301619457,-3.2531759971676677,0.2174415105684438,-2.678948871028424,-0.4915459033221872,1.737532973358614,-2.567635789706619,-0.7489928868180751,-1.4846726576230536,-0.2023613186219705,-1.729265373682716,-0.3146724846543574
1,-6.684653952163032,-2.9833433917525958,0.6416594167889493,-2.701219561405249,0.1876038122447794,1.8164718020303912,-2.508750600444295,-0.3711464753160352,-2.11318281900635,-0.624319728515594,-1.801046153799981,-0.5569318198522463
1,-9.02037848104585,-2.936220459403371,-0.9540886525701332,-3.303126653594696,-0.9064496661203704,2.2320090392039456,-2.721389849175428,-0.1303958758698465,-1.6093426602212415,-0.3929219890838145,-1.1929312708269522,-0.0637319951986815
1,-7.997529254826387,-4.130107495909561,-0.0585340774710599,-0.8039188386234082,0.4719178940767776,2.0035200299025915,-4.712862365708514,-2.339854009846047,-1.6809299456746765,1.0917140859905392,-1.2830947770373762,-0.1855495618837688
1,-9.447066846124368,-2.017217884520299,-0.995517359136864,-3.213309556937154,-0.5776943862721867,1.7094700321147605,-2.517388887983191,-0.1660651763651737,-2.346478535536465,-0.6360250992259618,-1.2570669907921246,-0.3367596321275785
1,10.292071130635646,-12.560221554497744,-4.149284735624413,1.9129500414920853,5.36902379854793,-6.196284127487588,3.6940780706449017,7.753135462017902,2.276827245974031,-1.486535113746094,-1.9063484202515983,-0.7622184460290995
1,8.62171609581899,-12.382656614990328,-3.395372442969693,1.3823381985231211,4.2165730443404055,-5.413868086716346,3.3709235653007217,7.069469421884851,2.109369772739974,-0.6061779547829589,-1.3926289920006798,-0.992136484902178
1,9.38599926720628,-12.673684015277445,-3.320199704746015,1.9878636519475628,5.018953555270526,-6.0633370661485255,3.380987690632697,7.931867314212625,1.9081285441548728,-0.9499623180695048,-1.4331277882302649,-0.819796515100525
1,6.1422645557478175,-10.610623192939826,-4.80474819109766,1.3302572827192167,2.7845314731131623,-4.972040061485567,2.883445020228283,6.098391278286687,1.9245954264532317,-1.1951023851725258,-1.8519666825551409,-1.065372389239847
1,4.959435702833695,-10.634902525130888,-3.839333535599232,1.548124711137816,2.643771269310647,-4.941766109053877,2.8294150519903174,6.15656866773776,1.980718268302169,-1.1366805271773517,-1.5805649351960298,-0.9703601378508708
1,4.476818705291516,-10.531033203847093,-3.767170782893748,1.6834230830053882,2.912256346141067,-5.195019450899463,2.781763928969762,6.473892595728102,1.761614867767245,-1.1773283125011942,-1.694300938885504,-0.7426257169742772
1,2.4361501863743364,-8.88241570790354,-5.135395462262069,1.7795848672672627,1.9634331061041617,-5.057877199489797,1.98583029572546,4.65387666304095,1.9212075515518163,-0.6257177928447204,-2.7023132303907897,-0.9346005492650848
1,1.644177209605738,-8.554843888862477,-4.636441474171619,2.1984730051982826,1.934745275405544,-5.372912554118782,1.9590636751002768,5.079634130721022,1.9077287381546424,-0.8827461116220376,-2.427090693134748,-0.8243759366436264
1,-0.7397898678230012,-8.966891440121634,-3.497666989890482,2.244557133045784,2.413229483684157,-5.11787850072897,1.558876949146745,4.821770884584247,1.720840502080967,-0.9761412618470964,-2.4663387652146653,-0.8313367826725584
1,3.856542100057428,-8.122020705759882,-9.886671219292328,0.3592301592837354,0.5155068815811844,-6.0072639352443655,2.224537271321108,5.475812363716906,1.9848465407093063,-0.0059882084574959,-2.7217707230808093,0.8317959154609563
1,1.711495188679693,-8.357551620334362,-8.040598353242405,1.2398524965858009,1.402574633008049,-5.348586421197107,1.8956987822177611,4.72330098631792,1.7662319983123187,-0.4524328143414167,-3.082531430299201,1.133386982752469
1,2.208584075262644,-8.368295065118899,-8.231019102661339,1.5916979967348432,1.3824112561852675,-5.755077371993188,1.8932699519954128,5.041967600270768,1.896161729875425,-0.4926739072026938,-2.9234701288905494,0.6145695931694697
1,6.682306585504094,-10.4296449047944,-9.464659185673083,-1.0495713629627443,5.070381804898064,-6.64401960951432,2.9523450834223843,7.971050604132454,1.9609062605764864,0.9356395710636491,-3.6016160657232783,2.0181696936452864
1,6.760757688684095,-9.184638658730428,-8.17369695352542,-0.3624469815188523,4.263101110885715,-4.959762305235876,2.53471326783016,6.400486723242906,1.153479229170212,1.839068626464446,-4.167022765095943,2.714285897749438
1,6.729603239186769,-9.855350243550484,-7.924160589762299,0.5624974242794685,5.946426269887762,-6.483298447867927,2.141128899713148,7.950944330488215,1.5932549143220516,0.941083263297692,-4.000529163901788,1.9610802497131457
1,15.460120965327231,-4.764851217255656,-4.557467255196317,-6.682431824428579,4.106206383665297,1.6520059995790768,1.3248032209720562,-0.599928460104279,1.6164621835283124,2.691808159766986,1.3917266615530817,0.4463256100971933
1,0.506418358933567,-5.990996226967584,0.3319483632195918,-5.299583952519213,3.191233326453422,1.41467698044951,1.2335458770463643,-1.833947118222418,1.2861642116599523,0.9725806026780398,-0.0854534326566791,0.6344944714037373
1,7.203901626737734,-5.5826582706966885,-0.9856449737571572,-5.111940649363483,3.001331170380926,1.1051889873877945,1.176559084531628,-1.3451330043050818,0.8396574319470808,1.4850311606741688,0.8173158947507463,0.2906892791782207
1,10.6302870835162,-3.9449678559828607,-5.035823263203995,-6.212047545312097,2.5008042663152907,1.1815364296474742,0.8294955654497539,-1.1947123945506015,1.7017293733737069,1.7026539133119076,1.19426099522854,-0.0136659628937032
1,-1.071550573307772,-5.159473973121377,-0.7961133710294246,-4.85369411489821,2.1654895375688423,0.9145230346561088,0.905639083907868,-2.072506235657342,1.327053116330445,0.4915653852945538,-0.0405157433532629,0.4057221233497468
1,5.976157577693518,-4.315041629076513,-2.601072344817924,-4.724964223145221,2.122135969817233,0.7440223203411294,0.9010568248534356,-1.312561114815352,0.9286996422593216,0.8715886528814029,1.3122397504983838,0.0031043789670088
1,6.418556992446991,-2.175738207883266,-5.372343083288574,-5.281350706888138,2.817863604834536,0.9535096653234504,0.477205832195797,-1.6655742391173458,1.2908304497854273,0.8196854486146773,0.6441603088464914,0.1583656843420079
1,-7.496540033526591,-4.013538496673894,0.049954059302961,-3.953990939552957,2.4884975986212448,0.6309039448420751,0.3431795619795696,-2.5657386227059056,1.0368011794136311,-0.2789462660328003,-1.0221611630299945,0.952112715618433
1,2.236178358917688,-3.1436228888583817,-3.4237428572204363,-4.671389245644802,1.309348447635538,0.5089986522825541,0.946080448981707,-1.9747107072087455,0.4007220762142843,0.5813387882335689,0.5536010439901556,-0.4348247760608551
1,1.1733071946768183,-1.2745724037999315,-7.279014938841598,-5.817117845800541,1.655271386274104,0.8937097134398463,0.5022319963018601,-2.239952280151286,1.2868344402422232,0.7800301428734255,1.0458660497879413,0.1714893357120812
1,-12.314214098365053,-3.291517695876181,-1.685321734020585,-4.4998662944781245,1.801890041270352,0.4791602062270992,0.335146385454546,-3.469758392876732,1.093403952422294,-0.2775233752162031,-0.7895714413392609,1.290964166859353
1,-0.9338391699510368,-1.3265766134841854,-5.052415763208838,-4.609809084344635,1.6651967319320713,0.5476800428016352,0.52222818294475,-2.5100820671928816,0.2824602708344195,0.1257332147592705,0.9174468626259452,-0.017477103820429
1,0.2852492036047457,0.8744724029124522,-7.983228106636047,-4.369187251796915,3.9794394471777896,0.9837494664958588,-0.5535876489979896,-1.880599263363973,1.0143641693353147,0.4695919284521012,1.1639026727202109,0.7834062797013682
1,-6.364893201716101,-0.9529459089121026,-4.632149309566558,-4.435248274004897,3.496839137699973,0.9737598981888572,-0.1793106521971851,-1.9822270908372128,1.0737232348200143,0.1975598910159082,0.3300871170683454,1.1073723073489516
1,-1.3115678647933582,0.5048930709164791,-5.507403682076896,-3.610546714144395,3.15901095852954,0.476166579088746,0.3702094636413971,-1.8961377366689416,0.3217317884522853,0.0588868205492907,1.0108033303442208,-0.1104871156377306
1,11.397650496422305,-3.5882261883819098,6.133148019775921,3.590389676517629,5.0224143509877015,-0.2468062866119338,-2.356421854222197,-1.850874137365392,1.964893574784165,1.79725945715009,2.675403128533989,0.9001763250565659
1,9.171300776657684,-3.0848394917489705,6.262574394639864,3.5470838521135764,4.861492973293983,-0.7162376698815694,-2.2871096571598013,-1.800291964169054,1.8486766534830688,1.5511381732534515,2.4445295559619096,1.1517575104804854
1,7.459132495605972,-3.976648518645016,6.982897923099753,3.2771785755196943,4.361057035085717,-0.4114924395960952,-2.2537751411636653,-1.7671261822917137,1.510900604077441,1.6551967963744842,2.2803586840743675,0.9821962988532494
1,4.906070534527299,-3.719251624141265,6.559226727134697,2.796656319626317,3.031607163997068,0.1022660027408911,-3.1557332914679246,-1.576365317080009,2.318947406560911,0.1393622989726349,1.7528222274636072,0.1912279417683353
1,3.940630597689234,-3.6904190819448166,6.561791858419474,2.8250126390948784,2.835644373666788,-0.1975987644958343,-2.863045697588926,-1.512213257958667,1.6489463407091558,0.3307547424958027,1.7778680338276762,0.232923480784154
1,0.793556911585793,-4.694493464620144,7.63509220434267,2.4139056000902497,2.3051736074340163,-0.3846380679015724,-2.6061860391285365,-1.6036774085876695,1.8144932662302449,-0.1125725906420249,1.4672076523592756,0.1405246807474208
1,0.6773087835348196,-3.729697464382025,5.04144303871859,1.8482047392842849,1.5398516943474123,0.3817252809239403,-3.2786842752981715,-1.4173799308439394,2.654558544793161,0.2814935988995584,0.6141436117392626,-0.0211799845641115
1,-0.6677596074447242,-3.788021208203581,5.008021662523492,1.8056212551323143,1.3147870076639527,0.1253770451929102,-3.1065791168204413,-1.5024721956231628,1.945453500780892,0.2563901746365464,0.8364390888586983,-0.2571443276962126
1,-0.720023129126572,-4.212560558029554,5.588551166941708,1.682920930991718,0.4444469341845179,-0.3062169292755695,-2.953176325238932,-1.4461917377333422,1.800457675095019,0.2646674561570514,0.6038244962585507,-0.5809379712625296
1,-2.7747295478927114,-3.1246138698252377,2.800761268245488,1.5848477221355353,0.932444594687418,0.2854615343921086,-3.0963501693486664,-1.5613876122350998,2.524512057455607,0.6099201912904006,0.1699013823621975,-0.3156799663878309
1,-4.528131763052921,-3.0925885681892105,3.510950483170588,1.6800377282016818,0.4346040886389365,-0.3725257152264763,-2.761303264823804,-1.7613488254549523,2.3263412637274405,0.5841996787260758,-0.0487725905253021,-0.6407939237464186
1,-5.387069154953208,-3.619592704229557,4.090702268363824,1.3690062265712009,0.3403496904358563,-0.2191753983609738,-2.8859016512580324,-1.3322329567859563,1.9204611185766047,0.5472491609636482,-0.2485820085435629,-0.577509948635628
1,-4.094103838122054,-2.632576567364835,1.2384465928789072,1.0271068462838986,0.6436621561082291,0.0709450066293363,-3.378165669976233,-1.3054684077036671,2.2461100540365675,1.1333259509090845,-0.4556112029779392,-0.4428743762776599
1,-6.136034737712644,-2.691642782974806,2.641383156956083,1.4083468034783442,1.1240211350339575,-0.1529418623032196,-3.2763680245202456,-1.2581795945533558,2.2153557079105464,1.1371753051229696,-0.6551171788615906,-0.3395500532983387
1,-6.067762478983071,-3.159948687825102,2.284452720416031,1.0737854488100211,0.2887778058660084,-0.1264699247794856,-3.1162192048357946,-1.1014276672588994,1.859509901794848,1.1060289359298787,-0.6187565530596533,-0.7200108489051968
1,6.073495620780036,-4.755592847941267,2.138924427048805,2.038314611132127,1.5148099848241685,0.960886245983132,-1.767890139223027,-1.3985784421800256,1.203956188910532,0.7563169604811651,1.6481985348777806,0.6733679866452366
1,5.569290141644282,-4.840220644113675,2.753925056011329,2.1316415674920823,1.828846466201576,1.012788586783363,-1.3297497400125258,-1.1280624343485797,1.1515782180264862,0.8899667628928728,1.48289467772973,1.0823836882506974
1,5.317335298275779,-4.843977484262094,2.405054165618994,2.473887717435752,1.7822818207962736,1.015766744264058,-1.777935301424764,-1.0718621055807205,1.2877153425849428,0.9134041009832836,2.0855483275330537,0.8786110969032395
1,0.9168655972868012,-4.907950071227876,2.346528128569185,1.824377324666604,0.5446576659607987,0.9388060849009924,-2.140652312356436,-1.2296310916238429,1.0896455929438122,0.2954028382838342,0.7770326922014636,-0.045908234277387
1,-0.2542209484259369,-4.902378860227125,2.5741197021242845,1.745534335446873,0.3666339196877056,0.924813369214366,-2.178563536939488,-1.0143825838719704,1.105660338229084,0.4513147673567487,0.9187890255974994,0.2807751433739334
1,0.3666454629157835,-4.951190799060802,2.534137490491029,1.6105247439536197,0.2302734164658343,0.9393993775591772,-1.8235551019644347,-0.8119670932769895,1.131942863875897,0.2728428142967583,1.1081105634267263,0.2429610771704068
1,-1.4856679074569066,-4.155172865352508,1.0117266009132833,1.434170735889604,-0.5319377248822033,0.9926355943383564,-2.248935540573312,-1.2899686825909735,0.819148580921969,-0.2963618850948514,0.1341079005100166,-0.2204347634211905
1,-2.4252473543353883,-4.178319823567991,1.9487687750096037,1.3826583238982628,-0.2447722434872745,0.902635657302728,-2.3168673772762296,-1.0218856093230466,0.5075495816760284,-0.2625346184362238,0.1958748696868583,-0.3440266264201281
1,-3.058327937671229,-4.497441975326543,1.5324151871893197,1.4695460088768415,-0.2434955729352974,1.0987479995253884,-2.2090192952221,-1.0351584405812295,1.299724058226449,0.2907859180991135,0.2986064797291513,-0.2127164965610514
1,-4.155138454638705,-3.4065370017310634,-0.3496760622320903,0.6485478425179653,-0.665209711339228,1.27600006932959,-2.214570315358212,-1.1031597684138192,0.6551358669712579,-0.433370674527389,0.2273799754747003,-0.4281814759402697
1,-5.089793231957546,-3.407794778242433,0.3322121360030106,0.7381201486740299,-0.4082538203680154,1.0719491734585365,-2.1591924081256355,-1.21281507600372,0.4818660980862476,-0.52474454415344,0.2215024077124253,-0.2607248687177303
1,-5.797771129496035,-3.1074561146521225,0.831477024740526,1.0517808061729823,0.1292782264066602,0.9712948832783648,-2.2771030691527483,-0.8810072910243432,0.8913495935308772,-0.1440897276282275,0.0722292641241465,0.032221483606829
1,-5.751045507324425,-2.843947004299773,-1.6551292833083024,-0.6223940093243222,-0.8498681551759187,1.074376397826173,-1.602245492443141,-1.120452788981763,0.5853447392929042,-0.5738124466917277,0.1311077161983663,-0.3395366589182972
1,-6.699859278916752,-2.9768101797218818,-1.256222286718752,-0.1037769907323472,-0.43148682087016,1.302776418388903,-1.932105147205089,-0.5377694414592593,0.546060514246862,0.0083676317807262,0.4423690369429858,-0.2565490924164588
1,-7.159262977620758,-2.913335684555106,-0.8229835171778822,-0.0196698593678752,0.1735745297268915,1.2926609876960589,-1.7187653398648317,-0.9338366916731026,0.7929163555861615,0.1562487693323166,-0.2291722873200589,0.0816744674421931
1,1.2755363911927515,-2.6197329947779235,-4.058865955836417,-1.3079818996487484,-0.6167568026734677,-0.5640710968125978,2.4560571470041173,-3.981609728385956,1.7548104940478049,0.4069390811753585,0.2944930639309658,0.3820153745175403
1,1.3348784855421534,-2.686025383265047,-3.3111579969646576,-0.913283917562536,-0.161057810522245,-0.840190381793892,2.524696539470282,-3.873740495135856,1.5157308104316027,0.334220026140107,0.3350033804953679,0.7053688430783597
1,0.7398126561177274,-2.247793766384067,-3.2370050588068806,-0.7683059504556763,-0.3979960699342134,-1.2111314920624214,2.611062321583455,-3.874038338296924,1.636859303481512,0.3610305940465133,0.6099970156673372,0.4879630436022935
1,2.8526691237119985,-0.984975213823393,-5.447019237833607,-0.4664025857145328,-1.0555955207953076,-1.176933912148285,2.249866600495785,-4.106572082473135,1.778324570494293,0.4419957330832256,0.8100341775656188,0.2609909533684988
1,2.2417944538621164,-1.3401861231921548,-4.37308249657139,0.1415930947711533,-0.3114668986725307,-1.2504113493994335,1.96916872774304,-4.574988739006375,1.9392780489409067,0.2082913408545286,0.2285044501529614,0.2257410840577919
1,0.909844676199168,-1.3147851771469203,-3.703165396727932,-0.2747565509899373,-0.8385308456653134,-1.4591942407477232,1.892116086308311,-3.962231183110194,1.37470016640297,0.1837697694003302,0.4480577393403851,0.1973626926104572
1,0.4359548842842371,-0.6165362240139926,-5.1889770376858415,0.2457108518451523,-0.5877159283589926,-1.457365527082914,1.7218691110741804,-4.45334359013946,1.646601976928192,0.4108100922894357,0.3914056369588521,0.449760784164172
1,0.323010666871421,-0.6821653443537684,-4.066898045250272,0.9068647814681718,-0.1220651372793191,-1.7987850724943668,1.630447372667544,-4.429832962156981,1.633661445406123,0.0073070425597654,0.3123471015425268,0.5949409978376712
1,1.0825733464966003,-0.4914023055893682,-4.590303385140296,0.562922801070359,-0.5218444230214205,-1.9082031133797472,1.6210746942549985,-4.570561212646334,1.3114468387075588,0.2291743349681833,0.4634010884819745,-0.4199980411345742
1,0.423492108033264,2.074878661736049,-8.04265351603192,2.1542810247704884,0.7288222820564768,-2.179767627378816,1.4114662621476508,-4.756646745833583,1.4607084407135915,-0.5001207042953874,2.586627813094526,0.6556091076846899
1,-1.6776834094766215,0.9073812034390976,-6.122197557417333,1.858008278817092,0.3012806235534928,-1.6324602907712007,1.1778359347110727,-4.397603344149721,1.5778493126315427,-0.5923800781737689,2.685881281868888,0.5991122065117992
1,-2.174760996070084,1.7656745308410673,-5.802447702430949,1.4928740231660766,0.0606524380917098,-1.523706650127047,1.7825490598117095,-5.126583618975093,1.0685556547295432,-1.1207203629182294,2.498376754187695,0.0167165328445137
1,-0.3918559313545068,2.5600080525880884,-6.34623503077647,2.977600220518658,1.866314078789226,-2.774951905533672,0.9015961998434114,-4.640371065299298,0.1209794580514516,-0.751128173535545,1.4239491546703038,1.199782024378125
1,2.245131080015031,2.9918149022614013,-6.545547312105013,2.761930873326392,0.7165198730594833,-3.0163204668116603,0.4754614584935823,-4.141197877279176,0.0134791665397169,0.1943636481955457,2.7091607150914405,0.3942547759536596
1,-0.923385703084938,2.594275842910546,-4.809604291749804,2.493233913403694,1.245403663300357,-3.2211187290243783,0.5344038282200071,-4.641788328243481,-0.6889288649382141,-0.734264023289498,1.2061208557012766,0.4891750370934979
3,1.85652229099512,2.0167145516613814,1.7575828545394308,-3.7010385082672057,-0.7829032982936575,0.9077664636274562,-0.32716935279976,1.2494801106391762,-0.7199482638162247,0.5447061946209202,-0.7782624974834891,0.9772545006074452
3,2.0472590387962177,2.4071656233838548,1.998296987949118,-3.376361182379084,-0.1944104020266625,0.959379448327528,-0.4436201424601735,1.4063505075054847,-0.8449727337939327,0.1922038294933904,-0.9199534466549184,1.7203622697652288
3,2.6302759083142444,2.694045090165468,2.22445811417104,-3.373012812595816,0.1290285477501956,1.0444168775977083,-0.2499970177871778,1.334661445340762,-0.4365877174855098,-0.2664251103429044,-1.0982644140437712,1.858736351169044
3,0.172811650982392,2.1486514222247566,0.743212455234492,-3.42343935641628,-1.212698608174274,0.4810862822539767,-0.1931930325850162,1.1153290399873097,-0.8731161851497528,0.7460902759546418,-0.3749025157243172,0.1573583936082605
3,1.4906872787796883,3.0113613543256097,0.5302960902827043,-3.28805438109968,-0.547261407021592,0.5022446093395619,-0.5007550214683977,1.3955845656840895,-0.7776969699025511,0.6573371248538703,-0.0244995327853169,0.5993845316347187
3,1.9760522077990212,3.077360126016933,0.1918306175599001,-3.5224596026478365,-0.2606870559850286,0.7432817448230097,-0.3852889449817043,1.4056947147595271,-0.3731584758512006,0.6490609281734044,-0.5216934411552117,1.0799142039702316
3,0.0014394151044276,3.7670031076128,-0.8030344880465247,-3.600565453475616,-0.95227586311289,0.2176863250365417,-0.0878290996651679,1.1872524792480763,-1.0815814146059015,0.530882356359009,0.0685949152226587,0.02232770950988
3,0.022811316242486,3.858417464982876,-0.9071791331091668,-3.369062650603317,-0.3447185243174739,0.2100625233258887,0.0636616622643049,1.1739310091518231,-1.1255111479904056,0.5253807365016284,-0.1677163119369938,0.3853371906938079
3,0.6091208829499625,4.447135704292635,-0.5071035332917799,-2.833076700941517,0.6473177011010343,0.5439054498979916,-0.5228999066695621,1.4379830223056451,-1.0914467184523895,0.3258141819428073,-0.2178917911304295,0.3611193309606746
3,-1.00101226950201,5.677816172494746,-1.4334197427058388,-2.760265188215984,0.1843564137127031,-0.4984778497200151,-0.419317272454359,1.651570986797375,-2.095236931191795,0.5778901785459885,0.4230613763187173,-0.3334766460919868
3,-0.849426544982032,6.022435659592857,-0.8887255441575381,-2.488148198194439,0.9405568146757066,-0.3992606647653216,-0.9957262663378598,2.021384859568108,-1.9648957567736511,0.6721922533951553,0.357993957293455,0.4856407480903235
3,-0.0999064940917651,6.601056275575477,-0.5959785559000715,-2.436980309676668,1.7584281058814186,-0.3834546323668562,-1.1426240473200155,2.1044698531740123,-2.313328159059585,0.3737481008091621,0.1892710645504738,0.0631148289501974
3,-2.2915374705361344,6.106644306979559,-3.6403556965117336,-3.756118297815227,-0.4474450193855825,-0.4815346074091635,-0.5268910016373674,1.3563739270776032,-2.368761466904296,0.3370242918011505,1.3995851024213906,-0.6746554858222851
3,-1.880090738774488,7.587171367982915,-2.880623156206438,-2.8307583865829065,2.018899035020357,0.1373886746693461,-1.3581534187621782,2.266391257911045,-2.661672431562404,0.4832374171755316,1.197558321585121,0.6569769128542139
3,-0.7137284531330583,7.933587059197595,-2.639866720189735,-2.457984561998873,1.6477178827061147,-0.1483920779252586,-1.3408079508146864,2.412482481338344,-3.352310944759841,0.1001284630123872,1.4795374186616423,-0.0546119782432349
3,8.309970908054925,0.6624083271946648,3.3484403785966466,-2.798555487790852,-2.1408878574495827,0.042406800458309,0.5427534075135187,-0.4265389684579649,-0.2215973200622367,1.6097579185700648,-0.0031833498093514,0.2424088448035185
3,8.319133081936181,0.8422080767820165,3.685455324734391,-2.907327501222256,-1.9088116286562224,0.0206335827414817,0.592465488362983,-0.329348647682293,-0.7761043987043228,1.548338732712721,-0.4141427687542113,0.4531314998213323
3,9.041994644125012,1.3236380100504372,2.8030194868866007,-3.388473232309565,-1.9958747484692847,0.2158471185279667,0.6077582165741932,-0.3421958066807443,-1.113985229159508,1.3657484197802383,-0.5543386759476853,0.1380306898744409
3,6.232346442207004,0.7276287054943935,3.0417383798173594,-2.333117889847306,-1.988606251759012,-0.6941362486000178,0.3399909369726951,-0.7788828677755927,-0.3172389122544075,1.1922229005739668,-0.696624209467927,0.0008119879445737
3,7.087470594814658,1.2993598693663455,3.0833167345267483,-2.181462470576166,-1.8091982471869683,-0.949751830918813,0.2636786746587143,-0.5584654983560843,-0.8610144915552648,1.321110316654977,-0.5554211403448158,-0.0477425508851469
3,6.677289662293188,0.9458801929262916,3.101617725411395,-2.3213865128411157,-2.064843876848393,-0.5746203116246897,0.2181387425725765,-0.8289687882867903,-0.7371889484386843,1.09178675500458,-0.9092002463266748,-0.0151063880038171
3,4.1007335378324665,0.961053630610206,2.0188713548654054,-1.6016724568278766,-2.154382998856856,-1.420238445784095,0.3607892667572301,-1.3569855229792684,-0.0897149260044543,1.4156969521633256,-0.961912825841124,-0.1713504237038286
3,3.1704617790735248,1.3545680035957737,2.087161064924839,-1.3942768770652592,-2.080901941208851,-1.5453833635793062,0.4774111791957334,-1.2754741584715878,-0.1810189911492526,1.1553712031825043,-0.929417252720404,-0.0755228123217155
3,4.219121625771812,1.4805967902580437,1.9478875254686832,-1.527656880412605,-2.531518608305448,-1.906531620172624,0.5587615601820476,-1.3907175687714637,-0.3924123196777634,1.2017293967603322,-1.1428916035855887,0.0925571315031168
3,3.106599295168047,1.8145412114726376,1.2808616568445008,-0.8323946641537917,-2.292831931375123,-2.2947369338560586,0.1601404674745444,-1.390214193766029,-0.6178097690286355,1.0710046916739753,-0.5534750650344313,0.037894361207732
3,1.2054259632812008,2.0157738623659123,2.1922935912350683,-0.0925712497163105,-1.1389019393898012,-2.2098937128459992,0.3273300400526907,-1.6404203726781847,-0.3088797694835537,0.7009442044861429,-1.4573864370770453,0.5772969497720818
3,1.9808325479145543,1.5756527283077637,1.6011581229722882,-0.7269729563405567,-1.58751716449698,-1.988205803558376,0.046836699841334,-1.5000539976307987,-0.7198088198473662,1.2923564057412529,-1.213434918840555,-0.2794005037398772
3,1.3157795157196053,2.745658824045457,1.1056229684247296,-0.3154313722553972,-1.650874518463253,-2.9247141176807068,0.1666286747092393,-1.2554373723606322,-0.589502666213681,1.4582469274521306,-1.1203898235363157,-0.221699114353729
3,2.53197595940836,3.7549395661593374,1.6183436194923362,0.6149343195076742,-1.3177915141422376,-3.514576045795207,-0.0132216514064962,-1.192754926639739,-0.7234845090516597,1.4205519175956016,-0.8206058847456078,-0.2882327771012644
3,2.260976921442743,3.096797130148634,1.3249608241790107,0.8496750927048119,-0.9809146918071766,-3.1800245750198703,-0.1148641739546003,-1.4398456360450118,-0.5003294148336722,1.464142478884345,-1.2963727137410328,-0.2923856616155267
3,2.357191091615912,0.1905525773604849,3.213668295383555,-2.0331079973742128,-0.6545141447235091,-0.7296419038714228,0.9959618280075032,-0.1359479525189234,-0.3498983662965557,0.9864103519905136,-1.1204330207400122,0.9056954192859314
3,3.55418622338844,0.3273127217079755,3.154458557784709,-1.8823187402341264,-0.6223327612521296,-0.6348154950382773,1.0607910163299703,-0.0049396026556305,-0.2935529134681809,0.859945393960854,-1.0251141812615232,1.0119777041503648
3,3.839752946456081,0.6894762670679093,3.173381667087768,-2.2729411396159893,-0.5934649344344496,-0.6900532923248373,1.009348943601739,0.0030327904205327,-0.1624203978528829,0.6586089242177462,-1.4433150307916816,1.2654724270014563
3,-9.38546551101341,-1.0878109827832547,6.434062328102872,-0.991388358677052,0.4575490694419684,-1.1191495265435392,0.4359358574825597,-1.008059502564574,-0.7005929040293802,-0.8327000080673727,-2.511411652860193,0.7788933978071416
3,2.193227740379279,1.3764303792689896,2.564156540647752,-1.4500038382557476,-0.6573916632453984,-1.506135067828524,1.0236093958301506,-0.1636057610692561,-0.554520062895793,0.6243265943032091,-1.150611147023453,0.399016430886265
3,2.3009381081735105,1.3296790828774423,1.7168804143002412,-1.8108802886779447,-0.9898777047554552,-1.4935723776846812,0.9732015445110485,-0.2553083218315068,-0.8384018391846909,0.9752710482851724,-1.298238732984752,0.7383827360660324
3,-1.2818836795200463,1.5542410669526938,2.0693893204887224,-0.6157429200850084,-1.0323884020779506,-2.468349985962658,1.023684349068126,-1.0484557191263884,-1.3170576833747305,0.6499102871459969,-1.5243130266702043,0.0922017379387839
3,0.1598964094234737,1.922458151791263,1.855767932598569,-0.5550575370733494,-0.6025011315266391,-2.2592406762518733,0.8624949299645898,-0.5765053059577195,-1.4008477940060828,0.7539846696840967,-1.286189126477456,0.3705997982099537
3,0.1139127284667248,1.90627659626831,1.5347563809881766,-0.5268287444387101,-0.703757242712385,-2.2046490736123068,0.9141749241137728,-0.8473207404752443,-1.1172747202943802,0.7599432361980686,-1.5897322182045628,0.6616370527439576
3,0.2417713388878628,3.016798992714891,0.904263224926736,1.1386035578985418,-0.4415095615576414,-3.394018527816512,-0.0131473734014662,0.5769201630490113,-2.283912291547179,0.9683277458305308,0.1986816245691107,2.1417272365235966
3,1.6742933248878769,3.485848145540087,0.5751826739567562,1.1384043214537638,-0.418822693181679,-3.5114344438729868,0.2705824879722364,0.2292604043822738,-2.576654423563719,0.8251712066750142,-0.1063668972400458,2.081651618927028
3,1.6927619655430854,3.2888828500804963,-0.1300594312155067,0.9862807027987393,-0.583388461672551,-3.3722536393252067,-0.1417062260513478,0.4989204427907744,-2.4512705765858804,0.7803516912140165,0.2178387399097252,1.94757374123337
3,1.161408834062181,4.384698574013756,-0.0647914897509652,1.8140248478149417,-0.3837827827585229,-4.370102828605663,-0.078813491364504,0.3471093189239962,-2.177773591073504,1.28160315697315,1.0223145135173757,0.9943752858126156
3,2.4462653222643835,5.1944609154897305,0.3571308446933571,2.3250754649237915,-0.0582131694408675,-4.568473221612497,-0.27896968981926,0.6949911656971884,-3.2648365649211426,0.9413518607011868,1.0720502130056373,1.0626585731970668
3,1.1812986408302215,4.958192130607604,0.4337172765325874,2.375323015027313,0.0829535462688853,-4.68842829375957,-0.0618977107124991,0.403188277955076,-3.302611950400137,0.8583269066443701,0.6146560658150958,0.9534352535831602
3,3.356336961582691,0.4893900976854444,5.22107118276092,-2.439886519725129,-0.2787302395961007,-0.1423365613051815,-0.1141896549070208,0.6818462505251043,0.6506494668437531,2.459462422731986,-0.3320387726999703,1.0408332038644506
3,3.498575668201116,0.4765238316462546,4.905126219963512,-2.835016021693903,-0.5219207860654975,-0.0264455142351131,-0.0572834933801663,0.7305615154418929,0.6429340312412576,2.535765126182298,-0.4454170928364762,0.9778997309083728
3,5.1584942326296686,0.7850497028892124,4.7982162604584095,-2.668300446402979,-0.3549573731662094,-0.1347603520478379,-0.2369219896040032,0.8216798692061775,0.7007706616918646,2.7454470411007184,-0.1252509441619175,0.8836736693810494
3,1.6253589724393571,1.4644448146439668,4.716592204368669,-1.9379021910988468,0.3086052362220053,-0.5511455512335148,-0.4276432886106766,0.6620889471580327,0.7020733598947707,2.0506100747273583,-0.5320116696876426,0.7313559372178313
3,1.4533694513600823,1.4070390094643044,5.18527184962295,-1.683950178331187,0.3784098529644319,-0.6837835619833599,-0.5471564431289849,0.6067978404523587,0.4449004382756949,1.9110808532322927,-0.6592706305599069,0.4806318306793117
3,2.3147047226410065,1.2101010769752136,4.638262659643237,-2.0038541182719585,0.1525539309587715,-0.6299201777781313,-0.4938466712250299,0.4958440497768571,0.7357274017233921,2.08723786961479,-0.4747488019156504,0.1888320903863519
3,0.2682489619494031,2.0813145886603075,3.397422329582445,-1.45791577062423,-0.0034083425505739,-1.3193503081084204,-0.5932586234342215,0.4728492145866723,0.6289852235008906,2.563050427378579,-0.1233585998174853,0.0461854985050414
3,-0.6853506173484263,2.121699552934252,4.010915846851876,-1.4681849486458205,0.2314555519166626,-1.1370754912217245,-0.6900419707103509,0.4885729029589102,0.7871571377795864,2.372953670224597,-0.4213429218979258,0.0095839771044229
3,1.6416806464157885,2.6152341873877765,3.748568889081517,-1.374831573842323,0.1583109576941148,-1.2745005617223266,-0.8893731610090874,0.6280944388193931,0.7301541035637066,2.567739159927807,0.0997616156297665,-0.1978394543133564
3,-0.1438684655963078,3.715720353153433,2.224460885979769,-0.2312860074984073,1.0810995902850458,-1.6356982252487062,-1.458438673165056,0.4289237047133294,0.7523182426802814,2.7541159993501307,0.5768829316550421,0.229087567028123
3,0.4743386458321313,4.055887633022122,2.5405681564239857,-0.6854217009444001,1.3337706448256486,-1.3922812878461035,-1.4624345623587771,1.151805172634119,0.4152260310247697,3.1132977985640906,0.0790539864909146,-0.0888192292819508
3,1.3592869893564683,4.3061848612986,2.246348857640475,-0.4902513260325035,0.8682204144131875,-1.8186509092627925,-1.8308716285332003,0.7886396554786052,0.4790807972092881,2.7777430475579936,0.0309841443258273,-0.7407737301616768
3,-0.3679764232493311,5.710487911448701,0.6664231380239536,-0.1279906652401809,1.924339745731026,-2.149080248427448,-2.458869062474131,1.5756916106949048,0.0423472686643508,3.283493519613998,1.1856351514218193,0.272014695967219
3,-2.1175116074080176,5.355294775024194,1.7949908072175635,-0.2040149536360747,2.11731827785928,-1.9497827284455396,-2.665437449589755,1.3965187833545152,0.334446180316903,2.939927926432236,0.6849987846443393,-0.6620799929601408
3,1.3439713302052574,5.992866890861867,0.5727234325835774,-0.5239256931327877,1.502215657844758,-2.160929728079752,-2.320480367387661,1.5430545149023531,-0.2010698671525626,3.387709392956613,0.9801972025651636,-1.1768786428390496
3,0.8699039428268823,0.2642033014096809,2.858414893883217,-4.204626202296531,-1.116696409923361,0.2235950849229162,1.6165629624415605,1.230991159603671,0.0113818411137988,2.618886013421287,0.2626661893646826,1.94435775715238
3,0.5477589444479317,0.5470971487762317,3.270523774722059,-4.153326827202609,-0.7752287390784874,0.319030206367128,1.3957231764894331,0.9653336938930334,-0.2144210951809567,2.370879179814916,0.0115906974131438,2.366915298843216
3,1.163352245884023,0.6281912723102658,3.280337535926636,-4.260012607430419,-0.9189515422093314,0.7076466315502812,1.4371585584626143,1.0870423783550598,-0.4472718892494947,2.36358997643806,0.1785643142734364,2.0390709060718986
3,-1.1729291133563742,-0.0534085235842719,0.3787389845860159,-4.805787734311482,0.1335446181056884,-2.0188587395287545,2.07064754012705,3.311157156774153,0.3824203168880909,2.196067097245614,-0.7358072134025474,0.928392112347426
3,-1.8601143373316824,0.7660769415770784,1.940439219509257,-4.782954093084356,-1.476681555979123,-0.2199108620289292,1.2049508874219848,1.305096751716604,-0.7197445523654548,2.1580469982905126,0.3158258907207484,0.8849850368415765
3,-2.256122958442352,0.6889534729939968,2.09306223444875,-4.449408803788446,-0.6607021710008729,0.0833358103234343,0.7511499078705789,0.8328747074302257,-0.4345896180832898,2.1012548089127656,0.1978487677926614,0.8493934828548697
3,-3.392031712889651,0.4402247756862613,-0.2805926412456123,-5.130303883705054,-0.9153070633323788,-1.4280571967261069,2.065887122933979,1.7756597087815416,-0.1027465981178522,1.8871211541873032,-0.9127676948056872,0.4810841280225709
3,-3.721839977167529,1.6890557470466192,0.0950884419049826,-4.508695701521492,-0.7314422891871558,-0.5584329630085921,0.9195459770884516,0.9845351364341316,-0.9689287545635438,1.9806537937689743,0.0429238702503678,0.7054899523192695
3,-4.048195591647961,1.3713847728933863,0.9304720818546788,-4.326769467496455,-0.763296749042946,-0.297263420534775,0.8887475281973878,0.5600703725143539,-1.1038850551147208,1.844521810013041,0.3160103141236159,0.7221328088653831
3,-4.467132224883546,2.3318993692654493,0.5616410942776774,-4.108242096618657,-0.3256304442274776,-0.7663646210080765,0.7822556295820547,1.23916816575433,-1.0963747827364263,1.4357324008267196,0.0623053459972972,0.0853187264244794
3,-5.444792507007263,2.6278385582290524,1.2140270186402793,-3.447811261179382,0.4257730598189727,-0.6600242337958525,0.5434373210120429,1.105278763161344,-1.2675668750005038,1.4458466707064312,-0.0055531625872137,0.5824566405162713
3,-4.501308410955842,2.9298418067746184,1.146984910233788,-3.372159830368755,0.4571723572041213,-0.7281486446086888,0.3934338881729162,0.8891090468539056,-1.5564579081086791,1.5650444028898869,0.0437437652757514,0.8836595313216737
3,-5.361805290845789,4.164277451167845,-0.7666527575197695,-3.128158992738961,0.3823188754313238,-1.204710252128286,0.311831795656729,1.0880872299117734,-2.028124909086234,1.329040863461597,0.6412156169432237,0.1577332234124358
3,-5.446121032659291,4.753617563566285,0.1028883200987927,-3.110007463060685,1.373326969614996,-1.0415990365597083,-0.1933484857866936,1.674113654184299,-2.523226166391079,1.3976773062331445,1.0871783249809943,1.2518041286751838
3,-5.284137399131105,4.73189938112158,0.207026425801239,-3.02624816671178,1.6702900595087895,-0.7316213143874192,-0.0646596508413577,1.356483370443646,-2.3632650557360604,1.251134068952296,0.5123633381977216,1.0104777792275337
3,4.083570344648067,-0.017373220323928,2.44797924184544,-3.2513130400669183,-3.5253737552113256,-0.8095786769391095,1.5823341566930622,-0.6753928042079401,-0.3170643347088027,2.331426295865739,0.1088949345699774,0.3690678511773709
3,4.68538516805357,-0.2238486810950772,1.7438885493685323,-3.876934586129427,-4.237631702476284,-0.9065397904591306,2.1291416058246755,-0.8909482939143214,-0.473940254422139,2.412870102042748,0.3433983260805681,0.5287113516757727
3,3.622234432752693,-0.4842353033906698,0.96908620214291,-4.32164323434204,-4.5486427740477495,-0.9130963168623174,2.224222819705143,-0.6563865661252657,-0.5225396276960395,2.41051741711109,0.2733419081934345,0.6567681951892957
3,1.769038036169575,0.1051204565629848,2.129602965835106,-2.5182092014440243,-3.383841771880228,-1.729013358361202,1.4448413330420062,-1.5607960018606457,-0.4026688361041891,1.46685240886537,-0.4636864399062761,0.0035170119760374
3,0.1403367252121152,-0.4838948546254347,2.3976971198541017,-2.680256516133407,-3.2501714256527467,-1.46476686078516,1.4232734461471923,-1.34345069676985,-0.5336859063663476,1.4628499091585114,-0.5852127408338195,0.4003613187776135
3,0.7393373586344824,-0.7001938941171748,1.2118957612035164,-3.4751853069928558,-3.6215927353562942,-2.3352994586423472,1.938616660029678,-0.4581097254981767,-0.4544427324772573,1.5952518465879844,-0.4263745069875906,0.3683169030203991
3,0.6524636641168455,0.4616489459284459,1.4457290969722243,-1.83921108412178,-3.212883350174905,-2.1989925542445703,1.3364763479004371,-1.6412258950922065,-0.2710024137530203,1.6159987766749284,-0.6161270261888717,0.1606579489837963
3,-0.8417355993581943,0.1430899648858006,2.0049032786518737,-1.797046299868691,-2.863958450624733,-2.341596638131681,1.127899175793569,-1.7444191484427498,-0.241688594586089,1.171701438158645,-0.9985649614170888,-0.0107159311006377
3,-0.4009098248853417,-0.7467685596794144,0.5708209535565575,-2.4824506860623403,-3.52614802219099,-2.7141337747652448,2.0178605612923297,-1.0138722383823455,-0.4599296144773045,1.4387711922327644,-0.5787646112617449,0.258872985273057
3,0.4404280083301196,1.6910808170841771,-0.1530268629759655,-1.2537978565710948,-2.803715649135729,-2.708642838537972,0.9576537106699168,-1.823541188737592,-0.1171286784506279,1.6171051673521948,-0.8431486610770678,0.3658211224055387
3,-0.313480910764992,1.2335445650377723,0.6760361827243557,-1.4220373911742703,-3.135006499667933,-2.889106079326809,1.2994474950988415,-1.787322905507448,-0.3464882166133924,1.4669734572595945,-0.7131666199109895,0.2460403413757171
3,-0.5827852395184759,0.8661438868199133,-0.4025313119969952,-1.8380027548694653,-3.756347354720845,-3.1148167504330253,1.4089954745382738,-1.7219342890756049,-0.4968518245015024,1.5046601760278968,-0.6474920183632199,0.0130841117031116
3,0.1653899236336605,2.7660481227372764,-0.7856207205266611,-0.0850885597210838,-2.3109939673737787,-3.354793888425297,1.0230946183768228,-1.8141195567875288,-0.6265290804183784,2.004290914850196,-0.7026133328132926,0.3138372235708397
3,0.5312670066314149,3.500998153739913,-0.2209178906932842,0.4493470439426467,-1.9002922258745516,-3.975043908489628,0.9095455681673956,-1.6901812428034075,-0.0179086752218192,1.8797049858199977,-0.9891704151839374,0.3822880984619415
3,-2.344322909113345,1.848163664041216,-0.1667718602413024,-1.0884680953683123,-3.110770304475633,-3.3078425303032,1.3061183185151584,-1.6069201339136274,-0.880993143079748,1.5296065645069832,-0.548270760095508,-0.0536645416710142
3,5.477622007094279,0.5050301273214431,4.036911795649823,-1.775726413160233,0.1961299276845146,-0.0235133844839445,1.4914715859164192,0.1600482362491535,-0.0933780240636806,2.517058553973781,-0.4845435433685119,2.23715230437555
3,6.387344520186817,0.1862533127802673,4.186058906675514,-1.909743687368462,-0.3494121051337013,-0.0696248014239052,1.3399927432866792,0.1241024033057362,0.3298957629973877,2.633753164778607,0.208156658222142,1.6621314724563
3,7.549732145918194,0.3188199198919253,3.71189118304634,-2.358390087418904,-0.3467189747856284,0.0051580857383739,1.2621303763986462,0.2473559583593932,0.3049270616577111,2.7828071625002035,0.5583684347712545,1.9608868738810177
3,2.6014293919220326,0.5834398637929272,4.230293616870961,-1.3411336257841628,0.1264876725548462,-0.7243699269693313,0.752111813122051,-0.1856733330319999,-0.2219337335241882,1.7818041747578297,-0.9917972002433092,0.9147008889648092
3,2.5206563063788816,0.3870489414941502,3.76321622596913,-1.854032328968365,-0.665882147083186,-0.8762151749737973,0.8913504987393347,-0.2849499930251878,-0.3174545655450609,1.9029309405163168,-0.23811653463196,1.0654911664838087
3,4.414704134454899,0.5220911519929253,3.100977216578059,-2.1863682141033296,-1.106010135524027,-0.8416085059993065,1.0728749999243217,-0.1508068115068006,-0.5446638731604185,1.944542028419109,-0.0659374279324801,1.090518878330167
3,-0.0273606675545479,1.2437370783038355,1.0709775175720804,-0.1493980975178444,2.220157300044717,-0.1369772530477698,1.8015190649978692,-1.918683342256584,2.839203780549488,0.5054760564587713,-2.1206467312645345,4.34832802650122
3,0.2874883289886754,0.3161152496075259,1.7740132863651257,-2.1959605478138307,-1.700168534664767,-1.470327163724536,0.878510303274122,-0.8414936154456423,-0.0780192796692586,2.1826108539197144,-0.7155343665359292,0.3953720821754206
3,1.4014478319907595,0.3865989072486255,1.4357549205664497,-2.4320015244940256,-1.8847220201421364,-1.5102033552648393,1.0336785812099905,-0.9052284428625206,-0.0495528963227665,2.100351290426297,-0.5793658733081803,0.3198546756431036
3,-6.319857626325106,0.4682967970994776,4.227685151833711,0.6318224753530972,0.5238441031629296,-2.099920800782195,0.175686652809046,-0.977316339423628,-0.3062370843749893,0.5140663078100428,-1.698799232150583,1.1611476054685437
3,-5.904719750740885,0.5595928914001278,3.999951422666856,0.4662471874677909,0.7438187976561028,-2.094764966281106,0.2401029966702318,-0.9444932848814032,-0.1894472485553661,0.7790519466315233,-1.5842894721317322,1.2667067197096138
3,-2.1272138887252288,0.9679911282302224,2.533329812977541,-0.0102474907644459,-0.0338828160746746,-2.290068439935401,0.1325203197967657,-0.5069425584917028,-0.4085151443837463,1.4864393398389368,-0.6568824590284411,1.224814704020679
3,-7.497696748969431,2.332404763831115,3.738591909144064,1.387599781170959,1.53282924420202,-2.9029661289878157,-0.0945239327960243,-0.9400984725523308,0.0526063546873968,0.8669972697192146,-2.183734171002569,0.8154859861530916
3,-6.557264109686555,2.001106565246723,2.8220383171517733,0.7707019432350577,0.9295521771348476,-2.806833793656289,0.1601790099450949,-1.1314292788548608,-0.0591850984018944,1.0311904799738896,-1.8689149387025767,0.6000213123497874
3,-2.851275052478048,2.6800030838482227,1.4540930477604534,0.6459211622749113,-0.1438822105261894,-3.425505299051214,0.2270340452695279,-0.9119872973255274,-0.6635124551762535,1.6359665006181776,-1.0119685028508756,0.7463325317106178
3,-3.735782430303862,1.553116702788631,3.7116505268696014,-0.911362479848706,0.3826935517883267,1.5371719006949986,2.8701323525324005,0.0848647357504357,1.0845188668487886,0.926841802060562,-1.0143710528642058,-1.5409667302438788
3,-3.7630245209923534,1.871693882420088,4.293242272543255,-0.3047910105647459,0.8608405876781082,1.3641148542586023,2.5246260798626023,0.5933070651944524,1.2917752004093606,1.0988580847521583,-0.8181769504833722,-1.3775005632788777
3,-4.891051948378337,1.447522809912842,5.06053197195079,-0.0471265451777161,1.1594715161528828,1.6780203893387569,2.5911255161249107,0.557988088752263,1.0336429468538169,0.6408256425109874,-1.006599532057721,-1.361304462398974
3,-4.079521094577532,2.4583682851735755,3.5034329516967024,1.1201744748551008,1.897037822422727,2.0775447368275657,4.184519233043846,0.5653814554073944,0.93509238622506,1.2235246587388766,-1.0052904574335153,-2.931868003803458
3,-5.655795886284517,2.148106900440648,4.421392284655391,1.0118866032566418,2.41307774525649,2.190768607546572,4.033396903889469,0.7271328922117981,0.9003577046026142,1.0102310793715248,-1.0199634063535674,-2.7602303455524724
3,-6.0642882576226045,2.33807166738021,4.614978473284052,1.4006331243779808,2.447273607380433,2.0959723698302057,4.115353337410915,0.8109238358446664,1.0395717515676948,1.0179318207992234,-0.9845073686634956,-2.6216666487841005
3,-6.119792851650744,2.885777116806447,2.416773390054824,0.283757338486854,1.695584047496895,2.1998138932012585,4.324210748983685,0.5210174894233873,0.5186067249038795,0.9788433887118474,-1.110007540021427,-3.7007486236141096
3,-6.449976526770644,2.948346621809837,2.950112607595523,0.2989319871440781,1.911988177960227,1.9925173847693207,4.033031580598252,0.5887647829876491,0.233055405719144,0.8635115768578909,-1.0357975415862366,-2.823845327480379
3,-8.574980712475302,2.2230794824625133,3.9461350026195934,0.732500329222827,2.297161783865973,1.900150021658087,4.222794500179738,0.2875880578960709,0.634410247881885,0.6236433162069343,-1.216280532664855,-2.765984443932771
3,-5.761549185032552,5.360298619632711,2.244448899209066,2.3776226873824067,4.159130836283269,2.61552637149716,5.457161822550302,1.291499977491988,-0.547146507128205,1.0577700039022742,-1.0436700017629896,-4.471165109197571
3,-7.027597254413326,4.94887673541774,2.5803479634188817,2.168383248351988,4.321610067826231,2.669587031773006,5.19251933546145,1.232823270294083,-0.255500813858602,0.6146412997493,-1.184819705777757,-3.309438569705469
3,-9.211331868098773,4.54780904756887,3.759978132326664,2.655761211578081,5.191028430150151,2.2363049583144305,4.485233818039426,1.3963724995727078,-0.4305982985159957,0.4811097873864258,-1.229233548936956,-2.7167860056658637
3,-8.996767427813085,5.483765414602302,0.7325287710049456,0.8657394052082563,3.833581315391822,1.802103001513392,4.146469803370178,1.2388982248609992,-1.0986305556565583,0.7353268932034759,-0.2239230878839213,-2.909381211760221
3,-9.43189118185682,5.723287182996435,1.5495295771354067,1.5157189058764824,5.134742526292147,2.022192511896713,3.7376782002059854,1.4393915779149111,-1.2082738190901454,0.2545436539422415,-0.7525526704291129,-2.582179642938941
3,-10.893921864700069,5.916848143112854,1.8213095345307564,1.9672870563768408,5.444336905495934,1.9714036004776,3.7733134896794542,1.5617391358866464,-0.7918434032364398,0.781178943513554,-1.3962948369126915,-2.4925355323710843
3,3.5995614445430317,-0.2867137451135289,3.481074765656736,0.8994476326481844,-0.3668985971304918,2.5390230455515828,-0.2788225041999779,0.6106644522923907,-1.22439137020784,0.2144490958876616,-1.0370366533517426,-0.5336049264762731
3,3.55201306221888,-0.3872376938626977,3.455878981757192,0.4392466331893581,0.025495390080068,2.826667880890483,-0.1830349955797169,0.408921056378024,-1.1696438188950402,-0.1906321930680836,-1.2281786027563253,-0.2193558635820588
3,3.084856494751259,-0.3420349114869981,3.3908516078125626,0.9497536863551662,0.0433165295098251,2.645054853257428,-0.2400188779374761,0.1305824140676446,-1.1070351710960729,-0.1551651693746116,-1.0635737214808942,-0.1931723105108263
3,1.9513795479579672,0.7116273471456916,3.053578995929868,1.298601613174336,-0.3829128674577634,3.051640273467555,-0.8770495851857957,0.9288933217841936,-1.4206948080376245,-0.5223319288451012,0.1827134422312415,-0.2579068900892645
3,0.8666981005508906,0.9117186813979482,3.5383290959081477,1.0469693372999762,-0.0290377381446678,2.745352877174361,-0.896295564947796,0.4517111787407213,-0.947432007228611,-0.2243253022827108,-1.0457891802778487,-0.7919440402606467
3,1.6304143776138988,0.4828055547246088,3.217273039311757,0.9969968874854624,0.2748610566265907,2.956133574014456,-0.8152292140772174,0.3988563981730055,-0.752253200889624,-0.3857738123018803,-1.3265162753740178,-0.2566460506821648
3,0.4451825723884923,1.3976489181846523,1.946552064981565,0.7338376712227537,-1.103068212860681,2.1681531969832584,-0.9396773451060813,0.8948243399938601,-0.7286806698126332,-0.0699842352210321,-0.9586226109744836,-1.2796169849677872
3,0.9828633466635802,1.4153645323423376,1.4516266276489678,0.4605173600473798,-0.4566366899255695,2.262815736537973,-0.8040557886220037,0.7229469535595449,-0.8174258805500432,0.0151206560432131,-0.9047649085764286,-1.085747814944965
3,1.548230455534516,1.4570996640415077,0.3307085777063314,0.3400456512453868,0.2267634453483266,3.252306820028935,-0.9766750983166552,0.7625162148286055,-0.6698888384126407,-0.0670597101808425,-0.4386455395971769,-1.3864441619275074
3,1.1811289162133491,2.708446383951874,-0.6995960485412255,-0.0758739273819977,-0.9691387268404462,2.350832334852915,-0.988705029884547,1.162590038618902,-0.7158138844134345,0.2436076527164656,-0.5619486120674643,-1.1271928495435988
3,1.623738611490417,3.095750291666828,-0.9844483577772924,0.2190168131911624,-0.5358349261626271,2.1477147529785072,-1.258912125134878,1.0041667324547037,-0.4483155667836125,0.5145109674370303,-0.4040971771515716,-1.4088816960533346
3,2.118174705535189,2.957663445402025,-1.427042328971944,-0.100641889743527,-0.9614688169087638,2.7451589913142675,-1.2092734971956585,1.2152162185675697,-0.644003270210632,0.3528757776104731,-0.1947185491662599,-1.1302032879127812
3,0.531143231872753,3.6448759516654015,-1.267903397579664,0.5534351870275178,-0.4557468283478971,1.938712995498788,-1.6603059079439295,1.477898864912404,-0.5616224161036892,0.9576866943564124,-0.3704883902303941,-1.3738945309448491
3,0.8356417457722204,4.101780917209746,-2.0787569255897003,0.1865718330616953,-0.0869387521132563,2.16064631190211,-1.4934477042300045,1.4935858385094247,-0.3456050511350602,0.7923853027013533,-0.1303615460299632,-1.039475353212964
3,0.4274336560728604,3.385940471203064,-1.5693184505103512,0.104810077615694,-0.4818256523811058,2.43042119338723,-1.5847265346710653,1.459197582217567,-0.238330328483065,1.0904440369136283,-0.4820520112804956,-0.8574470760456606
4,0.8016654316667173,-6.479713356848816,0.3765737870799694,-0.5189941081023042,-0.9698418335884544,-2.215757320520446,1.1517382792021,1.2086420622189753,-0.8558581942845682,0.7279972361133835,0.9358375994633056,0.1283860418995819
4,2.088050894927416,-6.621243519863856,-0.672538200058954,-1.1502988896264932,-1.3004350360995447,-2.173951929859893,1.573169241556256,1.4287766501178176,-0.6779243542959299,1.065561138803563,1.3651897593848474,0.0457812098189945
4,2.575332263943141,-6.617239297450017,-1.547879258510094,-1.4108471387686905,-1.4863664969098906,-2.012822342092068,1.4104595418688808,1.4881197349471262,-0.7652914629292317,1.3674559583141386,1.3249162189883548,-0.2005208660451069
4,-2.3464500739843697,-5.771102431565096,0.1877083280760761,0.1795445426718249,-1.7092155044299056,-1.8612652239154956,0.4069778834715729,0.8889572096791163,-0.3294912017669228,0.235147384004648,0.0956363257075401,-0.1588278032520343
4,-0.9977976920782088,-5.946965628543349,-0.9403607786167224,-0.0437064768953497,-1.835058189205714,-1.5511925012015642,0.7027867112693967,1.5725794858048974,-0.6040856464194169,0.3022608389437176,1.5134100678582207,0.0520940133951151
4,-1.693178261996125,-5.957549063331759,-1.177289937978371,-0.5403807034957264,-2.2163842451483933,-1.735188190807584,0.6273647090217612,1.1944126168685807,-0.473007304095127,0.7410595978850015,0.7918911566669078,-0.3318018319536633
4,-3.405039142634186,-5.377790459651969,-1.2563654290148374,-0.1131546577174335,-2.5811704047644857,-2.0960450837532094,0.5355887840842358,0.689680357728503,-0.1815671227230389,0.3434614362219459,-0.1833023453353045,-0.1139753319694127
4,-2.3824650334561297,-5.457967165475606,-2.4653418196703467,-0.5037170625414052,-2.7974077988858643,-1.918829963878205,0.7291640627373225,0.9852265797100362,-0.0867778125794408,0.9640107313843466,0.101403667190187,-0.1952206189126751
4,-2.9452485798297325,-5.560195593341296,-2.1162142577801144,-0.6406310878483465,-2.872548297624422,-1.5873661682546916,0.6584871752261711,0.565608960965994,-0.3548721068898876,0.7547755728058101,0.4128230790729167,-0.0194616734088666
4,-4.062987160234657,-4.104366345875878,-1.9257241103713043,1.1361467431383192,-2.799891484737445,-2.3200850089940044,0.4371301942335454,0.3601172019111084,-0.1591311677376995,0.4908700328469939,-0.2948557718940199,-0.0603376372039693
4,-3.300233397700303,-4.021921998465889,-3.2918961998385723,0.9226383617022988,-3.0785845204596574,-2.1745187545036977,0.5377182482109069,0.1692510228820114,-0.0895165616193101,0.7149528075077363,0.0821309327947729,-0.4797221506403915
4,-2.981110044971874,-4.272712980325298,-3.927555833457465,0.2560186118515067,-3.643332434898072,-2.100028599272434,0.8148760818447983,0.3105372264993052,-0.117899621001317,0.9004031886967618,0.2378171274118216,-0.3160537492238657
4,-5.7517567720305856,-3.8810269131285184,-1.5705325392684557,1.6509508370307713,-3.2673548555826466,-2.4341341603474054,0.4185823504763433,0.6517467410657708,-0.2395607675050884,0.927375569452323,-0.5058057309483739,0.1960816240451351
4,-6.493550948874105,-4.464063979265912,-2.1179362585344563,1.1720428713517277,-3.703318724169411,-2.209604554377983,0.3934912117642973,0.4895464809808728,-0.155253954344,1.0199788606150295,0.0950786321210719,0.7752137522194387
4,-6.163469053546223,-4.218628209205224,-2.48911321922385,0.6507996813278089,-3.7993486544532113,-2.035149257230719,0.3702609659069093,0.5374281379414836,-0.4933261595534091,1.3990445994678706,-0.1082970817749682,0.0810505179505179
4,0.0588636259654509,-5.132915809524256,1.8824213555275,1.262610343602193,0.3285360169167939,-0.2066951305448981,0.3530215254814574,0.7849884373974633,-0.4559763673863218,1.2324857392523818,0.5974624758809665,-0.1363025615780278
4,0.0855943266130489,-5.299607770866735,0.7228648802964709,0.4904103286928442,-0.2120270925544381,-0.1014799328866648,0.5650847498216385,0.8654561966350567,-0.5782731763915407,1.8045435486142165,0.8842941516684902,0.0018639355095298
4,0.4080007204201856,-5.261055524077774,0.4721927807124483,0.2859734600152569,-0.1931249636045858,-0.0723409329072616,0.5983665857017549,0.7049635396416362,-0.3256210694043683,1.539432920079186,0.5889429374902148,0.1563988975819231
4,-2.0233086769786195,-4.355598612490643,0.3911992532509992,0.9329313511908364,-1.0403122649277805,-0.2760775637137024,0.3365096165725987,0.6010259117644822,-0.3200293877552965,1.2870022495467703,0.3386525372507522,-0.3687612747513326
4,-1.4036088412301833,-4.199179934114377,-0.3474149776777908,0.504339289222919,-1.3190015545311768,-0.0666590493413255,0.4471734218068759,0.6698728346942436,-0.603344012378591,1.430668692607497,0.4236502736369268,-0.4649184962176548
4,-1.6195829780081414,-4.250021557212759,-0.8795862814120773,0.1575699907100406,-1.4148817037843135,-0.0325941402911681,0.4672891523232494,0.5903526470199671,-0.2660965824517484,1.4974027844743372,0.7980297847959709,-0.2651676070609844
4,-3.450140016906031,-3.1043602490512865,-0.312646848374495,1.2805478308329377,-1.424348198917121,-0.4862642043828632,-0.1550380844428645,0.1469649757596129,-0.5645159570454036,1.1181646686032232,-0.3322009596682265,-0.2225042494783508
4,-4.521832326039695,-3.567522083345433,-1.2657613791621898,0.1920508501087139,-2.0091368484728576,-0.1873992439667915,0.3584382023557267,-0.1020243687277979,-0.6529408755923947,1.3559052449896505,-0.1649357375181324,-0.0468200099267608
4,-2.988020760694129,-3.564797797479181,-1.899068543690492,0.3285384164148655,-1.8072924349922104,-0.0455595475916333,0.0858753830648241,0.2442920220713308,-0.423426099247969,1.3245152235738125,0.2403806401571596,0.0857386383045965
4,-7.553720595390154,-2.7403235932509182,-0.5682518748792751,2.996835119765428,-0.4747733121125855,-0.6932914810878296,-0.6015067567226601,-0.4718864626870931,-0.4525470918698441,0.8897678722878354,-0.806209762701271,1.6473025414434168
4,-8.531748153817766,-2.648476933822608,0.3789737653648687,3.2885571072918265,0.3456361918554161,-1.0194976456667826,-0.8507806694989914,-0.4931604221417743,-0.4984853227189116,0.6530852408647346,-1.294382142048008,1.8509209497916257
4,-7.125388831065472,-2.734449714384351,-0.2929146677267742,2.731846502078406,-0.3088381679295482,-1.5687245402659835,-0.5894025102590852,-0.3432007253707921,-0.9586356753274818,1.05842161212944,-0.8914770628898163,1.4340511210729618
4,-1.9652944142221331,-0.4007594471741755,-2.7523461810938423,3.7688237572506806,-0.3655444178901788,-1.408309252015219,-0.8447720088420905,0.1147526165902752,-0.2881415675150799,1.0391592283411824,0.0246883754997375,1.0264555088425495
4,-8.884592176255637,-1.4086813672999952,0.1643316152484754,3.4537343358192327,0.7488080139693646,-0.9287790303005216,-0.918604724588883,-0.4120167230486707,-0.7017760903892768,0.4060316473009415,-0.834781167240399,1.6516760263117407
4,-6.4382272862715455,-1.208702506708525,-0.2425744844405212,3.4780350342088626,-0.009017698588746,-1.4147575990795884,-0.6327232478916653,0.0291131744409541,-0.8084482023899607,0.5443913671456875,-0.6881473082046017,1.0990611663115752
4,-5.941159047501039,-3.166070544443062,4.248649127127021,-0.1402720470062662,2.2603902919045007,-1.5270499454321136,0.2054879472137163,-1.144664580470016,2.1812045395968367,-0.7533348663435055,1.1802045724956944,-0.5545011813050582
4,-5.502575690221083,-2.8320577998382426,3.770796295022482,-0.238238771996058,2.0459344276535454,-1.921933549055864,0.290513775443964,-0.94394105643018,1.9154777786641533,-0.731732001258202,1.3199036825559838,-0.2193006402503778
4,-4.394810300135307,-2.834838145821668,3.922720907873523,-0.1056403659737397,1.914780475766344,-2.2168244039989835,0.4233542495507524,-0.6583186646276833,1.622296903240455,-0.6751023417640868,1.3836663463609749,-0.4571472530182913
4,-7.964730579597422,-2.172141062048684,3.531140978177369,0.1517936588670972,2.3762789122558194,-1.6217132128231095,-0.1025645668039751,-1.3037760473098012,2.278227302592629,-0.8229798672630356,0.809079005267397,-0.3045936940695671
4,-7.061690123310525,-1.8869251693922813,3.325333536188676,-0.1398207110483349,1.9226285473232632,-1.851236617305135,0.0705041598832161,-1.1562954383624369,1.7157931010743164,-0.8811144222837852,0.9489525811993704,-0.5136999939059342
4,-5.454006314455583,-1.637081252661226,3.1049545417266327,-0.1211854289168329,1.6506598486604125,-2.17001593091337,0.1695234616117118,-0.682117580891771,1.4660853986687912,-0.7806981912958096,1.2413657176411823,-0.7670753349754391
4,-9.470162969466909,-1.0205218824939464,2.6926631475208342,0.3005060757525981,2.2845876289447875,-2.09773168424342,-0.4601109030466712,-1.5340069237912062,1.7499205139258822,-0.8056489480793627,0.7398309078325491,-0.3150435300937166
4,-7.4776249292931745,-0.517509665523883,2.290403061251289,0.3018864261856815,2.104735660908275,-2.2738280423799173,-0.4483156208600001,-1.2660648511858088,1.4979487893596954,-0.5780791999484254,1.0266483199690213,-0.3443790651231575
4,-6.818045289330541,-0.2556124051368036,2.392050952171896,0.3459525477756378,1.8909365997204344,-2.850596946958616,-0.3786290994439972,-0.9601083347557215,1.24187399906103,-0.4468024540014347,1.2988391396729817,-0.430667868083596
4,-8.317152754687148,1.0780213018214428,0.9027908867413644,1.1886706794777655,3.0809095073808224,-2.670330633381875,-1.1483800730844984,-1.388162846567524,1.6073446767214548,-0.4179166891682927,1.1013498049180876,0.0611590191265692
4,-6.274027354697964,1.3947079213651217,1.1518421491141495,1.0978760757590058,2.8990246044200045,-2.767208166894134,-0.9789318464485408,-1.1491406318080926,1.2358293872228994,-0.6641609700113364,1.5977134444222472,-0.4728541828461912
4,-6.158159434192853,1.6715582311035833,1.535020369123136,0.8185209526537208,2.448089719541881,-3.064375325857327,-1.3809068163866285,-0.7337121812200708,0.6616513046994186,-0.3754644254178024,1.4897109434162403,-0.9497152814161944
4,-7.496644389239876,2.702557541073189,-0.4741418668102352,1.3518749562427173,4.224588506398389,-2.698131331637692,-1.791694033109836,-1.6601070631290835,0.920502714652285,-0.2023057298437945,1.0492360124950877,-0.1534825875190652
4,-6.093041045196666,3.1714579416568744,0.3441039226634313,1.870644189074872,4.394173259353744,-3.164333088282027,-2.314350742575164,-1.1608296214625156,1.2229807513365014,-0.1859916272740964,1.439079088174696,0.0931738146293499
4,-5.657436357034543,2.676594729204332,-0.2037780964551386,1.278222176897572,3.225935116872561,-3.1601503898431336,-1.7703536241083968,-1.0516256778988768,0.9183716498281296,-0.158694001606317,1.4839216171586127,-0.555772951383717
4,-2.650871375383461,-5.891804977721154,1.0192601851334058,-3.132773931764888,1.14679183846549,-2.2369155182003038,1.9945838391038109,1.3804199183775143,0.7054858985053626,-1.2364357024633066,2.387009012976736,-0.4527450913381689
4,-2.5588176372062525,-5.562600028221932,1.6497314420134646,-2.470180038372188,1.964124136237724,-2.2148419734211657,1.9322905394524283,1.460365267079091,0.2896961181089288,-1.71920841145029,2.324058950315585,0.5197626347660071
4,-2.632873293017524,-5.923662651418208,1.5486353342911063,-2.6347949474693806,2.036001858317224,-2.120763410854858,1.7665449045608437,1.1018198488461688,0.6518408791593933,-1.8390166338455491,1.804287764860409,0.2014562723903883
4,-4.315872994667851,-4.210318180350749,-0.2237463471134505,-3.1158812845948507,0.6850967080997322,-2.263224667686869,1.5861254482562597,0.830545020895702,0.5190508480408071,-0.9085129939245916,2.333311056464684,-0.8626969031254442
4,-4.00662991469256,-3.8760009824562505,0.524281656609656,-2.279914623838656,1.6735987890494282,-2.099490892171492,1.2864554939056878,0.8959551285969141,0.7699017358226068,-1.532178577762708,2.146906335182856,0.1704300132123559
4,-4.492041507703332,-4.122685741857612,0.7607865348140389,-2.1781950522695954,1.89731674889636,-2.0449724630189854,1.0989261847623315,0.6675875432783475,0.5268722017751378,-1.594389220575358,2.04559559291442,0.2063793867035473
4,-6.363122148672186,-2.3429273312466274,-1.327067616751812,-2.9884807493160226,0.3902040908851181,-2.064610825788253,1.1170944772611924,0.6150649472555203,0.3018429478710787,-0.8813293480550447,2.3923044562897826,-1.0662729435350469
4,-6.926185416148617,-1.9953978866279536,-0.6798006395026791,-2.451680470034322,1.4544273950398554,-1.9816521748576108,0.9848628311604608,0.7451326140392043,0.0854184998470187,-1.3429289675981544,1.9699811794563584,-0.2012673958810353
4,-5.898705149626282,-2.07096692305362,-0.7027490575202989,-2.263628583375219,1.5958064365337028,-1.9434126032962329,0.7185353781107681,0.4208518480723948,0.0539081866318384,-1.3014996178653804,1.8546221947776436,-0.387496139179015
4,-6.940352379046874,-0.3397047201744132,-3.835230628495304,-3.5086919306938538,0.0616784088419049,-1.9781715760148584,1.109651564363184,0.7086705047223947,-0.2109761785895604,-0.2326582717534717,2.456332484410963,-0.8315749678270844
4,-6.790939753662451,0.7129666813396446,-2.9422520070903087,-2.757823174270544,1.5249349400649432,-2.22426558567769,0.8343335914326193,0.939894997614402,-0.7567923146893605,-0.3604364210269806,2.3048099606613106,-0.1837809768701682
4,-6.391099691852196,0.5441025725761243,-2.678799326387616,-2.131531768874176,1.9087056780712148,-2.4575709224009894,0.6954603057262777,0.6866955262528506,-0.3838215442162836,-0.968822312998702,2.2971963511225773,-0.1168542181785929
4,-9.34344484465938,-0.1620218059357357,-3.880831599863848,-4.075132200878299,0.3597339404544316,-1.330408098983378,0.6159436013227282,0.0589928729060161,-1.007993250409274,-0.5126200010812992,2.4580459581255223,-0.9046869629884114
4,-8.47836076007115,0.9499489434504276,-3.5720844974650507,-3.201279811915172,1.977515177292323,-1.0953623162605202,0.2329809782580425,1.3394937220442666,-0.8650681605090222,-0.5982075318345853,3.0189767585545075,-0.0887663253818281
4,-9.069567821695038,0.7317998363118403,-1.9716763975541225,-2.661565080753673,2.790696577416676,-1.004230803521047,-0.342687675214407,1.2475891051189103,-0.204306529423841,-0.5253345707112768,2.916057068367174,-0.4578072822401921
4,-1.1502402565159864,-6.786868600533939,0.7036115701960893,0.3092841495969348,1.092447567206816,-1.2581818334061656,0.8205188306348624,2.7501657868887914,0.2693587267863201,-0.2492091127835485,1.4112412545315098,-0.4929625646162586
4,-1.8361482270005456,-6.478475324527451,1.1826984374914045,0.3069636894924729,1.5121741211457755,-1.097506549036076,1.0873179427808084,2.722937175531219,0.1730651060217557,-0.2437242616054658,1.1192476353067509,0.1104328616989233
4,-2.454113465291243,-7.079531525705479,1.3884726363965427,0.4326877065924499,1.050053986453953,-1.1424674509087622,1.0671820971467765,2.846375038320412,0.527833849838357,-0.0431125184119563,1.0317356240568534,-0.2060577525074066
4,-3.799384971635415,-5.570989762354398,0.3193371593122951,-0.1967624263241107,0.2592698963081986,-0.6423523492655205,0.407666817602673,2.5430786757517887,-0.0003866440275007,-0.4709487186658257,0.7491816378571964,-0.7360899789730009
4,-4.688056772368977,-5.697176844609713,0.3244709174808283,-0.057657207329721,0.2250094570296401,-0.5601965381404405,0.7335439779403359,2.6215358740891634,0.4175301462426563,-0.2862514415406237,0.6086921870961852,-0.5824528358560558
4,-4.490231668278275,-5.821691177783304,0.6064834759757158,0.2833396122870834,0.2354784544929231,-0.697234657828354,0.5775065022257558,2.657592297539648,0.7457753677641705,-0.1039962969180807,0.9020933217215916,-0.628873417096604
4,-5.644839390257279,-4.98775030890308,-0.7561959163929812,-0.1128883132727486,-0.1514748784763099,-0.6341413896038277,0.5384660793469664,2.204886853973839,0.0621653325004214,-0.4716893452144882,0.3309963416732377,-0.8263417729831339
4,-6.68458051948212,-4.79369450078773,-0.4217011527856337,-0.4191888565093858,-0.0906622667685354,-0.4758703732191466,0.4966006169205989,2.297071559041662,0.1452952356754704,-0.348432531816314,0.0642916606110224,-0.4035538575531055
4,-8.09876028788803,-4.935690741808798,0.4146667881145429,0.2072687506982942,0.3687794364475101,-0.426846013094488,0.2890885390987636,2.0128227708015607,0.4186054465745469,-0.0305126442300797,0.2091430559534166,-0.1581701422067825
4,-7.192498778780105,-3.370903051493541,-1.8519114705155213,-0.4256019951418087,-0.12946707854225,-0.4484888827425468,0.2053572919616961,1.931778005027594,-0.3932287403803981,-0.0225015775992701,0.2911368111896766,-0.9525272768349756
4,-8.07176834795919,-2.9855474509874638,-1.251300693355929,-0.4269363314652432,0.3162168934152465,-0.3696768056028336,0.7084629121023234,2.32623764100823,-0.4106410423372925,-0.1943766957764024,0.1804472455172457,-0.5474304351001886
4,-9.478260373949665,-3.4622290239144142,-0.0736643107100101,0.2016603863056124,0.5571275389599447,-0.3712698576002508,0.2091402718955504,2.405405975850021,0.0747850396526948,-0.0020143138097488,-0.1393707942452092,-0.2692328250446179
4,-9.596354810373883,-1.717421950797962,-2.637372517777542,-0.7287965259788772,0.5089440177490406,0.0255838532832936,-0.2413515333459988,2.1453923706063867,-0.7005098073981714,-0.5759887394710476,0.7929959085151115,-0.5861735509603476
4,-10.62607484214731,-1.3092357144510216,-1.7015948867474628,-0.4038386501984731,1.0487252702690113,-0.1270031370057792,-0.0252162488954078,2.208544338706855,-0.6847134480557532,-0.8176754549551578,0.539316643897975,0.1181720489985938
4,-11.931903095407522,-1.857049359482992,-0.7307277022470372,-0.1019158098710205,1.091146704451884,0.1373674337642257,-0.0849204476003294,2.0297771328188525,-0.5076921914632888,-0.5151791715451792,0.3730154797827285,0.0907268986471552
4,9.795436589256198,-6.877072221809161,-2.086777694049452,-1.0264104243857128,0.2972917117760568,-1.3040660875394423,0.8706519621991233,0.4146266737856094,-0.2289276898586851,0.7968588275392627,1.9558551155537325,-0.5136571599331785
4,8.767190720195945,-6.811307033677478,-1.2173802200203283,-0.8005090874826855,0.6541229493422113,-1.2920863685918131,0.8499321301470906,0.4300294529848935,-0.2221874518221458,0.8659378443941612,2.1275067012687345,-0.7534472332266673
4,7.530939217451282,-6.61956135979569,-0.8179526433828075,-0.8448474812086977,0.2638606896667698,-1.371162052198891,0.848219180081283,0.4400962199983985,-0.6723969012344149,0.4610371572015158,2.335087131390108,-0.7720480650803494
4,3.704753497657699,-6.503060698856536,-1.4762370340070583,0.0155849646360285,-0.921347039060934,-1.2655663576573848,0.0483809421373536,-0.3816369021706918,0.1865481715577524,-0.4842144329977176,0.5363845664350847,-0.8179221874464335
4,3.461785738048983,-6.33080849111231,-1.852500094567868,-0.1077264524299165,-1.454740359000979,-1.4754279423632957,0.2532163609071123,-0.2618071842253772,0.1644995836743858,-0.1741753684839151,1.003676288101813,-0.9402469442186316
4,2.930610508149245,-6.104572496981206,-1.4029651319337046,0.1327705039851118,-1.4680039755094092,-1.7167836280761497,0.025305607404349,-0.0521727524752527,0.0878283817889795,-0.130372086893367,1.386876164808084,-1.2083922965890357
4,2.8636978601660004,-5.567705192706999,-3.027311130248524,0.6072995922726618,-1.833385653345683,-1.636470718567979,0.1178239345255075,-0.577750238453703,0.6346163908396587,0.1521117541045538,0.4534906142506597,-0.981628918979614
4,1.4621080471676586,-5.557362829852652,-2.105725279534274,0.6697013529126262,-1.4817296601156649,-1.5218345357669325,-0.0698764435914995,-0.7358647978286698,0.630787605125822,0.1096106115764727,0.5946768944650958,-0.8619240630688441
4,-0.1850009837404785,-6.000172291756535,-1.4227633123267729,0.489533295009328,-1.8646262952172632,-1.314377305351143,0.0727668432875446,-0.936433413051733,0.2291224466514669,-0.255050837812081,0.7639381739738612,-0.6967429848573411
4,-0.8467387288312632,-4.756383018353469,-3.4400613602156045,0.559369238536849,-2.1324151803362112,-1.38984704426528,-0.0502109693488084,-1.2745413935819274,0.587571019928462,-0.0321216153591968,-0.02330597843771,-0.4526565493155068
4,0.4678450984501441,-4.246699675378424,-3.1145669941221006,1.3034713913325984,-2.0356938964440743,-1.5689875195841714,-0.1817942141627272,-0.9516728584247588,0.6338968899088268,0.1364105083700891,0.4459819183656646,-0.9294689169365524
4,-1.8969410018758943,-4.37790798176338,-2.36410554849289,0.9471410277819576,-1.9171846347078376,-1.5275389230504293,-0.0394529407559606,-1.0244277732700726,0.4026349373050923,-0.3296518445961538,0.1223881288639354,-0.4762962050032013
4,-2.052785859498458,-4.622535664099361,-3.4968151865989308,0.8930919026818097,-2.275666430232803,-1.43828770509987,0.1430451012026205,-0.931791937768572,0.5960385598706232,-0.0277357880145456,-0.1614845859132089,-0.2820255328854971
4,-1.5132683375597815,-4.02510262999563,-2.9019073142680263,1.7851967632287102,-1.6038351233123749,-1.9036934996606028,-0.2496405967594383,-1.1329342758101535,0.6723545129831403,0.0830492589591379,-0.313196578126256,-0.4861969464640336
4,-2.109368965030559,-3.769151448892218,-2.870747095816901,1.7084474374043594,-1.4434194432737126,-1.5551651491822247,-0.4742019085426273,-0.6534578683987263,0.747531209886602,0.2405419035101027,0.0766481835242737,-0.3623747110495121
4,6.956164493767822,-4.73687568376339,-1.8391011867797515,0.7075581204455406,-0.4055224317229708,1.1404338424639116,1.2174913406338912,0.1548027596280813,0.957804218831441,0.3363785557761025,0.1369814759871951,-0.4875622048337966
4,5.687422126653222,-4.54467270841324,-0.7662801094837679,1.1028962392065746,-0.2179704508889155,0.9282947722114596,1.1100813748286054,0.357673352023263,0.7691309558002433,0.1750706155032397,0.2631949816779109,-0.4420877303442176
4,6.04395538040698,-4.15456103615986,-0.6503816651298838,1.5358682238850143,0.3019646541557159,1.0298288428987967,0.949734589620714,0.4454724748393077,0.8563077887459032,-0.1803527720838245,0.4878344831204812,-0.3760835881251512
4,1.5185397488085963,-3.528618063941823,-1.5532448932772918,1.817403958167035,-1.4663954572920654,1.5906510040090596,0.3109113930433375,-0.3157292110387345,0.7756910107212748,-0.4993038710639259,-0.9383287947838128,-0.7157054862804092
4,1.0663245944445623,-3.49840585372935,-1.6093060746346908,1.7790135165391188,-1.8411197966527548,1.3603004526743374,0.4042326440365295,-0.0270003168189578,0.7274279743394388,-0.458047889261058,-0.3617176691665742,-0.8442879332234845
4,0.0683592778350673,-3.320248671518097,-1.2294974773780152,2.0572138939502707,-1.1595861374186085,1.3035079562340826,0.188187181348503,0.0206314738160365,0.5688402328783124,-0.7047761767917463,-0.2949305256103326,-0.4343773384421058
4,-0.8840461629937112,-3.1199094368704405,-2.435652493449204,1.6564871539918289,-1.9312647740193276,1.0540481728635338,0.5160253106784736,-0.3231754498033918,0.9582280826744656,-0.4415876692556727,-1.319668364011729,-0.879149114834897
4,-1.312459583073392,-3.0159444179776704,-2.1306154836525244,1.9623020226889023,-1.6873005820392144,0.976728209159529,0.1735621290995246,-0.4986487339222649,0.9175025161585652,-0.4718033919584756,-1.2138169783991848,-0.7364938316542402
4,-2.357074493238216,-2.7912926286938693,-1.405815915627176,1.965188658960482,-1.1996620994377536,0.9858589603252456,0.1918135779105234,-0.3367564092206549,0.6131823211400536,-0.8159268624987102,-0.9597117826041957,-0.7551870291851863
4,1.2470165573627934,-0.9563208385814638,-6.25330208588122,2.785551300031528,-1.5925312766064952,1.2580737620944058,-0.4183914860292548,-0.2650335389977903,1.0911884223326478,-0.4233944267999718,-0.8772348637418176,1.206008671373498
4,-1.250630262835919,-1.2729875744053325,-5.447775006304347,2.9699674076618456,-1.6461295264007556,1.1803491187010833,-0.2780299043086716,-0.4557048753266846,0.7903359183313124,-0.4559281021548029,-1.3272770109055383,0.7756985709382846
4,-0.6241449159163298,-1.004561165763452,-4.809487411760292,3.30269026634775,-1.5615700425038934,0.3964228139195584,-0.2595123741707251,-0.5480855423847931,0.9182081166837156,0.0756101358502407,-0.9233101532603972,0.455644703814841
4,0.6352464011736411,0.8333193316448841,-5.9761906368545965,3.708673024722068,-1.1175052642491854,0.2014334764610367,-0.4038799955701762,-0.2755421196610861,0.921589710105648,0.1389531360192771,-1.5544707702823786,0.3893673919879892
4,-2.9953453223173985,0.2836678474584976,-4.409408612358659,4.15094201618439,-0.250766444405307,0.0293129163396994,-0.6636995540631395,-0.6061364532654298,1.052798589238103,0.0485315512377982,-1.9864619256705829,1.0344268312925808
4,-0.9738549317585988,0.4089959013260712,-5.38292890388781,4.575893711685033,-0.6290188904037374,0.0990625421969269,-1.158660513984035,-0.5787195489604516,1.333447835114188,0.806725371633697,-1.5880783978683457,0.4103447639764007
4,6.110884672813587,-5.211805368851759,0.928180421637654,-0.4225614948899373,-0.8914231082428546,0.6835429828163214,-1.9183821693327008,-0.9618397591165768,-0.8275840730743984,0.6641053267764689,-0.7276180029847513,-0.4521409635819766
4,6.719568959319063,-4.867518225626577,1.5946283664938194,0.2335866184388255,-0.400083636367897,0.6040763564308799,-2.200210210335696,-0.908772577092118,-1.2171273340248678,0.4421262112019552,-1.0627654637900157,-0.2247834213228901
4,6.378984498583462,-4.8798320737380525,1.7828153101599469,0.3875713941767546,0.3809815084986148,0.8586289240908093,-2.313538535797297,-1.248614906225633,-0.388007875594003,0.4237567080767981,-1.2289514187656174,-0.0854584281723123
4,3.4300521624015547,-3.655654060213538,0.659029491926579,0.5369210780094611,-1.9993221421424343,0.3672923095522298,-2.243169348900996,-0.6610999346745433,-0.5469489443692476,0.2904567384406647,-0.7941301327848628,-0.7719799850747046
4,4.775196118435716,-3.352541694880546,0.6941591141036864,1.292267107470186,-1.4021075674963752,0.386121632559215,-2.807649413000223,-0.6722643283613309,-0.500630693113764,0.1687258734803435,-1.0406240142725909,-0.5771074851580198
4,4.946745527150971,-3.478099529734423,0.0603759453359923,0.7442704450239943,-1.264693716735385,0.8573020816369034,-2.56370666065476,-0.6773047001015319,-0.4925244194740599,0.1985289504670118,-0.9804075972702202,-0.4793894664770041
4,1.7078615300003042,-2.288652229803675,-0.287369704183164,1.015797404927778,-2.5085515526217117,0.1395961785881957,-2.249808706236198,-0.5850935368606682,-0.4466068034187804,0.1499955668868138,-1.1803864907784565,-0.8324442254433577
4,1.7387241668548188,-2.4499942677437505,-0.9918872039139294,1.07239074292721,-2.332277867913936,0.2912282163123937,-2.338009349978796,-0.9382736279019412,-0.6608643154534735,0.4264090745591778,-1.4443048782122505,-0.693262196142042
4,1.3363246722380249,-2.6078736329230234,-0.6522031821536183,1.1561232650269373,-1.8920605524142655,0.3956138425030167,-2.43904632240398,-0.9077135622905876,-0.3790999161906492,0.274542135484312,-1.99143156012186,-0.4384482793158349
4,-0.9790332831555574,-2.04072579591192,-1.93992088598432,1.8964235100926028,-2.4622935553444183,0.1722693995881657,-2.1924503120627974,-0.5255280718109954,0.3964936253133283,0.5731887221064856,-1.2716948358726483,0.4368099652926183
4,-0.5084303373433462,-1.6079150877159376,-1.6569634331332508,2.231417290757628,-2.04219066257335,0.2835328248625299,-2.4878576259094163,-0.363545115839792,0.3141451119358119,0.4437439280258986,-1.4823471718395134,0.5693481805332309
4,0.1951732291024977,-1.6683816763689638,-2.539068951208709,2.1334644530071447,-2.2896185452727464,0.0977200115985719,-2.7744188791770603,-0.9014069568994002,0.0769631057418754,0.5232799343119032,-1.378252731736663,0.3787504705162532
4,-1.6142794804579237,-0.5874608431689029,-3.1396258140310733,2.603636235799171,-2.7584161026101133,-0.8747440609138137,-2.1650246373408786,-0.1317398854728367,0.3992267471761615,1.3020349769387796,-0.4230576793351644,-0.3942532628363772
4,-0.2715123140614376,0.2678082570591892,-3.159661329363685,3.0679119234345045,-1.752010487884851,-0.7416666202431215,-2.730625812874035,-0.1691800289706679,0.5883262241983891,1.1632465749522494,-0.7643940206125958,0.304471021253498
4,-0.3253489897441112,-0.1662471471954574,-3.247946872856506,3.0985734713724185,-1.5227753780167712,-0.283891496694488,-2.888139783736973,-0.5892507887219733,0.2825168754070014,1.2789231128585117,-0.9632164957944664,0.424341792287204
4,2.307247729819998,-5.271646402487037,0.2796385492400758,2.851385784355361,-1.5308367382086412,1.6281324677351643,-0.0210997184387643,2.302652213488035,1.030689437879637,-1.4136191872601709,1.3152174187542929,-0.2598350616850724
4,1.936357487844928,-5.649240890721324,-0.1249146283356164,2.800557291194417,-1.563703456633556,1.9445703689706089,-0.2543834873021595,1.898998909424824,1.2371093454261768,-1.527309615080919,0.9848793038354016,-0.276975272036014
4,3.051283564825668,-4.928625414084912,0.5465946432740754,3.3904337484022427,-0.7476142035135784,2.325555005301165,-0.8173082219773545,2.11625509011197,1.062346291779832,-1.8666302060841136,0.6882158568134359,0.1196387403744368
4,-0.0247166712084888,-4.0324805441601095,0.2461405136925314,3.669065300783786,-1.5721137946817887,1.8926982790736937,-1.0947369897178725,2.909098910239505,1.5003568429560123,-1.351852454586708,1.0487863513193896,-0.7096321734600961
4,0.7906287707609503,-3.919090258232479,-0.5833074777028743,3.7654195849279977,-1.6669635058234349,2.055556491770453,-0.9727910544078,2.505234486397472,1.5337234106603674,-1.4074926400209338,0.9143024027366892,-0.7363372799571046
4,-0.620836728833485,-3.736729805260757,0.457275462926643,3.9971951834150623,-0.9651740775974016,2.1221193986242604,-1.3510681815029364,2.4157160942099583,1.1230560310133058,-1.655298518525918,0.4344943067086965,-0.4726652315444112
4,1.4682099156837904,-2.2222864230958885,-2.868925812793597,3.857736468863592,-2.830172781239168,1.8337816566912637,-1.56530784310296,2.8909010893625817,0.9915377439169536,-0.9923939550540736,0.9007838834096832,-1.0947330218658515
4,0.7082923633067558,-2.3848455230167067,-3.136715668672227,3.827625080676473,-2.8773439398491,2.1451395152892445,-1.517480565282536,2.512765708969521,1.315834668200376,-0.6956632863660794,0.7279474367609083,-0.8786421388855489
4,-0.072299735139194,-2.325405664743596,-2.7464833720686284,3.6776482424463808,-2.7729496947594847,1.8760209845421048,-1.6675836394337724,2.6359476587646005,1.698758040210533,-0.7875339873406866,0.2721808405201567,-0.8114267418841802
4,-0.1797005494363822,-0.3664132690115695,-3.31064870791122,4.0336476695153625,-2.207035269134569,2.0041960767141425,-1.6453346079449955,3.2623565669524703,1.3366740078929276,-0.6093938984332623,1.0186535645572776,-0.6516265682395802
4,0.3757494891744761,-0.6005355350320388,-3.841636894553405,3.7121346649721145,-2.090647156919785,2.2711826033962983,-1.8589995867353728,3.37528413243604,1.3372497107893822,-0.1175505852314574,1.454222596164598,-0.8150787101003046
4,0.7923669448068932,-0.3327949060678576,-3.6022550014900494,4.284376054138343,-2.176390867627446,1.7618903110689732,-2.1803023463666875,3.045286905095569,1.5939952055405593,-0.2642940949631062,0.8870279713561549,-1.389510045765434
4,0.0121256803110576,1.8276695104869245,-5.152083346025877,4.700179213363118,-1.4953869653069811,1.9205265139272871,-2.420989377540514,3.561236094752397,1.3799691087447798,0.1827066481848688,1.413335570405686,-0.9069833868386622
4,1.3378312098608005,2.3373467586086054,-5.500919054254235,4.535336177495521,-1.446601800342518,1.7878678649002515,-2.7542532973875185,3.8554944427420543,1.2711392060985989,0.4770766407928232,1.69583610298425,-0.9648587059930288
4,1.564712087238497,1.8095314766482908,-5.707335609444196,4.857440180696378,-1.7335182881507074,1.8462845970162365,-2.6427211224615306,3.330653865127742,1.232672042022387,0.3231487013357867,1.708312431248327,-1.330648737083764
6,5.007340571860101,2.1922181317047933,1.9188242228873975,0.3006876036846609,-1.4911074061893748,2.62669614155482,5.467945169393263,-0.0875631796482346,0.894978235549853,0.0363268264400108,-0.5777638676049778,-1.6051170600643436
6,2.3395933273593497,2.001295861197735,3.5505034344534465,1.0856209813113955,-0.8700202269679203,1.8884011462960797,5.053778581051779,-0.195615894902993,0.6671724782119578,0.0408510283258764,-0.8018047246615289,-1.531274392529023
6,1.456273772054528,1.7249028125120074,3.389564296589031,0.913501469326052,-1.992290247740196,1.9712485506512472,5.123356119956049,-0.1252572651900359,0.8136156466828374,-0.1761694568895165,-0.5216578186120604,-2.0429828060579363
6,1.6002134767731822,1.9966695586145256,1.737081920213162,0.9496172103804708,-1.375253047531058,1.879776942786476,5.2028050826481325,-0.6474224346282806,0.6979240503822491,-0.1103597674043034,-0.918812202765556,-1.9999457803001968
6,2.4495112808916324,2.5793892509719987,3.19007281369433,2.1923741399597456,-0.733485780588556,1.723996889083724,5.002025016151988,-0.4331925974865425,0.7380190834471213,-0.1840987630635322,-0.917985739255902,-2.298123791544373
6,0.5575454273452223,2.2495345497697365,4.017518311735946,2.200488759881885,-0.6993634579967508,1.4004140230945552,4.846491266696663,-0.4116485258210298,0.6853472081572479,-0.4821665612455438,-1.4392372565318043,-2.1499615864905315
6,0.5879021260952833,2.483335721436936,1.6692792895028663,2.2774101699381157,-0.8034826747774872,1.507012648386739,5.2901700924558925,-0.631216267383605,0.8103897948292095,0.1272779376033461,-0.9456360436759872,-2.2825907279459363
6,-1.0502754312348104,2.3960119990379205,3.0514567232159653,3.2945449184397737,0.1462739638310889,1.5591518318498196,5.229193779989886,-0.6492081112194392,0.6543168356068279,-0.4934259016544433,-1.829396392068436,-2.3075558155580618
6,-1.5808463012270435,2.0140847402788578,2.325978516283012,1.994195182283088,-1.2514584226626966,1.209015035223093,5.300209642730097,-0.7896835495989927,0.3750004956379176,-0.1514322575697628,-0.922181564539053,-2.041394073450135
6,-1.230689560726134,3.4606059434814904,0.434537276395428,2.742334537365647,-0.2550499390487472,1.1679290146483428,5.612231262345855,-0.8911085512864915,0.6210178852237903,0.0613500823595483,-1.427782160015245,-2.24658597646266
6,-1.1678940057841876,4.366458971511653,2.212653090593626,4.601469399983228,0.881483370365615,1.0834988568840065,5.194502948033859,-0.7000393577021112,0.3111663022529824,-0.4395579343310358,-1.7735073536295505,-2.5907373494498835
6,-1.6743866214303966,3.9129759393211994,2.65499342516298,4.390020331617004,0.5482175415364733,0.8884060858321547,5.141398760948083,-0.6241342953735853,0.1929986334263961,-0.6746590286826448,-1.6647227193042842,-2.53326549022768
6,-1.308790678218379,4.712572558681647,1.1454069844937116,4.710031644361744,1.1562934292761586,1.080698949474071,5.54187461778894,-0.6557061843440494,-0.0657224845046361,-0.1462707046193719,-1.457788066195418,-2.3267656906421914
6,-2.112186119525232,5.146804450422641,2.3150121894979527,5.342496722578427,1.8584364970473164,0.8682214067419597,5.741953259581875,-0.4355370838893653,0.3186965334878477,-0.450730171499018,-2.1483233732508267,-2.1499597971953945
6,-0.6461296553878502,5.328209177168259,1.752869711142645,5.338316703411281,0.9964552880965568,0.780624725872178,5.776499440714869,-0.5672441834827464,-0.2289694982007364,-0.5249416882182615,-1.5867989739769548,-2.895228997128284
6,6.600047669282575,1.235059572008414,2.0215195300189475,-2.9337270254897,-1.3464742211872445,0.9210890532713104,1.029374929335494,-0.2661418343005887,2.5760666444693734,1.5920946118564885,0.5146704399985211,0.8362049884587514
6,5.606105952032806,1.2063160413283152,2.8862002008184486,-2.378143102752845,-1.1892418404708094,0.3834108181923739,1.0921803938909953,-0.1460400741721698,2.2736509410640418,1.57897692291777,0.712181956559986,0.7947863558270238
6,3.396526577750976,0.9351975446573868,3.472559097048157,-2.1374939048222767,-0.8505584362600559,0.2093701591425924,0.7791322052466271,-0.3890650259774105,2.4231848599975714,1.0529484169316334,0.7328018599763034,0.2735195112437981
6,3.035949789240212,1.5013998174119991,2.2818808042922294,-2.1476661198012565,-0.1353575592612236,0.5458109582105027,0.085159381268701,-0.3484209399569248,2.6563742608674032,0.987663996039882,0.1380189599309759,0.2801349677411847
6,4.160224098071708,1.896791885501023,2.1649053001171352,-1.7218065775079583,-0.0773189458707051,0.3714608225102012,0.0057454702402357,-0.1765914432084892,2.4452911495218435,1.228770798463204,0.6303045895123677,0.347873002637996
6,0.3824529180307552,1.04161666209718,4.102042959740996,-1.1033297375391562,0.2811288109275695,-0.2449565843887837,-0.1681524016188836,-0.5876933219305606,2.375674863679144,1.0081827296547454,-0.2019890837061426,0.1164077568139342
6,2.5093816765059804,2.160469139655409,0.5227262134729621,-2.3573514184720485,-0.3592263254941761,0.112989899899166,-0.0597203789714948,-0.2885331392769468,2.729164271361434,1.3143168383662398,0.4270814671567278,0.2277511480509455
6,1.4329514814260376,2.310184203019637,1.4016090201851763,-1.8228747123604532,-0.3370139568633131,-0.2657554006862142,-0.210980924380264,-0.3524864660119599,2.1708884020269816,1.464581966270255,0.227727243752271,-0.1716403136695646
6,-0.1562960787390327,1.79625509801569,1.920130452000128,-1.743767971684097,-0.4057560081215075,-0.5210795261155147,-0.2394573176597495,-0.8660012148476179,2.505325085462737,1.064349338072373,0.0968844079498155,-0.5414890554869645
6,-0.1887157440174562,3.275104652631377,-0.244139878227646,-1.314322812113468,1.2659008097381872,-0.3007306180805569,-1.3749102533261226,-0.2434824837358665,3.046008187373753,1.8262535555895976,0.3009101849060848,0.0772648874794227
6,-0.5323069605948617,3.184401126807066,0.9786532727101164,-0.5742432128813315,1.2233884351262363,-0.6552693608632711,-1.546346087075314,-0.3129459053240914,2.0454173237797044,1.490641413765826,0.3485905258785671,-0.6410910702991778
6,-0.7642962081134472,3.567656487544075,1.060098512386789,-0.2071781953269824,1.5566399581868622,-0.827796254981569,-1.5980999099272788,-0.2384186966784315,2.253599423196907,1.3615234581788516,0.6455752554133004,-0.2033919154498004
6,-0.060252864694426,4.767427619449937,-0.2555568921949771,-1.0638180639066634,2.147501551528721,-0.6514937423134891,-1.825199407133896,-0.125036424989612,2.439698891995292,1.6825256728392954,0.2777780090113065,-0.094463888345332
6,0.0522357131608417,4.983689374605123,-0.2195741285642612,-0.4487371812578439,1.9032416269226495,-0.8751717382067835,-1.86228285546902,0.1104780059969039,2.0945051411188267,1.8414700621624236,0.5880907136311994,-0.4119402250767006
6,-0.754767106676965,4.784220058015264,0.1878369034240187,-0.6373778354576891,1.3195929280018317,-1.1437459511744756,-1.529923609831578,0.0737713171781346,2.262004800302509,1.9069092781316543,0.8713800324258297,-0.4842126593544791
6,5.99393342969869,3.581730930282262,-3.4750715297413093,-3.019760668070369,1.7385098233142886,5.021448138528991,3.3489720730447567,0.8158970995070386,2.315432232700482,0.789432608984176,-0.345162833883955,0.507721354050203
6,3.6015661352684267,3.156996884214163,-2.6261028422011194,-2.4249190334269426,1.0677189212014762,4.300526768587668,3.2631912058101493,0.7729524401470198,1.3911416115857675,0.9391921203320216,-0.5960150683494366,-0.1951681049937659
6,1.3896641548346926,2.6708288582001813,-1.6534279952698248,-2.137167654927489,0.5261898394394073,4.066856255980965,2.797041937874696,0.4260634539272462,1.1638616757967275,0.6567468581126831,-0.2075343339199373,-0.1806908415868971
6,4.792559106825525,4.812291613819635,-1.207512731836871,-1.108059452479277,3.4660469774880056,4.495925587403882,2.7435826259867397,1.0161653618874382,1.5635569141390164,-0.6818813115702499,-0.6587186342592037,0.5043068065333774
6,2.5456464199573574,3.7774652313495256,-4.308493132557111,-3.3172421973253394,-0.1471802190929494,3.746661839341539,3.243915034486833,0.5221661388993237,1.070568982723657,0.8163535937638156,0.4061653028364498,-0.899641956471503
6,-0.0541099256982449,2.9954524014968835,-3.2154013799913,-3.362999397862887,-0.4129348090350939,3.620832331501652,2.968445067904184,0.2416853787444234,0.8151637355069636,0.4990606962736611,0.3734388919940321,-1.3149767850668317
6,1.2574428089842713,4.889409288040795,-5.064074911888741,-3.219539296672944,2.0964695234014274,4.023052997767522,3.359461615563508,0.152649325694836,1.1786840808173091,-0.1966666163510404,0.2101807308934279,-0.88593252859207
6,2.958445883787273,5.669232833875348,-5.6473215983563145,-3.3726058951641784,0.2661449311369524,3.5995139684783197,3.4214661322016826,1.302760171592101,0.6290251077854303,0.6082362972518819,1.2510258685234767,-1.2868259421229624
6,-2.3637739066608305,3.534418931666853,-5.706599818534568,-4.894984094212815,-1.5874944302479252,3.300145605525141,3.272617026493768,0.2858225575319887,0.4047325928252734,0.7897888641822051,0.9596638733992704,-1.7575545211664092
6,0.2689401329566282,7.026199155657786,-1.8960054941646969,-0.077534102688781,5.930043869944428,4.304235237547871,3.44530958726187,0.6552699619361436,0.2414700649649415,-1.814881563113779,-0.6742396420360605,-0.1696962359213546
6,1.2611970615622663,7.789422892368279,-3.483935765972741,-1.0448184268758534,3.395063844397835,3.806980252495639,2.9648904552208517,2.153932404140067,-0.2264404666052978,-0.480720108115821,1.045752124142181,-1.6452760775870308
6,-2.0614463913300787,5.968239079114224,-1.577961139187299,-0.3741695490952391,3.2762300103234145,3.598760964763733,3.3883208606068167,1.0889164314737865,-0.5158115355037228,-1.0167917209980133,0.1310804951990426,-1.7733883827437211
6,-2.000233867606264,7.405776317029249,-2.960858166189864,-1.829798575716193,5.145944471399571,4.310090089474591,2.805208775952472,1.5281755170365905,0.1046394260289338,-1.9473226321071588,0.7312696402309523,-0.4916884837177311
6,-1.8841081200162328,7.329625880531363,-3.44497867016643,-2.064845856070897,3.86169693133303,3.895089052966064,2.671198160749493,1.5520844577588044,-0.7027713486587647,-1.051207648378287,0.282518597938643,-1.2733380314286384
6,-2.0388521784356888,6.829973646404894,-3.788947606865713,-2.3762084846799185,3.414431932935573,3.5750229490883,2.3908498216922487,1.4950314695179063,-0.7489959995525103,-0.7030058734461947,0.920022946053862,-2.0038398292858988
6,6.9036711598893215,1.2050716656347071,3.859795827882495,-1.036899817497914,-0.1900247694448505,1.5615271792703782,2.6528071214367555,0.1920115770294593,-0.8744640014931533,-0.6203798361422762,0.3651635578868366,0.2760053988567336
6,8.008855532041716,1.673083678368092,3.981453201414295,-0.7928590975686356,0.4868180461357181,1.8605677493541133,2.5538025368422104,0.1684217535306375,-0.7098012668481214,-1.059125801897608,0.370893237972386,0.8536626466922946
6,9.423279979395414,1.6380635386607982,3.396850360575683,-0.8333730710132882,0.7255110531539587,2.150832219375725,2.4888741343190373,-0.1594298874465211,-0.4041635400104253,-0.9289868114009108,0.3125465067679989,1.098735187468837
6,5.757095408752333,1.7905482879061108,3.076355843584333,-0.81184604977011,-0.4324597338515805,1.094916872584651,2.6014085224289336,0.2250538814638628,-1.2049097626247904,-0.5896403875629344,0.46260781650383,-0.1784810578417011
6,6.841292108798551,2.30067026827356,2.9634477211536354,-0.5677570362275942,0.5985603796082696,1.358225604383837,2.388872747646916,0.33527429852166,-0.9378816456230972,-0.7472949878916144,0.3263995515309716,0.4044356110885586
6,8.78136035242531,2.5595706767377013,2.2000671066468365,-0.1313167605142833,0.7789387866180961,1.4327249081606686,2.233454206060623,-0.0392981365329431,-0.6960166599478624,-0.7526372654364792,0.7972243746227949,1.3925920216187198
6,4.796745603566723,3.5694053521300337,2.073304946745837,0.1466770886354814,0.1257079077837401,0.2918247850943117,2.388574958696523,0.2884439416935809,-1.428447787325695,-0.4998743470791009,0.1034811831414449,-0.2495518465642127
6,4.884669212900511,3.660328336466935,1.708238822800236,0.1983723058277516,0.7049790909651533,0.2099444945745246,2.198155896863092,0.0982478810637572,-1.5337398667642417,-0.4212980303145586,0.1136140225504837,0.0992366443617444
6,6.865175650019743,3.69145103489602,1.2072109363903234,0.47976933954384,1.4203367449252104,0.7631641343894757,2.0486098708806457,-0.2245297612902262,-0.8885843241080483,-0.7362087334758278,0.2659021635483236,0.5415102065674249
6,4.550484769462243,5.4502042245893145,0.4217320435439972,2.457557278267628,1.803818279799147,-0.5042835858775836,2.3412997060356524,0.2710982782449572,-2.135738160909992,-1.3235645174274242,-0.1445420341626102,1.6546797929317552
6,4.400031296931202,5.407396084594566,1.2111515598579858,3.420643391728497,2.496483285297775,-0.178637353773999,2.2920489954668097,0.1971375698884526,-1.4943595436250725,-1.5235785165944686,-0.2623814562347378,2.090044441350338
6,6.147722651227964,5.6660465628838885,0.3512041933201878,2.9867251127766186,2.8731311465557243,0.1699179944326531,2.091649420823033,0.2279643466073211,-1.252838212529069,-1.3381803682522777,-0.1517503386670196,2.583786246159269
6,3.866979645443802,6.825164442307878,0.7780583248798143,2.992656976743616,1.7307849705200855,-2.2064110401637484,1.2168633540567344,0.927929322137079,-2.726606538134122,0.7197284943546269,0.00298812563324,-0.1116203525378611
6,4.807708614329238,6.7546262958303,0.6988221360168111,3.733015401697657,2.2043777436409067,-1.7897677281710742,0.9331755310752108,1.2471139490077978,-2.0508665414078853,1.2348022841261652,-0.0296331686616963,0.1256003625368731
6,6.133566495366286,7.526752377386151,-0.2900331886519765,3.954454352706325,3.106404713292152,-1.8156729691418951,0.56286867400713,1.0955613745191437,-1.5180074581340484,1.8807767713815675,0.3531011810661133,0.4198755752089183
6,6.234115986660089,2.4636460813505456,0.5991372494036129,-2.26557653336509,-2.560307464886681,0.4899691708319543,1.5449977735006968,-0.954685543248104,-0.6043162077748736,-0.6428755916272639,-0.026795243589805,-0.5750185801506094
6,8.150295527702774,2.8363447101401027,-0.5851559241426808,-2.4144614764103367,-2.095470489129556,0.6308484159081219,1.6424850313029895,-1.201564538810671,-0.5402140914646362,-0.3274713828067742,-0.6044434190977257,0.125970861299124
6,9.43806217223866,2.931457715239506,-1.4519051714603084,-2.350229412597229,-1.860228720830818,1.2267783167782131,1.4580937914047958,-1.3330129921627438,-0.0932972964159651,-0.3296098578252408,-0.3871798804860923,0.2317506127422376
6,6.228369887225699,3.1226945722998773,0.9136893792798528,-0.9859589705868956,-1.607490199197355,-0.3743043629166623,0.962820503458665,-0.7111202384047796,-0.9764349501424312,-0.6079178605368705,-0.1359671594355693,-0.5110587556321035
6,7.300370850617742,3.537735326789463,0.2832272650792067,-0.4438262777302483,-1.1547178454338247,-0.5377458897384442,0.7601423899481826,-0.963984657860293,-0.7234473320369289,-0.3514888589801548,-0.5087052066912839,-0.5559833656703721
6,9.36797403165396,4.222693699689825,-0.7153325522736586,-0.4161008149433881,-0.4418801738752088,-0.1609759568534629,0.8396970776591302,-1.3012505408888946,-0.417098166255599,-0.225573746171019,-0.4743018056871452,0.0559126033600782
6,5.559979141742699,3.988048071240874,-0.3087219568961024,0.0808363541651139,-1.6030426506249773,-1.474666983453112,0.6382138996869517,-1.1699851206763106,-0.7172579856464356,-0.084988151327311,-0.2442975445150783,-0.5949854421047163
6,5.989017739771607,4.591346828376196,-0.5711259455783961,0.1722952098908336,-0.9213263360985524,-1.687473901155132,0.6637854172801422,-1.1890072962190388,-0.4706317159287326,0.130345560125648,-0.4185727172721771,-0.2329066481731009
6,7.0327358190721245,4.6200531376772815,-1.0736151904545517,0.2311918154559906,-0.4321696854693614,-1.0672921620281433,0.4289747754433575,-1.4779816842801452,-0.0628621874658488,-0.3295567738978166,-0.7404824243885034,0.0715417446791931
6,6.443350958748516,4.871472375182397,-4.1662606768026,-0.0956467536775227,-1.2620124927397178,-1.1098889509508998,1.297758726690358,-2.436611838514246,0.353313823789475,0.3385709036879236,-0.4011814181782261,0.1709188337202955
6,7.195859340149598,5.290006459261527,-5.036591369888003,0.0418700997067912,-0.6704230774283553,-0.7081672254473808,0.908982905813233,-2.666623402907224,0.8503024996843861,0.3603924364188495,-0.1615586597012292,0.3109711836167447
6,6.598310237095864,4.810360365816556,-5.400644594530344,-0.1109146415430357,-0.2533313544042386,-0.1427353185981372,0.5575679280511846,-2.620057487195648,1.337860486632431,0.4002896268312699,-0.2780815928791147,0.4930208813939357
6,7.760211335627403,7.369117484091629,-2.9848758184077666,1.7460999250896372,-1.262341349484381,-3.504887539155168,0.706298939796136,-1.2246521510030453,-1.5951522364040396,1.5663242126521564,0.2250121303937883,-0.4910440025439495
6,8.418125711761032,7.466654807416727,-3.819165647747221,1.8686016421690557,-0.7348890902206748,-2.8833835394712306,0.5982222217757367,-2.028084322370795,-0.3411664831985733,0.7372293942008382,0.3466617413702255,-0.3623924553239902
6,9.950551234389147,7.49875483386237,-5.575490045756912,2.025281635542936,-0.4926485637741361,-2.7750231236930696,0.3211188761196606,-2.5152013181773327,0.4980136360757908,1.362578278159677,0.5283822144555037,-0.1329158884890449
6,3.5665755267607278,0.3892583400209241,3.3030270499400776,-2.7772940663086594,-2.5566986406652514,-0.3661375728009732,-0.1354836020186985,0.1724999080201267,0.2334079338163997,-0.9397230568202906,-0.5106349349752085,1.1401070099764254
6,3.593215817492416,0.5316493885946201,3.8411909439293903,-2.686770660673637,-2.2532062947287805,-0.3265467725045347,-0.1079624277198328,0.4902674726865492,0.156701168215397,-0.9801756641172786,-0.5727007634942846,1.0786261993232604
6,4.551375727512829,0.3975247808066515,3.367458512378993,-2.751072042194864,-1.7218014629494989,-0.5123763366453862,-0.0584750460640602,1.0526802419798489,0.6191884459236012,-1.6592003078677309,-0.7797827682523519,1.3918090360854578
6,3.4508860094405387,1.8645522984148584,2.134447380204341,-2.380693787919729,-2.8408743504670464,-1.0181323963967122,-0.115675962559129,0.4348085435111692,-0.214649529347066,-0.8550038665009517,-0.5013731487359498,0.8452232692037769
6,2.6356859846155976,1.970307656915695,2.560983679856794,-2.1853808651937534,-2.2394569048595074,-0.8786987134178225,-0.3020687379605378,0.512324038016013,-0.2725834523581018,-0.8418214721866195,-0.7505240466536167,1.1513026192346223
6,2.493407329600425,2.0273376510787005,2.679688170740896,-2.2141991640798264,-1.676637523981913,-0.7430559294234703,-0.2506921892202671,0.1684118640671662,-0.0939026104242048,-1.259447793527276,-1.272581030754025,1.2559446185417873
6,2.6666641124653894,2.7844810245044944,1.07104698942496,-1.2350947313076,-2.665580610472287,-1.9788840519145876,0.1612893131101081,-0.3983555615315097,-0.2872084634530224,-0.1946335394956481,-0.747118688557105,0.6695965260628105
6,2.141826650800071,3.24020590238664,2.0921144216148835,-0.727988669705359,-1.9249251087645969,-2.080085872023461,-0.393881940177497,0.0870922006031783,-0.4321457161320683,-0.5482888093364768,-0.937387118991101,0.6578935693453708
6,1.1387099953348658,2.859909357578594,2.2897650452720906,-0.8696151374638695,-1.229170776182245,-1.690057313413528,-0.486593061668962,-0.3825032238579451,-0.0637344411017352,-0.6530070654978397,-1.5565130351180894,1.1469928764341617
6,0.7451327881872314,4.279503205215319,0.1018614081000595,-0.0294453678958052,-1.888166879364961,-3.068554067337493,-0.5916305919138175,1.1770354109466323,-2.0829355882164897,0.0401356822772268,0.481269947695066,1.7372165852658676
6,1.2537326192356382,4.317660011316929,-0.0189561599018744,0.1237921228923759,-1.4351517841312562,-2.76870612163228,-0.760985739719539,1.210561075510148,-1.84902660683034,-0.0335739327169094,0.5034012002711782,2.3117271125310266
6,1.0160191532561658,5.095954856379421,-0.1713469351988233,0.5362338945803746,-0.7398332218088916,-3.1054069549481893,-1.2285747078610147,1.393309549648574,-1.9336033200644551,0.4127452172069401,0.2109018423850794,2.3126004454085174
6,0.6376762930963373,6.89107535332784,0.98586158198021,2.7535977926266706,0.2024657894128453,-4.240024021840953,-1.5038778474352392,0.703415951001021,-1.8115219275023071,0.6286990826404878,0.7473423114084288,1.539036810794087
6,1.9099763652345136,7.3885483315619025,0.9375502480784116,3.395063067240016,0.9105510151489696,-4.396483401549028,-1.7716897511281986,1.5026536517968496,-2.0393003616779475,0.90585104337714,0.0748114263909097,1.013337955447454
6,2.6104860579646365,7.418921507719702,0.0665743948526475,2.594136880124636,0.0798262739120587,-4.496737654918555,-1.5061624526390909,1.6512940894073909,-2.1720591557575064,0.9574268431954802,0.7162556051875476,1.3015050750238242
6,4.9426037746317615,1.2819945857877242,2.105097787883213,-2.327920298013517,-4.103502953602463,-1.0613844511173778,1.1151099400710132,0.3844185159565237,-0.0751702732549853,-1.754636065976925,0.5833946267396508,0.0328364826722145
6,5.327166965769745,1.1493180001713774,1.9069798316335265,-2.710234958974675,-3.9605364719887626,-0.4099208087146122,1.1570252365313975,0.6224288417099624,-0.2283498237135937,-1.5894254143437954,0.4053992185492435,0.1852895720288902
6,5.62779482072688,1.3730194730110477,1.0754549055026168,-2.9295256841907498,-4.65811251171644,-0.607324314929435,1.37306002174683,0.397272885440228,-0.0433264585123851,-1.7894244995808133,0.2871707138397524,0.1376091035021078
6,1.361165678574642,0.8149279344803337,2.0694171666569643,-2.080100951813602,-3.8536461222456446,-1.3308739848145184,1.2723460677151657,-0.2532796727940284,-0.2093327627900365,-1.897578648100983,0.1197171882836495,0.0718228997930577
6,3.258716146742051,1.1147171424248343,1.5904362855318843,-2.1459862077834586,-4.183010895288416,-1.4441214884330027,1.0403773189138497,0.2150325739271736,-0.2492397083911426,-1.6617598216448184,0.2307288108708135,-0.0635851432230566
6,4.177956721298881,1.5729598441583736,0.9154518009849738,-2.423630531218566,-4.518759028202191,-1.432512028617149,1.2737631128219564,-0.1014661533665761,-0.0040945307684108,-1.6639780400355648,0.0791110326124846,-0.0433787089844541
6,0.1223246798414189,1.288543231136604,1.6225199787060818,-1.449469685974354,-3.7079866643841934,-2.24515500139714,1.1511011785974987,-0.4702587136156826,-0.1411424478949401,-1.5168823744889552,-0.1082788351015652,-0.1080620381205403
6,1.941103864013898,1.7595721720586466,1.6253689296062648,-1.0503653503621055,-3.4807015868688587,-2.080666166355813,0.8177256661176381,-0.3755633520624114,-0.1094685700687218,-1.6327267183798428,-0.0010284022779496,0.0874400508037269
6,1.0879630624858032,1.735932181180772,0.9579725593986502,-1.1773902696316765,-4.094968842992999,-2.5169871930951446,1.0277597923396524,-0.6780952406560079,0.159741270378714,-1.3843402598502568,-0.3596393141382792,-0.0980453446577165
6,0.645896362002855,2.969553247873692,0.7159162462568549,0.2249873860237343,-2.30297930303775,-2.862685537145902,0.4544756488539727,-0.2122320671730198,-0.750410506508818,-1.612252925714332,0.3605768509061366,0.29148065867485
6,0.4336590521317476,3.261120345997278,1.5403633409039352,0.6573180149223676,-1.6974516875914745,-2.747340196952876,0.0174617234061661,-0.2053715821724271,-0.4550078738809775,-2.044610725941085,0.0141870194418133,0.5255438901320642
6,1.5530979768212914,3.410665246675487,0.6445720663933355,0.1375971030576144,-2.4907978595713045,-2.8933274238306503,0.3452701841767259,-0.537443018543493,-0.6285511723030508,-1.841085764141413,-0.0199374061495107,0.2645312848033656
6,1.7754631718968796,5.1392158771344985,0.6421241311373335,1.4488167816235236,-2.3209249331241963,-4.366931160512322,-0.1398560734564218,-0.0790831939028735,-1.198867347851156,-1.5093359769104466,0.4240529416334021,0.0542097557600667
6,3.2857875271066725,5.2981754077044485,1.0859528814982014,1.6177381465115737,-1.7565907495503252,-4.102546514411723,-0.0913398061039241,-0.0553468320897138,-0.9820623638465428,-1.3331546160183962,0.6293708079887452,-0.0198269311304051
6,1.8162177179267696,5.203133640636354,0.6944517862897752,1.6379208923663873,-1.3714228330637397,-4.10520242682108,-0.3905957893735396,-0.4774976286218762,-0.7341887286297105,-1.5804279704874762,-0.4701548574688847,0.0766282500353226
6,2.859315591940946,0.6853775828086822,3.774557129385427,-1.849054436746116,-0.9930412980295582,-0.3443652573770861,-0.5643665694555946,1.4030306149177825,0.4219904068917871,-1.0650960486251653,-0.172653313989826,0.0393346578513697
6,4.160379069324454,1.0779741010744015,3.29993999637409,-1.8993025542303923,-0.5308990192754797,-0.1952304621176951,-0.4510194236779258,1.3677694089003274,0.4089490579654965,-0.941593603138418,0.0754218090412782,0.4404169298669669
6,4.320467224883422,1.0204385391406925,3.3603743747209496,-1.5446102522029967,-0.5893201847893392,-0.347203928963032,-0.5543056886172925,1.355733845499576,0.7783769858414655,-1.033967440655665,-0.0508716672179124,0.3114271622448142
6,1.5656345428440823,1.6721474748309595,2.533577701505429,-1.3907268138940287,-0.9039626487930518,-1.052373532746623,-0.564642943099908,0.8479528416914526,0.2084223051993323,-1.13180723044132,-0.2460037110780732,-0.2107215178480447
6,3.313023730308837,2.3052919034509247,2.51120862159269,-1.529574965671668,-0.5039674395285774,-0.8450205842133944,-0.5635569987142373,1.421783902484032,0.0889873091957335,-1.047345106213826,-0.1644116838255887,-0.2868629258029638
6,3.764362717095252,2.1639585398259067,2.5328557271444883,-1.5974099256934815,-0.6567953071262378,-0.630381785970689,-0.5504728769120601,1.5525980173193543,0.5270066878501705,-1.155349906321704,-0.02771452929634,-0.1426023137969775
6,1.2186362538887474,2.791003982966254,2.018252141835987,-1.102526848173571,-1.0200045343789172,-1.3695030749148611,-0.7818060586498803,1.1583072964388743,0.4508909864891371,-0.8668089125228017,0.1171068065124568,-0.7387170317847144
6,2.383163995999236,3.1757256345193907,1.578218565833892,-1.130774196012013,-0.6949706697501283,-1.5578524741341857,-0.59601870552067,1.2766997393132278,-0.0780657908976309,-0.8340687960634636,0.0064614151580253,-0.46577780511184
6,3.042289158758687,3.234635513023146,1.8259831920307608,-0.7609101166367478,-0.3949378912453768,-1.531649585094205,-0.8360557796844464,1.306382023324693,0.0595543198601977,-0.9605150178118272,0.176316753078891,-0.5369346622950104
6,1.9603122898188297,5.045113965204091,1.05062238372755,0.2558629177329801,0.5906804109444058,-2.016131403632033,-1.227036878911748,1.267330819953857,-0.1916060853072085,-1.033727648486254,0.3304221098329885,-1.102115222861112
6,3.3840505928823483,5.316495107313083,1.1527156888604824,0.1895521847442816,0.485585444156208,-2.2697918544449607,-1.3710388589662477,1.76612136420102,-0.4529809888511245,-0.8336989867677653,0.658718694658755,-0.8606518290365327
6,4.121991406438897,5.4734293062402015,0.9360105095940676,1.032095086293856,1.2682561357685065,-2.0108517466988047,-1.558920218720647,1.3628420698961847,-0.1793459690522712,-0.8600767804822622,0.6100339232082189,-0.9833634892884412
6,1.676294417639733,6.170331873523425,-0.6952951494589629,0.0708224749887321,0.644135426900468,-2.228664837976676,-1.5762021702733142,1.5317903600674647,-0.977144900174404,-0.3467690038827949,0.9141583148316323,-1.169434348637095
6,1.5380482193726694,6.437157776959954,0.661211638647753,0.410955785223247,1.4004160938310053,-1.9128926399935775,-1.829710170123492,2.086047322081906,-0.93313176511254,-0.4043458158205769,0.9874566033553288,-1.1251589382876783
6,5.153749314654276,7.301118217364504,-0.6832021336697733,0.3429071558942037,1.4778649766549916,-1.8722572720619688,-1.9916379917937608,2.545551839627255,-0.9753992919958884,-0.1127900909637231,2.1406320636201457,-1.368445792196954
6,3.2922796962080194,0.5570864565815399,3.3204534223566817,-3.3630676405997635,-0.4842844422821577,-0.0356052048552071,0.2494325927097284,2.038055535948748,-0.6831168329230751,-2.3465921776476604,0.7031484988733306,1.3598020375399302
6,2.251481976292344,0.5548984966651931,3.4090302269595143,-3.474293150490633,-0.0211627389152741,0.0763437186662891,0.3148841140149954,1.876265017208786,-0.6211554931876095,-2.563381707924039,0.5509871840383819,1.7968730737002352
6,3.672782080706414,0.8889384327629798,3.460555937598933,-3.54398310380598,-0.1831288156614707,0.0187075582565078,0.0733627708443368,2.2377651143665696,-0.8341000420134914,-2.3737325171621424,0.9085618971411056,1.245664557141624
6,0.1492270880820508,0.3174418307599919,2.4934147902694157,-3.566423089959527,-1.3817168212443525,0.1561607356026076,0.3585042545052354,1.7075281805082714,-0.593054346961785,-2.0485120678916307,0.9252391843486574,0.5654083680286426
6,-1.4392793645436164,0.4210855639034656,3.059571008234158,-3.332739096248708,-0.6050808169647592,0.2985929282048192,0.1128323435096305,1.7520027122030808,-0.8058104456183239,-2.282164403959717,0.5459687030852365,0.6606451297742361
6,-0.0800475800323579,0.5689094399880409,2.9926089674181817,-3.387358631437781,-0.7217680540252714,0.1148466843409089,0.1720757104903595,1.7176011253783672,-0.4292886016171446,-2.372455594153541,0.660622876634362,0.5867032033962878
6,-1.8630244501860007,1.27653069891314,1.269452318962616,-3.600198589064627,-1.285960646426158,-0.2243625860995554,0.3659046630638015,1.6988377869936069,-1.014239158742606,-1.8391228891393343,0.6043159677895114,0.3092684154688937
6,-2.4499881812582656,1.643735977792235,1.1960680350754456,-3.6782876272490688,-0.8084084186602878,-0.2043479587306667,0.1267226714727417,1.560148753489973,-0.9050484751705864,-1.857138480630247,0.3498423881037679,0.4333548106380611
6,-2.143805955091417,1.4335298487166683,1.3005622930658585,-3.731818926880537,-0.7453042074794048,-0.1700187076343584,0.0569991214657261,1.456015881157,-0.4934463324277593,-2.2103012737510737,0.4670112866170415,0.449466987704239
6,-3.116293976400136,2.417746944522108,1.2933543937787848,-2.909520562265686,-0.9662410791729392,-0.8819674264325983,0.3139338384762629,1.7459216375072215,-1.8011455135360646,-2.002452055753538,0.8093942221954588,-0.3089766531688746
6,-2.2474645162587814,3.0287282993590936,0.703661885383348,-3.1809075402717952,-0.1676303741429109,-0.3632780953812385,0.0469215412785857,1.9196165798727267,-1.7688880624090535,-2.1425151803574995,1.111070583753194,0.3982201863550743
6,-3.571502567436237,2.670561069881835,1.6617571946009353,-2.905259515793589,0.3384627119578143,-0.438810793434819,-0.2274641799850426,1.8139263078234136,-1.7702763059008888,-2.326492018373861,0.6569308619500114,0.3515248366788454
6,-4.948145126195146,3.1226245050235435,0.106962637170224,-3.196046803742859,-0.063658808784286,-0.572042374771059,0.0059624515293068,1.7288440508522875,-1.9169198303451365,-2.0229687622976065,0.9637861728642694,0.2277530277798737
6,-2.809515156865935,4.2323855728682656,-0.5787537609630209,-3.182796755487332,0.9292773934133493,-0.2707488352657519,-0.4413886687177901,2.002910660058565,-2.132513622256592,-2.093862557121735,1.2748966475722148,0.2827705937662698
6,-4.556585970934949,3.80860813760498,-0.2773828824254622,-3.1143716415593423,0.8785872416163838,-0.2368971058628553,-0.4837861000545878,1.9183389372101176,-2.395843766107191,-2.213315643092758,1.2663913777900746,0.7022651737416066
5,1.03916887942597,-1.4391450999612077,-1.559112746056866,-0.6584642839772069,2.515769547165159,0.5873589258728941,1.6343056498436344,-2.9596854585399206,-0.3133040554165979,-1.7269373913160766,-0.016173757094925,0.351904513109735
5,2.7586196241006045,-1.016683555943111,-2.3265684905537447,-0.8430641806269594,2.704817844533322,0.7768785098700224,1.443810772856528,-2.645102440417635,-0.4171521727887481,-1.6708978992410717,0.4645599513555912,0.7218153769575686
5,3.36605342216466,-0.8346885403210369,-2.5491317252807204,-1.4743209606532377,2.980280006451688,1.007426608824274,1.2296696763433408,-2.568734556512215,-0.1607333141019159,-1.8343587119558595,0.4543421535752055,0.9997982764769232
5,-1.0344506557750182,-0.026129585108634,-1.6623069608805772,1.1088001191157493,3.0625066733819044,0.2681480714386984,1.3863498280796591,-3.215172664034914,-0.2277404944235202,-1.3767964077940735,-0.4370959380124068,0.3435306477315199
5,1.4173727257809627,0.39562451207173,-2.650928119807642,0.7495002342205552,2.772830034949182,0.0785320436760684,1.2004188936372042,-2.7513430200646667,0.0300125367874691,-1.249255965350172,0.2804967254024338,1.340501682911933
5,2.143542456003573,0.680704493392361,-3.089251396167993,-0.1120996734490925,2.680605200102669,0.4949633651538184,1.1923780116116935,-2.728262119008685,-0.2753001157267549,-1.6101175073628191,0.355442464077998,0.687345200334093
5,-1.6772475807854983,1.7024181246318089,-2.0692224934391352,2.18326507212477,2.8148234447571605,-0.5277806771238758,1.0771505633563938,-2.8657466645926486,0.0868757085487983,-0.6607305436535111,-0.8920334901657415,0.167224546315099
5,-0.0994013544662115,2.0640636952137617,-2.5276880719915638,1.8008386948121775,2.954526311570433,-0.525678328742907,1.161817295548668,-3.1310626193875386,-0.5785378935239914,-1.1473972541618729,-0.5975558934506029,0.9425460543936798
5,1.336540116532129,2.295163420680955,-3.000606076305156,1.731611832872704,3.8119130763343065,0.2043538075327704,0.7968163448806885,-2.990117727946048,-0.0951019359236119,-1.384462624377833,-0.5117156424948273,1.339421720666049
5,-3.1320663215497326,1.2941656353940505,-2.2292841428173307,2.579603727350741,1.904848834574628,-1.3039882931141091,0.9207845739221666,-2.7583616005939326,-1.4941332062385788,-1.0001330047387855,-0.513841776833325,1.965179290365008
5,-1.980188706019748,1.8608353274182363,-2.631969590465847,3.258640375282207,3.545539251389201,-0.7597148306971591,0.7990923507722385,-3.328656425697863,-1.2322836889876916,-0.8737009164279428,-0.5806857531287072,2.203470068993082
5,-1.61177649804965,2.5425563398456426,-5.158342048670087,2.823687609292216,3.850270863212335,-0.3904236097616683,0.6205656234718715,-3.678901559048304,-0.3926550819731185,-0.8479343819041072,-1.0085448074329684,2.3347981569432776
5,-0.345477406760433,5.706543623668597,-1.8860165685901344,4.858331935405838,4.524693977185384,-2.9098932570663134,0.9239130212161828,-2.2846614422871534,-2.196740342867362,-1.883693856654823,-0.3787426927058409,1.5741067689819044
5,-0.1440643421373499,4.695523899693568,-4.056351444496976,4.675524034860551,3.754515909837642,-2.3144898767792648,0.9325567418867742,-3.1865671780104603,-1.274793097386243,-0.4291416902496623,-0.050770927810631,1.099776681767045
5,0.4455772373912836,6.33052897745111,-4.337711875384767,7.140573449493632,6.382981029640803,-1.0036025164482718,-0.1996155494722518,-2.795102400630213,-1.2562154626377862,-0.6750172716644639,-0.7015840156816446,2.093339485966581
5,5.530586239016291,-3.281394182334457,3.5160935695248687,3.795732213525891,0.3568764602704354,1.634324355050009,-0.5386257438436177,-0.4280351985192449,1.5157147389501708,-1.7787093317042493,2.1031708285998145,0.4997689290379572
5,5.660171710664495,-3.4638985827967264,3.3843891363203946,3.62319512333832,0.2381999137170683,1.8477306239306768,-0.6666481684927354,-0.1318900939502179,1.6831443736930995,-1.3679613009488667,2.048005040473805,0.5917628564562964
5,7.289978106345154,-3.0576740916733787,1.6908566915356429,2.898404384018533,-0.5086233414697121,1.8792780464780516,-0.5072392233945561,-0.3512047419149054,1.666166120859186,-1.4731095293459606,2.37354890905328,0.5115887111244046
5,0.3758750897452534,-2.49366830555328,2.7782542298426587,4.494809458235832,-0.9416135998123863,1.5286956623302437,-1.04903427211512,-0.2777642283521633,1.375530173503505,-1.8947794736660477,1.1931370913993649,-0.299295689268354
5,0.6939967341479333,-2.464781874925019,2.319394945861285,3.98437466203927,-1.0217143142656449,1.5907436941844166,-0.6680528659075265,-0.3621426857451469,1.216298037007692,-1.78324769785703,1.3224684711153374,-0.0669194065539268
5,1.7446174074763567,-2.42514387538233,1.459202465277845,4.10206729410999,-1.0681077044217089,1.9915100041315972,-1.0102027268346505,-0.2139338049548841,1.2230310949045644,-1.7169124462883223,1.4186833487567194,0.1943552617744725
5,0.2324082460071102,-1.72341577791391,1.0644406790610268,4.20103998314028,-1.6690915331986087,1.1226717786097036,-1.0822408315653962,-0.2749276317755542,1.5677895598358562,-1.4001014207025892,0.6922480201524449,-0.5876007670920633
5,0.6011259641808536,-1.830581394925376,0.0306779952823199,3.2496291667544743,-2.4974964214652635,1.4844501313251326,-0.5016960817596832,-0.3719710844069829,1.3745382306280252,-0.9525894306917574,1.0497796382621545,-0.4306593656431847
5,-0.2014379795429264,-2.143009360396392,0.2994405897064019,3.5710635783439786,-1.6195085263100204,1.555062018210579,-0.8489518017721231,-0.3622720998172314,1.4476350579918185,-1.1258392918451572,0.8011758231482268,-0.1404919452923211
5,-0.252989776974466,-0.6661123747498803,-0.5841212051668206,5.7312962202535855,-0.5114231713253206,1.2947209299574796,-1.6181522566411444,-0.610982481670532,1.3637618315122824,-1.4726450380447167,0.4500549628678543,2.447002824304473
5,-0.9000322343947977,-0.7589766996453655,-0.5815748354290711,5.512716650948327,-0.6440341297417294,1.22352619508242,-1.378023208979458,-0.7165386288186174,1.5238083479041653,-1.622319277480749,0.1891705837628968,2.1096904061372106
5,-3.5478139861994364,-1.086379442756582,0.2898191589793902,5.105123303201756,-0.4011769441850333,0.888402751887302,-1.5443850346669767,-0.818321152202674,0.7595575188596401,-1.512495296851458,0.0320423982600672,2.0515456073407683
5,-1.9682703358817,0.6945876017875493,-1.1435056072114125,6.300954978788495,0.5117581074117301,0.4222266611868818,-1.6459503437686898,-0.8119749066735292,1.732630460924024,-1.1522523178215076,-0.0424974996169728,0.7864709790714494
5,-1.4197966292983022,0.637174852171476,-2.176081147597702,4.978618951780791,-1.1299711114314988,-0.2216149767282774,-1.251059567119262,-0.861598227957525,1.191272446079909,-0.8953632885379776,0.5724707156018686,0.6700729849362306
5,-4.933732980620626,-0.2825613055687895,-0.7191949599298769,4.792681886853363,-0.2710696342141143,0.2955260493172326,-1.4056567899346604,-0.4879580670313729,0.6712037941910381,-1.103866428028027,-0.0606158900728222,1.2715943754086296
5,-0.1580965917930249,-6.202866627485016,3.9909492904141977,5.759883322141377,1.6280804177509285,2.4670271645236133,2.142645757367231,-0.2941762252404146,0.5745113172983055,0.6320908461675738,0.8376104218082266,2.378871333383928
5,-0.8581540350780438,-5.74927123110644,4.166730591060909,5.581810478096446,2.0350853716188477,2.388759782907797,1.803809878847938,-0.2507156568265968,0.1537855763222733,0.3127898649727767,0.1825997618622387,2.626176744356257
5,-0.9625816857002896,-6.378137872428079,4.618827916231857,5.607857456540314,1.8455436034632056,2.3356839147707027,1.7793490309673603,-0.2974740942691374,0.4609736258724547,0.4530369546015046,0.1587472076942719,2.592321400204521
5,-5.285776765796468,-5.1001453520351046,2.0356569208481896,4.217810665926978,-0.4156040108240616,2.2801207354372317,1.7264347740898374,-0.1663256563503864,0.4778640685165003,0.5347131132026857,0.6154064912178526,1.4351145236433844
5,-5.292077603955205,-4.696407433893381,2.3434379894982613,4.521899065840768,0.3003707395557852,2.302964426635484,1.386262363066617,0.0881920935987261,0.3169294325108233,0.4542846965298031,0.2931832790262453,2.0938988577419684
5,-4.888564469649928,-5.308301820060548,1.7487789636854416,4.031923616490923,-0.3719026025090752,2.4530893620068945,1.3963635701235029,-0.1965354925817292,0.0596276650314878,0.2646534048360356,0.1921780524615406,1.6239712751211548
5,-6.527481991972469,-4.867911461537512,0.8422709809272374,2.9413282262795724,-0.6782236984298105,2.022579554500434,1.3728693981121778,-0.4121389195278227,0.4066428343686896,0.7449618856408106,0.3482990987934368,0.9690169914176572
5,-6.938199077292975,-3.7148757066790656,0.1293909395971866,3.95436667561088,1.9302445921083156,2.694636893210455,1.87365724075021,-0.9088677579699308,1.807833148583485,-0.2648411705940441,-1.038094376395552,3.9811691518068
5,-6.440638712761177,-4.506058872904151,1.044252516318505,3.412573917235098,0.0879782648858294,1.975502955124872,1.1574056541809137,-0.3889158046744446,0.0412517735035972,0.5019937155115648,-0.2633926760172898,1.6581023547835612
5,-8.82928179406577,-3.469121334548514,-3.099990883927914,-0.0981978261659509,-3.0124165061520323,2.004995648734115,1.555275210385043,-0.4940761021870369,-0.0967187445012402,0.7746528424671277,0.8853271458878742,0.4283220371517589
5,-9.1212543843907,-2.987025772974085,-2.9665835269397727,0.5194478638873643,-1.919492814484805,2.174903148853186,1.349240055646608,-0.4995008589141963,-0.1635837389979972,0.6977212507778885,0.4907382310329959,1.5159370891598387
5,-9.16648699507983,-2.986974076625791,-2.0240267851915177,0.8637804648650492,-1.274929981428935,2.0760879482183983,1.203748358757666,-0.6701188275611384,-0.4690321987719559,0.0135113702525608,0.1210638041417972,1.8478066044329644
5,-9.50634436853422,-2.7321278088161893,-2.7336210364089464,0.3639179456266528,-1.4211391972814915,1.336452601299127,1.2114710593893192,0.0072375274135836,-0.2214728047498828,1.0723032038627551,0.5054260380623548,1.085023327033768
5,-9.913188646445604,-1.630851179287962,-2.1088268773122,1.0755776389443414,0.18968580081098,1.2988825729518283,0.8693108838048496,0.4419387879643138,-0.3623907161721318,0.9509625142057004,-0.002335818105126,1.861319169744436
5,-9.770047394853416,-1.977889249176905,-1.879776645339461,1.4351004050058602,0.1626205216691337,1.486664589105363,1.2341658207773918,0.1833570302226198,-0.6928797098434805,0.6883230314281674,-0.1581724951176668,2.2730208134173
5,-1.5032224328733497,-7.452758041830036,1.3292435161910567,-1.3548614008076203,1.223822297185464,-2.056929840990276,2.9677680762640084,-0.3143325871990666,-0.593844757302841,-1.5523554900610868,1.0894719183847974,1.2389810773867842
5,-0.6086319463021956,-7.645903437621579,0.8007325005878627,-1.7847264722259382,1.0360761489482573,-2.023210317583772,3.16417300554472,-0.4194333572999172,-0.2448434082737457,-1.243365842167586,0.8848622367793774,1.3708723286271265
5,0.1417520625702543,-7.205404420799424,0.3097731658698732,-2.3072073855432333,0.6268963184353162,-2.01259782507172,3.2012091411428885,0.0456323637280519,-0.3706533338371826,-1.143063069379773,1.645229614502007,1.0142578161139326
5,-3.1335726540710955,-6.4355663099170926,1.5321182968649596,-0.8613723455211643,1.029729300171283,-2.78229213747698,2.663631354733553,-0.2333616036441732,-0.430166129703487,-1.708441304836252,0.3861687712065748,0.6827535772028526
5,-0.806742634190851,-6.469885320663634,-0.04437644432461,-0.6222477971074819,1.4436551630445444,-2.739091720099466,2.7630513923390674,-0.4691208666420864,-0.1475510314067451,-1.1968350599847644,0.5442904433553696,0.3667547844929518
5,-1.1736161688469433,-6.784803726308141,-0.3417769977283262,-1.423188666876939,0.5346530388690347,-2.630938933245355,2.9082090302908665,-0.0794915473268874,-0.1426029098289699,-1.2665259065252938,1.0456385255713838,0.5921609869350775
5,-3.7384567896833114,-5.703638762854572,0.8700949281846599,-0.0692279671771042,1.250270766769965,-2.931660538516945,2.3854956159484613,-0.4428611141223367,-0.1215604057166955,-1.2647015889654765,0.2077514213837733,0.7363188410883316
5,-3.0716829409668915,-6.179333499610551,-0.1878085351582906,0.001130551367993,0.9807354490641936,-2.799491252098796,2.284556585465578,-0.506994402133572,0.2506375277117235,-0.9231427465500464,0.3093588442294577,1.0087646202786054
5,-2.403406886657089,-6.069322069308937,-0.5003234268355747,-0.5884547397698878,0.5232529259204224,-2.790782787779828,2.2497942455316307,-0.6138979025677376,0.1916119519685603,-0.7734207873672377,0.6055827619679568,0.4955833154507862
5,-5.619875544318099,-4.6642460370352365,-0.074267299377469,0.8951916295661716,0.7351492408917972,-3.1178935936463272,2.076875346111728,-1.3115268354613234,0.0994559951625251,-1.235768981550755,0.3340641999818005,0.6491165547474129
5,-4.211214387439712,-4.651139191664623,-1.0011060826110598,0.5811713260378755,0.5514896153839045,-2.941847390888237,1.9542635140235132,-0.8483726718570568,0.1407228706948576,-0.684117902470699,0.4416940066975907,0.3397871901074499
5,-3.019551624964239,-4.607316499610606,-2.057916911825128,-0.1542789116968055,0.0736338891942232,-3.0568740885758983,2.038066525838251,-0.9187256605272212,0.4660599164530561,-0.5188800615470331,0.8501424544961548,0.2236608250350071
5,-5.674661967687311,-3.480423141865544,-0.7327374448523306,1.035720196027928,1.0355238981315904,-3.474946438047782,1.866404594385083,-1.0279189488879037,-0.1680714007742353,-0.8869308002555827,0.3494212681783658,0.800185941503323
5,-3.9428457860221937,-3.326486662119695,-1.5707684258006065,1.1814317214512913,0.8873575684861268,-3.6062641294540367,2.034282879360733,-0.7650609749666917,-0.0017305358344999,-0.6053072707690316,0.2650960335222697,0.5776918192658608
5,-5.540748780690122,-3.636699377068283,-1.6545080567326391,0.6065691437688796,0.7001022869970848,-2.9731109184377025,1.9063523459820195,-0.9820223247060184,0.0130490379445904,-0.4606893486589357,0.2380353116890959,0.1197299572161797
5,1.6392685538205782,-6.813273681960732,2.887605058563348,-3.082254644280169,3.4249807951398523,0.6257355514387091,0.7139737736616162,-0.6150247709644295,-0.2822022180004117,-0.7364384277163789,1.100807312002536,0.3117843515313079
5,1.9032618372440249,-6.405666408198993,3.0991698101403378,-3.1287952684926656,3.871503612709087,0.4559599457211422,0.7070484258436998,-0.5441397864756826,-0.5205202140945834,-1.1604267988858374,0.992847643909967,0.4493723525846739
5,1.9299429609683063,-6.151231808613286,3.6639938986806095,-2.7615932373876046,4.062953787658953,0.4981883995964141,0.7285889268208301,-0.5188383436565946,-0.8971179993843882,-1.286063985883691,0.9501328047651686,0.1921418269257838
5,-1.2237599149430742,-5.697097645822792,1.8821684278595847,-2.867396130399063,1.8178655536539208,0.084674662145302,0.8479552320892819,-1.1258936353979492,-0.6294444781479003,-0.7156481249998446,1.119153373865245,-0.7883559604031972
5,-1.5331477995366212,-5.163416188454718,2.104888531339009,-2.7731406623153965,2.660700759687213,0.0487920173554419,0.3172749020501427,-1.1951741896317012,-0.4724407106754423,-1.0636122167024822,0.9814284591557008,-0.1112118002148389
5,-1.706683172790349,-5.159446993367013,2.0846287815096334,-2.884326020703995,2.5609374125456763,0.0813965947485974,0.5588378401395655,-1.035253242283284,-0.5663978970828047,-1.2321278337169783,0.9723410975679092,-0.5012192228914945
5,-4.038621249515057,-4.761147637026021,0.160255867304044,-3.204050084704909,1.2129205171721151,-0.1698499773326028,0.803802831169505,-1.263019534803699,-0.4708877898169831,-0.8028148810754762,1.23430202658649,-0.7357505367099172
5,-3.961629518215698,-4.169450131115395,0.500575492975054,-2.7724511122633118,1.9785374019663915,-0.3368299678410487,0.4653621425676982,-1.0157019300345207,-0.6661726759551878,-1.0105236008193574,0.8669224498061044,-0.364191269811149
5,-2.82151076298611,-3.939403932105352,0.2153227492861971,-2.545160145325601,2.0612570464482904,-0.478194030766768,0.6577164454649965,-0.8640116950247956,-1.1400248895632057,-1.299544915784776,0.9606839994761872,-0.599988199424774
5,-7.999195312883666,-4.584196202586496,-4.266901484178823,-5.76081121412941,-1.6167197232935928,0.2260654258347617,1.8328971683862607,-2.576744115794135,-0.3523366049996143,-0.0582042873084921,1.7252102105766431,-0.4276646104456748
5,-8.375030655035067,-3.9736201884070153,-3.559122496364165,-5.244630265566268,-0.1482309633692287,0.193586004398763,1.4721848224212126,-2.218162702889264,-0.5639219738730754,-0.4214415756646351,1.5999345906234943,0.6077895088383649
5,-7.188168373739266,-3.519664242915302,-3.893284092401887,-4.5112135128284585,0.8457806252507523,0.2303312030051078,1.1790144126109567,-2.39619705977104,-0.9218784564278184,-0.8168999226486463,1.5430331202930738,0.6363615337557655
5,-6.8874853532018205,-2.140799421147348,-1.456781912925993,-3.4750761793284823,1.3164391857748798,-0.3975396343468941,0.4631563277501127,-1.1923792177863797,-1.4360115222506171,-1.1246758755905213,1.6722541060402925,-0.931686471102957
5,-6.578086917581539,-1.4951330442767188,-1.1258716350099778,-2.5827714888104603,2.3233070291261813,-0.2227138749112823,0.1286196904961586,-0.7400061416944677,-1.7583162280672122,-0.9394438385102716,1.8619233992729467,-0.4377666062743389
5,-6.943616858692851,-1.4119426532229258,-1.405871196763388,-2.2183620811409197,3.1116602991028866,-0.0207684759094407,0.1233422938942736,-1.3886941847893617,-1.6229698418519338,-1.5856495263093506,1.2033438091340662,-0.1316146485381621
5,7.976325567357374,-5.682329889608659,2.6498142907950526,1.3872339433531444,2.3622581191599976,0.8007413686527276,-0.61430626993951,-1.92775946666582,-2.318305509799384,0.0512716091295815,1.1030982343868811,0.949986206621278
5,8.584848089455889,-5.8426490618927245,1.7178763019788683,0.281761180015061,1.7268358038329148,0.6794420227733693,-0.1066260194388452,-1.618153072284466,-2.099116774828909,0.2003522852563551,1.109312375624627,0.4833135598325915
5,7.502202728445447,-6.042463364476624,1.3450820047425396,-0.3081945919735707,0.8262212171646262,1.045731121548574,-0.3608237314626162,-1.9853313052755412,-2.0417639767434745,0.752053533577015,1.1525845172206326,0.2066738051804754
5,4.028793859812597,-5.644312258810234,2.009195473710124,0.989709595580702,0.3407883785215099,0.4898671524228971,-0.9299433514720564,-2.025746392685411,-1.5721322901573505,-0.6357021265236601,0.532188691454904,0.1775526526350709
5,4.166635503692089,-5.747477859465102,1.0381609204534492,0.3143346268920186,-0.0216104539064289,0.1042277482865004,-0.2725703334462533,-1.827612380792125,-1.522853669782136,-0.3005534498558732,-0.0128435242483275,-0.0216529339390727
5,2.570341075542807,-5.865732486549049,0.6980769645797185,-0.0612569012264814,-0.9495708501959972,0.6130587376913832,-0.416137998261032,-2.515787239172494,-1.5886672629808989,-0.2755019419887488,0.7643443929254298,-0.398692806512145
5,1.4591385353081814,-5.378354634649624,0.8957607733417684,0.9190272895018764,-0.8442672620844305,0.1339292745582085,-0.8314766560137965,-2.486746820612485,-1.228024429261278,-0.5414463098468056,0.1005706660593608,0.2779829394513433
5,1.3686025320154074,-5.022545708132826,0.7406784233888035,0.6871466255537966,-0.4925250001688335,0.1282476222466142,-1.029102989191785,-2.2513881780660627,-1.1952534060790825,-0.2059275512728941,-0.2283868050108865,0.1016731956722322
5,1.16646874828374,-5.650895751197626,0.180425494779495,-0.1162646249721062,-1.4110913717621374,0.4372691230098004,-0.7036513211921048,-2.4849384752044625,-1.042594024223699,-0.1617036116139174,-0.2332541872393542,-0.3764987165343756
5,-0.4660239444524864,-4.5523115193247685,0.017936503324328,1.45563915121671,-0.8388056504365605,-0.1976927244788384,-1.3491090588664227,-2.4718483330911427,-1.1836919927545275,-0.3945897428491931,-0.6399100497655125,0.1452688710361517
5,0.3648446156113853,-4.2250424545030025,-0.2139051926851586,1.662237320454174,-0.6509920606815806,-0.4503387574655437,-1.1447509467658703,-2.4832580455180167,-1.3562309645474613,-0.3278666451382697,-0.603415031295721,0.3706736086683745
5,-1.3507906043443396,-4.739925844626412,-0.3872619836866039,0.2935171684431958,-1.793287585616922,-0.3395099643127204,-0.789597895322805,-2.765212685536157,-0.8683625191762492,-0.1488575394120601,-0.6736986939517473,-0.1726560060864416
5,-2.6029728486779216,-4.257002060683968,-1.0033848921728128,1.3354668731393695,-0.8282236811608443,-0.7318197363502191,-1.1750426987332547,-2.487758605099778,-1.1269987447865517,-0.0274270671569544,-0.8232179187430025,0.4383654559115789
5,-2.132728673278944,-4.090135012834928,-0.993826131886126,1.2439929675910473,-0.8205754721685564,-0.5912024058178941,-1.022142458496159,-2.423758981455112,-1.0042997163542262,-0.1173703339914266,-0.9218828243289428,0.215916784778585
5,0.0039508861320513,-4.272651242280313,-2.121778093440359,0.3368222826556546,-2.085065390040304,-0.7211391269906249,-0.7964742713727285,-2.541860755577001,-0.881125377788156,0.3358043671389098,-0.55598447059748,-0.1693036920326344
5,4.2948150614773,-5.154157156786687,3.158216865182508,3.11226089517829,2.0997553116133343,1.4318360028475705,-0.118541270040305,-0.9796540768063936,-1.0497533800788843,-0.3230166208766363,-0.3276718400214222,0.8092169287648319
5,4.006129428748965,-5.3695433268662525,2.0845845255672724,2.0631445972371605,1.556746650713869,1.3655077689588078,0.2830475441932359,-0.868494039893301,-1.1955974353235308,0.3624658644291632,0.0097108967298927,0.1000280866608602
5,4.658332183000084,-5.148014668202534,0.9903628377030472,1.4811681074931642,1.0731034676463973,1.313109310375623,0.3396050803404364,-1.2015552874302498,-0.5409321126641718,0.489497806010581,-0.1139880337547932,0.6097113165164894
5,0.7861045703585778,-3.695369279340952,1.7050243784831216,3.725647923374592,1.307957200308205,0.7104715540074913,-0.6934070610490528,-0.9271432237509863,-0.8093480936451573,-0.098816000155764,-0.514990658983384,0.4304770269495121
5,0.6480183480389496,-3.5026336735183885,1.551009156444149,3.597785866272221,1.2580435197521802,0.5624269542123075,-0.4012578595855566,-1.118788383680263,-0.8651749014054153,-0.1284910701667733,-0.7562960064593937,0.3685431680995469
5,0.2586185355552998,-4.216701286374738,0.3182035665574286,2.2379398917232005,0.5601278113812671,1.079680204513422,-0.2127496493374124,-1.322342240127886,-0.4905904516457687,0.0419379537684451,-0.7564036300250399,0.1575326406568561
5,-2.28576834959831,-2.463603415102812,0.3232480375404757,3.3810867283746706,0.7101241191626669,0.2734192764518158,-0.9152551108941712,-1.528222377503546,-0.3108574722394715,0.3602886793021134,-1.2827380148950869,0.5600710011834028
5,-1.09103335396464,-2.765387399733913,-0.9601866343198564,3.1535819701608294,0.4194740739256464,0.2487580261517618,-0.5531906924866793,-1.6910078790172625,-0.4004581030704129,0.5179315693618154,-0.9103248160613112,0.3773931077975577
5,-1.7559565379764843,-3.2896715845115017,-0.9427347215888268,2.599457953228381,0.1994427591094106,0.709798441041205,-0.6181436300403876,-1.9358304582965005,-0.1535442993844204,0.2279770775734262,-1.1208462451834436,0.6415475988645144
5,-3.750070043116679,-3.747138101952324,-1.7412870621810224,1.914723008589649,-0.2032347229424441,0.5060306984116913,-0.2940957404128032,-1.4658843548895355,-0.4941427174492102,0.7551796614172025,-1.3535667898976271,2.347850348871225
5,-3.291117360067498,-3.505982146829957,-1.3052755913299938,2.082839158053669,0.1053300826571021,0.7738259498339579,-0.4468568215855656,-1.2831241840229732,-0.618572985311896,0.6728806696659756,-1.5876381961290509,2.5622725361645977
5,-2.13637468480145,-2.7371419754666837,-1.4648500151529202,1.8043109435822904,0.1731471398163456,0.3213872100974786,-0.9116512192232352,-1.0911136679674942,-0.7423929751505104,0.1651441354192737,-1.228569353200408,2.3159909472683475
5,-3.4722486183386367,-1.309160279790471,-1.8212049305979423,3.314318459726457,0.5524401944423958,-0.8958910018501669,-0.7694997808528953,-0.7797087095440169,-0.3906335443402615,0.8136548463840583,-0.7087222288003727,1.4823470622002717
5,-3.264918750255143,-1.2752455296889642,-1.525450891728167,3.915096936630698,1.5532056958777436,-0.4855135114445206,-1.189338615364547,-0.7427133160729211,-0.5120849575773895,0.9467177535811716,-1.2870295768463416,1.3376144497885605
5,-2.135993245392143,-1.0321437986194844,-1.3297428732724752,3.910383672858685,1.668075835791608,-0.3446405532524834,-1.368624839593775,-0.7081196956103393,-0.8365861198533245,0.4697306632643525,-1.4017272862479182,1.2868595928148152
7,-1.5210314179136235,-0.0298272652042085,3.1670640225572195,2.6718268712651607,-0.1028112475842582,2.073812032115455,1.9781236888715856,0.7273214344424234,-0.6030236055200819,1.837047956582564,2.2028408611076755,1.6658451777163394
7,-1.656858305703388,-0.066221294277047,2.8546244613554697,2.4185763741803195,-0.622480370952116,2.266404444797228,2.0550300167567204,0.847020972910625,-0.7010097315640781,1.7811003347692411,2.264559494165539,1.8262804128221568
7,-0.239720606074517,-0.2681225902947092,2.006133830259245,1.9204471024174803,-1.4018935193854278,2.2342670834620484,2.4199948924665846,0.8202020055669283,-1.0538903001152946,2.124752675992785,2.710343027389469,1.7020331663859525
7,-3.5619449766584568,0.9268164118970794,3.364851505805174,3.527692168000425,0.8649699191555255,1.597615983957725,1.140767004007861,0.7720523497351943,-0.5733272622191752,1.1228008021614366,1.198124466327427,1.525508086443338
7,-3.46886748704997,0.5247896975862301,2.525012319818186,2.728217059675749,0.0702338998528953,1.811882128357875,1.4810703558573417,0.7629543204999006,-0.8541440837402096,1.5454864908439427,1.7271629149884211,1.2568999739594462
7,-2.490914290272273,0.4819284880071247,2.042774943049105,2.457442839056516,-0.3875513523638479,1.759515183637368,1.475996978462517,0.8729305227601489,-1.0723413967272533,1.4627856767851937,1.9347116781337832,0.9916166760940404
7,-8.457974889701552,0.5259719791649147,3.246710616752551,3.03506603637539,0.8022854173185989,1.3228544208050368,1.0070547369534475,0.4982546298553182,-0.2383384869844056,0.9713682966062782,0.3408173659213901,1.1686300792676194
7,-6.625227841502227,0.8264272743007527,1.6838312428324516,2.398009870829048,0.002335947221537,1.1515869161614287,1.0981543644419658,0.6064967315527827,-0.2117242780931449,1.6401155152641245,0.7748245679842388,1.0476712174398322
7,-5.218042810325231,0.8103428053854949,0.7701260958382667,1.8821222602140364,-0.8647126992626583,1.141923803870328,1.406906095103892,0.5556033936313105,-0.5261059296824228,1.9794678665227503,1.3632848212561417,0.7079756589864928
7,-9.138922332177298,2.2861784417179822,2.029641265963222,4.059161951899243,2.623077702620856,1.0901431823879943,-0.1310525652294037,0.7926018778596178,0.3814255397608841,1.4842044738707223,-0.2499265793691511,1.4143272122834398
7,-8.914169159047162,1.7834795902066531,1.55776152837525,3.1939543741779195,1.4641637099562022,1.117419116483826,0.4152093852557804,0.6202867127358108,0.0632220484905996,1.6846678483581965,0.1326528388171474,0.9245200215183772
7,-5.761061119829191,2.171616345000582,0.0916458400122394,2.528577355989862,0.2268873748102526,0.8806335619838953,0.5934921295387566,0.7444259761364599,-0.2283166494015895,2.048793545560888,1.0275299985536677,0.6394778650202518
7,-10.329327720648196,2.4879830927338507,0.8616543011826712,3.654238637012433,2.2937016222552424,0.9115234509727898,-0.2745044539948873,0.4644851560241296,0.3640329215579089,1.99835895825549,-0.464572490147338,1.1948813912025569
7,-10.172523255648668,2.672708777168549,1.126207524846955,3.172085170652442,2.2316813166605494,0.9505660047320332,0.0147607022428787,0.9574553082782168,0.3038073833213637,1.899212420451403,-0.2028581366777827,1.2788817914745736
7,-6.482891815546795,3.9516203715496143,-0.013275015480702,3.8896098171466864,2.2201711170941727,0.6658978934922816,-0.1850771520550094,1.3667308047976836,-0.4754048377961002,2.6186400265687486,0.3694222569851662,1.216055493176581
7,1.4874461524177862,-0.7826057701697476,2.6742024931556747,1.5656950750313556,0.1508198065780586,2.491203017776218,0.805944359077184,1.1996686617210233,-0.3570298508959532,-0.0776966990746012,2.53610788307718,1.6437625787394594
7,-0.2088045228797025,-1.0164807620363017,3.100046415995978,1.5839805967650542,0.3386455064341173,2.4762833652428435,0.9398444429633058,1.1122931503369444,-0.2082241431504462,-0.1610663830737213,2.0499090964261577,1.8785510905051737
7,-0.6604423100612006,-1.6116937829035218,3.965277408871832,2.443050130597484,0.4833798909497992,2.395420701877258,0.7755688371997167,1.0024689290651472,0.1882137349741299,0.0153946461737352,1.932351841133502,1.738506562180177
7,-2.1589642370389357,-0.958080869261673,2.426801199358101,1.4299990664532516,0.1602997018481343,2.4329659301057283,0.5833818665297147,1.0334312415458744,-0.0782491496687056,-0.2667676075238803,1.8623251958072868,0.6360611145755642
7,-3.680911307619263,-0.9988856722691456,3.1225012882868644,1.735700363988396,0.3852012557505507,1.9415592038402052,0.5984794201523334,1.0438304306414774,-0.0454428132548696,-0.2373530787415983,1.8402643015094808,0.9192577650976388
7,-3.8521355483099775,-1.4474396788519104,3.2906429989822787,2.038315165132253,0.4160279403881572,2.189258914397969,0.5315576330612375,1.063774233596293,0.3860322032083818,-0.0258635885687777,1.5711921713663966,0.972920861437675
7,-4.770248039208615,-0.4300532070571907,1.2607063428808174,0.672020828990506,0.0211159692069786,2.101721742664582,0.3355568099978842,0.7561950475987621,-0.2506036451865477,-0.3177570500745345,1.264426957005591,0.3339552603101802
7,-7.963452863621329,-0.5754979511312849,2.7915075063432075,1.699382653358592,0.9221773624294732,1.977423499196784,0.1893031971252542,0.983308914982459,-0.2300400632257104,-0.2486732192001285,0.6617874628929143,0.9113933669539284
7,-7.482080048758671,-0.6446374324652376,3.0197201811487373,1.9503471753175128,1.201694725947012,2.078217002051819,0.0995258300701993,0.819283366144697,0.1704969186160609,-0.4316691924347665,0.741698068943687,0.9877292445378488
7,-7.331209893669745,0.8855840168535346,1.148083583445912,0.8784902743388121,0.764397942584996,1.8517223985738052,-0.0209527972207735,0.8769232090035286,-0.6053403276883919,-0.6518298721126599,0.752917257131726,0.1935131984539607
7,-8.977719762351855,0.8640892948077072,2.3313893897209343,1.758542418046634,1.7676158553742802,1.5426432487911446,-0.2932535330117857,0.8537197834302898,-0.5352287092794962,-0.6425997363108829,0.3036032843458263,0.8364325077838742
7,-8.717603321830698,0.8218029790015511,2.7445699771308902,2.250970638614213,1.910568930154495,1.580741788814205,0.1308381195439705,0.9899855597277832,-0.482983236939727,-0.7983654336593656,0.5065365571387538,0.9403521065952924
7,-10.772028434660417,0.6451002180695024,0.170978503902624,0.1512824855641673,0.7166015038287517,1.995708047027916,0.3371749380999083,0.4245760554170156,-0.8836034326496582,-0.9203639493879124,0.4195001729511541,0.6985747590266823
7,-10.629443189298168,1.515536921235484,0.7135484407823113,0.791397169501175,1.6117340547037804,1.668246372720669,0.018569629577954,0.8014015344996924,-1.1190221134313916,-0.4161078381677335,0.4523443098710978,0.5428470313793979
7,-11.362958850425262,1.813052968694076,1.8943907344064288,1.8531077285306257,3.130378787419148,1.6531992107130504,-0.3570902505512531,1.0206688159527328,-0.7633626315796028,-0.7458961448571081,0.2594611675626883,1.188544874710116
7,6.779809873235281,-1.9799763226759757,0.0346158005880112,1.380293994911104,-0.9836977847269396,2.4957044852157404,1.1423221860709556,-0.2047715621497101,0.1309512720490152,-0.0120195725296598,2.6668409898067797,0.4419560042721737
7,5.580974476152252,-1.791797061831989,1.05659322673955,1.8037809615710327,-0.6539953460279768,2.390183315485473,1.2998072061237105,-0.0261578698708686,-0.2593094067579581,-0.1536854383560709,2.2211771651616874,0.2037981598586948
7,6.150604446657631,-1.4186795125027412,1.191360203817075,2.0354931961217817,-0.8819996814663166,2.1318118233416783,1.106773279814576,0.4523492303323367,-0.2725008690445134,-0.2906415107380051,2.867259428199377,0.0806695742992756
7,5.001823230704057,-1.4634041566319247,-0.1813702737197401,1.879278465330932,-1.2158684659348902,1.8743567300334276,0.8717284902938648,-0.2865851683996705,0.1166796529316543,-0.7249189143225914,2.10808907371894,-0.0993096168597572
7,2.8662093204374104,-0.7835147363348021,0.6176656934373395,2.549950337752676,0.3092052882643071,1.1122621076317718,0.3260459452311089,-0.3863467675770466,0.4118110232775912,-0.6270163057003642,1.1504101189458766,0.3864151787925081
7,4.164429433968473,-0.954913833879658,1.0271552966949482,2.716696958599748,-0.5169772227811021,1.723006950368546,0.7209311499351861,0.1882861270187928,-0.5413443682251241,-0.9199408034038504,2.464551443356028,-0.0471437292743098
7,2.005889081823096,-1.2945729097137786,-1.1474966256140595,2.173812653034352,-1.5040504896151916,1.2247613717670036,0.5615993594538894,-0.6329902591952512,0.1742028545769576,-0.3517055642232952,1.4601930495435456,-0.1338348993007081
7,-0.2307419916585665,-1.1823035578563954,0.9054870270653096,3.0423443848122256,-0.7260569232308343,0.911642121727037,0.5065296689003419,-0.3674235163545707,-0.0507863504338939,-0.8529309070567878,1.2573430856387835,-0.1016071717518151
7,1.3289280256125895,-0.7712636481551982,0.253129295361318,3.044296633523177,-0.6772173977155209,1.0422068161081293,0.4680968920297189,-0.2407265454245905,-0.1852424683137583,-0.9318791967912052,1.64211757718301,-0.5224728918409796
7,-0.0383094220993907,0.1193220877043123,-1.5323698755824184,2.919988764788896,-0.8401999105631793,0.5734729303718256,0.2893026474274542,-0.9556412186227357,0.0338084115947797,-0.8891734269584131,1.0243034154507873,0.0221702292225144
7,-0.763360429385377,0.1406739393460363,-0.2121246393457637,3.1911473197580573,-0.2062943783723474,0.5625259952643983,0.1756038817643039,-0.8174983409001949,-0.1582561080241021,-1.2811165354919645,0.6142934418863033,-0.2613981277804577
7,0.2408831655292753,0.5636049277720828,-0.1051342654408263,3.982981984660132,-0.4369021244354623,0.2316717627703739,0.1834897402839875,-0.5795617175211124,-0.1467106344980425,-1.2135147726964075,1.2742698549575342,-0.1979977908506777
7,-0.3548373316655888,-0.5412907478310498,-0.3665206248456772,1.831104455369671,-0.2564731354311724,0.6728321290765724,0.2616261003630729,-0.577993160855449,-0.4301997705741635,-0.3929287972883593,0.1781792249606317,-0.0727180254569996
7,-0.0284337860445171,-0.3049670898114522,0.2774029061248311,2.302807106228512,0.4650539852101932,0.6602872231922822,0.1116560213629604,-0.5960268257545683,-0.2310925224668678,-0.4317196538929688,0.0788169551193023,0.139141642334951
7,-0.126385183209359,-0.0531276211669317,0.2614315894377739,2.450721380800448,0.3746970083256205,0.4262203244213158,0.1727699792203942,-0.3727363451342796,-0.2756786332768413,-0.3767641377623584,0.0541022328004157,-0.2208020321074095
7,6.936711754454228,-0.5518954276843354,2.629726809582682,1.7102608041429035,-1.2006387773459537,1.6786796412203295,-0.2179184318893285,0.1833332488820275,1.39284268253937,-0.7745899963240517,1.6090276675080493,0.2689058372339901
7,7.3279751573757395,-0.2165764565062317,3.2256352969516384,2.406717181348754,-1.0041336714845388,1.4036623868583138,-0.4702321715730924,0.1801243597235796,1.3171633638741362,-0.8373729285997409,1.5028155587827818,-0.038922103257113
7,8.207180527588832,0.4363223878515795,4.489723389141372,3.4267093609843484,-0.3695321214292016,1.0828827167428283,-0.8713937671662548,0.4210618448397668,1.1983084526119934,-1.127090996813498,1.7913678231308834,0.3314155283900169
7,4.580618461249174,0.0641782774833524,1.450508798942289,1.472830091742352,-1.88284898552601,1.1100990668798034,-0.5606649152335872,0.0471766785775148,1.3686528735800505,-0.9021247500689952,0.4365361111034442,0.2772077648929343
7,4.194354478665743,0.3255011295581316,2.118028463267964,1.6004077599854063,-1.5593634518932813,1.1026405412254043,-0.5651399019534726,0.1604424396978077,0.9656021461802172,-1.429942767714627,0.5623727035174333,-0.0804904660120178
7,3.3568332366180527,0.5975522199174803,3.184505111537407,2.4880236007202514,-0.9841248519417958,0.7883632375909386,-0.7999124511372744,0.2220121935943523,0.7303341098556253,-1.70020263362094,0.1252353230292311,0.1202467323205673
7,1.504636048117713,0.0674408356419799,0.7695273267454965,1.6186239435052598,-1.8757697964974065,0.6910413611031978,-0.6536645806904108,-0.368328818907482,1.0595819895105545,-1.2511168021595664,-0.2884270360201547,-0.1402288145100714
7,0.9497319930194846,0.5480931270448276,1.876254908006816,2.433626666595836,-1.039508098557352,0.4550045375969351,-0.9244392131040448,-0.2387747096660752,0.7112955833756172,-1.232497298486683,-0.519096966075189,0.1629698284003299
7,-0.8781815022295768,0.6397416713726835,3.1539964912619163,2.8004262949483256,-0.6256278152997784,-0.0136730946078782,-0.9236540159454582,-0.2558390855877595,0.9466528865904034,-1.806633570583642,-0.5363104208338216,0.1519796165978597
7,2.806312056528536,1.7139640042930238,-2.862241441184466,1.774752301988706,-1.7467569989856884,0.6352545153373205,-1.2987970061598748,0.1221872493416947,0.6648961853971924,-0.6917558794453549,-0.035725229268774,1.2526285058574522
7,2.102498551616345,1.1727504094681325,-2.5712388831101847,2.798463261307408,-1.574256637869104,0.608859562496013,-1.2558072559050446,-0.0196494649041061,1.2011072705847263,-0.4302407399624247,0.1839094490486762,1.1435683700337742
7,1.5441812899124054,1.3318739794826877,-1.916371008192016,2.976867908254499,-1.3586636469363509,0.4388691375810799,-1.2555346595024282,-0.1077310410479388,0.8278161387144539,-0.6272109144653346,-0.0607024587294917,0.9215630734084606
7,2.6097376053511976,2.9070805758814826,-4.139146087341999,2.9465412032192586,-1.3426760753275415,-0.1602531661795194,-1.9000205061230524,-0.4033243465401109,1.4459389013336637,-0.3093956912260416,-0.0528371722801567,0.5315186388552389
7,1.9161477084103864,3.008967872912261,-3.6658994432696894,3.3149768754861344,-1.5928475563346387,-0.6812225742942168,-1.4773844579190138,-0.4808148217027385,1.5233852044659717,-0.2381820669679972,0.3486218341896818,0.6130812742186585
7,-0.9205888686001498,2.562198088767599,-2.3705425210973647,2.7527485230596485,-1.2247899068564283,-0.9280893589500404,-1.720825659467563,-0.7852013232771206,0.8668214613773421,-0.3986629002352813,-0.2313565556651211,0.2057626629194546
7,5.815675108893408,-0.995338709867253,0.197800345652677,-0.6671504357987954,-1.6944607823596165,2.32974270067952,-0.6633469355015336,0.2435935223556095,1.6609568655674476,0.5100070351171612,0.971939036085404,0.3158839629774787
7,6.242056141170736,-0.9096919945083248,0.4173808452957325,-0.4159236144809964,-1.8640248686439973,2.0426773967946894,-0.5990852036979056,0.4375328765789603,1.3449257327505857,0.6819852335377982,1.3020551407046148,0.4410404630468101
7,5.897162512944914,-1.0430536049579366,0.7487566117008292,-0.3903634120097571,-1.984231193157388,1.972398429166121,-0.4349568625973665,0.422964529869662,1.4570793779578843,0.6147175282530921,1.224975583952375,0.0956156557618996
7,5.085746963992891,0.0788362768289788,0.1525234579010314,0.5075257227916135,-0.8131313385984943,2.0099993249769805,-1.4526709619391125,0.6442949913475454,1.4754552765080882,0.6246487180573984,0.6453981980981693,0.1672451617154126
7,4.186300070671713,0.2226940448568785,0.1716229906369595,0.5347319470054491,-0.8013968067205524,1.634531773301564,-1.304082679752396,0.4147772669486026,1.5979992832054295,0.3807603523624708,0.4741673614074543,-0.0214242744708403
7,0.5770201652259966,-0.6425480914070957,1.745022417511903,0.0362281399245639,-0.7570699818896497,1.5978545838685771,-1.112351332846514,0.2807618711145946,1.4717035269949106,-0.0024085908260034,0.4143514214313981,-0.5218887125313657
7,3.3255792873487464,0.5984320459852348,-2.006938442940218,-0.2916537342459452,-1.4798321455458885,1.790462297491176,-1.516750991365365,0.3362809256618747,2.126463514398314,0.8889706987557429,0.540675672065631,-0.3175103724851994
7,2.1317505637770684,0.4482430754353008,-1.6045831585182777,-0.3765075272807595,-2.1014928694794905,1.4409677508644376,-1.2956453511764945,0.2914253462814847,1.730240449510891,0.6474614606296133,0.7819244512474623,-0.8043079135772524
7,0.2593739940515064,0.3567118826426485,-0.392638365532244,-0.0756897236139019,-1.6048737523244303,1.19409538193702,-1.2155869125114214,0.2352251709141631,1.2339101060587172,0.676233829895713,0.2362100882473491,-1.001190487793246
7,1.189468755675048,2.2626673314699857,-2.8517126429666546,0.4118594429340643,-0.501460735869734,1.4834723444315514,-1.9306281011269255,0.7021215469016278,1.8218781016521848,1.2442442511458758,0.2765733506510906,-0.3853882285336859
7,-1.707563458897445,1.6371893420434964,-1.2990453989501225,0.9183090591106656,-0.2206377056886204,1.1251767315675192,-1.9987468478485493,0.5355943416339555,2.1770032806180803,1.0549619470031908,0.1452984799744127,-0.2080210842595227
7,-0.93691008590137,1.9942323490319045,-1.432220219006265,1.1094729501975644,-0.1285107091902524,1.3129410408995208,-1.8914437756482616,0.6021591046368291,1.8046085433630097,0.6493326078202862,0.1137270546682948,-0.510413290780267
7,0.1039413113972728,3.3672541658666137,-4.28400908649056,0.718152047913427,-0.1453768023863604,1.5763150623958435,-2.093789175916472,0.5728738530805864,1.502774754017031,1.4569934670787743,0.2839414078320583,-0.5567002073212032
7,-0.105557674217747,3.62446162166835,-3.5841352348897955,1.4922926672630388,-0.0861690382405344,0.7899135399931779,-2.23543746762142,0.9255294152611266,1.526607947643737,1.6253025900398816,0.5644117355444798,-0.0512957770020183
7,-3.0393284491619887,3.040783718321398,-2.883898285269159,0.6217196539478927,0.1415019640486946,1.1636866984732095,-2.264942916060186,0.7640929677924688,1.8855941888213363,1.4792307650108745,0.5861385790978005,-0.7660868725478756
7,8.687254092149336,1.978206950496508,-4.853088286795633,-1.7878866564262397,-0.109968865109536,5.397862043077404,0.3665526644048112,1.3757607498638578,1.51259952510162,0.7005028362290469,0.3662692515684853,1.9081169565482237
7,5.899574323838323,1.226095512635799,-3.893787698513882,-1.4318823744497875,-0.6705966358812488,4.730037848146599,0.7718572569268616,0.7677872818845352,1.107697397960507,0.7263302848896334,0.2009765572677303,1.2919960830214248
7,5.002601853932793,0.7838312315541182,-2.9177681786053338,-1.1409983519958808,-1.0420712507740388,4.125549503084732,0.6725472414868751,0.7158956019307366,0.7105761679883077,0.509588260681123,0.5113833273913548,1.0500603341837953
7,4.908803045908194,2.651939469813944,-5.06087248060865,-0.855458314413184,0.4853703201611736,4.494224940091935,0.0453999301795804,1.092006095184445,1.5888977848371042,0.7195689911852403,-0.0022853095497096,1.9697062280009063
7,1.4013581127122663,1.2302389542966472,-3.315502490940031,-1.0791818816473455,-0.1456697143628913,3.9918357013357495,0.3637480434172172,0.6964195218590585,1.251032023750386,0.6154887556975687,0.0740497195513547,0.8889861904933417
7,2.101485881585196,1.2582055261914975,-2.884087038857117,-1.0486230086706612,-0.5866376707170298,3.814424349120485,0.556809465608564,0.9108112986465616,0.7591436702601779,0.4394541031267944,0.6740477677152363,0.254270241797529
7,5.200279690940521,3.778333449452389,-7.858972099844299,-2.207791596052917,-0.5934431887549295,4.317584908398016,0.3371491177295763,1.1500010664121634,1.5294534127507973,0.6159440668176727,0.4522554440864832,1.3221396613253684
7,1.0843705853726875,2.65800827461484,-5.26150734765402,-1.4823874188862085,-0.2794598681775141,3.800984535312181,0.1280812578219365,0.8329510854352669,0.7168292186230402,0.8241441911335076,-0.0029752695504924,0.7084449629994314
7,0.3180020846955317,1.52932393645619,-4.3295931808753965,-1.7603020581235322,-1.062165710473388,3.735874732207237,0.3243264927414448,0.815258813423918,0.5159502308965299,0.7846018891352786,0.7052717834457679,0.0520735457309817
7,5.29854656015294,5.608623571147947,-8.895214788767156,-1.8779867506573515,1.0034422408701953,4.828549663681035,-0.0323086761572652,1.4065740072001471,0.7822358967782594,-0.0695766713763349,0.4874137537950798,1.6224928957488904
7,1.0893044844759754,4.237133539215384,-6.372794079282556,-1.118324877426255,0.7114525197231089,4.070504091754445,0.0138769891281559,1.235739266001204,0.5669770975895586,0.1416952486799954,0.4616626089419991,0.7511329305919966
7,-1.7217054643264034,2.9767255172872966,-5.082644418687871,-1.3744518358624065,-0.1081741971402903,3.830848575636551,-0.121160628058384,0.8030926798406087,0.2609616999459921,-0.0478212966771672,0.9086687695728342,-0.184719086556396
7,0.2870100423087195,5.387720978343731,-8.179722960794287,-2.158540963258392,1.9359845003657092,4.830833628044819,-0.3237021405619925,1.2559854717888574,0.3792289816431174,-0.4987370957128919,1.5635422531474996,1.2581886725346447
7,-2.1580394471930067,4.893262569022038,-7.36660942243762,-2.292576012264397,1.4431355449495895,3.8984496151115176,-0.2559307786535985,0.9086663122487608,0.0548725038887196,-0.4616610523610489,0.8653435228521548,0.8510766529603169
7,-4.6938322647694655,2.921097115095411,-5.549622427611932,-1.6611988024518487,0.3386677356617963,3.498678937692953,-0.4637827284201548,0.3773616285973399,-0.5644584498918304,0.0068880848764762,0.5124436828603598,0.2274903086938994
7,9.257845391093127,1.0222460773370865,0.9288282797964424,0.6592741602714944,-1.2714768560583654,2.4762063618730314,-0.7077898395870481,1.0013044448197792,-1.632907246442686,-1.4765765940525262,0.5297532982984262,0.7097411600783643
7,10.992444736448745,0.9499456326811444,0.0820744704948535,0.4829289045186566,-1.4705354428195212,3.0567383848489857,-0.5629192866497857,1.0534856259004146,-1.529532555785755,-1.2231467934272648,0.6553759736263886,0.4603824916203793
7,12.203004761263326,1.2872794108859786,-0.3423593445539163,0.3051510454621029,-0.4614831398981159,3.54114209092912,-1.0764672010720688,1.2234283855319932,-1.3596244465371183,-1.2489791485418136,0.4075711494488024,0.8318958688108888
7,6.979245619688186,1.2636616995641397,0.4670837678494413,0.8818038380396627,-1.6196815926119,2.414595482957777,-0.8318951086014872,0.8721731982834618,-1.4926792498075678,-2.2091935686863926,0.0780632596113974,0.4781149446775757
7,8.8579973850813,1.8280538356982765,-0.8136913122316447,1.2481748537745048,-1.4550135176907362,2.350942581172207,-1.2103380428386652,0.9245058738293722,-1.3820662881882353,-1.5718670703763475,0.1002380725644292,0.3817398323341459
7,10.729217900116277,2.3348089204817133,-0.818366068879146,1.3329953844878646,-0.3039131365367493,3.013623436300463,-1.8798269661955749,1.100859704231166,-1.5120507063787811,-1.8832219900777112,-0.3177674882192389,0.8452066386605933
7,6.010942840141078,1.7386685983902876,-1.6285913237716636,1.2032777296414272,-2.401371837089469,1.959903712320457,-1.168636386725829,0.8157247944834578,-0.9678010964136128,-1.4494005274534283,0.2830889147344386,0.0595761711264589
7,8.3955966270513,2.569597104777637,-2.060519217266024,1.6140343058619666,-1.2405234941662304,2.325350476449232,-1.687991267358048,1.1481663323768931,-1.0501504282413172,-1.4605575010781988,0.2050334123381212,0.1833215827629105
7,8.433550802052354,2.6586151600889183,-2.1661767784404096,1.2336151353530398,-0.4008426260611715,2.9115446566512744,-2.024840423912425,0.9025201316962076,-0.7508463657032052,-2.0982225461821646,-0.4125527924382548,0.9264630462901372
7,7.136880018259419,3.494086501930973,-2.632780819923361,2.680997098942396,-2.1016103789365923,1.2307365084019464,-1.3770855395876858,0.6443187395924153,-0.6831157927969458,-1.698084424021084,-0.1395771528323657,0.6343514798734298
7,7.239962222694256,3.8569338456134954,-2.7876693162774946,2.1284094200580643,-1.1169971283745928,1.804109942830664,-1.9827276648777408,1.1030757768878905,-1.198333274092228,-1.5344996292176023,-0.3520139893501823,-0.0861392871770146
7,8.18959211133518,4.165410805856943,-3.8322557651473934,2.057533910429905,-0.7453897126152205,2.1880498620498923,-2.184865323540192,0.9905805049970446,-0.7412644299981545,-1.4318026386222058,-0.5448223054654896,0.774483356459492
7,5.744287124359373,4.096588001715048,-3.780338394232608,2.6475952955106274,-2.81070503436116,0.3623718163017935,-1.5774543982685083,1.018678151079043,-0.8450487495911323,-0.9198408178550758,-0.1325766746330546,0.1758170251058744
7,6.903826474911595,5.019021635267496,-4.240154330995445,3.4814525754644867,-1.7417698861364292,0.7524398511051633,-2.09102165273227,1.2255224656237145,-0.7148469404272058,-0.6358490959774021,-0.0950594231255638,-0.184600161834213
7,7.676065254413648,5.384837662946088,-5.329077909757682,2.863668307126217,-1.199196195104885,1.644609178918622,-2.4902744348047525,1.0126795023062125,-0.2840552689333651,-0.9682019129331988,-0.0605304985027918,0.4230258866605968
7,-0.6799773377519049,0.1454610093348666,0.0829507033120405,2.418020601943417,-2.8063303114644103,2.9649631674509043,3.664005812591764,0.1651971922997842,-0.60984788820983,1.0469445809910936,0.5839991202584498,0.468509632420117
7,-0.204938408826396,-0.0010385687841121,-0.699473327010289,2.024131778445266,-3.361546431051483,2.8752240228259027,3.857126112732892,-0.0250574870665719,-0.8681282831852893,1.067628782689175,0.7463597340134779,0.6143210327875772
7,-0.3565261536988294,0.0564415314761432,-0.5348072002513969,1.815695067254072,-3.177008405896992,3.046776218469993,3.65741620340894,0.1162853046403727,-0.9917261981956084,0.9935426483128572,0.791361787141205,0.5309062543761853
7,-2.0496923132880216,0.6667520563035884,0.2775480994623771,3.4399519940908987,-2.147332614312563,2.635044655190601,3.0088950731968067,-0.1551800970926819,-0.5731258284724562,0.7892944360293673,-0.1081443031162422,0.1219616033885718
7,-2.647191805175372,0.4039454554472698,-0.2183502440870568,2.679599686987364,-2.6918504659503,2.625050980360488,3.305367666804492,-0.1954710003705566,-0.5254554665243988,0.7072645772074334,0.0122591528777012,0.1314258957495961
7,-1.674334245563546,0.6301260214886624,-0.9948484062806776,2.423001259977266,-2.77477175672956,2.653367048770731,3.301856348181289,-0.0358010224406161,-0.6580415135508797,0.9875760097247414,0.256059918740518,0.2034060456953338
7,-2.90922989559575,1.3617308114236195,-0.3427395858557183,3.850354671652372,-1.9015042953532373,2.058417042382753,2.884160353325452,-0.1602444094134427,-0.9145512366290652,0.679149057074978,-0.2706207126795565,0.1459710588842766
7,-2.649151343418787,1.391934338836864,-0.6748281894262809,3.971769645991265,-2.352466104747412,1.944297891064654,3.1991413856626707,-0.1362013283438758,-0.4358756120200311,1.1113180620474563,0.0849970736553404,0.4120568970124649
7,-3.2792135049390496,1.0414188249164051,-1.4470820546280434,3.1036264730117527,-3.017304651751793,2.2231879916999846,2.75356479580405,-0.1663511285063516,-0.9212832625677329,0.7672527103383594,0.2420103847539639,0.5198687263513868
7,-2.959946039726774,2.842449900140478,-1.5731493790416282,4.574749005634433,-2.7229414539260253,1.4464202126529586,3.129002385084539,-0.3551489120728034,-0.8408429746288706,0.7545295804150811,0.0256816909246353,-0.0844470581504519
7,-3.077738255758004,2.4461413523157294,-1.9583864794867707,4.469315470319559,-2.278840797024619,1.3060975800655623,2.9837058011343327,-0.4869655300426792,-0.4730281872948714,0.5322949725938408,0.2527272902050217,-0.0284247197791425
7,-2.81644372454263,2.669012605431249,-2.2437186143063146,3.980096747404981,-2.853246554492179,1.0298096888922783,2.7000066316879257,-0.3147360398206641,-0.8028250276345386,1.08498799989519,0.5163419440072788,-0.1151912144779973
7,-4.869670569129102,3.1622326875596856,-1.3140046932425726,4.710152863610296,-2.168814621676165,0.9223109640608604,2.7939308193213592,-0.4245494799851869,-1.004771672198521,0.719650852727163,-0.122891256241557,-0.278626550732881
7,-4.005531123208527,4.397758135531358,-0.894310194340645,5.707433234951293,-2.2984722026921163,0.4227703838436778,2.469511488704544,-0.3796442894294199,-0.9333874578075424,0.4297164015418628,-0.0149020573101188,-0.2492545979137497
7,-3.7380859023887374,3.190520174303326,-1.8058989798682257,4.761337044890274,-2.2915216462779817,1.046310198067439,2.292281569652884,-0.078022227430451,-1.4098926928127753,1.1293190318481736,0.1739492359941117,0.0875110144062529
7,2.9739184516361457,-0.524222312042907,2.750760723731359,3.202077906032038,-0.6324209276205613,3.070693058335161,3.7369923860582377,0.8631176322880829,-0.3659970803583756,2.057898965150559,1.4460520091370177,0.7677693519277172
7,2.7252507701928903,-0.7574442886232904,2.5796247679950737,2.789373813725448,-0.6902836793907795,2.9969641046934656,3.5595371805266667,1.0304045372572503,-0.855753921650745,2.3165503134715077,1.2066116505631452,0.8087553565252146
7,3.80248740121002,-0.5583222227223101,2.3113201302166915,2.5286683436583988,-0.6070093809603851,3.2448494603035605,3.669383468547789,0.9989614796277232,-0.7684779030767878,2.2359166366614955,1.130331479275857,1.0263425516931195
7,0.8800213188977283,0.4193921313955163,2.74856141466917,4.015588888210328,-0.0320887159912027,2.258375859552472,3.322746146446734,1.053991340340803,-0.743706014884489,1.985189617791995,0.5566626665207529,0.3963085225210361
7,0.6251665151738773,0.1941083930453162,1.6952852522632331,3.6015781869473296,-0.3549270873222163,2.6171172388778827,3.456029629753465,0.8408581528474609,-0.9070074865573708,1.77537516941781,0.8324654015038729,0.4736936604900378
7,0.8640468387511282,0.1601526750097746,1.8491666094684864,2.9810011913562904,-0.3679461689760464,2.6233926875011813,3.3889249956742566,0.9793462165884002,-1.0193969115544874,1.6997109815918785,0.7042362581937747,0.8921854755922042
7,-1.922264304914385,0.8960865586392728,2.2510687417346085,4.343388090062924,0.1193044778463621,1.870690442783259,3.049930242854965,0.6638248601974962,-0.5965558754996431,1.6671022212967848,-0.0622910948198165,0.124992414251546
7,-1.115722739205271,0.7972059931097352,0.7876973607560158,3.7910816177604088,-0.809251706413633,1.5164417510762664,3.22999791149726,0.3236414344776068,-0.9218254072403412,1.9450319739221344,0.3126146789084587,0.3305556238947314
7,-1.8834466372275944,0.7919807908611972,1.1888451545991103,3.4097691604133846,-0.5543664998999622,1.9140835038584572,3.078364283053193,0.4315416934586158,-1.0579876958686238,1.2571245907187658,0.2049230744825459,0.6182822793312016
7,-7.00580195204282,1.3740686848230206,2.2509585285640723,6.074478600752545,1.6182111804449346,1.4459062967649092,1.7751432428914231,0.8910611819571195,-0.9231095647109202,1.4312726562819047,-0.3445692013285989,1.7364674197703631
7,-4.732931118549367,1.548308402947974,1.5397192255595955,5.924991248278145,1.124688568685853,1.41916594810023,2.447846580050843,0.9470956967138804,-0.1853194994869442,1.8871148556836648,-0.2331485576469094,1.5343431967760863
7,-3.99114616043264,1.968746159296804,0.9976851643261078,5.726529671797253,0.5186698644773968,0.9612122015427408,2.3331635785153653,0.9998458904243,-1.3640710860789331,2.1290564073041818,-0.0510185359268735,1.1926209004849788
7,-7.444849869308009,2.634376787746278,2.494393278332717,7.243687670063184,1.8916294323069136,0.3900817280294169,1.9043186189696928,0.6748924581742987,-1.1822533244301077,1.4674030259857205,-0.6629574664616263,0.3442546897799413
7,-6.362708523648183,3.216117520302695,2.610115013970107,7.611478276078083,2.687700036059826,0.5185744069025807,1.6441976284985738,1.1998650137650084,-1.006160846975403,1.8104540771931787,-0.2658878417925328,1.1283015247853394
7,-3.011789626762796,3.959640798662581,0.7708651355826589,7.247613437997946,1.8625763281468977,0.4268538934164211,1.6051665208966046,1.608022607462792,-1.2385668669967689,2.3035422047207303,0.2152015171334006,0.5235039245605757
