target,x000,x001,x002,x003,x004,x005,x006,x007,x008,x009,x010,x011
3,0.3302819743441607,0.21448509800797497,0.9972807435646444,-0.17198982641672372,0.08265395577769336,0.7268955788059214,-0.9151539982131895,0.4004510810408574,-0.8745829386865819,-0.09754687114653342,0.019660730739697777,-0.028941295479232562
3,-1.5941659965240065,0.42213271812213676,-0.3688757514408901,-0.2322840967602478,0.6923128346610038,0.5286436210715227,0.3566714372322582,-0.25115452004539746,0.13006041552852765,0.08960709135476697,0.5006109484909836,0.2611296978424376
2,3.761281169769376,-0.18800416165982528,0.08867911456092668,-1.20117237382555,0.719230561497811,-0.70477819556048,-0.010315309235710439,-0.46691201873936733,-0.31723328036023307,0.47077403505855636,0.26149945978526073,0.14532381959966253
3,-1.7426899715281028,2.8233701614395947,0.11252546679091664,-0.37408008272957577,-0.3683661610615534,0.5068007268924285,0.4514469305379582,0.01849694833235793,-0.03524207744470868,-0.45941635704243483,0.36851328122611343,-0.03077207267577098
0,0.5513230319340807,-4.76879713458615,11.686256359758636,-0.1665337173948157,3.2440404140285244,0.2987810940079517,2.6626258919863655,0.40438144566577916,2.1017496426850046,0.36274350758035734,0.20704629425509005,0.13518507424879606
0,6.40232083385096,-3.928016883503574,-2.069175232284748,0.3842683153899418,-0.5715646032761094,-0.899727521610208,0.7777657442313406,0.18434131555551891,0.9691657883415804,0.427053156704355,-0.1595075017896034,0.24104821299251838
0,-0.7771549528277448,2.2045390994579925,-0.12310368578275586,-2.110896651908521,-0.21226983835849644,-0.7782408968645033,-0.12210314915468842,0.4066662960228592,0.3417808578665192,0.06649644182797855,0.02771828285508203,0.02292566108201961
3,-2.142323934005032,1.1669594631674494,0.6518411127177516,-0.8187381791450729,-1.2429996445006941,0.6579506284441831,-0.16043797053751774,0.42339479601307034,0.00486716173414775,0.05921249520129639,-0.24199092196149088,0.12632751230883277
3,-4.459216681471725,3.08862909444937,0.10497109385946923,0.5508646973726299,-0.5716049995765461,0.30447506366023785,0.2688697753962048,0.37842196555460245,0.4191413060282784,-0.2062357797215781,-0.05568939118986274,0.29378260132102846
2,1.170709836217337,1.9979059894165012,0.17589979536798714,0.6793380109666715,-0.4455654098673056,0.14098740485352965,0.4888487936669559,-0.9932945905885849,0.19356013322187185,-0.2741413320237421,0.0719724998995946,-0.1217405412714591
3,-3.496844808534501,1.7599927880677435,0.29143014230339787,0.42248383497105735,-0.6851702958435114,0.32503342829445964,0.47640068032033833,-0.2833879030491213,0.13989897452002548,-0.025926953429205344,-0.09417006270492957,0.1669070850844434
2,-4.385799952672195,2.4258494418957857,-0.7745607881779107,1.3065569467452982,0.850776957062738,0.05329701975071252,0.3268686560726846,0.3986643884150314,0.0986152800199315,0.5061459454705446,-0.07879252402933191,-0.0015101100254974263
0,-0.8259434969803446,-0.02922662621419569,0.4458056449791941,-0.2959244034859255,-0.5705614583343849,0.03177185304547033,-1.3189045189757151,0.20122562988475706,-0.054362615679426095,0.24637455502923308,-0.044635128458489985,-0.09894068082349529
3,-1.4131143424112296,0.018441483051102388,-0.11925354456493244,-0.1438086373480609,0.5061764009364397,0.6430123727023768,0.2688636613064015,-0.5388835289385172,0.0670873643126869,0.08103310838239586,0.38519181458674556,0.1429206419862813
0,1.1993456169210848,0.8615858190714075,0.5366885262125651,-1.1858146681467707,-1.400004848626672,-0.8286608849628707,-1.1732502947482237,0.5063018694595997,0.39459531238596235,0.0045168754007973095,0.01057922763974074,-0.10144037264262294
1,3.799287896748315,-1.2962066673163792,0.17224817572989504,-1.0256599701815414,-1.11976766483954,0.1326510739709551,-0.7060390040677318,-0.48408497642745235,0.20187100494281132,0.5506736256660404,0.19938709388977008,0.08563854763707739
3,-5.28060035615774,-1.7386335746697443,-0.5498805152190479,0.8607193051276621,0.15906189601538595,0.10486738186168942,0.7871441803094429,0.8717390063719106,-0.5984044738073455,0.04356036267005954,-0.22827631545863306,0.02911224639889389
0,0.3460933775598022,1.5943748460618428,0.5009524418197921,0.40900094824142674,-0.7987343226981743,-1.6982771015851355,0.25751940405088475,0.472439928083291,0.16532077305118129,-0.3443673054838474,0.04544678181204449,-0.12924150908901372
2,4.161044480444033,-1.156617703763006,-0.4052711829602395,-0.11060151964078567,-0.49009829735601573,0.5288506494031034,0.20520632067450892,0.2149379163319189,-0.17498198148719565,-0.11081075520768642,-0.008201844475650748,0.1601860148069588
1,4.213259822317271,-1.060256204001632,0.5937284661835656,-0.7285961657955142,-0.8644161183666852,-0.1111032720910654,-0.4290510969676501,-0.07480554155640946,-0.435385567534408,-0.032990513073813385,-0.05041394268580937,-0.11086345654965572
0,-1.3778328933435267,-1.1889047824312677,0.32849293770124693,-0.06764924699413949,-1.6649410142614687,0.24074438600400025,-0.8050300781053698,-0.1996780282658947,0.08124568473213076,0.09070463140143224,0.14481968556363733,0.13339573376867186
3,-5.10781517512198,-2.261368637637842,0.07075922837427473,-0.5871846033087071,-0.07528532994659347,-0.8962664664244138,0.29768648204103754,-0.03182088490296262,-0.6448557111965453,-0.1249780652123312,-0.13832380310476008,0.2605044478383671
0,-1.1594043433634416,2.0515836792185467,0.5961839455969073,-1.7026918490742433,-0.7710428173374416,-0.5568948047594593,-0.42316401384474683,0.6790343647326675,0.4867430182995189,0.012008200867016447,-0.31312205773166124,0.4473247101914654
0,-2.758446419962274,0.8542493362809926,0.14694410925815943,-0.07876041712924364,-1.502138000001539,-0.016539775609458025,0.34978260834534225,-0.2235564638841638,0.1558772999404287,-0.136496151504793,0.06934083308326551,0.12786663723796055
2,3.8594145554208734,0.4013280046085727,0.5555388393923011,0.0031822016053504633,-1.7985410758887437,0.5865728025573729,-0.2479371325062743,-0.3034950397030207,0.004825134182319309,0.4725890806201322,0.06727561769642575,0.033348413432688934
3,-1.447582917954513,0.016471565954659952,0.6075946316689319,-0.2506452909403538,-1.384061971145059,0.9012118872468295,-0.3898653311493207,-0.33518285484601024,0.09208509271353407,0.04094876710134084,0.24869419528653297,0.31225340659505546
2,-4.83141740672093,-2.3530814995762017,-0.041137834401395686,-0.22024154549563602,-0.05393472919604112,-0.7561826308155287,0.4409583716055655,-0.2124425069267483,-0.35833817136247353,-0.06906875330338273,-0.31926534958624225,0.3242040022113992
2,4.598461766917022,-0.1401465489854452,0.01817098842152308,1.697912166709486,0.029202980801511524,0.6629371810903114,-0.15987490872358537,0.8201850925609943,-0.31961013447476855,0.12541012708682628,-0.40629227164992116,0.27422092555887045
0,1.5421796343937595,0.29025236213431693,-0.08971925984943872,0.015047024697691556,-0.6267266533475726,-1.7556255373846714,0.6510186846926986,0.3726076609162451,0.21275942966725644,-0.3910485581270093,0.2710674526445317,-0.413112286666714
2,-3.212758253278567,-2.205831307696724,-0.3236221263606083,0.7916611683105035,1.4096547696155446,-0.47904998723958647,-0.25154743648301814,-0.4774075068880806,0.5111572937553983,-0.07018027523850373,-0.22412832144344344,0.1842186244905114
3,-0.8921833103183233,-0.3062768580791125,0.677070158671893,-0.21789594593637826,-0.2564001151998653,0.777861918978123,-0.08053358638747643,-0.5066869382300074,-0.3390625836905995,0.0893190975385159,0.25952727376687473,0.1378793006026741
2,-2.020705520111876,2.1742890207727017,-0.43042797559747326,-0.9668647118304242,0.22051522769974233,0.6273330065341611,-0.17917152391393246,-0.10878332076065894,0.680487192327325,0.09492831614996827,0.17318728796749075,-0.11315657069237194
1,-3.013562584673297,2.40571053790284,-0.46969311589146445,0.3871497720958205,-0.24150487844226376,-0.551148981335471,0.6234477657335229,0.14378228516843078,0.021651423710251055,-0.10729495821664545,-0.222333915382699,-0.0923341511513596
1,3.9160219917207333,1.1156152168930635,0.2872131693450291,2.300405530993797,1.255986484252391,-0.0077329530399682656,-0.7963866376830785,-0.0015543509003571165,-0.1447394936584746,0.4363580903480449,0.0691931212631715,0.20570387894768455
1,-1.1687862218656706,2.773322970760756,-0.09986782850425831,2.052766889494153,-0.15907202341496413,-0.13248816077628778,0.03350098634761149,-0.7068578775475051,0.5995936998780595,-0.0966742878307953,-0.0060213630350672365,-0.12836333709018388
3,0.16282377512343607,1.2066729651204307,0.08232593055308463,-2.209534211541728,1.0702292120676025,-0.04635724087525494,-0.21959821179048075,-0.029534904965931485,-0.7098206268984156,0.30093992758543814,0.3201752433846819,0.09306484247497113
0,-2.2437785525099163,-2.9141390883838425,-0.5484094867808254,-0.1109317812289126,-0.9957794599572404,0.49391874066382896,0.2095475134221591,-0.3899005585016921,0.5523392203436093,-0.08905209229008473,0.28362327413249055,0.03968067464058302
3,3.061765081064629,-2.2351966084824295,13.75904571993161,0.882998901376547,1.4200926060406998,-0.09869292030219927,0.6645418354836281,0.8747063934311521,0.6434515810045599,0.567972585993408,0.722231768975724,0.022602905843123116
2,4.024073568073383,-1.0231236173503484,-0.931672132715744,0.2876950436055745,-1.1696575344849447,0.7259326363675022,0.9602401208301645,0.4623450453442174,0.3388966681944462,0.12754928831913248,0.010375974806431291,0.1990497135494761
0,-1.5723783381994767,-1.3628564326660075,1.1334848505181028,-1.1293468857612172,-0.8714638738271195,-0.5748094110167737,-1.5207977848154763,-0.5592437429313009,-0.34755929553389464,-0.23762496293334212,-0.2538919148455451,0.07366030480928588
1,2.9585643421964343,-0.6426615539625719,0.5027623337868031,0.3229806561561157,-0.5932887558472626,-0.8437664693112924,-0.2078566688789538,-1.0303226020080798,-0.173576851247236,0.24389861946551794,0.21141251396441674,0.01662901473735879
3,-5.329564967582161,-2.4013970853896565,-0.6506843507289787,0.35646043069581357,1.2776661769599553,-0.3424734001745977,0.5433376380899387,0.882418843938091,-0.4862030914906065,-0.20737120365044184,0.05944135648322598,0.23253977942534937
3,-0.21810564175742977,-1.4058792898158146,-0.3754799603571136,-0.7902214270335434,-0.4429495837457822,1.5962315388262622,0.5878688126449746,0.04553822649468338,-0.1349816890189949,0.06016890231464695,0.4516866478403879,0.09042441676993036
2,-1.1040616708801003,1.2147951904424497,0.23421615744480884,0.3616751915098432,-0.7441131465567535,-1.030640799845745,0.688375393352953,-0.6228108394855723,-0.18720497738157313,-0.10320941377875843,-0.312209927537185,-0.18141953493980126
2,5.236132631468019,1.0131013538384688,-0.2973053607143503,-3.0662558480666315,0.9148187366568525,-0.4919767802131689,0.8090848990205733,0.22078620645874084,-0.8699439238712242,0.663646525482723,-0.19015546632287125,0.20414826909056066
3,-0.3999076627532633,-1.4649898440579816,0.2152651508641959,-0.38663881803958206,-0.9287651493248341,1.2157403146262937,0.49179867470206307,0.17233778961693866,-0.08524314060881293,0.10662967635077739,0.30700441476254914,0.2863333282382456
3,-2.7672034665190197,-0.007225223004343299,-0.3852269295751341,-0.06871916765768825,-0.9490243872563993,1.0679822333120106,0.38456476316165367,0.6152351397283697,-0.09988278760476998,0.25143653944097233,0.10247578712053881,-0.41437990705699057
0,-2.5800729181261723,-3.1151027280636905,-0.42867307163025914,0.4122099736871866,0.5580515844500961,-0.23185107175721006,-0.08069967069597658,0.3439899797964058,0.4708044730204939,-0.0028743592570115092,0.3161458995450005,0.032681951296798545
3,-0.4891058749286068,-1.187411659711536,0.5734610847889139,-0.35034062838438607,0.15868780897948284,1.306085524742886,-0.5118112697200425,0.19834869454978127,-0.17888595374671257,-0.254506626239407,0.21059754596804955,0.02886590826657865
2,-0.13797897020910568,2.3094698869908017,-0.15790658635124055,0.18918116270131793,-1.5507225940797411,0.9137502157022599,-0.0937944118133306,0.09009746115221068,0.8846269832254828,0.24436157068900013,-0.29604328737606356,0.035078723719632
2,-3.858846117812805,-2.1011200735333513,-0.7654378715966569,0.44201372505764336,-0.8233168417301603,-0.11770521697924247,0.4277119460397644,-0.9420726447318669,0.4304076034477326,-0.16307116821107082,-0.31722751097855156,0.032942350860483936
2,-1.8006405937481864,0.9167789173909137,0.3757612666335244,1.5670798432721864,0.4961314198088098,-0.7131772001742821,-0.14957500959795036,0.06587394025929724,-0.5630463641562067,-0.2261351038697665,-0.21299134828855182,-0.23452553635264065
1,4.526695971831996,-0.5913998097029668,0.7327087456436362,-0.09798324540411332,-1.749737483403768,0.011296986851324799,-0.966462377760486,-0.11671664361387389,0.006831845723617808,0.4636320888562806,-0.11253739598917248,0.11598865916565346
0,-1.1111388322973454,3.0518200978068393,0.12158750547927794,-0.7238938136155116,-0.4498033467307798,-0.5190273906490405,-0.1777515192931553,1.4299774292788698,0.25096546159043975,0.1685696218738523,-0.3904949949671244,0.35932451090440615
0,6.0351530822705195,-3.3042964200892793,-1.8127368306396499,1.9319595808442105,0.5426512245842221,-0.7424418296493429,0.06918485726734673,-0.08643292992109346,0.7251976203290187,-0.40806580758527394,-0.3758486042809626,0.030673802960616694
3,-3.1073811178698096,3.216041044082306,-0.08422566493308624,-1.2448712010647414,-0.3516759767775983,-0.15837650201721992,0.905954823479048,0.24997629649144384,0.1415440277872977,-0.35032493845784884,-0.1122154853363625,0.13344977943794062
2,1.206264019529104,1.0585828111826479,0.005390032809917025,0.2654219885431795,-0.8142530587442592,-0.41908152289445383,0.532561344530007,-0.8344653997687853,-0.360784785135441,0.07612063167332883,0.02002257888764162,-0.016607981009948744
3,-0.8386826291528943,-1.4736473497835605,-0.3046153123918484,-0.3541877083923761,-0.1501598666627592,1.622830084395848,0.2867883257315013,-0.28147524158281123,-0.16603420339225475,-0.2151649211767862,0.21100711052363308,-0.031125181706974304
1,4.170337780144787,0.6399546286244657,0.3697084716352755,-0.29947712151530415,-2.0957992256556066,0.19044448578316703,0.5390937820927797,-0.034719413178316755,-0.5789427787599879,0.4076287094801791,-0.21469882179672586,0.11582256991049508
3,-4.025770312834153,-1.39797691477813,-1.0070176428975905,-0.3761515497761765,0.32828622566480226,0.11840904458764262,0.24681398189981338,-0.3079555222971754,-0.4180055138613838,-0.015777328642987615,0.1330587232502651,-0.060265670840854754
1,2.8166822794528628,1.8969045742293635,-0.10455707391904724,-0.6771867623388276,-1.2280416831265355,0.0242378891622752,0.3426211400629274,0.06606700261841009,0.02777505358968676,-0.05586940234233371,0.18301658690305123,-0.3598263488342951
1,-4.200080719593243,-1.2003480501350958,-0.25144933586067797,0.1539153851245769,1.8948608254397767,-0.47217565223270724,-0.9652599479181799,-0.4842649217245648,0.0378101064620843,-0.456805325968864,-0.027495976163228467,-0.004371738131087919
3,-3.0351106261376906,-1.7797538101594175,-0.9090667848093551,-0.2653701508060063,1.231608687024653,0.003858840604074823,1.2086048424747635,0.5537176921069161,-0.5244485027500787,0.040217095247622334,0.3694503765577694,-0.6102918676120099
0,-2.177483996775905,-1.6211507943577463,0.8622815980505741,-0.31358869213470947,-0.8843769784705936,-0.47336901004505993,-0.4678302547062002,-0.3890211640133471,-0.2948647360420781,-0.5113569502961455,-0.12526169620691446,0.06051314957869698
0,1.1423828690926958,0.55699614145498,0.6958104633551437,0.3285931636019949,-1.8564345587740219,-0.9845794464501865,-0.23476915072142956,-0.20683919067503675,0.2739636589660238,-0.029202397608183446,0.00020007718161808372,0.012354323708681144
1,-2.2221712489078618,-1.1052780614416045,-0.6490179727101264,-1.7646857876003994,1.5257635413287463,-0.7793846978321279,0.2942785096200682,-0.7594103084178776,-0.18485526228409443,-0.08873924927633073,0.14172841149881615,-0.1211768986640827
0,-2.4041282053635316,-2.71499310329589,-0.08631072900907044,0.60635156853091,0.7569419056204129,0.4637408649407006,-0.5255134766918619,-0.09903224370093498,0.3006538709312371,-0.2394279038581422,0.021727346544623816,-0.066204286529881
1,4.912668279700038,-0.8093068000115117,0.5755653506909094,0.07172750345637878,-0.3089488129014733,0.20138166412249,-0.6154106190130474,-0.15277824452044048,-0.06909172063848038,-0.7634382681238676,-0.2519541132883127,-0.09590263606824931
3,-1.5997057974764084,0.7081833312801347,1.008760527552311,0.17935239514439652,-0.9674395107671646,0.8556954217497701,-0.7995228535680271,0.04327435279099413,-0.04217068241594107,0.13783213702448635,0.2843823042509164,0.2021676143736122
0,2.291304153155703,0.35309548582377887,1.0415317913146032,-0.3132975197036182,-1.2045310019349376,-1.1735937087064834,-0.913142834747039,0.5653876204573968,0.0920616234806994,0.10052858937956131,-0.10923213378314611,-0.2586045130035298
1,3.5990294263556355,-1.9502343434686185,-0.9069332193302339,-0.20278613260242695,-1.0942361347752627,1.0226394362273648,0.37264185485885604,-0.18569816538487421,0.7564197627780239,-0.365151517857275,0.04911422879024834,0.039981658974893815
1,5.496490250631024,-0.2830053143806318,0.36048627525692944,0.13760116432259603,0.8613232832497077,0.9914849918666664,-1.4933506216174,-0.23250959947470873,-0.43523034114974074,-0.9802541855102084,-0.1517922011730038,-0.19538022551733653
1,0.0988402812980091,1.524974775223058,-0.06517992020495024,1.7301817717651455,0.10169151936391498,-0.4416914542210028,0.06653083324560878,-0.736533787267546,-0.006881591783825715,0.04299117760143278,0.06412377959667549,-0.03921864265911709
1,-5.273423858522843,-2.7625071667206664,-0.1888914504002329,1.2499068654612115,-0.007174512526949593,0.3962353135889845,-0.45803746666366174,-0.39706101425702506,0.07262581236192447,-0.13578896172407726,-0.4971774478355453,0.48899114823048573
3,-1.1657954059429478,0.4057241643552329,0.12059096142876646,0.17619578968025407,1.6479106060190551,0.8622759513732214,-0.18619137907998165,-0.48001165498501613,-0.028921909186872968,0.08964259220662366,0.5025129594107217,0.2318848543778939
1,3.029240316924671,0.3001770374985673,-0.1135744702180661,-0.7182805727758789,-1.0920164886913808,0.307073494691153,-0.1001083082154375,-0.17428864780569062,-0.26514002992701646,0.3640114863721878,0.3004697629152497,-0.2338266083467081
2,-0.6351979376246145,0.01838254177491131,0.008144171718800386,1.241509142294704,-0.9986283384580718,-0.7070258190699251,0.7076364957461808,-0.7556842397747541,0.06692209163889504,0.0762982161547435,-0.04497261438904025,0.05490400987377751
2,-2.6815802661404824,-2.3654823431537766,0.46016573352644086,0.1334123042740221,-0.8816727904587955,-0.6676984805887439,0.03543615579424952,-0.09691023763965466,-0.13383626578463154,0.23598461663415507,-0.29561399949022543,0.38469121401521295
0,3.7272505623481953,-0.5561697802949942,-0.39018279088620056,-1.2550068574356346,-0.38055149066477617,-1.564707117769129,-0.32675121743851476,0.4050126679956805,0.13321371455346143,-0.0790202239230233,0.1409274453381308,-0.3388330365323073
0,-2.155783991535473,-3.5598826687580067,-0.7447164534440099,-0.4803466215171807,-0.004765696082133869,0.17495998293372483,0.48549383648649186,0.43773474584248,0.4574632255896779,0.23063935782588307,0.36495594294005285,0.12293296977944915
0,-1.3731976712047684,-1.055822317700731,0.42562610324408856,-0.6459116185719839,-1.6129018613064177,-0.07869540753245878,-0.7823774886388601,-0.014506502104917145,-0.19936933739845497,0.24012083053558972,-0.13083036654823724,-0.13433446339268118
0,3.3783534397542097,-1.059374343158306,-0.2744939160285621,0.21365552897703155,-0.7189494870436269,-1.2890240388543714,-0.5270137919161194,0.3635621952521532,0.4006735254393045,-0.11074113446899447,0.07693330417819567,-0.3963738531744201
3,-3.8383304408345844,1.2740055281353535,-0.659766136256674,-0.08866246532423382,-1.3028693385677428,0.07298276326055425,1.5076240882936562,0.3136728076400926,-0.2081970140555958,0.060726648297084435,0.08877400660347239,-0.43449518097579176
1,-2.6465809846639976,-0.8656313809220277,-0.6060621131259516,1.5881943354231196,1.7755332458138964,0.5388433982162467,-0.6070019943685585,-0.8784010833991212,0.20541112577989226,-0.2222630419224406,0.3271516274598262,0.2762717984855623
0,-1.5346404851589315,1.0970427335757955,1.565270219896329,0.19418332741365577,-0.913032470544878,-1.0532296047647474,-0.6449702651682374,-0.0437355327527826,-0.43116121836036747,-0.20530266073079279,0.23616822686825342,-0.012205399128037848
0,6.771029065181158,-3.669883945454721,-2.2205417861532055,0.17245203305246032,0.24629629835468614,-1.0619833911654382,0.6877532463082093,0.2676314302981443,0.5647293391603275,0.20060221080042506,-0.36408617216334177,0.0031072379497020493
3,-1.5700472078337095,0.3442030186670489,-0.173148064113433,0.6669074116040703,0.20024770857604027,0.9449198693084988,0.07995839729474122,-0.12817509401326732,0.17107512147692222,0.1464666081987301,0.4974792111663136,0.36369567534313857
3,-4.868342888971783,-0.5132497270092016,-0.6915172623570042,0.23621162565300607,-0.6126531773667826,0.3115771883735056,0.4109114996460008,0.2758516527876386,-0.4162045118726999,0.03965983187685572,-0.03970265337195937,-0.137829497161507
0,0.050309158615695126,1.83358274951587,1.1415380762203613,0.5488831932024225,-0.9392214326271173,-1.2169725127170494,-0.8931990601427583,-0.211735189423117,-0.1216010019780861,-0.14368692840980554,0.1975127373887764,0.030415481079234
1,-4.9856060654149035,-2.3008497627880695,-0.27221115364060855,-0.2854026526331773,0.3812733659489228,-0.4908582675266535,0.31584521695579915,-0.5735406438629634,-0.31410903728548834,-0.24158197427353392,-0.2315113873368276,0.34624499514552365
2,4.957209041696929,-0.2027447280711736,0.5159482212482016,-0.04643591457968823,-1.0333275889227866,0.4171495655739568,-0.2674504424231038,0.05673312341077902,-0.36552845243218923,0.18411382561619336,0.049966884176134006,0.1254118647039817
1,-0.8325911622106705,0.6060581722064794,-0.7028452690882814,0.406957743036353,0.7286653391347886,-0.687796542951448,0.945719386860151,-0.8397774658981203,0.27115041985976995,0.4660174648461636,-0.10576752273882747,-0.1564563113955732
2,3.3590574215763396,0.055395868789435504,-0.7158227625315026,-0.962851228486945,0.05093567797898761,0.06450168195466432,-0.01965703838831081,0.07376045751321002,0.23931393271510687,0.9042524247216911,0.04111027434938995,0.056550404217924725
3,0.061550784858211936,-0.7914235748421917,0.47664281259052516,0.09148225372937847,-0.05445290686143097,1.1646059939607682,-0.3940383818219201,0.38141379129608327,-0.5659195013964085,0.032825654083680524,0.47337254518626226,0.08020235298115483
0,-2.078904480711738,-1.3067868036314692,0.382182506879123,-0.323329184692886,-1.3241213284839644,0.015425341855688045,-0.8558957113176541,-0.126655854339705,-0.3193704525472986,0.020399845745425076,-0.3612026918914689,-0.2114025429800533
1,4.001056659088752,0.011591596801298062,0.004365014270910327,1.384775994620248,0.9596936716861222,-0.05893443398122581,-0.7616086740706162,-0.519154926224838,0.19639914580659598,0.4132582406862003,0.020967433981590504,0.05494010092622611
2,-1.8286064821153887,-0.6639220774425996,-0.3694551817376894,-1.2396630998397045,1.7374165620469355,-0.5973796178345426,-0.6446367231189464,-0.5128556634975462,-0.4712681659933167,0.16658672858064547,0.28763224452642294,-0.16340002286134947
0,-1.8528686566654247,-0.5997292605895139,0.22129181345049714,0.04957580158381837,-0.5462496823296027,-0.15830045681949506,-0.33184326811818127,0.03752028301338344,0.30478880839255723,-0.14880673787557977,-0.08088973361578983,-0.1545827264120804
1,3.0156866966675175,1.321373375228648,0.2881677058909201,2.3592492645948884,1.198205983571435,-0.1100601703434742,-1.1867215957703265,-0.3839968886473718,0.12131271485630189,0.49805437374374056,0.09571941797535297,0.1593898941878099
0,-2.4019044752384264,-3.1657310338480587,-0.2699930100832278,0.4070463100368584,0.09021663507374794,-0.06538577072074701,-0.07922434417750118,0.5440112103196373,0.09200260376800058,-0.1317962970398739,0.2457169235777488,0.024960901280687866
0,0.8757182620820194,-3.6855570571073875,13.977720848401617,-0.08470965088313677,0.9722459115118424,-0.2613246746491673,1.3957775773971273,0.13996116681194168,0.86644011255883,0.1178395918661776,-0.37977643022189767,0.08638870703182891
3,-0.9344937954463745,2.162338727572471,0.34305227377845526,-1.36479258780084,0.03033588082733637,-0.09626281836340339,0.20392956738270845,-0.25999798264801355,-0.30130438358434086,-0.1443293109720029,0.3336078058716017,0.041058373562129116
3,-2.5778561545318412,0.797782969908858,0.033117894419488265,-1.9946525102738346,0.636799172341276,-0.13053853049300443,-0.1925341599494012,0.5119723995734721,-0.5318733588474832,0.10245107744184381,0.011405444933667396,-0.17861693834828873
3,-4.424437125035386,0.47145799507087854,-0.21669139774793936,-1.7834668630665145,0.8526859240744569,-0.4992872288752103,0.04096028131608452,0.634881192781991,-0.7257494223333576,0.04076920994555682,0.06776220554189999,0.11880846564215868
0,1.715300588017951,-0.02566307748183731,-0.013144924311698284,2.336303521215962,-0.13547657384977868,-1.4568874389025226,-0.060879900116137246,1.1365813821511317,0.15736451285526704,-0.183919649935929,0.2587497434887803,-0.5505855205181508
2,4.651136429330787,-0.20325034979008455,-0.30300189757848867,-0.8326160385961267,0.2733916379071618,-0.2235063084541353,0.3594121048004012,0.09109728573800893,-0.31297433406123676,-0.20382126092797723,-0.02750444539350826,0.4721579854928025
1,2.543060512097355,2.14711186548677,0.1582127021550819,2.583464678541601,0.22090080562090306,0.5770742623507872,0.08274597177522874,-0.1878177676858523,-0.1831765813212101,-0.16137484982943243,0.17450529343913398,-0.11143741624927804
1,-2.408808466130856,-0.36928007264548435,0.10382199410772922,1.5516153977780582,-0.40713086771070045,0.1170988950033675,0.27397754702791377,-0.6596984317711366,-0.24375668381485496,-0.16614026092159226,0.11184927219858884,0.029232014596867757
0,-2.2371757471093026,-2.382261351067401,0.07602454470340207,-0.004573309478310585,0.36533550101963,0.2676010861149743,-0.6322874912768274,-0.45085975829655583,0.2412522554909383,-0.27022298625907737,-0.14801147302437043,-0.1222158822495368
0,1.4082469839366918,0.46755561085909253,0.30494899651666824,-0.17524358483480704,-0.8771249675559074,-1.133288757478861,-0.18397971059314233,0.6766072914532995,0.038796324627220706,-0.6228794323239596,-0.027397619794818605,-0.35057706902451347
3,-2.0324878436383,0.7909939744743771,0.7517392672725767,0.25071777090673203,-1.3461224044379372,0.2835386310373228,0.33138774090584444,-0.2038394322459158,-0.2579521247951543,-0.16638837313953259,0.2155544158188664,0.2827330943274534
3,-0.31313236266614214,-0.511158285858186,0.521559692184108,0.014194893943954678,-0.14158161780746326,0.956665693639335,-0.384618615547261,0.37567632838494086,-0.43676859971664206,0.3456530545401181,0.30090586984080037,0.13124953433562297
1,-2.9924595016926494,-1.4119893493228364,-0.2538798103872242,0.06627947029783274,2.3107528083740645,-0.8438886613308068,-0.6568289401460091,-1.3269238479115049,0.11723723464904162,-0.7102459481073532,0.2823143069693484,0.046030836082749174
1,-5.327137764844086,-0.8839231407411592,-0.6248698469668986,-2.3384544982421103,2.0817799190602706,-1.1527511714551977,0.12449768333035319,-0.1699960287994185,-0.8888257096474255,0.14175227520633754,-0.6612420529739245,0.2776902972700364
3,-1.1015542623850083,-0.6555107334872867,-0.6134559287842779,-0.7423271695476602,1.2194638361208918,0.890380766087988,0.574948233532685,-0.22439867086441526,-0.075330170516964,-0.11652822363542129,0.5610378451175607,0.26009604159756133
3,0.12455264393207167,0.2684291580983305,0.2823989569047978,-1.1129614027735064,0.9066927023320879,0.8053682549331476,-0.24407646212328363,0.06284401608776857,-0.26375669382888406,0.06223386436982011,0.30258954022424167,-0.007820046178350422
1,2.621644695168543,0.02394520123316772,0.1453734686674573,0.10390526385064645,-0.8762469360827183,-1.296584748065213,0.48886472031009937,-0.7660590548408525,-0.18576190008561122,0.28138139190265926,0.190914884389617,0.03381954286637001
2,5.195011892325608,0.5020935006938477,0.26704828740987335,0.2453775967348562,1.8308101368360012,0.08865563227900701,-0.28639182425132675,0.2727763914597443,-0.6707070772357854,-0.10843328575944854,3.494702847265308e-05,0.3423756258684877
0,-2.355931860214225,-2.5290029507882354,-0.26456277007947177,-0.11632229649492602,0.9216906024256245,0.11568442197675982,-0.20633542942583274,0.05291762773603433,0.19178773508639574,-0.13286630440587827,-0.21643726182423095,-0.08496191165982872
0,0.9337639518089378,1.0636471099113758,0.06350544096674259,-0.5077378257461017,-0.879396556710921,0.20890895930048542,-0.78340190985045,0.6019439265879936,0.7384496021511695,-0.2879364951487973,-0.013897601162196642,-0.02904541399621589
2,-4.033561551798979,-1.3796212908525864,-1.060988174295836,-0.7974753940032737,1.97184997534696,-1.0164803873104455,0.2560704972179604,0.22455828749690585,-0.005499321733257758,-0.006554753370589228,-0.4024447818345053,-0.05313748042629294
3,-0.4940834435459028,-1.4265141596617694,0.013707268656037722,-0.9082406408650754,0.6595696559921408,1.1082685542206263,-0.14476553762149547,0.005958188965722398,-0.026665497519261144,-0.2942996099096174,-0.014461070550591572,0.00531773682207649
3,-1.6922653650664146,2.5542449097803765,0.1941444527960707,-1.4143587481036446,-0.5971244183783949,-0.06832394194951225,0.6406522293997208,-0.4402957545608718,0.18172130770025494,-0.286366291031161,0.34243556131011005,0.07086398370989784
2,-4.402878668507343,1.1213100288371247,-0.9647583540601334,-1.2376343073157228,3.251156802362383,-0.43447636057082034,-0.28033462365168355,0.24280430901312886,-0.3944269919093671,0.010166344165354255,-0.5326710584014341,-0.0901249929769999
3,-1.7864257309567515,-0.4545336317741409,0.43028611121956994,-0.4788335929543559,-1.3073157375308593,0.641149998915892,-0.4926367099531744,-0.07965827906485247,0.14565135123821493,0.09228725626560502,-0.08188824949091489,0.2002439854648414
3,-0.5795467435276612,-0.8840024402837952,0.07270540576376038,-2.0493906993686624,1.3761925118050171,0.5159996078720319,-0.208563829221089,-0.4342387383164331,-0.04826338736155739,-0.2696982678264853,-0.019058610861676043,0.07830428994405599
0,-2.067965657687485,-0.9934512506897138,0.2621954148456916,0.15808479073309412,-0.9029493316291578,-0.21018557805745053,0.13637498667397163,0.12471923657506259,-0.2166991657127832,-0.20566456335308586,0.11236612117880916,-0.26902085759642835
0,-1.871905925069132,-0.7644821819668076,2.3524146638509813,0.4004945092140565,1.0276524277258248,1.1110779240695643,0.9468492497116171,-0.6859218931198365,0.2673995112512613,0.11552576494760412,-1.1388765601508464,-0.3806799401484389
3,-0.09502297762788764,1.2521656602520916,0.46611252004512527,-0.5913688896915308,0.13012599832185837,0.5985894593411513,-0.011758586218745187,0.16532738078236595,-0.723821817005074,-0.36583883232537934,0.36004926137689014,-0.2228613353525303
0,2.7080850889643675,0.15697359905989974,0.172300788317126,-0.020664410548276616,-0.3480912872348523,-1.2344754112186915,-0.3206711796743208,-0.087666636034054,-0.06240943822139376,0.16059047355936543,0.0685085949047615,-0.165781417311834
2,2.4621928476805737,0.057111416063620746,-0.5423275232854746,-0.46060070461054003,0.9737801376037833,-0.7404412552826863,0.4249825183877744,-0.7433095222594132,0.1953945991863833,0.4545680597491647,0.3963532029112685,0.26571692044702555
2,-2.2921026164625884,2.33092448824023,-0.15010086887170887,2.5978016233936323,0.3048140236706643,0.11534650382518846,-0.28849263151966176,-0.09253149121372536,0.49041353852414304,0.08846419433894782,0.0006775301358490411,-0.07367338870792849
2,1.3884365130642078,2.2294759988252784,-0.6544218862927205,2.4395197662973827,1.894449310886824,0.14582324390997356,-0.15825101111815143,-0.24911880097350952,0.3999099007316714,0.4642016591324376,0.28275212080275763,0.2785680900377568
3,-3.2339069199082684,-1.147842191776532,-1.0289244980288772,-0.5145583335582632,-0.6252654521046193,0.07340265420204278,1.7469539025566683,0.617968389958221,-0.602411303230343,0.11305903700294867,0.2775762750689,-0.6108174507405704
1,3.7179403712417693,-0.9485914562020367,-1.409641049527975,0.3015371277498013,1.7302233862297987,0.8829918938102838,0.2139561334802928,0.36099749090769095,0.4696868382441584,-0.6055860884457841,0.20293678999005316,-0.11282086494248231
3,2.9022778314522912,-0.6241673408421814,13.432068045938259,0.6293106267507385,0.8576093352575019,0.4430373874262276,-0.09618423554246923,-0.051384431815717634,-1.2256590729351378,-0.255376955648316,-0.6678093332244056,-0.4998960312097564
3,-0.8457738855521646,-1.7238780130074978,0.019333814521035334,-0.8148916806767443,-1.1547728876868746,1.3781033276245345,-0.035492878725859565,-0.15137647487034644,0.15950395403870746,-0.4774275659394259,-0.07994704794021569,0.07091706568053581
3,-2.680788794810981,1.1010291128599659,0.6512776585476561,-1.3974221958702642,-0.6885864753289992,0.5342616914015733,-0.04293330889598722,0.035666272494193164,0.18829153430425252,-0.01115231403195784,-0.4024494793311848,0.10607398359675305
2,-4.04757531506055,-0.5893275225494358,-0.7005788191787281,-0.2816340951008936,1.9849424683405674,-0.4004796087472234,-0.39161234999763533,0.13507488687863886,-0.683696539561215,0.14302085076957943,-0.20182476574369795,-0.043323539595621116
3,-1.4984629149553428,0.6322904688658011,0.5628940140328736,-0.17917825490998415,-0.9885000092480101,0.14058646025134727,0.10290307506239973,-0.195447043621871,-0.5001802410445605,-0.28626848299977237,0.3654514356949017,0.1976199319576072
2,-1.640318047075928,3.524401473161635,-0.32454650442299315,1.1044361138824221,-0.32232462101682013,0.11941053568340075,0.737623895991785,-0.5293805874474894,0.5587343666277178,-0.4280032869481821,-0.1771992313966787,-0.03359758190016643
0,-2.714187163806257,-3.2171312826145875,-0.057824760739800404,-0.28155550214887726,0.2418048150945787,0.009781051522488931,-0.027250366979618728,-0.18537446489466933,0.4828127946958317,-0.3358730855395915,-0.04566988325297275,-0.001211273616651051
1,3.7759851281246624,1.6116418578859517,-0.8033533251307365,2.9582816572443904,0.6671069040859445,1.1114939953036405,0.5540273237755725,0.4355353198517736,-0.011189153657446894,-0.17697233416636401,0.14675548294012145,0.13672017074125603
0,-2.511207795168898,-3.193552381752336,-0.16956040984951887,0.1610345993112137,-0.17092500502165286,0.3470915559506743,-0.05325617646486906,-0.30958946394464865,0.6219163551932912,-0.16399907162209051,0.13144440076576844,0.011871127987955499
1,0.1660874203280182,2.2554198837403465,-0.3743732047047171,-0.48045911899502664,0.6113658274642402,-0.17767183594697833,-0.5926054931931427,0.3054938584251818,0.540963909704354,0.18435338188794126,-0.10789187908220876,-0.2271967306151838
1,4.7805729336688145,0.387281572179657,0.09507946516933244,1.1087605430892697,-0.9163221473539231,0.9621035657754112,0.12718758445635855,-0.09319678477702276,-0.4619341143738967,-0.445521615350135,-0.26705722982377833,-0.09934038292889005
3,0.2471611850879913,0.1456777407407766,0.17737079666321606,-2.793979787612954,0.9540417031679724,0.14555194731893867,0.5230947876491425,-0.039948572578070767,-0.672312736781463,-0.5232696466737822,0.2836400185325752,-0.17447840668827402
0,-1.7226137951527478,1.4707307638604303,0.4316568854047634,0.71508071234095,-0.1261923378447939,-0.28753933505511653,-0.34164990052147637,0.004209145540779798,-0.3638590755594015,-0.04064689632899582,0.03424946876887284,0.0995109799506261
2,-1.0206020281825536,3.1609646645181453,-0.5242540572263276,-1.748455437079768,0.5497203275768942,0.021934630472625317,-0.20875484363337649,-0.1436961596878007,1.0849996320147919,-0.342283911798318,-0.32382148452826526,-0.16124925319059275
3,-2.7196215607537275,2.276098066464238,0.7883578065085358,1.738734599176872,0.5083514881871183,0.1697727602180191,-0.37284626832305845,0.914608672045929,-0.5560658582122949,-0.17345249516617223,-0.25512537157978626,0.22944822841731477
2,2.5923054348017343,1.7548355016312343,0.27908577289657194,-0.3406784941152948,-1.268566437889639,0.26872467469075223,0.24057080515404916,0.21335343714571023,-0.22178901233137993,0.3950516518605121,0.0445950868429526,0.17015598283384276
0,1.2066809906204545,1.3303872719318348,0.9289022444303008,1.362834446193496,-0.08955143740665047,-1.485758535795657,-0.8270375614851032,0.2524560370928527,0.009581520532323785,-0.7103697558101512,0.10311961572634497,-0.36526713085121515
1,-2.1243402271184997,4.0024937070262165,-0.2173296996264376,1.652488274952179,0.7391285871027278,-0.40379699812326836,0.029289586154914858,0.378574817798862,0.5736650785679653,0.08076560673509128,-0.21551997042387244,0.11884404001560611
2,3.681970487100525,1.046772078958898,-0.1998949339420851,1.7077036057795143,-0.2848920391826628,0.12460419709951098,0.23934533065808847,0.1465650624676834,-0.5957287592412926,0.05328972180814922,0.17667838996858418,0.1912192823773518
3,-1.999537262181555,0.3964193778215524,0.43491800706676453,-0.5342722615964826,0.050180874829889484,-0.04962860373035705,0.18384921627689726,-0.5340405078357839,-0.32035307263161816,-0.0735007761550887,0.21974654335050012,0.20680833887443784
0,6.483943255333019,-2.961361149459828,-0.5131247094740702,0.3189904820013152,-1.0876540096991185,-2.060425120736295,0.27234491880460465,0.5326412065236297,-0.0069470363158145665,-0.054653932704316,0.01810593023672976,-0.1614947455171552
1,-2.52237881136655,2.3745937646545037,-0.9200812914943126,0.6901734096986133,1.2280268231899345,-0.04871358736823784,-0.0015460720056775757,-0.6997676151170488,0.8063976875980114,-0.017133869227147214,-0.022475811545152678,-0.092113279156522
3,-3.0372218979239385,-0.5540277776238528,-0.37348699336921715,-0.7837391803891541,-0.505874759547639,0.42694459116347616,0.5530551870589633,0.7136373719123382,-0.36549974605916424,0.1610389287289973,0.3572150920720589,-0.4600570242113161
2,-2.1355795335949534,0.5102588490210367,-0.5306357123507938,2.527499725033665,0.6577189939231696,0.38451383832335667,-0.49393045085304604,0.0422386669063554,-0.09898829423893894,-0.08008806583729909,-0.06234739805444387,-0.07567608724677902
1,-1.2269083902098958,0.7927745829809798,-0.9667163254056368,-2.3871205961179367,0.4382922666888346,-0.06670187902839864,-0.3031582298140747,-0.30022330488711135,0.28955137572413775,0.10699470802828943,-0.11131211257826114,-0.16625440240684142
1,-4.463778400730849,-3.058064255884328,0.36792711537372663,0.32595480510576486,-1.1667531077365865,-0.7872192621993209,0.26860916845364746,0.06743780289880057,-0.23156530962959354,-0.16092802309503998,-0.07408949644537823,0.6087555632746803
1,3.7887222097325006,1.9375881811845899,-0.10652623548193058,-2.4357996141311764,0.41804101198510923,-0.3554897566897378,0.5538904454190872,-0.226956368495023,-0.053726037995315175,-0.2645563969607717,0.055299898850374354,-0.028696614666288197
2,-0.44231672603328437,2.919268166529579,0.05575616363949796,0.478878444181971,0.5006504180414147,-0.47776416432358215,0.468550325711717,-0.15331724988200465,-0.30915143712120013,-0.26765289285608834,-0.2421524065156303,-0.15256900863352574
2,-3.1955445327232583,0.5259434198331763,-0.4241702329179689,0.07876546843562737,-0.7760969974051488,0.18970537712306884,-0.2944300960732795,-0.13479723327634635,0.011141134699699445,0.19629103871388404,0.14794457298413807,-0.20963792903941164
1,3.9174743474545815,-0.9045103966982951,-0.5340643929682045,1.553214607281113,-0.10500778006994166,1.2128011406646424,-0.43103304197365455,0.16862180221113704,0.164357833363298,-0.0481690838732773,0.0832154863978693,-0.14864051852326424
1,3.924923946679238,-0.4950390095757735,-0.8044297173291721,2.080912206342963,0.36700867226686956,1.245814985265524,0.13170690573314722,0.7615337375300497,0.11116640154356752,-0.5166482399907945,-0.6831202741601402,0.16173020210518432
2,-1.9695368689300374,3.8806042827381817,-0.5528627583985776,0.9295034273031373,-0.1431529538342048,0.01840753158137734,0.6757712701470132,-0.18205335563062386,0.7457331838294361,0.0010350650181467028,-0.05768541085664055,0.1068942747019097
2,3.9684435189502216,0.49929296565055437,-0.8865256996996821,-2.1955032863468893,0.8986459193148435,-0.4121020167693122,1.5284219364457674,-0.558007685120328,-0.17855806905745342,-0.1905408012457865,-0.05968473388029615,-0.04360010589704209
0,-2.2586029187695957,-2.5342533772808786,0.48864027808374494,-0.09048435851452315,-1.5492753951217038,-0.047546002970943635,-0.7047562227235211,-0.12175970342255489,-0.07030852365222301,0.10000256004018694,0.00279678824242462,-0.024851420163764768
3,-3.4175848701997005,-0.8785220467012425,-0.6443756226663232,0.8790465380337616,-0.33718096662425767,0.4329442606758947,1.3969388401242961,0.9022179623360059,-0.9186186751299094,0.401916989349136,0.203452626380417,-0.7972121460243581
1,3.7155836677338274,0.5334641460811134,-0.46141119157776894,-0.7258963300550397,-0.7395878040074142,-0.07373507453936949,1.2639501223631824,-0.37120384704790843,-0.4371791856782545,-0.08277347043112723,-0.08794990763692831,0.11274566440411957
0,5.277440016967635,-3.737005833603719,-2.503341823809375,0.7740569027811289,-0.5481572480158665,-0.9212033833172669,0.9147476592824255,0.25107175899333556,0.8295916132558504,0.1679726577980189,0.09610914096107258,0.22240349848289415
3,-0.8852671249072777,1.5901665760373997,0.3412605147263275,-1.043414742965329,0.6094289611093541,0.5167363277343899,-0.6905309172938976,0.3042297119214208,-0.2511616416727821,0.3462111502334003,0.09964050186631492,0.011304741421406216
0,3.0987883109431396,-1.0647304310134305,-1.0010611202763136,1.381195904572038,1.0575825964035035,-0.7937795369794638,-0.6230521784465045,-0.1408118298591873,0.5699428225688324,0.12771810572793194,0.020810447171643067,-0.2932140324033438
3,-0.12073123387612174,-0.6690508669798526,0.27602837241191985,-0.5711305700913881,0.5268259858453385,1.4666777729322202,-0.4278833457843042,0.3425655097867418,-0.41838559984538115,-0.1518933782294173,0.23259392875363258,-0.04177838299482328
0,-1.1441693696127047,0.9440652557522285,1.1554648464178645,0.8862723064200103,-1.0463305414401436,-1.1874810048062283,-0.5631845397648525,-0.17745228426372645,-0.06015968207753693,-0.2583878869758114,0.255661533087408,0.06481367788043517
1,-0.2763239200840117,1.0029646274648323,-0.30643492649514525,3.044517744520404,1.328607262666339,-0.4788709877596246,-0.6043101778287561,-0.9743643400431945,0.668170907888561,-0.123910515715377,0.15485475759504105,-0.08404352447935629
0,-1.5955527375858622,0.5768333671626603,0.2748233605210672,-1.7977762515794766,-0.25778074157654873,-0.09757998725300304,-0.527189137842967,-0.11455538945720317,-0.13224067837585965,-0.21451046324492914,-0.0409855366101432,0.08476036866781114
0,-1.75573080373928,2.404461004757915,0.5982325223847359,1.569407496579278,-0.25979298604963824,-0.49226549520696283,-0.11377770607215931,0.41542142516825353,-0.011304000300050975,-0.043558944887728684,0.042912660375603866,0.33123275314872835
3,-2.486943623651986,-1.4274647474122062,-0.28755401651447576,-1.3577075746079104,0.10139449042913988,-0.13670686783140656,-0.07489509811935446,0.2689504688245058,-0.08688656726886478,-0.016393371594497413,0.4069351492543166,-0.41390209703526326
2,4.5074959006256385,0.18118078067901888,0.5627472240260902,1.5067398429592525,-0.3768960889953397,0.7418630193821197,-0.9030052100409868,0.4037335998418772,-0.1139139700092813,0.829600545082229,-0.018304017848694443,0.13795013993123204
1,-5.3009836311112775,-1.8090628230408157,-0.1803198249536191,1.1983932387487983,0.3606818803398595,0.04625784109577701,-0.031730095459082314,-0.5207224131787525,-0.503644239808432,-0.16899760160815663,-0.12831553970861834,0.11519723670246954
0,-1.669185642247081,2.3517344976268544,0.5091370324430938,-1.0315772624554322,-1.561207903510965,-0.2887188800156645,-0.06625071329525753,0.5072857170286842,0.737373169901603,-0.15583034014498823,-0.12033407234803589,0.28720547265323126
2,-5.350401919909559,-0.5227815964490031,-0.6135228293645563,0.8500757466150115,1.9686953163724212,-0.24283613511466273,-0.5620007898828191,0.4954323197972734,-0.5212386325917112,0.04177792766126969,-0.3306980524153327,0.2737000286032751
2,3.1157892462352694,0.6730243327145394,0.1808661438855816,-0.35533632597479103,0.042613037066589365,-0.750938241871468,0.24942250594386492,-0.5806349207102198,-0.20729972522418333,0.7377825159075388,0.19001717888851932,0.2746086025852341
0,0.44331782148192483,1.6128463330984912,0.4473154124098265,0.7426680481510206,0.21603876240575504,-1.981944103367365,-0.26639752769247327,0.6726888194176385,-0.11643228597027946,-0.3357996183981117,-0.08157379452522937,-0.3215918711560166
0,-0.2560568527069664,2.3079872224294524,0.30208459532655807,1.3203223446421357,-0.24310842657079573,-0.727969624096037,-0.956173713891123,0.19909934582528394,0.32088416580976703,-0.1961466711563533,0.15699163500634886,0.09109604104892861
1,-0.2828606741622484,0.3678861696604229,-0.5785750849041196,-1.3091638125273732,0.6768759686817255,-0.20822120042293366,-0.14979956769631148,0.2959227620686632,-0.21297690585930215,0.3386014372119311,-0.19332053715100642,-0.1166005370681482
1,4.0025386274428705,-0.455481176153779,0.3350946099861729,0.9568757633068989,0.2927293482262228,0.06435985439203254,-0.6958581109573027,-0.049127717287356605,-0.4211744130845879,0.4234793880039341,0.002980782648000194,0.09214887997199805
1,-1.719375110460746,1.5798588766111286,0.34417044741676617,1.6979780723801345,-0.2826989963982314,-0.6119476730879462,0.07805371733564236,-0.5310408027928551,-0.16255718979922884,0.41587825223987934,-0.23890669318959307,-0.15651406841536453
1,1.8246521632730197,2.126591146612171,-0.4008930641415913,-2.1462531856594085,1.4190475073101854,-0.37248145818800643,-0.4204312479488116,-0.46759980443071875,0.470008206626683,-0.0949910774708003,0.10116692205666337,-0.45528871770089213
3,-1.816699648560319,0.7153985657565445,1.0705094293363595,0.8337805300854043,-0.7827802042838407,0.4683940649050801,-0.2303426654630489,-0.32007951206229546,-0.27507766050511634,0.20075074025045933,0.1711795413850284,0.25920431905422053
2,-1.4339865523367714,-0.0012244949868846844,-0.7375524149721234,-2.068920628644878,0.26620103697500896,-0.25558587546450506,0.22727001787188014,-0.3947183435308404,-0.07836258663202096,0.28642266756051693,-0.04352642867571161,-0.11898672569014307
0,5.477663415136775,-2.6672823401546033,-0.8400127844039078,-0.21324564514053132,-1.55979216491776,-1.1870734058173338,0.5706046158931481,0.31936424112067824,0.36470189785305973,0.231973894193152,-0.3412567055030759,-0.3059714529768701
2,-1.323364018124895,1.0788342732233016,-0.46350632545955306,0.8047461050953708,1.0376073914129975,-0.6761549573106499,0.18307619578898124,-0.7303498852350233,-0.2864876971107368,0.20224350880773026,0.1477039804070483,-0.10808227034321442
0,-2.1191944599418777,-2.304682049484628,-0.3705119285266487,0.3261552928952481,0.3877244787315858,-0.013376181199269479,-0.16397430710040303,0.08155448695867337,0.2626815388822285,0.004869357655994328,-0.10056432114609165,-0.09859085495575112
2,5.2224868819303465,0.04399914833684086,0.3540815325889133,-1.9198650047411983,1.3912474100789654,-0.6381028488410404,-0.4418451104304503,-0.14298242624174,-0.7230279701310283,-0.416202550660302,-0.24501912066882445,-0.1518282226992783
0,-1.7043840243073631,-1.8337352391572763,0.5672220693846629,1.1612959744514952,-0.542635612421458,0.12457870479459576,-0.9240494331818552,0.017398522570233117,0.2180383739413725,-0.00034538679276731446,0.1237392331028343,-0.16109252311064248
0,-1.8159006298636244,-2.634456218667341,-0.2951894357985681,0.4724520091161893,-0.1701944780172336,0.7640500754243502,-0.7910063181889766,-0.07487018306496428,0.4712631537797199,0.04743818038496568,0.06216847595808012,-0.004153786772514694
0,-2.075966148976658,-2.260542636570533,0.1184354194563955,0.43223710142946575,0.5278759122278912,0.18177758856868093,-0.9391868025126333,-0.09082825761351505,0.17861799037533646,0.14140223285631445,0.13566660845367662,-0.10664157684842909
3,-0.2434963702954819,-0.6586517050582594,0.7069195373924636,-0.21237277905768687,0.4580881481768609,1.0231114264668748,-0.39345624252840367,0.09801045166207951,-0.7808054885456132,-0.11376874681594412,0.24071098237963376,0.16235129756654135
2,-1.9246305693623513,2.8423905122910464,-0.3027954568450428,1.048636146653977,0.37020678064634116,-0.39544358900960297,0.32329069587119774,-0.5523069980863943,0.24848678729188348,-0.15630287065812623,-0.43845625813596695,-0.18505978336624979
1,4.48476332330979,-0.17552100821826128,-1.8339839595891125,-1.6789213949467792,0.6721270146006977,0.3756310491655597,1.5996477996134573,-0.050868780513654364,0.15670504037864802,-0.3776968387666387,-0.1484285052694851,-0.04377180547050039
1,4.212824860711943,-0.849896263499967,-0.29454920455711264,-0.634923027693115,0.4101488762568653,0.5377947705664434,-0.10744520641622751,0.1487176668454581,-0.158887284880578,-0.27824453506291896,-0.10261288537905479,-0.21403271658812473
3,-3.6242957481262,2.3191450205411575,-0.3523577972531696,-1.3870496281588385,-0.6706214444242137,0.7246801169763306,0.03807618391261887,0.7069777418335127,0.5160480161593086,0.07348085870983527,-0.34408336454214117,0.0874879181461889
3,-1.1766952454219235,-0.2511362549842134,0.39194922905138957,-0.1197714040671323,-1.391828188625853,1.227208886583996,-0.36904598454014303,0.03700337354334369,0.13801849045397352,0.15015420667740068,0.36018816913311025,0.16823456486371882
1,-0.2233839653102936,0.6534896296436268,0.19198080529385259,0.10229575646059372,-1.0576445413737598,0.378344518335997,-0.4190932596550974,0.05331616725301376,-0.11325047112726726,0.12923802265994302,-0.2087800652015106,-0.16770366945466259
0,-2.6341293237272603,-3.1985505229976776,-0.1710381671322442,0.3393823760834824,-0.7421959822006922,0.17889246179394735,0.21817176257843868,0.24658025303448755,0.17210740610107275,-0.13018559797351903,0.06675933947727158,0.005364845115207431
0,-1.610109016336427,-1.653010451031928,0.5456760598653789,-0.6284899579457983,-0.3595571845367934,0.11088475273994164,-0.7110906217684199,-0.036517622532468264,-0.17142536731743446,0.08559527843950615,-0.13388062954831983,-0.05622549350615795
1,3.8506432376570823,-1.8303651732846775,-0.7678870134923572,-0.43196733308339297,-1.4205254680550963,1.0970959484764111,0.6579384780726711,-0.01697785280503915,0.2305155995821575,-0.07769356790410821,-0.05050053494632291,-0.10561462777075077
1,-0.13283898329826574,3.505446905531354,0.007646303023847756,1.4876139601427092,0.11768658162046586,-0.3585922657113529,0.5558868117501339,-0.414008364392107,0.4174688379405223,-0.47479145585081894,0.13362879056453583,-0.03793273739420561
3,-3.2428160316573784,0.42430305742245084,0.5598462059693652,0.443301000582264,-1.0149574194904338,-0.17942312972443503,0.4509419705092757,-0.34027407789727526,-0.265589622416533,-0.3350493885327327,0.04863599603024198,-0.0695772084353631
0,-1.6078483046067091,0.8812273468080432,0.6261551792772961,0.8186459756562704,-0.21049483030206953,-0.3201474434910148,-0.6192413713038222,0.3764864088962371,-0.07244413706981731,0.01909535230895889,-0.07718969769081638,-0.08461382967703317
0,2.8738151030998855,-1.1523647800083747,-1.6296058344628839,1.843876227787555,-0.3097833791738327,-0.8607730984205635,0.38171826613546006,0.9390855721179238,0.6338376140173263,0.09855772415753647,0.04732245278770662,-0.3395609564396337
1,-3.4734911370089283,-0.15279567710453834,-0.19975789016510206,0.2412922877025626,-1.2185759091211736,-0.46808502203163116,1.1233573530530747,-0.5483322711173135,-0.3105412117691416,0.2570310143224856,0.1372474619746381,0.006964805757258673
1,-1.1511954879339257,-0.2773213844662125,0.10094981871223754,2.051313443848791,0.0660620335844815,-0.6316516921757209,0.07408405459295773,-0.5766708764210913,-0.3859223021354098,0.27020604024979605,0.31467838857008634,-0.13246862051261488
2,-1.7567400584184816,-1.7336526745652463,-0.3299346100000008,-0.8780332472677332,-0.39655135027753263,-0.39305910107107866,-0.49460872397910133,-0.6703248368592147,-0.012634697149055714,0.008670118355976168,0.2928464225617212,-0.10442913053187962
1,4.97155271469554,-0.8691953897096223,0.5876180950074141,-0.6515014372682209,-1.3142060336045451,0.21886782137184607,-0.029897942149982967,-0.001294569116499191,-0.5660389328153453,-0.39322203208233725,-0.09610570308168546,0.13359514579545131
0,-2.0824618413979388,-1.2335985144978696,0.3204844589333673,-0.31137045136605285,-1.489601967301643,0.3703764709711074,-0.314124684886118,-0.31873536674023056,0.25655129530410564,0.1508757951440526,-0.28361752124399914,0.0477226816476678
3,-4.450177385311709,1.917293031199877,-0.8549227856981918,-2.2996811546788636,1.11174354180255,0.3406978890624723,-0.31225636115020217,0.22860087690487088,0.4629276963461297,-0.06826130750596718,-0.40865866562356834,0.00548722542183274
1,4.601083746019585,-0.970765217022234,0.2302364235612328,-0.32874566181063486,-1.5276382424877426,0.9300154365437923,0.40305043885275404,-0.44726250230161424,-0.04910917794098663,-0.6316254940586392,-0.4044241396229194,-0.057602467300099026
3,-0.8398797884144168,-0.9801627589618742,-0.10401511833809557,0.3502504466051387,0.34767536360822465,1.3149928766643826,0.17265979827914074,-0.24196655546841758,0.24523529695459587,-0.09646441021771199,0.37544618916454975,0.19704130615950888
0,1.9767265693760023,0.5083296687317413,0.1903475689793171,-1.1294989089703098,-1.333037673528639,-0.9116646904642955,-0.2613745872423723,0.8019860067428252,0.4778330624514055,-0.27890739542253995,0.10351761199225168,-0.12743951594291292
0,-1.8806650672220337,-2.2164149699123206,0.051832940648943546,0.9753833107301942,-0.4487534151671384,0.2350115366222218,-0.840261234475998,-0.04244963653590978,0.3830159488682073,-0.08959980147040524,0.23979327943437967,-0.14044634035681752
2,-3.1692919940292628,-1.1128581790935541,-0.5398910695462378,0.292615179047094,0.14067035878993314,0.2896527214498136,-0.2962287304022922,0.014117653285140749,-0.257465788383048,0.29897116537664603,-0.1808537002364953,-0.040668459892216784
3,-1.670883977365288,1.7610850993896447,0.16800075130143943,-0.1925669249977474,-0.6675834572830657,0.5064755976139735,0.3189467678609731,0.28076499927337006,-0.23478641680006182,-0.5787745052394437,0.4451959950671749,-0.05576061273957587
2,4.435019791939651,-0.2987149899390845,0.05852237166066301,-2.094664974027249,0.003792107081353409,-0.43217009994541533,0.36611244792408254,-0.1854895784293273,-0.47244417621651824,-0.23923159943474503,-0.3387839407714375,0.1768054448261807
3,-3.414277158750736,2.147950084237553,0.22768084806759242,-0.5085428827152627,0.05957713391150391,-0.521261376812487,1.0786579397616918,0.08589273698876874,-0.19409050062464392,-0.06510411245092187,-0.15788748510458347,-0.03619269644732301
2,4.410125764569558,0.504921152090555,-0.050757272086246426,-0.4301101635737983,1.466994828079226,0.07911436538842269,-0.7736848594430022,0.04075576090843085,-0.5945852241385451,0.1063223650212872,-0.010508851715024827,0.015628636691084233
2,-2.407944237994377,-1.972482991512386,-0.01806843257597296,0.028304356371091056,-0.2994360805513416,-0.6822571165802177,-0.46940822067288857,0.03141620204738427,-0.16588082537167576,0.041005699105716574,-0.18440904342268782,0.05350521037069313
3,-5.65468151745997,-2.553663688411702,-0.3016459525005319,0.27229139692071425,0.27246424538209113,-0.9704486268449306,0.2540399192324219,0.8827994947113896,-0.11477081501084496,0.0616736366173399,0.11264691385171206,0.6811483767181084
2,-6.144995673027945,-1.9086796440151057,-0.38590862552405175,0.31263031939773656,2.1151755739224143,-1.242842075859533,-0.22417728636052955,1.0453221010724238,-0.393950624398724,-0.11496391501650823,-0.4016295081532235,0.3736235286543734
0,-2.4420263994343188,-3.3461709033552975,-0.4764021509132625,-0.1114809307009737,-0.46060204956905376,0.2003888516083966,-0.127416801224311,-0.1364775023626972,0.5742118580418433,-0.25271285281088135,0.30792088445810906,0.10197360354393445
2,3.469175752060598,-0.14895501080832002,-0.5382335151381064,1.4374641133487804,-0.3463370013116902,0.8465160491468648,0.11038646365118908,-0.12740217592269806,-0.09936861996555994,-0.036214107067835496,0.03855921613872716,0.04541357994446676
3,-2.127217708334824,1.0380060487885112,0.866179831126878,-0.5363921359282469,0.15278271707783406,0.26289827657208487,-0.47831038523349567,0.9110521885226978,-0.12271860861987804,0.30538874217436696,-0.19441993899789797,0.2869963736234706
3,-0.5607462569252405,-1.713394351392234,-0.12529944307421123,0.343452473601543,-0.44926905584137206,1.9879545403060117,-0.00021855559416469213,0.4324491326526575,-0.05828175975636898,-0.31567150319509213,0.06151547793508587,-0.04020943247161361
0,-0.9786126072213891,1.7386817488243582,1.1426328430148065,0.45102549489771965,-1.6282967385290497,-2.173555797630375,0.2560781627300029,0.09385466382671065,-0.31656948998727463,-0.2438207712846781,0.13806507442115648,0.32296610306292367
0,-2.1246615972408214,-2.833557069009205,-0.1217087223829845,0.4612367331720059,-0.5958109861832854,0.5759728226694313,-0.20322834176703328,0.17405623403652037,0.15069983741572068,0.2344586373363947,-0.2646726837540519,-0.02924795885058865
1,4.4771965885991865,-0.5852971991507996,-0.9435316348909091,0.12332641909602426,0.054003208384579476,0.8498835752134121,0.012221642312422709,-0.05834987199305203,0.31848567537526634,-0.6479245788740603,-0.23898865165998345,-0.07533208825013
0,-1.433861651030555,-1.870033196050539,0.03406463418761737,-0.3326939977512688,-0.22588644939841085,0.5596963963474358,-1.281833370256856,-0.46467240228681195,0.5661372597205638,0.0704431149369452,0.019558766237424956,-0.028989227566179384
1,-1.9275988306662202,2.9202499500266894,-0.03403702114750248,1.2648630776592726,0.3019234936129698,-0.4779408442468611,0.17220155005937596,-0.5260084641282924,0.3935214976228356,-0.04693051679869317,-0.2082029545486337,-0.00647889904726561
1,-0.4428085954036919,1.3613742986243076,-0.7200495601244409,-0.7899433015835663,0.5029673003168447,0.19163928679861417,-0.5651734415684797,0.26091322940783085,0.5335198826455368,0.3070880928496438,-0.4774790296210816,-0.11056664704609595
0,-2.6140134587543455,-2.9127233461786672,-0.03967758959019622,-0.6952201792794253,0.08071762286498133,-0.37081543539778666,-0.06614806011743499,-0.006038915133595078,-0.011258555399637193,-0.2692732329880546,-0.32759121709053884,-0.016629519325471163
2,4.671171594255069,0.026291637910303558,0.8244165928430172,0.6793793421333064,-0.7128128835428565,0.4798482544119225,-0.3909308571724081,-0.17217844817926883,-0.3727294978317644,0.041386036655700044,0.034137403425573074,0.0034156293464266563
3,-1.2752308792487526,-2.0538366230636904,-0.5254827555543611,-0.03625245405243396,-0.9561533756039946,1.7419435051443617,0.09749518561298007,0.07011257690643265,0.31269561596733214,-0.6468897249846914,0.15116040549350088,0.03506046253352035
3,-2.767378787146425,-1.4583534276435817,-0.9348667814335307,0.4471691325013196,0.43303254495707294,0.3589945678800229,0.7127430074667586,0.3896433204197395,-0.398240086843555,0.2740934818812083,0.4400336425426087,-0.5915740524294546
0,-1.5101281192535387,2.676799498388278,1.0953260557223838,1.435452489531944,-0.35799753558770836,-1.605153528017557,-0.03265043131796051,0.5122443818453839,-0.0001031152975422346,-0.23841888894455054,0.2733023414877893,0.20549693316117562
2,-0.8608156258245071,1.4007822340214164,-0.35756682238206267,2.156643879034123,-0.24416050043140908,-0.2890582560657153,0.16398879399294908,-0.41755395037117465,0.11186679704344676,0.1091761448343514,-0.05861738177876296,-0.1292083205774469
1,4.62220103159783,-0.5629082769839294,0.15462863704225976,0.10857592072237118,-0.2858132207958964,0.3712864660604138,-0.5501585324579962,0.17602673284725412,0.04235299656555322,0.8489131313853503,-0.22721682590725087,0.021751237596239245
2,-5.3460823184039326,-0.11041201336500016,-0.25218838993240683,1.1734234809362158,0.41933350788806895,-0.01836719253676185,-0.0531741366013308,0.27011945054497793,-0.6922132620960801,0.390908351460294,-0.7198183102267174,-0.16031461809161784
3,-3.3839041737762825,-1.5312867780693638,-0.6859062778113282,-0.7957664381397557,1.0002677421099075,-0.2508253344417133,1.1698947253932295,0.416940039174692,-0.6145812533061857,0.06800096270117986,0.10311995757889429,-0.6302933549172028
1,5.443123458059892,-0.725686012469345,0.5187684365185213,-1.1447513603854602,-0.9416936152174237,0.16829586589057038,-0.548086970661014,-0.03334643318339607,-0.41937771477654323,0.16070552223315307,-0.37801431314791706,0.023679352365175307
3,-1.1799149735861738,-1.117007783807488,0.043077864304136404,0.35453240943791536,0.34624101805965235,1.4843708111872636,-0.32190831800192055,-0.3961888783118492,0.11438155338401151,-0.2996136225615415,-0.02028328684750787,0.028469266894477326
0,-1.547792808164776,2.074716587100005,0.15066256948025056,-1.3917115862238718,-0.16246636702409234,-0.23226120673542255,-0.7773385732309375,0.6858273132438414,0.08248652199669675,0.3356916843233089,-0.18039850492388906,-0.03040865222826626
3,-0.36358510858547655,-0.7784103718152331,1.0402878799209507,-0.040987280443923226,-0.6184225226662797,1.1416356229692541,0.0693832978825253,0.18633841268369075,-0.4477636040855095,0.0749145706083163,0.4945811585440327,0.17196251637641546
2,4.337004770345188,0.8365461064736694,-1.263027673480594,-0.2961293394981639,2.6331010063433182,-0.061654469832609915,0.8183250654661084,0.14187580209586387,0.06911750154548213,0.3443224487919303,0.33290273303696494,0.2471544229111362
2,-2.1482470323094898,2.0394737312023437,-0.7498913118770718,0.46970827017275263,0.40234766640581304,-0.6799265827611448,0.7829790128006224,-0.6895262071086512,0.30072123143663626,-0.09442978455444374,-0.05329176749976398,-0.07834874929288324
1,-1.3660370756209699,2.127668891942687,-1.0168768212525559,-0.9548599994221681,1.1643563989311574,0.26517790265865815,-0.40447767329385736,0.29435847618216926,0.6839190855925298,0.07851472591224755,-0.4691643714623386,-0.2928748188356182
2,2.7874838447963373,-0.21603260681751985,0.08169036031301981,-0.5896165551735624,-0.414282332852433,-0.5452412403921161,0.5074254067428594,-0.8548597799243464,-0.004418445310509486,0.257973112201974,0.32318656195741446,0.29017878445388084
1,4.901598125561993,-1.1081894001219454,0.25087295302514956,-1.0597378485528424,-1.1881357672940664,0.7351520395775885,-0.06609455415603109,-0.5647626421649543,-0.1844844630695192,-0.8981644259200245,-0.4252999551245118,0.03998208938575458
2,-4.650021788310979,-2.093097261474922,-0.5548100504311381,0.7289688818944279,0.1718319981482897,-0.49004452378125585,-0.0229192161898621,0.1754364040344549,-0.2286627735297245,-0.09108692604750991,-0.2522885631211793,0.2010640989141353
2,-0.14423150379760766,1.1068409028598558,0.30643700228352594,2.149926965096115,-0.2283208936047361,-0.4681045418446235,0.11898793732622513,-0.6532783725299743,0.08577838133187017,0.33640781528363806,-0.10357531084166423,-0.012956173731577626
3,-3.9371893377058633,1.209123563661663,-0.7439227965116832,-1.3111431852745004,0.2166132121733166,0.5618921029471845,-0.13157330108653992,0.4932597072515968,-0.03970376249694842,0.3203530995490162,-0.3364669855851299,-0.07019672532168024
3,-3.9869403162756747,2.999803906660917,-0.34572468927543454,0.7269940697498639,0.11633023803149296,0.42815044286487963,0.42495759747074113,0.3358825100037025,0.26304948267075284,-0.05091251603513588,0.24370989997944895,0.12974006173880837
2,2.3861922180860873,2.43263492388033,-0.5910164389533388,-1.512495217343177,0.24573797128479094,0.3531615269355426,0.49625503634761187,-0.23954549612317405,0.09089804534113805,-0.18576334215449794,0.2646961971280478,-0.04480899210564199
0,-2.122220516156102,-2.204511099232474,-0.3468808901579205,0.7118934773620703,-0.03913184633484753,0.7730528001170237,-0.7047929864320119,-0.20796877863655625,0.42947786147330036,-0.15997035993725414,0.03271513973094839,-0.08472556624535364
0,-2.560320297575417,-3.1260679551654467,-0.5965276821988927,-0.18761078212044652,-0.3019900860300911,-0.2572804498614407,0.3868393550962773,0.009816968045760294,0.34421528602259993,-0.0366367362980408,0.1364130099124998,0.18449747319144233
2,0.6246475367754081,2.3999978242780844,-0.3215993679807961,-1.581282388582645,0.3591459513115141,0.1885968681524547,0.10727897409398968,0.3038758086282159,0.1820914155395778,-0.033518289328609396,-0.14127312832299804,-0.06761179365329761
3,-3.986221984074696,2.82148191899932,-0.19684429585423252,-0.9849327936313883,-0.4266973244510244,0.6655774847102542,-0.231270545448722,0.39948378063755213,0.4753626842528935,0.06889974695928676,-0.3743898581887161,0.08070917419784762
3,-4.955229864710762,-1.8991160991181244,-0.35725191682933166,0.6523897694579686,-0.7132050905706709,0.19767100031074764,0.5400527386671743,-0.011706109555032996,-0.3202387874877711,0.17777021467082202,0.1434275798718902,-0.002174990249921384
0,-2.031830727113288,-2.358163074056718,0.7365833461987685,-0.7839893568717881,-0.9830569406894062,-0.6070427696810287,-1.1629927296165679,-0.2638352094674606,-0.3178094344172863,-0.1443165020830783,0.0428926696229081,0.007730961406830463
2,1.071210161558787,1.1790982662319314,0.3343414179583774,-0.25596167450614815,-2.099769129978721,0.05209357922556904,-0.6345373496631549,-0.09702470735961087,0.2615355064830879,0.5455050728445321,0.009254719218927425,0.04994590211488411
3,-1.0372677944163209,2.447014480089263,-0.10240998518513514,1.2662723222040695,-0.0782559361856217,1.720176748813636,-0.27353587413673974,0.469931056824199,0.07355527962904017,-0.5282005272191795,0.6485581067291892,-0.2323244242819691
3,-1.0541850429634834,2.451490275282429,0.09539350818578099,-0.6527343035358096,-0.6192531823297495,0.8888334360788093,0.03843670732544802,0.6630669876108419,0.07500630906904358,0.09339113135520034,0.21949559966044238,0.034793406124641775
0,6.327214425266044,-3.36655760844805,-1.7500711059038765,1.6856520694483514,-0.18885546056740624,-0.3561064114943436,0.9008587541916024,0.30734680701321804,0.591670682934781,-0.19130828110952378,-0.27159061258438627,-0.07950229035750725
0,-1.4239196558365759,1.1903717630136765,1.1889899464056997,-1.1997910552435258,-1.2079388945936929,-0.5666507857590194,-1.2517046047618874,0.07481096303818965,-0.03530863030332947,-0.014705027336545924,-0.11083446015838518,0.34999498329829654
0,-1.8917635496902154,-1.3553478288140772,-0.31890121882994393,-1.3316386999087668,-0.6082408553056458,0.20807899191615895,-0.5751743388243021,-0.4603321084505367,0.3027275236607599,-0.062402838185680765,0.104051472963444,0.10923236158261462
1,-3.354709353478272,-1.7394247760886623,-0.4003693729214604,-0.18898735525031288,-0.7095112307390022,0.3915833386968861,0.1744012212252077,-0.2989311689688096,-0.49283250571309045,0.45380986697001147,-0.27967664809589743,0.04950251943217633
2,5.024602390293747,0.9894234021636259,0.03796711173718628,0.6443271501685882,1.6560532962242307,0.42984038664167445,-0.6310063000963257,0.40207167132869703,-0.7991707253927214,0.12479229025402322,0.02222312236790785,0.03090325609531604
0,-1.706910908227566,2.6273831898231723,0.9645240565598872,0.4435776531918754,-1.1159890858106258,-1.1236071967296344,0.2219815088393148,0.013704346150692518,-0.2095957402053572,-0.09689273162684107,-0.02237034267030201,0.5213900572429857
1,1.135342265853458,1.103451665618442,-0.11852626642534558,0.31886620620189615,-1.8600717436735217,-0.5625869971428786,1.0467728179839229,-0.4686181773306385,-0.4515356554446386,-0.25023108470389943,0.10250856452866701,-0.2505281540926432
0,-1.8757351618789646,-1.0706028416889448,0.4954608864967714,0.21482926458231622,-0.217979232977117,-0.20239547516522738,-0.7322650162789973,-0.44995133545753535,0.04253428843453241,-0.3666000271508741,0.08903377466467759,-0.2549640022032416
0,-1.8094611115970995,-2.698774654403365,-0.5317358892529337,-0.4979772776248886,0.5651048205526681,0.17012455891392703,-0.5702691202372124,0.04961415143285904,0.08478199165888614,0.08289663671747664,0.2832665607497322,-0.03145050487292514
2,5.475737871333936,1.7091558793813493,-0.0761255696490227,-0.3573624320282242,2.148643211698997,0.0077968002566003326,-0.06640715160713503,0.5802225554654188,-0.7134469196606864,0.6052645422108546,-0.028420574952806657,0.3010394344376171
3,-1.0721595783382007,-1.6944562393947828,-0.672211491450302,0.025544993751300177,0.7252530572323109,1.4585384802905847,0.15321781511845506,0.2627087405693242,0.31825203880248626,-0.32900225164598873,0.17778760533601762,-0.06012155648711365
2,0.5652012130478599,1.3882218211355197,-0.12849877324047762,-2.154576235973882,0.41876668738459527,-0.07441141385640597,-0.9156481209431198,-0.765631410529052,0.41077946775738716,-0.13909706231580388,-0.14560470203217296,-0.31059433376217666
0,-2.3524650465514156,0.14124676703228434,0.4226695132636448,0.32846952242542743,-0.3840833246009376,0.046994651010074585,-0.5942614450538888,-0.33402351176852696,-0.060005981013411716,-0.4463366714708474,-0.10462744031047981,-0.03170257027549722
3,-1.4220797864259889,-0.6798485858912471,-0.13684209155533986,-0.7789632896812919,-0.4566315105328326,0.9863318196313493,0.7790763481928096,-0.7408139420923597,0.16859508070605103,-0.07080940218337675,0.37190223542018613,0.2046540115918591
1,2.6760227796706624,-0.3090900888122048,0.8013382027063272,-0.058197833000627,-0.6000283998037638,-0.9747687565304936,-0.037589069392707675,-1.0876334182883274,-0.3023352402246029,0.38252435003852986,0.11907193596873739,0.11164168567931664
2,-3.8670292163271727,-1.801741125301927,0.038948361700827536,-0.5071212230068668,2.243868767322971,-1.3574214109857492,-0.16663643703717895,0.07056342619661711,-0.5457038499704643,-0.09977273695055712,-0.22045799182470874,0.2682283804225346
3,-3.2697714712088306,0.6789422700000193,-0.6734432116831399,0.33307403920923745,-0.25808743238018644,0.22300888051684759,1.1584261151918849,0.8873360448254716,-0.6084108736455144,0.02076181660664886,0.05367103813768709,-0.4366649351123811
3,1.3933915125090122,-1.030704851318823,9.11341120943976,-0.2685290247664068,2.3698688084406068,1.4375194589582827,0.9020369756460808,-0.4907289253253929,-0.42973912502479195,-0.032806765236550184,-0.9154580649755604,-0.5509564149618512
0,-1.5346330144232054,-0.21873595654081246,0.17791100399094742,0.2372523196979025,-0.12359140477402529,-0.8060501503953061,-0.5497368877711029,-0.13742619677049855,0.17314363350253031,-0.2216664906778946,0.419023421172978,-0.03880719630250506
3,-3.295733930588812,1.7606889451879857,-0.3928585889124018,1.495220809769523,0.6584031048989102,0.6007561926203491,0.4402689816664617,0.8377110812000103,-0.11896831071117955,-0.13662487184255584,-0.24683882613211497,-0.09005381692225142
0,5.415940217374381,-3.201374391091586,-2.005509309427803,-0.19765443809334515,0.33766256734008226,-1.1584516207895053,0.8063004252258419,0.42430219029888216,0.7760645991529055,0.39091301924802435,0.05800097804970219,-0.1288470879675288
0,-2.088977032554374,1.869289365691959,0.32959419297866394,0.018838284824881518,-1.9156277328100615,-0.44200357808926516,0.5439026356031096,-0.4274347771527889,0.0891383818277727,-0.038819065386450566,0.03164846763028449,0.45155916366953075
0,2.6267723985703424,-0.15226190068845274,0.26753695915384784,-0.547541906992463,-1.3817635579199299,-0.7786772838188402,-1.0595192367751332,0.7457219688212575,0.3395403758151245,0.06075669248768701,0.15352577803765316,-0.21183923346182673
2,-4.116485016339614,-0.9170481071363812,-0.8001548965411631,-1.4131253430588533,1.6043086226834204,-0.49794499962226796,0.16076807207226704,-1.1617270561915392,-0.21315020008228983,0.012988876116979573,-0.3788888220353357,-0.13157427990714143
2,0.518699626814774,2.4109569477782067,-0.037110692899670644,1.7105046546011782,1.7339463856972466,-0.1677034671706975,-0.6281519832729114,-0.7273502775461077,0.36088237206736706,0.3458884536503057,0.2329976235443401,0.16976172373905762
0,-0.22590177713926735,1.7489553423333009,-0.3523739477800989,0.9464707482169865,-0.2296757538603758,-1.0431349932256353,0.6238779244434958,0.6154208580846511,0.658452594347046,-0.44495282088437504,0.20536518592686717,-0.07614095683165908
2,4.191071308139541,-0.39246495848918717,-0.6118113275875212,0.26147963264667906,0.5924521496851644,0.3815015783049509,0.04303882826753081,0.528790812957099,-0.007522521905020729,0.026631700031983112,-0.15283074814136244,0.06487215300041986
1,-1.0915404906325636,0.8126737289410102,-0.4852285022905869,-2.033566951351895,0.4314493512617983,-0.561919557161604,0.05938579706307118,-0.3705612383692199,0.17895521355513613,0.3227324643579595,0.04341209615234511,-0.22921594493848987
0,-1.3508949578162261,2.610686208320399,1.0714127699596119,1.1700209121632268,-1.0837512863321244,-1.3214830622185767,-0.0007670957917976724,0.5553078690753004,0.11379615438713558,-0.4323473503139174,0.22822601717831503,0.04070734104238012
3,-3.2100285917485643,3.379054823236359,-0.16668831577943158,0.30483895767067587,0.19355922441310167,0.41795178484303247,0.2594979513523375,0.27931949165008163,0.4774233909494469,-0.33036872713648174,-0.09249409122622307,0.07933002597123612
0,-1.9392847819071273,-2.391535583482277,-0.005374645648615498,-0.09827834713308625,-0.8724329711540358,0.5082778699570377,-0.18511950768985247,-0.06319494208309524,0.1470051963799768,0.23703201580030517,-0.06252734979522484,-0.006560558926729392
0,-1.593639002271565,-0.13050485062259576,0.009983099090792853,-1.0569248052139057,-0.9998193676914515,0.06042359355650334,-0.582580009987792,-0.24488253632968357,0.16717516845754465,-0.06858247230161564,0.03288672676647493,0.14440461631234155
2,3.6743271218774547,0.9527790631093295,-0.42910258267529044,1.52076109988838,0.6950302669996037,0.11749665422389977,0.28599699360247094,0.08556600199102692,-0.1118850569455087,0.5517564309819876,0.19068823925371012,0.4406627087450353
1,3.655727774297215,0.21027274469641355,-0.8618849639994036,-0.49317370890757245,-0.7503703335388433,0.32514578137864736,1.2555987982210335,-0.39383795860490833,-0.4063117134323157,-0.10445817103147002,-0.21628670429814803,-0.05020057952421556
1,3.007390045067598,1.5340274010269355,-0.7379129363251833,-2.064448974644137,0.12092824233668417,-0.029232135327803,0.8104700368798546,0.040259621489726706,-0.2192157136606207,0.2517933805417174,0.16347051386600045,-0.34878139711405365
1,3.6367820457349995,2.3773898596744902,-0.5071454923402502,1.2263602199687131,1.4065040131632727,0.09872647458654893,0.3613061462714553,0.27815639900307887,-0.43571614237979245,-0.13115134777354845,0.30179141408549964,-0.1402471160178847
2,1.79361198153988,0.25534676538685797,-0.0061308725249917435,0.17731649287138682,0.047696695960735086,0.834380911297021,-1.0054721505096675,-0.22143769165421648,0.8086151483804125,0.5248117465958647,-0.14295439253892636,-0.2415851398278001
3,-0.4898305955682698,-0.7708819119158176,-0.2593412116070531,1.0581168515676067,0.013986877195936458,1.5325309735360837,0.03184808663175465,0.46115524501753385,0.05431388644702381,0.3789158307647142,0.2738988019992194,0.36133331120879525
0,-2.227930370884431,0.01302694313582948,0.3025744215463848,0.6716490694354982,0.12373832625462712,-0.01045849309523231,-0.7662127536617774,-0.4167945493267967,0.12705858137323875,-0.3142469129246547,-0.18106648924576893,0.07066928639731979
1,3.6642230363925807,0.9221048448342465,0.05996763430019463,-0.4448366897214776,0.7890207988779243,0.14948049368174177,-1.3481243790037243,-0.44864509191898844,0.11345467262332236,0.3149221155839198,0.02214629276461073,-0.10455275580656528
0,-2.279363548292128,-2.481601602657989,-0.3994235319600439,1.1182671594927047,-0.35153731380372005,0.22969351417239042,0.19422776654771967,0.6100311493048874,-0.059997943976383465,0.25332612900074,-0.23175375770098053,-0.0683746176535899
3,-3.3598705889761895,-1.8500040874215162,-1.017435505615723,-0.7921755074654502,0.2997961675541113,0.2488457262803478,0.9292638684228964,0.6768501467653639,-0.2028506216118596,0.1600285454313247,0.013780259966080333,-0.532981269408279
3,-3.090210330646232,0.054483232428832164,-0.11421679054291885,-0.14755267568821998,-0.4033147221036164,0.8819988066041659,0.4708882847397619,0.8045554218940537,0.08705151490863423,0.2821798826490357,0.01656447612954127,-0.36662526149779406
2,1.925880116669354,3.1131230494782836,0.03312963918082841,1.4802743815009898,1.054406241321845,0.4824640714081735,-0.3676869448039073,-0.41751740861296555,0.3033454021623343,-0.2803721382949955,0.47511014601221224,0.16482126017499718
3,-5.0384848025890445,-2.2037430378435867,-0.5071778950581503,-0.5884026417451271,0.14970729177610925,-0.5743210453484532,0.5778469708770542,0.647342322627955,-0.4574231121742271,0.32001292738161113,-0.19078234611424474,0.16402318895748053
0,3.8556126717022754,-1.863365075387588,-0.7186800939262289,-0.11116509346409031,-0.508017051129007,-1.4477219862139092,0.34040653106858565,0.19201243092981282,0.42796537184771016,-0.3321492852388874,-0.07741179539063987,-0.41056146256937065
2,4.69700527434074,-0.23739600385720666,0.5499284603494825,0.8388252755028744,-1.2174971977454212,0.04885871161075719,0.024619136590215092,0.32838406775311907,-0.547280188713302,-0.4567611913965931,-0.13849565106158065,0.3315658586441593
0,7.293862365807206,-3.339303274606793,-1.7550514251168912,0.47676870629964685,1.0772649287250031,-1.2908192125147948,0.2880159171515974,0.7112652718493297,0.39031621010709455,0.246088008450391,-0.047640163644366275,-0.054749442022635576
0,-2.4419559845541774,-3.007195614041138,-0.03074323589469996,-0.516545737747105,-0.17136525448919118,-0.19295772696233215,0.39351323344250805,0.10522736625320905,0.12897742469988563,-0.07269834235485952,0.04305057477744251,-0.05889127780833356
2,2.650354577828732,0.3102130505052427,0.2899684164934356,-1.7316798714356556,-0.6146749393213515,-0.031594632829941384,-0.4560656647038811,-0.444756841037127,0.05741348492244715,0.7447310914615094,-0.12225536230330435,0.0981349663806143
2,-0.4441429360967411,2.266823044672861,-0.44891587818057543,2.175470409368131,0.2723079697217247,-0.3333668004648427,0.1887194559039777,-0.2591023585479768,0.17541816241961142,0.18767627296113537,0.08460636355986235,0.22873328281160238
0,-2.4486244205032044,-3.1317715182072874,-0.41401630485892926,-0.19851716398174757,-0.7484021656401184,0.39134880805817474,-0.18377251610463355,-0.14961073355009816,0.31809619335768413,-0.021661171102986758,-0.29754116422188986,-0.13596562878488483
1,2.2864937383493107,3.15213061293672,-0.6019000206492751,-1.9238888959733662,1.551747505488872,0.06877657564362581,0.1835522984899403,0.29542851918086743,0.2080452505014512,-0.04068903227220796,0.2386803798198875,-0.30280651191017044
1,-1.6275806126754842,-0.0713005165472105,-1.2417211837631195,-0.4612930464433858,0.6033839774339246,0.5102893468937646,-0.23701477846626634,-0.38616854720543387,-0.014072382623976165,0.2025035108786188,0.1981480720468436,-0.3584811561206361
3,-1.038012387827302,2.346771384257827,0.46554933889290867,0.5917632003423723,-0.4971093021456466,0.8608100113085337,-0.13631392159926567,0.20502695368800433,-0.3073775041680939,-0.19619937166510243,0.5570741290814861,0.03462940497512341
2,-1.450952560694242,1.1247216651799514,-0.32675859626764625,0.8795445458475305,-0.046912985212380416,-0.6893880443346136,0.3641934166776095,-0.7515997299887979,0.1765342622317424,-0.09905720573971043,-0.05075817511959424,-0.17089077175288372
3,-1.1858920568995057,2.744493320732058,-0.3044628599691982,-3.149155840805651,0.8303042396100498,0.07182060680225348,-0.04739024287091556,0.4046704527578466,0.16139875649795396,0.1465540685196005,0.268796751129354,-0.024173138975204234
1,2.60716849022704,0.7531880669716131,-0.7156801189649044,-1.3461452106294909,0.029665448453491512,0.29797050931234925,0.17997777690072467,0.1754107598931166,-0.03382300473753896,0.2963721486334179,0.10822212651012665,-0.1949205518756956
1,5.422662210623393,-0.032044992567690195,-0.008283224634763674,0.1847204888948426,0.9061280554055869,0.7738438367117142,-1.1581003579045939,-0.20420111267029697,0.1023255945601978,-0.092804974491902,-0.15107494762272122,0.05274353715940047
0,-2.554041934899101,-3.0046805631049702,-0.27445078759791025,0.4597042843871174,-0.452476755879648,-0.10350666349078118,0.3023135928545458,0.18757469571724772,0.29365456119972455,0.10652094668797531,0.052737079088508165,-0.04646334219810963
0,5.232074091300099,-2.0212016495247185,-1.5506916549514023,-0.11541029242999473,-0.3160876429555278,-0.40609300236160073,0.4322254851988017,0.3846777933743864,0.28628094229094025,-0.1351961123749486,-0.145065022053157,-0.38715142454320617
2,4.9737686233777465,-0.16032825665751924,-0.24844224660307243,-0.014473802692872063,-0.20545351401665646,0.4903850914133506,0.4077757850820593,0.3512378694561945,-0.4747050292914465,-0.24950292350959374,-0.14969146030113367,0.33037029818248315
3,-1.3870361709220635,-1.181676030152382,-0.6385112221311563,-0.8753232126579903,1.1127309913244579,0.8563093909776329,0.24482675125274284,-0.19747981582854285,0.28153491025809996,-0.20251231653880236,-0.023883453163023354,0.2731310602508749
0,2.9086120197228134,-0.7883041093562944,-0.783368673850581,0.7800917901047599,0.7555646631147562,-0.7076098892454359,-1.0215838894840406,0.8076873501972749,0.5533291083556527,0.12235277502080302,-0.03727107204347218,-0.46624972799901276
3,-0.3999877320556827,2.3296058850473207,-0.234574257449974,-1.4378525697205493,2.0901093776765025,0.6177099943730745,-0.3353369859596294,0.14419767120906554,-0.024333669141329794,0.25096920901722997,0.5043566874458977,-0.08344170721398268
0,-1.9310707541115193,0.08651522564170576,0.38495596743050514,0.2203427031372293,-0.7760280476643151,-0.38172894520952816,-0.11868261296678638,-0.17070275829427606,0.09851814770170612,-0.15929037842727534,0.09326138950078088,-0.10547299186009929
0,-2.1525421506361297,0.6070772470895559,0.23824019570376534,0.24368904689926654,-0.4779196780903588,-0.44157016224363954,0.09711909349350532,0.012938738678596509,0.15449256964838207,-0.09330075103967815,0.11412417153936412,-0.08219903201326245
1,-2.7172496728012785,-0.6118770586349273,-0.07439999278134864,1.1516454928173827,0.25214780993676744,0.25433484743097073,-0.7749195480277924,-0.16518530906032713,-0.6605657446966162,0.4511875486433246,0.05230933082454665,-0.06865535559205443
2,-4.308124113607692,-2.4021075369425,0.2321802365411878,0.4300081624317045,-0.44757433610143266,-1.152337944197778,-0.048925726405056914,0.14883280844673452,-0.2638454791986611,-0.2701026613106105,-0.06803816178945157,0.32608602041075563
1,4.310031864125684,-0.3347558754821618,-0.9049458605822525,-1.3345555268723965,0.23646531526219602,0.054843280184412584,0.5185178278316184,-0.46498537900409703,0.24255519935176834,-0.7286489516173765,-0.19301314231711109,0.14671637508675173
1,4.922014443041457,-0.5632460859431099,0.19605728394555508,-0.1055073131839008,0.8051711320880005,0.08237549921529971,-0.8656803943320484,-0.06939851758950312,-0.13069169899105174,-0.8930599128629059,-0.19331984345904085,-0.03928682548705326
0,5.219263653800072,-2.6601028434549496,-1.1341675126842625,0.4755107062140061,-0.1755892401028896,-0.7853447868727877,-0.08138782769970496,-0.10839004325759158,0.7883348050978448,0.5020946940031822,-0.012065700987271905,-0.15077295143797997
2,5.266575830030537,1.9308032863491724,-0.37822857707968527,-1.210589726794654,2.6893462626620517,-0.30385892965124217,0.1640866084570373,0.4155841247789044,-0.6135576391954022,0.6418024574362549,-0.01623874966413525,0.08454970024152865
1,-1.0308404096460626,2.60030922470503,-0.5775501958398866,-0.8782501831172649,-0.17351238083964646,0.3663863152228582,-0.7319737294457429,0.18953890077818453,1.2030899311202616,0.11418994064834359,0.11575641433057751,-0.009618888477149036
3,-1.027908390779863,2.3313886715900325,0.029738469748348925,-1.5422174459707527,-0.08146425531976295,0.7388725036714435,0.2124850654638439,0.18573415893817358,0.2252150321525581,0.17944974686194,0.3276770392606363,-0.03160520322235243
1,-2.731208788564922,3.220475572661676,-0.8217440689039492,-2.1978709085799135,0.6070804373749491,0.037598178419801155,-0.16761082601814484,0.0501439677909118,0.8726475113124265,-0.04563107095178672,-0.043336439229243795,0.08976824211562068
1,2.0638479174978253,1.4352490794413906,0.04341610591471647,2.3514425816569826,0.2116278805510706,0.1686689722478246,-0.6356644255532587,-0.16551515664850952,-0.5257727447605833,0.0016518798054266925,0.1863881894798413,-0.275373095914178
2,-3.11119541890957,-2.5612800103286246,-0.02423933247034231,-1.1437664648518047,0.4797691533035326,-1.6884087818766824,0.31348284013559435,-0.11111659137346289,-0.1658842710642938,-0.2595422521871904,-0.10380400021445976,0.4382208400574732
3,-0.8772207780160637,0.2702181213170366,-0.17239744864650566,-1.543001693370695,0.8148479322200195,0.8759509706063089,-0.6680773322529255,0.11065625768421215,0.18993996744670974,0.3983406806272522,0.04120310876159762,0.32051683274328935
0,-1.6782500263371727,-1.8260713888963012,0.2224873110207738,-0.992662655274768,-1.1251446082853713,0.11544929021763317,-1.1245684476393016,-0.43968344562213446,0.12762760455517144,0.03564689900424857,-0.22424128668588103,-0.021753132170255585
2,1.528274469948001,1.0244696534243463,-0.1088216698285898,-1.726181573208893,-0.628606656434918,0.11423688419450098,-0.09844378029978638,-0.30533724404502594,-0.08444169753105427,0.23283396245698773,-0.08402368882798676,-0.08751430896262666
1,0.6253935104780015,0.42644690833902976,0.28368465900042955,0.8165545497620496,-0.5295613069975393,-0.4373309442037382,0.4530977876825638,-0.7936469371515323,0.11865518255271826,0.17006459421679165,-0.14738638914308683,-0.006715081521666152
0,-0.9758313745754323,1.2329424812474499,0.5129994908500427,-1.993833763959931,-0.23953183765447253,-0.436464175683752,-0.6936754273405071,0.010489214533677037,0.1255737192223438,0.03380886709082112,0.12171960106073569,0.1723834960014644
2,3.9977964147896214,0.951935872509236,-0.9580216840924113,0.5669870510227056,2.0710908928950786,0.08731637162144405,0.1705285261651904,0.24063166249781376,-0.019504962877095966,0.6956945981395571,0.25649422438283465,0.2939529207860799
1,-1.0243562449420285,0.04990898021406301,0.09372103891467375,-0.3439212780539895,-1.4525980821569737,0.30181809890897315,-0.07195360926039694,-0.5364487543413794,0.28141688241234036,0.229151042074105,0.2031807744498039,-0.16129014373871048
1,2.0926585327705176,2.064069654542961,-0.07396349670375528,-0.3767072468016089,-1.5015904667762168,0.23825147040070943,0.2946612615256775,-0.20494167066902966,-0.0987002886417641,-0.07669634303711637,0.03956723700446154,-0.19141545998969434
2,4.50962756921833,0.1296124876774393,-1.0312404421821488,0.5628828251322828,1.5030151622774088,1.0233953818723223,0.5457671249379413,0.37674600112823214,0.22650732459605022,0.17713451692820623,0.27811676890972886,0.14951284354536132
2,2.8120262482140608,1.7457366955110893,-0.5655407909160247,1.9299615528800669,1.5919642995164838,0.5378207338908155,-0.34839166714861863,-0.06439811605531057,0.06588516419164252,0.5776049990331947,0.07077071250507565,0.27536952927012004
2,0.30357470453568997,0.44562325109026535,-0.4332910886703329,-0.5915275048732619,-1.2220423088660188,0.19753245714878268,-0.010137855911848662,-0.010750422369877057,0.060589559974980216,0.2192308477958437,-0.08164217890954235,-0.20966950732396217
3,-0.7750787887338737,-0.5376185793979957,-0.1462031051427637,-1.5513868866515352,0.7488876769403136,0.7829198632793399,-0.1382436679580144,-0.4577674027650937,0.23370164057860845,0.15319381957992956,0.41789704172611575,0.2550238191594638
1,-1.2895740311845183,-1.0850640701278222,-0.4202297041487331,-0.9284254030448829,1.485292720237821,-0.20031393502160105,-0.6104930730494349,-0.4867943021718395,-0.040820219719860086,-0.09727228823393855,0.0926564006281227,-0.3119369681902042
2,4.043805455778177,0.2565135764191515,-0.29710378515313274,-1.8955222690462081,-0.10907260692290707,0.2426097821860424,0.26318412895763404,-0.0726576546961156,-0.3179312388925873,0.8171318192259913,0.04550994869091322,0.16504600409341638
3,-0.6500526557441455,-0.914034539223439,0.3339324696367301,-0.21541433608944602,-1.1521342691988936,1.188517313748612,0.04976362205365601,-0.02815050460709835,0.02091198687985951,0.23358974088292764,0.5333873445028482,0.21251076381046868
2,-3.9561835072202287,-1.7754903111624525,0.36721661906493214,0.7223721427610917,2.035787513326738,-0.6229864480415487,-0.6653642399069919,-0.09937910852902115,-0.3994247542056032,-0.20208164728452083,-0.2699053741273065,0.21907668251162693
0,-2.101726516334242,-1.6371482662630361,0.2533315241909508,-0.7845099316889855,-0.9366819743553807,-0.18828679185999286,-0.734174860958564,-0.30583383793560476,-0.2414197205814594,0.08202399062584982,-0.2226783715661552,-0.08737916036801861
1,-0.28533438370107805,-0.6412002665649971,-0.5639620105506904,-0.34309010288857084,0.498489223210862,0.49507543586201974,-0.5873932351958769,-0.21797537584961452,0.38827370059917476,0.3937697465956236,-0.06329274207330961,-0.21243182435833463
0,-0.17676379588914198,0.905627469654949,0.06927019978931377,0.6397217326632908,-1.7094452074043613,-1.623214294881735,0.6964875141793834,0.17970259855939166,0.5226090197913765,-0.2710266987550221,0.19689817472945334,0.11659511391731486
0,-0.09902566392116978,1.516857806011425,0.46375788736715046,-0.8694224443706795,-0.7322148878811037,-0.8309680524329708,-0.8305085655516286,0.8026863771433637,0.002894188974041419,0.11080207856667253,-0.08376349161407218,0.43784144297122896
3,-0.14528672934683862,1.0312865620035117,0.20909152165235184,0.23373888936282228,-0.8845735893554828,0.9552885850217853,-0.15042762267917778,0.5357902594734051,-0.2940526786468637,0.5020588220768312,0.30892795064690065,0.21453980009286633
0,0.6666872404012668,1.9790969759132506,0.6803731161669374,-0.11330128674863292,-0.3865594628429821,-0.5512636922273686,-1.1929554592484544,0.9086475041670755,0.1968225577928473,-0.11643830922663655,0.03685293643518508,-0.15854271723370827
3,-5.159538124384876,-2.1368817414686014,-0.23025094930366077,0.14145869173330167,1.2243397928774833,-0.844583364127469,-0.04402113577753927,0.7327463127673306,-0.598410648313923,0.08935548136659582,0.08241096540047348,0.273496281269739
0,4.424326533846296,-2.016824860183335,-1.1890255323180774,1.7315704630343125,-0.7181386047027941,-1.371649317163724,0.39982314541611746,1.1040707460782881,0.28913266337516513,0.29717145210325796,0.15945406705527332,-0.2805067193893571
2,4.229114945190076,0.3958127727241102,-0.7243003853000778,-0.267931534928485,1.763556577773218,0.041895677035431234,0.33315276789902853,-0.29556237485895365,0.3111660236567066,-0.10147451769327039,0.2377752832268835,0.22477742050558386
2,-4.0712073188965485,-0.13546774255062607,-0.34032725988681106,0.9677678851511115,-0.40911373157583747,0.07536444757217936,0.25455486303063996,0.18493371983478596,-0.3795787226460093,0.10864963619553808,-0.361606673604698,-0.01941322918686188
2,-5.031879416335655,-1.989286052851456,-0.24898424488109483,0.548996035762476,-0.6621831045813255,-0.11573219149699887,0.7733941574349755,-0.2617952576686146,-0.2840394456993156,-0.06364504176603579,-0.492899350892697,0.020057808815968494
1,4.566880878982051,-0.23662740402356286,0.08867448683850124,0.7268610305820136,-0.5167690105600425,0.7888420561703389,-0.16073588832628521,0.6567469174979671,-0.20593511819075488,-0.13246008495443098,-0.24250509576076495,0.06891730955452642
1,-4.098115380959154,-2.2290481629116035,-0.1089919455797613,0.6387258117354548,-0.9806307570457187,-0.05402441826288596,0.189673500091316,-0.41791146210117747,-0.09339835627294676,-0.2442776351841578,-0.16920158933538612,0.3275296195875881
0,6.258134923827869,-3.3795141523266916,-0.2490430452312149,0.6523278799119685,-0.5934596301482649,-2.463453915057776,-0.5113383828587201,0.4464741527121578,0.22341841055461156,0.44402711909673465,-0.15266735851357888,0.22373090673462637
0,-1.6410980583348571,-2.202195048709724,0.22845916690468446,0.7024606087116205,-0.5600629203193941,0.5461543343323028,-1.0301163676994014,0.03017758797773555,0.40653839308793527,0.06372340760609183,0.05225140899025668,-0.0851625100411466
1,4.398753396385956,0.2246319096999044,0.20783284918751777,0.6687526742462692,-0.03513985720076942,-0.3898932894207466,-0.3967218936139048,-0.4569980384172142,-0.09073148532506616,-0.05404676459823668,0.2809566676711265,0.11248893112224716
1,-2.0279816910781165,0.2551495939239934,-0.5957651568209775,-0.0031776961395922195,0.47772509346249636,1.0107855331791011,-0.4864767948252254,0.11243244318798487,0.048731851460689875,0.33982329916213483,-0.38814467048654916,0.022423622750251684
3,0.05762508803465521,-1.2842246358026062,0.5521974655344685,-1.1031185739843432,-1.076582895282925,0.9036231364007866,-0.11595340662329133,0.02483303674867345,-0.5284868544762511,0.4263722855974533,0.3979591053217625,0.3063401483127181
2,1.2655334711431223,1.017021651135066,-0.13742206906216134,0.4373991731573007,-0.1919220378722774,-0.7884779981815903,0.4158817530415717,-0.3974563533282812,-0.2174435480386423,-0.0056256896309733245,-0.12796400942486674,0.045803891276498664
3,-0.8399461102780524,-0.6550116602598377,-0.08866502341154113,-0.8677720184022768,-0.9848845583843534,1.1310562066704957,0.08523157379738272,-0.16120911464662405,0.03386297067295135,0.1656178383922284,0.5362720925121314,0.22603460181812904
3,3.9345025533150713,-2.476804303504138,15.424180715623411,-0.7038786084291179,3.007983498188215,-2.452308027272873,0.8515263169701517,1.3939031968921471,1.2860511235850067,-0.11860571600022285,1.8598920245481028,0.46376679648091645
1,5.10643805608781,-0.5772748539356998,-0.17218598970185336,0.4473863148291769,0.060954756592804527,0.8615319521117873,-0.2606272032478973,-0.17289585944341657,-0.11221555155498188,-0.8560128730716261,-0.01938247728343501,-0.011269937166884854
0,-2.576824327170493,-3.018598118053905,-0.6929400576189096,0.8093903691778886,0.47879466125201836,0.37009462594158304,0.37935073496669247,0.23825690286281892,0.4789857355903779,0.07929409067410124,-0.029579905574476463,0.02358263557667991
3,-2.1695501568724302,1.6022224388243813,2.7388136158135903,0.04372406797988017,0.3640533114162822,1.644973118608177,1.9420392654574563,-0.5085936664846786,0.10883245930817449,0.12206738727483857,-0.9592320438298556,-0.29444960444647106
3,-0.6273809755030274,1.826260530704537,0.2980304150580701,-0.3075889837986451,0.6026528316075818,0.9043096270502546,-0.12896930821925492,-0.03602198261026122,-0.36094074694174216,-0.5929436092077909,0.6311701417630524,-0.27587821016067854
0,-0.9949358142064063,-0.5238712422410613,0.5310599849298555,-1.072649094908372,-0.7463413504136589,-0.236273397104465,-1.1329242838699018,-0.13025654338883033,0.07634261907554285,0.05853797587294526,0.12596922028402419,0.1111068103709386
2,1.1032884487152321,-0.5070696984719729,0.09329209118824444,-0.4153233792806373,-1.900294613235318,0.13434177363870217,-0.8153909233013203,-0.24001598059998752,0.411806148023382,0.6132943338699419,-0.24390547200175458,-0.08434293361072513
1,-1.4717265690154817,0.021306665118252067,0.15341256895273273,0.4601165164058277,-1.5275384148226372,-1.1404106003183123,1.5218640850957001,-0.382989336821386,-0.5337971747803918,0.14186950807347085,-0.07789225572836807,-0.08322556849191591
0,6.5191055916655225,-4.086265823624206,-2.103010425019163,-0.8358938529215559,-0.18056863257142342,-1.6564141060043456,0.8771247270862917,0.05357949731066467,0.9768619604699645,0.17007071907141788,0.021173051070414704,0.1035613824197997
0,-1.8154909069143814,0.02320410135293098,0.3227237286745366,-0.19833999662564616,-1.5519362802103105,-0.7698938075985187,-0.07970227921826514,-0.36514991021940313,-0.34998727474234226,-0.07480784940314743,0.2043144252469788,0.2636966440643765
0,-0.8399434822919419,2.396660481776616,0.4814782454502926,1.0275174439250538,-0.41068039384400606,-1.3626161389886735,0.31736734143430884,0.8555858891201541,0.2467174210435909,-0.5646941972846939,0.0631969395820892,-0.01099985695920756
3,-2.704924814079644,1.0947533655796928,0.6602011371212864,-1.4586909127032406,-0.7523910082834363,0.48174335696730824,-0.0018176002725441727,-0.005228891652337408,0.19278424265812097,0.017565517225409975,-0.4103639042300047,0.1300583523443281
2,4.2347491776857185,1.8494776835325477,-0.3618891042201832,-1.4231028376457107,2.446309562345478,0.13207883449987223,-0.14445827078057275,-0.23664124199362996,-0.22462964281404366,0.026702009758379646,0.07151871450865933,-0.06284061093022518
1,-2.225419369666829,1.0627529941601455,-0.15610508687095012,1.2073492127924301,0.6458876070514087,-0.3823320220524913,0.10134055576585617,-0.8867069613563494,0.33638416849048963,0.11497797172924873,0.039643537733993775,-0.11034554209932894
1,3.455072434360261,-1.1084388734441233,-1.3362052403628577,-0.6633392464219593,0.697940101804082,0.24380479209341344,0.8142708443444563,-0.5871869741169541,0.40184614230731347,-0.12989325384729028,0.24987164210446763,0.061910190070143575
3,-1.9099073182115387,3.192635861077846,-0.22162148646875837,-2.16963717474741,0.4169451671030638,0.03142148295171041,0.6276534679585931,0.11784164753103707,-0.06298684881642028,-0.7883356444956144,0.43182689651093425,-0.1701644282597023
1,2.9030347837835713,1.4717782211778827,-0.08297693850785831,0.649552564149074,0.7360266414705136,0.27051930366741156,0.6024197146955522,-0.2841712499811957,-0.3353869632150873,-0.38868544695066115,-0.03375505452889026,-0.22460246962368519
0,-1.663710812656342,1.6664199043344459,0.6409413210764798,1.0976923821778382,-0.32815788126313417,-0.2539228512789067,-0.6921778266842704,0.2995821279726251,0.2642882022562951,-0.07434647033127657,-0.0008842223760783899,-0.16555575479415988
1,-4.089321634465654,-1.3403249522444391,0.19204987921578567,1.903244273036577,0.44631609366995795,0.3495617053011688,-0.27561486958549253,-0.4363948935415036,-0.41626670601281285,0.05191719617428681,-0.3572327303142306,0.16328625008647207
2,-2.7840070994244486,-0.3027416329344938,-0.9339586613490143,0.5351066014212215,-0.9450904295647502,-0.008626484029288582,0.7917405853978481,-0.38487076697060424,-0.4070077148529045,0.5272411129838093,-0.06706205472590497,-0.10051772147612525
0,-1.676528861038511,-0.06648061517448446,0.4546248011770199,-0.6011708518821591,-0.7527058980355986,0.15947032593190896,-0.7922272445213246,0.017093383655462327,0.08612152387171568,-0.017458723537300925,-0.058831031687128256,0.15272628312222697
2,-0.7881612978061769,1.2586628883854105,-0.026245719038526207,2.471681127978028,0.2789885918344413,-0.03634537598727156,0.04806404416913431,-0.8874595526572951,0.34835717145712525,-0.205164485834215,-0.11198497873652476,-0.0738268394150524
2,-0.226648447184217,1.140347722309153,0.4978554425952192,-0.7444154133398289,-1.3696886189900777,0.18596865375625588,-0.2351973592155506,-0.3250746492820459,0.3364529770965474,-0.1358237363455202,-0.27672127065664637,-0.19570213394824143
1,-5.663728064915348,-2.552251606919095,-0.09838665480197513,1.0537513746680733,-0.1900341234261347,-0.25561708530296157,-0.23009754459483717,0.11219396638724924,-0.325808784783618,-0.07859589000155322,-0.15195676636287825,0.52699544465532
0,-2.2094533021919185,-2.475326152558541,0.033162442149126725,0.3704377974499163,0.40593024267091965,0.21735437383407313,-0.8360467969516548,-0.3400127000106621,0.18805686712878705,-0.20915910208415048,0.08856219041092413,-0.14997135104878573
1,-2.87030899737595,2.3345996744123125,-0.21230459206227198,2.2527982847814783,1.1662604267778414,-0.03273319540823813,-0.5753294484487561,0.015593613455515545,-0.09449153133031721,0.34160212427562286,0.18166360067898074,0.023022970893144385
3,-0.9871553670460615,-1.1877048932646046,-0.2909940039106349,0.09320991862809014,1.4110751210912773,1.3358155465101844,-0.2615383827451673,-0.4025326342416293,0.3142490920901764,-0.41681025564468005,0.1587799166606328,0.0463202474297797
1,3.951109795255028,0.3991793943845617,-0.963277666778845,1.1105973462891539,0.22979517598499702,1.4608996571666857,0.5785604098416124,-0.16836438398827688,0.2562044690492636,-0.5066727270263586,0.11364634954326978,-0.1884815922073111
0,-1.8934754565332905,1.1285008959994922,-0.10536366526231446,-0.909106330907386,0.011435598250586855,0.20631382209836954,-0.9340833255373493,0.24299234332231054,0.0009756172635667949,0.2021983388414767,-0.15725144090772478,-0.1465604728724228
0,-1.7774461072987455,2.9348880786864884,0.8027333301633905,1.362600074978861,-0.8080134663931368,-1.1871400259188798,0.19168861021141603,0.7006344687087576,0.07892873001130275,-0.0040056607586922595,0.3388695177922315,0.12063198902504314
0,-1.4541165700177312,-1.1090340824876272,1.0659458585727424,0.02962728000218826,-0.03469603114270645,-0.5960644746458746,-1.0854977909331502,0.012852076051133258,-0.6230362952650559,-0.16741594390280098,-0.12523429423709517,-0.3179156410747013
2,-3.3689641707597304,3.1036088288485972,-0.8088219137149032,0.8099601469865847,0.26602615148566855,-0.11806931621079653,0.5937012191303064,0.3222705346632637,0.3450836890284342,0.42229709884950195,0.09307318642162479,0.0972068447030678
3,-3.6939808768220845,-2.7131311537760485,-0.6285880474491073,-0.7757235790970063,-0.1884766024083927,-0.5008888726719292,1.3589951617852072,1.0240791445651396,-0.46153910898967493,0.09666591290469631,0.2443366090973416,0.020173564762091447
1,2.9116720254471966,-0.12306266763380375,-0.013972925458811514,0.09559974367766506,-0.6789715743411546,-0.3628188184599789,0.6947385060378894,-0.8932633273402408,0.24673050905826233,0.14616968358468196,-0.025817155012689136,-0.04641785110671815
2,-3.2733393195110327,3.1730742302345023,-0.13383714564352409,0.12750093021377823,-1.5891343883505151,-0.4800387030987211,1.004499567046202,-0.21799600792488283,0.49760877755153216,-0.002076579488779137,-0.2886655899899611,0.0910849503249811
0,-2.1431999808760236,-2.7043010158813106,-0.6004771086673204,-0.8714565639436946,-0.01033867461838776,0.20276197498325016,-0.06364267565965005,-0.17758700057696666,0.3589933420546848,0.13311822737363177,0.0904944624256712,-0.07438090091707941
1,0.6317877037520583,1.7690456098805531,0.08074492306052423,0.7946892964025869,1.286154719021576,-0.78674928591581,-0.26378435702319675,-1.1128113605366816,0.10638684228343263,-0.15511410452169125,-0.056689400912083354,-0.19515455106326232
1,-3.366076300327805,2.119759093483985,-0.5766751595069481,2.300763121228505,1.1973826085195893,0.5976774373453494,-0.19067102698782207,0.44796253156766436,0.07396968686238992,0.2735202224163758,-0.1825902050697226,0.17387614229780324
1,4.5925580834638735,-0.10032413847396553,-0.3723139803452203,0.35291466617815537,1.0678916259201086,0.1375267466485753,-0.06671429147063912,0.27934388190423604,-0.15916304742515403,-0.11113607529625981,-0.5134885675870604,0.020922411278157818
1,-0.7122067436849832,1.8404526186095072,-0.2723347344692665,1.9785236698468245,1.441781294791588,-0.035346603895662104,-0.2993504776727514,-0.9543252692221768,0.6310867757202092,0.08790312218287077,0.04931139685366643,-0.024563322078659116
2,3.889202938493349,1.2020533756227516,-0.9812112483625608,-0.33082817666038933,1.7807121083649624,-0.036249205319297095,0.916989217290234,0.10191968488168691,-0.453334019966914,0.05394106600886942,-0.03997217690706416,0.06270073374804538
3,-3.045893363582152,1.5608974463322107,0.24844298703333745,-0.8331623826385505,0.5149369146936636,-0.031975850287240926,0.04172132641501023,-0.569795119959268,0.511504158027936,-0.2347483241524082,-0.04141511835053034,0.21178985556460544
2,4.331276844684694,0.18900590602629644,-0.21994559989621143,0.43417023218050194,-1.480380468120317,0.792281293900848,0.5047254384742731,-0.2923337728319864,-0.3442944336889754,0.1431313167002241,-0.026190498777135873,0.19775803313666956
0,2.725734311228663,-0.24937200715653082,0.885096631906589,0.6516604724827619,-0.7914229003616828,-2.254327542070563,-0.5397242958256293,0.22068498820678778,-0.07901554322834667,-0.23183918165990908,0.31665087711876005,-0.27299221151176756
2,-2.3216136077836804,-0.4238280810503169,-0.7429590826408982,1.7917560932172307,1.3648163037944736,0.15549111157129394,-0.18613198981343626,-0.6783613233649505,0.20808384327068896,0.26662925565749174,0.35061981852212115,-0.20164021209953092
0,-2.1227335715028484,-2.3123793712100587,-0.40315995632950563,-0.15817962532273355,1.0158423736682964,-0.08256648131061195,-0.23029394535659686,-0.12137351136115894,0.28153250372762834,-0.1390347645678855,0.17379094664081818,-0.1065756429404092
2,3.573660920807148,-0.5411430044738867,-1.2969685273612876,0.18054200439099302,0.8077729187166541,0.6517284254122784,0.4346115055556426,-0.035673881480495995,0.25226941528956837,0.49612763636866175,0.12742899757534143,0.2441041520242641
3,-3.6982501430859136,2.060891776029456,-0.20699234637819788,0.5624247337902032,-0.4474067593963444,0.21477671570312468,-0.013629671596737994,-0.08311777438430773,0.11449455105849737,-0.2524923243666565,-0.030837500237392228,0.14740694115434816
3,-2.922838514859702,-1.4835566999148264,-1.0699474452112208,-1.3482041239035547,1.8180324455094576,-0.07455704040992456,0.47241183726462843,0.5517062824904219,-0.12392073870538214,-0.030711488666829996,0.04883718200799776,-0.597241230333392
1,-2.658503864767447,-2.181954008189806,-0.4658025210489845,-1.1556683893715158,0.4876958244304918,-0.6521376913034013,0.33043334509788275,-0.9858531634078646,0.11497989946591089,0.00388874679382362,0.019483692627555785,0.2973316357725333
1,1.2662089840867574,0.47271415528735883,0.011456795634812328,-0.9220227348072569,-0.8497931423886073,0.08633447422408211,-0.6729757339687283,-0.4489962341931137,0.3381122291334363,0.10643154424287211,-0.19455959042916052,-0.30094354993921674
2,2.6555089532993534,2.453707544684197,-0.5008547128386227,2.346472723740388,0.2857655630682793,1.1777435935559972,0.11066147806082359,-0.5071000964667143,-0.051856034877997906,-0.05060255507346468,0.11203063378658015,0.013016746756781937
2,2.928763693299866,0.5348245090436918,-0.21269742487678509,0.25325671813827255,-1.46338558942794,0.7843645277834578,0.09817076186057526,0.15626169430604808,0.2460621499805998,0.7397910052876089,0.01733201745314533,-0.06603441812948804
3,-0.806042047848789,-1.590584657250817,-0.06780363166614829,-1.1334692354500304,0.6582108625064405,0.6863653198771258,0.11001239450223975,-0.09060842923323052,0.17965156743540522,-0.18152187730052233,-0.24807984178343104,0.12496549759848752
3,-4.572316237659497,1.3291171949310652,-0.6501680657075367,0.059762772434149534,0.2575214839604926,0.2591767442858766,0.5178845090560421,0.5903053035413744,-0.40819684195695205,-0.013780731287216528,-0.1636521746120587,-0.02329604594372074
1,2.274143458473444,1.2178004440327963,0.01910877739548623,-1.1217723910047988,0.33524886236534523,-0.02332008057325843,-0.24348438921084428,-0.06646222568920782,0.10563831889776827,-0.10794618827221061,-0.32538024199072096,-0.2975144034988793
0,5.668557700713012,-2.376407981713468,0.19665098459586308,1.1543465796285197,0.34560992756494785,-2.2243151832830086,-1.3415163211817098,0.3739658687128332,-0.0621754207296698,0.0399653614927161,0.038403269589667936,-0.12322064313559969
3,-1.0759237955830634,-1.6435730365802312,-0.10377435871402259,-1.6435414223181555,0.418552601258964,0.4334383875455241,0.05028953653643945,-0.008420668922267806,0.14280740258769598,-0.5992920141270636,0.17777927904411325,0.16015868546030243
2,2.8137432512526326,1.1063252468895746,-0.4827649880775834,-1.155195564702722,0.8981981478800828,0.3150701384019787,-0.4095379950246781,-0.08099346420268051,-0.0230574133749728,0.12323257147259259,0.3191037967025045,-0.13248308246689494
1,4.4351702978114815,-1.1395590553208028,1.282258836160713,-0.07900099391696226,-1.952164078956251,0.21359020798440517,-1.0297300199763744,-0.3322720880775436,-0.4503419096115752,-0.3798175892103779,0.10690934039617342,-0.20406628054148943
0,3.282087830583784,-0.7563755974978311,-0.18115897403565687,0.19211896260763237,-0.4900424522242936,-0.7699130666464032,-0.5205620451937324,0.8220811953909011,0.47745417143626045,-0.01814491415279247,0.253103722877634,-0.35368544951462916
3,-1.6811697930987675,1.3815031374075872,0.7067519568705379,-1.1432196767633473,0.8407314383115296,-0.2208235497591517,-0.07616257068288056,-0.603759440955375,-0.37435343663424,0.187358289288703,0.1564441250830323,0.35132107955199865
0,-0.4015382003277338,0.6934919417574799,1.209163450072968,-0.9741351010594558,-0.3703763644819679,-0.4538091926471373,-1.366335130922535,0.36458772783662485,-0.1354933986479883,0.1506735712775634,0.08189840305637232,0.19591432599638506
1,-1.4654241011104596,2.483673894112281,-0.4810741407463018,-0.15588278453491242,-0.6902061051840908,-0.7582280987735924,0.918783741209422,-0.39554967966193477,0.2725457197983279,-0.3150251658388791,-0.3085929493431232,0.05911596521836844
1,-1.1026054397847733,2.881791816620914,-0.07894629050533328,1.3799115339275922,1.046241794753267,-0.09529409173724923,-0.00458951033076086,-0.06513638017480353,0.3036230860061822,-0.31736467849677,-0.4986288790455491,-0.02980328674372373
0,-1.476466277112043,1.3134595688653088,-0.12314865937191184,-1.222102834568566,-0.5780715352032456,-0.29377547000140247,-0.17918697327268665,0.46087515279940927,-0.03316027182249456,0.2672664538836727,-0.08137810175357066,0.04447179475022886
2,3.4769735947055307,1.148985855869846,0.17498948217901675,-0.3490669064583692,-1.5694295041541757,0.33451416935685846,0.5467351352477203,-0.06137440938074977,-0.41979760396865323,0.4767870601496755,-0.13825835449325163,0.25261234835954394
0,-2.323688030863943,-2.5739009628310185,0.4675673467758658,0.9422172736949126,-0.3572200148149152,0.15626679465518817,-0.7118050609678299,0.029790438348206015,0.0823605229321436,-0.21007541925489767,0.10508178385892432,-0.0824528801783552
3,-2.5873638103667123,-1.9076063535587837,-0.8919345903835731,0.4268170292348518,0.2546294312368283,0.5151727763121339,0.11208767500100927,0.7948972392469335,-0.1992115353859062,0.48806253830948215,0.2977767450193668,-0.3865147417641565
3,-1.7685766075106073,0.4415199523043146,0.7931828340809794,-1.5547707010722944,-0.2645153194109427,0.10093638532815329,-1.041751042945428,-0.3635900173095146,0.3690230884817117,-0.005490256202052012,0.09771011772389955,0.16190082068717954
1,5.102638344456979,-0.9225278481499888,0.5159392546159006,-1.6531079141315195,-0.5618282868718559,-0.033660109400077076,-0.5465934331240269,-0.21214129076819116,-0.2655112341726092,0.3154906392139444,-0.10010568377400311,0.07077376505580404
2,0.4773992823119944,2.950051081096098,-0.18017409580795388,0.21514564812776857,-1.1260865380593383,-0.10016161042458689,0.926923722571127,-0.427336059574249,0.03298265286577949,-0.3839100255474979,0.0246032889483547,0.019559842262000745
3,-2.8969359349212502,2.8493177414487523,-0.5616739168282378,-2.1645791447676013,0.02742556769950852,0.3075816713561616,-0.3182925465188602,0.480255153872961,0.5336233712290533,-0.04192526073765299,-0.3562694603011377,0.16511971569346146
1,3.6565102128464537,1.2288076162340589,-0.6080660029342333,-0.19428787015745214,0.24667578820866629,-0.01747901242625371,-0.08769403502994949,0.16035584090073363,-0.2875594300944257,0.2395561478850735,0.4106992307685821,-0.24406150685234407
1,0.44942314320921056,0.5749736550501979,0.09932172842841738,-1.6034284750147245,-0.24396831704330885,-0.46301304541286176,-0.020388472642638128,-0.003610753761628583,-0.04648287021232773,0.03645588269737888,0.03249127720007236,-0.0976968806097028
1,-2.8531634369380754,-2.910485557214665,-0.9763579916962088,-1.001839928751271,0.797499174580237,-1.2471397121086365,0.3297117996762034,-0.42472744394243084,0.47962685576491976,-0.22724662248507185,0.326025977308323,0.359519353230646
0,1.8279437761002377,1.0259561112427917,0.5257338430421922,0.09146106593004447,-1.0022333020783825,-0.7140308618688443,-0.8056267779867667,1.2202050048796282,0.35969030402794816,-0.0096790575296546,0.09685128926001708,-0.2998881245985041
0,-1.9506892720655484,-1.7775397092727117,0.745698099655363,-0.07526217878738578,0.160067616292351,-0.32678593510730203,-1.090256090169265,-0.45054229261041656,-0.3497770423773604,-0.19202727855286816,-0.06083866895456088,-0.07004231756701788
0,-2.3217525744429244,-1.8958799533393937,0.7494277209157661,0.7363323498312234,-0.6248881137472238,0.37561040087325825,-0.9649188013515442,-0.5181505137944842,-0.08415576357743648,-0.26387469285496146,-0.15603376229625152,-0.21599081207955267
1,3.9891502491801316,-1.1787583966184674,-0.8984854435354793,-0.17414408981011315,1.4783095658289311,0.7865258756532166,-0.5700526243996115,-0.2736574867881766,0.531122108086322,-0.4353423704086926,0.15783264158673832,-0.097255712625744
2,4.490312433444052,0.19962280621347797,-0.3823625057378961,-0.26345155802251885,0.9038979409091289,-0.2104019923180247,0.4961434789063531,-0.39064461908617576,-0.0014351251141984606,-0.1953685709221513,0.09650940947602135,0.3417165295045429
3,-3.0953804471344504,3.252354000795647,-0.2987232997529148,-2.417382298605155,-0.05948518579952566,0.32473027242625147,0.2926293224437642,0.6153795254678022,0.8278628323483114,0.04404328453215467,-0.1700971334892072,0.1092590880020825
3,-2.2041406691919447,-0.21038878138712827,0.3038636602987854,0.02812413953207346,-1.006673546104691,0.49221323418708507,-0.3515378764200488,0.7453539166411604,-0.3397178538961405,0.18736171275946156,-0.057767564809458424,-0.15668337086866738
1,5.265864899897949,0.8176397718286184,0.26210255869391336,0.1512563477842143,0.4160686240260198,0.6877967044855275,-0.6353965038069316,0.017904815563414066,-0.21814679356146593,0.1169152626542097,-0.11540909166049536,-0.14064887029137535
0,3.636628279987612,-2.452375138351814,-1.540136267220547,0.817177751005785,-0.4895341574937188,-1.4309756940471277,0.7616098980951052,0.575066373786732,0.5062145831744709,-0.11225100386833732,0.22475377910950112,-0.3079192005990661
1,5.074381095373093,-0.5652783079468855,-0.5025916358895312,-2.1514456086116405,0.21075913498936147,-0.04890905500656478,0.6435194751666252,-0.200316269539461,-0.13153547321657905,-0.6340574635074302,0.04226007033335897,-0.16648895378993508
1,-2.463635960535122,-1.4643350682079237,-0.29602912256872677,-0.34450011434696226,0.7885461221849814,-0.443883804597731,0.04943310382556919,-1.2881610784953106,-0.0008230021864503465,-0.1296664653133821,-0.22560446607409512,-0.0677930502905255
2,4.281125780072305,-0.6131533958900452,0.6606166232433844,1.3435704669654074,-0.4115022309150655,0.5257562565460194,-1.3870847140284834,0.20121932397794132,-0.36122996025742576,-0.10370229467668263,0.13108180391213106,0.038941595059606426
1,4.451956558867319,-0.7969902591832141,-0.5214032575676059,-0.10437328384636453,-0.5185805907456204,1.1472980007598208,0.7586488751409888,-0.3100373713924272,0.19659144917479915,-0.7053194739901336,-0.37360599000037276,0.1447741927403828
3,-0.6458953338209659,-0.7974616123141695,0.4687197320778002,-0.407996804175245,-0.31087577199117034,1.1209097484435573,-0.1698657451649238,-0.04977989712515055,-0.197955784242858,-0.42017352097157995,-0.0674840354949201,-0.014059227905623738
0,1.455928344697789,1.0860192565656546,0.4660389767612706,0.517057765682783,-0.8029469256452257,-1.2993936961790127,-0.8736421370480921,-0.08375314643741762,0.06412469431997947,-0.09892140233701815,0.13468996005977596,-0.05017858194065714
0,-2.702852805059753,-3.3358618387093397,-0.2710717722790562,0.18731336283647373,-0.9269171713206901,-0.1467967601143515,0.3862937431113378,0.3005251665206035,0.22763910856077244,-0.05896914952018978,0.23588653651768102,0.13910769856684457
2,4.240469190519231,-1.2743971280130004,0.2993617626216494,-0.4067669335710058,-1.8154290592079172,0.2671750912284795,0.19988038645838466,0.14828174510711029,-0.5118003365861177,-0.08832348799183819,0.006160761983093053,0.12714121709657536
1,4.089168232853934,-0.4286935311215176,0.3928390907959288,0.8634439240066115,0.011938284121219177,0.2080617213013028,-0.12633293261004086,0.6401759585571496,-0.37873881659932973,-0.6394951357311529,-0.45588609334923275,-0.050529307342299164
1,0.2818940399652607,0.7527495332693201,-0.27109629230320076,-0.782448724127498,0.738962650519675,-0.03498193343602217,-0.6629284870993358,-0.06236107635880873,0.07475141241958376,0.3571546203425958,-0.38129178244916967,-0.17456595238122397
3,-2.8805017906856887,0.42773830121220513,-0.007111374447971573,0.2486423361650877,-0.1478540236679025,-0.06792728093495963,0.37761393609315325,-0.6024947565108739,0.07581755998019737,0.07092339314566995,0.23349860708408424,0.04372644696529716
3,-0.5885672307247001,-1.3962225168482882,0.3280696741982904,-0.6165790536889078,-1.1761419177377554,1.246234046207628,0.19282443576644107,0.04464628235342118,-0.039499094885949715,-0.13391464600122857,-0.00620100424253572,0.11536387253650456
0,-1.4175897976902008,-2.157562801707208,0.8985906087684115,0.16360672787372144,-0.5576145059811738,-0.09316802756302478,-1.5887681129672497,0.08957714140692805,-0.23681195317088785,0.16179934096337245,0.052585310362322536,0.0403679011194222
1,5.180314098009607,-0.5906660152369878,0.7064693483325271,-0.8763429063127549,0.3306919598054315,0.10065068076741021,-0.5188636368769113,-0.06736799146821906,-0.7621375401213057,-0.5690187400658361,-0.3054620048477586,-0.07595329211611294
2,-0.1505861899733682,0.7534915220218089,-0.04240913319685603,-0.9558240893595326,0.3467262654024871,-0.20260405060788525,-0.6632906059672874,0.016264321085479812,0.08819703963893774,0.217162648137979,0.06899703994998191,0.09492744470175972
1,-2.356493184930515,-0.6429148331142751,-0.9078435592879531,0.41496941552911937,1.3301633391983247,-0.059579954022297946,0.005176978901803315,-1.5324609912631502,-0.14204216968346875,-0.14977178136104213,0.284119666783474,-0.3396029300029197
1,3.6590016933684057,0.8825606332897089,-0.9886229911849036,0.6626670129726149,0.3758942748790267,0.5600993684623661,0.4283821298676405,-0.4504662878754154,-0.02432238569961878,-0.2664461799744001,0.08771042184547569,-0.10682527044020948
2,4.907999832776532,0.18468114812453662,-1.101328163000258,-0.10815101298056917,1.3110463279044606,0.812466995101807,0.35709810929589625,0.20818484885452776,-0.0012001755517990467,-0.13027147074166662,0.09083742336301068,0.17379144290035703
2,-0.17379770840305422,2.3898324058635936,-0.473180942463429,-1.7009462142203475,1.0677675874063008,0.15750584550376703,-0.03328431479653525,0.20543377581009264,0.34165303608883424,-0.0943219910226494,-0.3286052661771884,-0.08275731977554605
0,-2.375245593965743,-2.9212509265002082,-0.12576467619744358,0.27203741091812866,-0.16921203856779185,-0.2674744241335806,-0.07995935810724243,0.20844228428015743,0.22111334518728626,-0.2357161046611955,0.24411089858015614,0.030149405007661577
1,4.103869354972225,-0.9743646338427026,-1.044771194322945,0.35614384236453406,-0.12533400189698166,0.8895311591854473,0.16841937725611908,0.16045166552418003,0.22434059775991685,-0.09625413958272923,-0.3981245329804046,0.22389573810436486
0,5.384210753510369,-3.756835271224315,-2.4169869086452893,-0.9457610582813323,-0.013571547872960055,-1.4509994738769567,1.159070809917875,-0.39113979932776716,0.7780054344305868,0.10846010169879462,0.059785826977819895,0.153222421214655
0,-0.5373376894836771,0.7786690610718334,0.481193756857344,-0.7706264093598573,-1.060858177956924,-0.4861282335892913,-0.7958899532788842,0.45681122421122383,-0.07142370047809081,0.42588740684995147,-0.1661208119733261,-0.003608398050877074
1,4.659743147580994,0.6303280133053968,0.3217315003609626,1.4541916621577389,0.054506557128548024,0.790696174390379,-0.6944261635126678,0.7626747253043398,-0.5778072401291215,0.03455613497031425,-0.4799461021123419,-0.016285653199872605
3,-1.2554111032866524,-0.49474120067259614,-0.3058553045520422,0.12740764615312222,-0.9267628778152932,0.9868701276768971,1.0750390407235384,0.03761639607003411,0.012461761558808834,0.10597557534331163,0.45536449230537107,0.26816301704991524
3,-5.191282327100349,-2.39865235201354,-0.32128036760917744,0.3075084473685273,0.8831952251952443,-0.8272274837895887,0.07905377009517138,1.0586786804413648,-0.5443119980660953,-0.060785050693672446,0.3709471942465343,0.3880996408893145
1,4.047634127041787,-0.7171927675563878,-1.2895085174989063,1.936620490221146,0.07978864699335879,1.672572688427036,-0.042334320797660904,0.7723079610343826,0.5776372447163615,0.09287589639169395,-0.17794479689254042,0.03241999980033338
1,4.753346496496,-0.8993491372801756,0.1027003403829049,0.613431329230187,-1.2740444461462959,0.8745213236694317,0.35571043760762444,0.030913022548552934,-0.03653142327509891,-0.7533212162436579,-0.3106294920412684,0.05726897717117658
1,4.28264785145119,-1.1031849305912598,-0.7603752387003085,0.07297389820574177,-0.4118638360188485,0.3148838152653748,0.5768139252571508,0.38020649637313475,0.2659699473394842,-0.1628863399144501,-0.24646509482888276,0.12435790319732948
1,-3.9815576580908068,-0.8782419691686808,-0.190221111257429,1.5895852849313636,1.3399745682239417,0.14386122868734702,0.005800306912081948,0.09014123732901004,-0.40917468207463414,0.3248327277698317,-0.19406472216092227,-0.16251686436409496
2,-2.5456864056668693,-0.946996269785454,-0.6604259531025654,0.44624248621230345,1.177920569796497,-0.3678605703557017,0.42902085145800134,-0.051558327734348555,-0.1452256384869071,0.18319851655900912,0.0901563162388483,0.0023651317169599622
1,2.1988061742024128,0.23081879941008934,0.680750487204169,1.1788361007493182,-0.9884605127395186,-0.38614473750333883,-0.03296957896370916,-0.45292377636993947,-0.18671811337753638,0.5271227520084399,-0.19039861372033853,0.029665186323565615
2,4.982235010046619,0.25892306464768816,-0.5458594026584427,-2.067949298297048,1.861155217206762,-0.760166151160434,0.6612450024415781,0.24003690309496273,-0.5736163449628936,-0.07238571560882195,-0.32322606609741156,0.3203998098904801
2,4.002472299592906,1.351461950810739,-0.6071355235225253,2.596042424559165,0.35095807226672915,1.4158059794564881,-0.13593361294785491,-0.11921260731806821,-0.0326276271184452,0.16540512620069456,0.08900754191996796,0.24285949523599687
1,-2.170384571925441,1.6052192925400346,-0.20348281611655383,2.503443844386775,0.9135243315106654,-0.11424308770499889,0.15120983571226332,0.02640318448412397,-0.31682323945128044,0.5802778262686711,-0.14284640579229152,-0.09351188882286601
3,0.08609572311064867,0.6310832606025454,0.1933433198269782,0.2288654554130926,0.730895934923247,1.237441375991074,-0.1553153051358914,0.14850022430153656,-0.3439212482331304,-0.05176822537144713,0.5086760512234422,0.0075632672357553166
1,4.353322841803689,-0.9154867155435358,-0.875199851183281,0.05700432644165487,1.5147607772400087,0.9120214086480155,-0.5358034535534169,0.16338017136145366,0.12319847914106623,-0.2878715336018802,0.17786692216969616,-0.1147078564218995
0,-2.4068391851736846,-3.076018181799684,-0.3147847934867826,-0.041834392847156725,0.1764534427085054,-0.11009428315643537,-0.0636658667479762,0.1542418306028335,-0.007125825824224862,-0.15436461143693347,0.4166891592470564,0.01374195956982707
1,-1.7406815967019302,0.979956564793572,-0.5557749046790725,0.913643180283259,-1.0468679634684852,-0.43676391098423434,0.7265447629043478,-0.8131923345835306,0.44085257210880174,0.024970211931337846,-0.22376786621301553,0.031953054503081633
1,4.567702394629014,-0.0578818667959998,-0.896801758531735,2.0010298557934005,-0.04983681604020618,1.5136651504750407,0.25766743064303493,0.2405982234498041,0.02915855560547688,-0.3884595800849861,-0.04201823917829799,0.18566560249724479
2,-1.37228660085088,3.1359600967293972,-0.23864040909180742,2.4361715048793124,1.5888779221909022,0.29259045126554734,0.012682697848377767,0.5249192656622119,0.08253881372540078,-0.22987752515422466,-0.569110056610456,0.16321938143479248
3,-3.1380678778768214,0.1968581946704302,-0.16023662307398248,-0.2455893621838121,-0.009813491171515365,-0.3660633599750532,0.6200101949565925,-0.3117666805036893,-0.23928997956758116,-0.12492514349208596,0.3679671390405009,-0.2087947593375069
1,-4.460250560051824,-2.7622992871749443,0.18827684220121846,1.9866208148825668,0.22632908479762953,-0.20533215721061032,-0.6532594074482606,-0.019364358181497256,0.1334894135486473,-0.18321505977099864,0.04300845455380777,0.4695385054001352
1,-1.1137169765869017,3.699100561544949,-0.5306275930358171,-2.6334795352941516,1.6857780947685994,-0.32489910721108883,-0.2365062405430558,-0.01556566170695849,1.2064015828524215,-0.18995243033727327,-0.014159831424313617,-0.08807923073777381
2,5.276671242931633,1.076414169597084,0.12220071064529209,-0.18999102870019272,1.42769747514133,0.409358535325318,-0.5772911401638637,0.054505709023836384,-0.492734237347439,0.10091802265104104,-0.2992771614238826,0.3179171774622151
2,-2.311848741588469,-1.4198307347765693,-0.5178128232787245,0.5917828943881649,0.6515233783521545,-0.19072044609205924,-0.05027355419671751,-0.6685739014206673,-0.005097534413477853,0.17726275204969913,-0.0015361391693170829,-0.1087099860670586
3,-2.7059097542395296,3.067030874148142,0.18698313700844552,-0.27311796049378945,-1.1324021686022652,0.4230610091901262,0.3752845093825322,-0.07353664978881075,0.45267735975996276,-0.37304463000646293,0.3385579190259925,0.1184918381478472
2,-0.19654718566355792,0.5084987216976048,-0.44405146038761417,1.0048780290844248,0.48852961131639533,-0.6950134994061403,0.2854716019426054,-1.190838295771455,0.3510517209670479,0.06830393221481847,0.004591562701073496,-0.01811002250823183
3,-2.9603218673216354,-0.6716463177349568,-0.2107451224095986,-0.03924880088823131,-1.5205476219355123,-0.20053730685624357,0.8819431175069645,0.176292199991111,-0.7088665564837151,0.11771000232736487,0.3955936456838581,-0.4933873073779813
2,-2.8081026278306185,2.346673932319415,-0.04617927138696181,2.730371997406957,0.8836763511783271,0.322183363110763,-0.6896074818974028,0.580511760624196,-0.1744459836192524,-0.025127050736692684,-0.11533539837923185,0.13976235527290143
3,0.6300072381492415,-0.6068614557327688,9.287561130837371,-0.2522390264591659,1.4966896749281715,1.603534902714718,2.217234519900881,-0.610992335134406,0.17317614123975347,0.3644093600440089,-0.7464965465382074,-0.2922639654054644
1,4.256069382693935,0.9298600511420494,-0.41707745984538375,1.2781164795652087,-0.7659659942783985,0.9316995004806792,0.4195964446710807,0.0734616391238886,-0.21952019590094637,-0.026484656076695805,-0.06663439564833568,0.05983500552243295
2,-0.6158343060356909,0.13806734101905546,-0.6667102897047169,-0.5304108816967706,-0.07457446965596727,0.09190853170647016,-0.12344572548599692,-0.07227424703354177,0.18979437382139927,0.10675168368205161,-0.21365439359227806,-0.2792012345623211
2,1.6600172970357125,0.5836490919345498,0.23528743025042775,-0.7816238875329063,1.0923764429213814,-1.3211180279678132,0.12523745845767645,-0.8916765181205605,-0.08869821197872645,-0.044085496383105854,0.1787742106314186,0.04725712881619868
1,3.269093424506018,1.2662922370101999,-1.0656884692979998,-0.06699057843764893,1.2410188372148987,0.22343383267068737,0.8715771209663777,-0.05607649836567549,-0.3003176569686162,0.207638951899481,-0.0913683143293522,-0.11036476135821968
0,0.5901726644174774,2.214681674567618,0.509720648311321,-0.37305717642255204,0.26947525607298844,-0.2323176651736985,-1.2186357457596761,1.0097158291376602,0.6095133983535029,-0.2595026124416281,-0.14531530864588943,0.04711399636018127
0,-2.558322028718346,-3.1449879013228057,-0.41030536750954844,-0.3933497783298543,0.48130708511043496,0.010914926655452467,0.2993291895963131,0.16275054266555802,0.3288255524506537,-0.16536736118032724,-0.1766285955133939,-0.03543417619591302
2,0.9426929148807927,0.6161099073991014,-0.5043354410560371,-0.7396425106948249,0.8696922045471361,0.22873395981956954,-0.9288801370753828,-0.692849868246203,0.7276649308179297,0.09077199346940226,0.015266156884991184,-0.17823134190496764
0,5.958813862000141,-3.304162234938812,-2.2314495972255357,2.01215059289896,0.9606820034174505,-0.078246655085536,0.5084981965796105,0.5274475606368315,0.5916672785868493,-0.04942337419123871,-0.32793310964843514,0.2768498999834008
2,3.37957361705614,1.8832941187364383,-0.214770203962185,1.4296249168666646,-0.7879620580470613,0.5754861165224368,0.7825547260699908,-0.21627078891932494,-0.2808891411540466,-0.23068548866678715,-0.02006336539547362,0.2586175351092387
3,-3.828197679968334,-0.9135053907155086,-0.16493848543831824,-1.602842830938966,0.5103540420809971,-0.30421576838156666,0.02481266389575312,0.3183888635245997,-0.5073708902883485,0.08309068099583962,0.13249277166889892,-0.2425147220663167
3,-3.744420715069417,-2.466168642949369,-0.9373068624641484,-0.8934761711685143,1.1904075098052225,-0.34983481747778516,0.9301640931390563,0.596994805014981,0.2552920652689702,-0.12364073889923259,0.028449671561257606,-0.2845171051957223
3,-0.18956410531207096,1.7996654952521542,0.34964408457383517,-1.464355043644283,0.8062965695874388,-0.02593705264320842,0.17515582642912902,-0.15277553619947284,-0.5872917721950082,-0.2587713848959338,0.28460242514420964,-0.053416185602458234
2,4.884136324602986,-0.22609279701122692,0.39851064659311786,0.9832659679762797,-0.3874056340596541,0.9028474306485349,-0.3618635041362703,0.25539100047245455,-0.2832470329802584,-0.483414383298891,-0.3579332320528104,0.09614338287803174
3,-3.5524393157460996,2.8986063130136697,-0.27579179890202016,-0.8156699186642172,-0.249117295463229,0.8728818376259238,-0.2830991862733936,0.5602251372443612,0.7964811721769987,-0.041920490947527915,0.07517265932733194,-0.02200786830849161
1,2.873663236130081,0.41027052612904996,0.39888068132943605,0.40919477514037483,-0.6354847508359317,-0.33850089052544885,0.3085518262789633,-0.523113963533197,-0.7421039608413204,-0.23153826089967508,0.15462591752532145,-0.26702595943459273
0,5.526658489765683,-3.0675669292256584,-1.1894652430772858,-0.165627526265514,-0.15743019015359103,-1.3657517003315998,0.5028973018262127,0.7433705788656692,0.47334511180966743,0.030556819861130305,-0.08750111888307292,-0.09569681213925199
0,-0.4540383504299993,1.313845516583208,1.0853080872820355,-1.0453828035933832,-0.5610321704598435,-0.7040214000013718,-1.0357568752177826,0.29022750115584184,0.04615315107128278,0.10229999122317411,-0.010434749847534447,0.16127049894383594
3,-4.121135138300718,2.795028348728578,-0.34111158033712824,0.06873533443122838,-0.6100464461346745,-0.02627151482148883,0.4815527057722163,0.32464643053322895,0.3409543509662761,-0.4189805952455855,-0.37017780996590033,0.20883892968063317
2,-0.7143194232785857,2.5785217703010272,-0.29307945666649965,0.7553156380317839,0.11874393628707966,-0.3061018631972675,0.6874360163932606,-0.7101280876518075,0.22972475255609906,-0.20484684408351164,-0.004455659849904122,-0.202266063425595
2,-1.2216044249515752,1.2181074525921483,0.6960601895150607,1.1052819366248936,-0.19202146728658967,-0.9634666035439932,0.33900398564326395,-0.012993761730404221,-0.7908921257207772,-0.12673588548626274,-0.2807986625319385,-0.0033573966554761706
0,-1.1488564788584803,-0.7966823725383991,2.991606033016728,0.34390523999335265,-0.4559870881037609,0.4715675698384071,0.3504598085804472,-0.21070518507853592,-0.20818620265404056,0.25102796234800867,-0.724230160882302,-0.5738744211973482
3,-1.011738703495733,-1.0434099651664328,-0.10357346816529978,-0.26752199404858346,0.3780354387415105,1.4230998420013903,0.5518482656603559,-0.47253357902366294,0.1019795582170243,-0.40385632749258926,0.3174438823003942,0.15107423896732766
3,-3.1420163355730435,-2.3200213710295965,-1.1768665315699938,0.011282103730041744,1.9654506797209488,-0.052416973376262554,0.7947742719371004,0.6681789669204783,0.05534564725816942,-0.13320687716650562,0.3007461630839058,-0.20109003170293033
0,-1.8889249050705479,1.3780501215226557,0.016438587059733407,-0.9249602731341204,-0.4139646142803312,0.552818117419717,-0.4188069684516162,0.3004333560186355,0.7188074642797172,0.15973489381335743,-0.04370612831915573,0.10077634626369215
0,-1.3715651025793842,1.3656426127292565,1.1764714542883254,-0.07992624762395278,-0.8844665977866183,-1.0410864662036594,0.12685932780094156,-0.13058697044565382,-0.543348101196757,-0.03851506425172715,0.016284154164469742,0.3191784894153465
2,3.8113862124531654,-0.5412473596554523,-0.6484633714012208,-0.11568490123014634,-1.3028757589761526,0.37912101999154896,1.248523298564715,-0.010215069600210019,0.10377967687885939,0.5170070339093071,0.04058592045587573,0.35000450125705446
3,-4.800698988739253,-1.471405412036061,-0.5424107373781891,-1.1213131488133397,0.07785362737255781,-0.5106139343330839,0.062437152636757386,0.26287352535741326,-0.34984989470559397,0.32891130685167985,0.030877041348883336,0.07666282263879949
1,-3.1696507569037426,-1.4211773909876324,-0.3944363407916268,0.9983367835588974,1.174065878935064,0.5241134011777312,0.015266716094810557,-0.8525693412081456,0.3099874579933991,-0.20375044230335304,-0.07124383926137325,0.020840049762293814
2,-0.23936642590365553,0.6004429768062739,-0.12454484371207317,0.29227645834660754,0.8876770626618483,-1.1833290837217134,0.18782099051309697,-1.3105166291390156,0.043239421066966696,0.029895119320751267,0.0028920517653352002,-0.03391121150692799
0,-2.227897861676972,-3.3287947515871608,0.17608851550349888,0.3813261270823202,-0.8218883314799683,0.3485825049851454,-0.0018497223522060784,0.44699454521881105,0.19220023510067766,0.2448036338646721,0.09055015246397502,0.00730993270312155
2,3.3926671041871823,2.1295871878129775,-0.9316304812429009,-0.07534611957067723,2.3903064209379457,-0.5547155324300613,0.2834124002692513,0.3705356756471211,-0.7147650325909317,0.26941626183709905,-0.26772642139290226,0.08507618546309821
1,1.1263212843563264,0.5266911746276269,0.11961701726848263,-1.2890453097775751,-0.11367294585867894,0.13832841049661415,-1.0331936098575347,-0.8225306453724991,0.6569477545031027,0.15240304672717056,-0.33352300673796703,-0.11670566095855521
0,6.1157365697086705,-1.8549897647784286,0.5755765691995851,0.04296626379011513,0.021966291427922238,-2.2446014263455876,-0.7460974943861447,0.4934506267623255,-0.6008020200693023,-0.264874067064162,-0.03311666848892558,-0.36928647705373535
2,-3.218795331317417,-0.5876138508644074,-0.4992535621009552,0.28504783607839107,0.1611978785095003,-0.3620362900820313,-0.45885606588488786,0.08113677347670233,-0.17833316641710117,0.07320983568058906,0.027735265033862744,-0.0967617173787595
0,-2.5029144648882484,-3.414360400766175,-0.1605692648883149,0.36933458325870366,-0.9316085943393835,0.257659620138336,0.28208972908603475,0.3283160834142302,0.3042117231796285,-0.09075630198572442,0.26414896744210864,0.04830267783107148
2,4.653269291013609,-0.44812935806840143,0.9504386674899553,-0.11113577942939735,-1.5100022366949561,-0.048024067434238975,-0.5291788616474821,-0.06175557744947245,-0.5428174960060849,-0.2580681416499576,-0.11747546154763142,0.04928882637689511
1,4.307926408357537,-1.3116006567577945,-0.9795298673969327,-0.40548684096232007,-1.1157856955796137,0.3819508445509391,0.696950594822852,0.3457437638023741,0.18796306363471332,-0.3673398321513275,-0.17921557979846758,0.0008761241480932765
1,-0.5862087489135439,0.06380018498161827,0.9490986201275081,1.8120996891687353,0.2717793733856118,-0.9939070324108933,-0.44307977269075477,-0.8334590311488351,-0.4534826240257976,0.1120846906028026,0.2630719566751304,-0.17476476391957468
2,4.164073234684036,0.16167250759666293,-0.37080704488490346,0.8691249574425927,0.6674903527397527,0.28203737902654424,0.5781748547515169,1.0948756650381137,-0.5832713480748728,-0.11474427035661311,-0.40288480836044516,0.17408324138171635
1,-1.869153029567007,0.6925469564418455,-1.1252996862659024,-0.1686449245031155,2.1754620454144384,0.19505299399752757,-0.6056219739655478,0.12304672926990623,0.5130901673158946,0.1434403398604058,0.11796618475689193,0.025599849626049737
0,-1.7202824727207118,3.0575637249235896,0.4322005310412357,1.548882098603703,-0.016834830977145145,-1.706711456714657,0.34707615881720283,0.9186829416263619,0.3070244340733647,-0.2414788457230488,0.3005526044987954,0.11853154228122433
2,1.413061978215155,2.5601361320680622,-0.2090004960979126,0.36747513447610813,0.0807450930125262,1.095504048471747,-0.02119311848990523,0.6031867409980735,0.27724355819311486,0.40044143097231716,-0.4011322776504238,0.17328142379734765
2,4.431155218824612,-0.3156149892346723,0.14843070589036805,-1.5723909761565542,-0.7223417476813236,-0.27996955407568996,0.31794171408451,-0.038126910051760776,-0.2868154726446658,0.8500282334605128,-0.12424920614554774,0.1837864664872751
2,-1.175318219195772,-0.34541224689823574,-0.020853375387370445,0.2475804716739796,-0.384483851095094,-0.7291063449068048,0.5559966267523782,-0.8809964428388412,-0.2910508915161151,0.29012764551897696,0.06514927321480257,-0.1431812963556584
0,-2.364163534451126,-3.219650341443946,-0.3733014476181763,0.188731311252312,-0.39564231745691947,-0.08200388255867112,0.15180375977855703,0.29280169425321434,0.3413186026288504,0.06114913734604355,0.4294817181957671,0.004496050284499423
3,-3.5714315521071076,2.0263362138095604,0.34437236476498745,-0.7195508187395917,-0.5728180303077279,-0.5889597807837256,1.1741601346447452,0.3429686925487217,-0.8047619649428659,-0.09644981810163498,-0.07694914554324503,0.04183955525124064
2,4.8483608012741675,0.754766448814689,-0.40626034089782703,0.6047353363684004,2.5992433215039523,0.49356046167991746,-0.26829641383668884,0.06092439006930644,-0.08556626426744927,-0.40284369721890767,-0.050372528114145686,0.31773955818862787
2,-1.0858230930309425,0.8988013040674376,-0.5886661646850461,-1.1756259238981477,0.5223813862414513,-0.10757040946722685,-0.3505683086706088,0.28679643327142235,0.28196910182731405,0.4767670171650595,-0.4643862972254874,-0.13273606000843302
3,-0.474876393168014,1.2339523276839304,0.5153732659472221,-1.1062449085238528,0.011846955206290496,0.48210404527083206,-0.14404083052311484,0.016571601123844298,-0.5323515981248303,0.25890569922398093,0.30860962892732113,0.06118117860324693
3,-0.7912189677280603,-1.7466318096851718,-0.1743549149718578,0.019347641866818453,-0.8461579869377533,1.7056723425967424,0.5352475424032515,0.032491010941853526,0.1244810576206834,-0.41353227972420054,0.263109068635786,0.1302704986176127
1,4.225366307535786,0.0045733948868483965,0.3848689652984741,-0.24206525064466844,0.4576024478239105,0.2893340753305583,-0.5450934204049417,0.18055146633096136,-0.5190315068580694,0.12995543960925876,0.17334079007427877,-0.38545087478816903
2,4.679385780001732,0.3799386653835574,0.24018970412689275,1.2659700184810305,-0.36074533027634215,0.5677331038860014,-0.03689538976071185,0.6597758824351341,-0.6545050374771102,0.2850060987831959,-0.11096086423339456,0.17848527690741417
2,4.771251562109033,-0.21100658614640344,-0.09349125806656133,-0.7798735403531739,-0.9390137984459516,0.0535941339190469,0.8031990411499377,0.05103036415687992,-0.4616994488517677,-0.15896696588692807,-0.1131838439201774,0.2876481160342927
1,3.598376425365568,-0.4082142634746533,-0.16143618114813804,-0.2920056504249347,-1.4424749952067246,0.6440842899767013,-0.48275199315772516,0.017035254750778942,0.22447554745867576,0.7133167942517666,0.013034778971179113,0.07132528736980606
1,-0.10374732968647615,2.62015286554764,-0.680947529464831,-0.69845589196072,-0.345686244559201,0.6200730125130819,-0.08958549410515187,-0.11373584318851458,0.7709087288416466,-0.23368112150424003,-0.09836111053932123,-0.10878741816766552
1,-4.050719091004519,-0.3412817269637042,0.07028758275560623,-0.04626138420011353,-0.49400994545611515,-0.0033375384684569596,-0.20148504255182462,-0.32529376766844864,-0.7719596012923918,0.04076882674208353,-0.21078930132265708,-0.08183377295254107
0,-2.590032578105132,-3.0645568255200994,-0.4127449649523371,-0.20346605757273284,-0.27522576092918055,-0.10106310183381799,0.4775840308403457,-0.03911769586530185,0.34107851727535166,-0.32013723706528935,0.21362441225611548,-0.13135381712752447
3,-3.26094068306243,0.3208833100869162,0.10001889836564419,-0.5957247437000898,-0.3640609143644365,-0.6384756717770386,1.0172268818517103,-0.45523565768169966,0.0014018897881337006,-0.20662079043116868,0.10759131997199914,0.23487019301914286
2,4.496576816621422,-0.12908893294900192,-1.1885277512702728,-0.7399331335118423,1.506523546439178,0.25566210894370334,0.6622450380713296,0.08425496040696039,0.20244345611733186,-0.05659531542185885,-0.09447568138204786,0.2781431334994776
2,4.239888037865321,-0.774595254426274,-0.08362616360616444,-1.8318058295908273,0.34983953157886777,-0.030351273164846506,0.15402484223715499,-0.18034662884349664,-0.17319403353234056,-0.24097895947093745,0.007268280603324991,0.199423642685004
0,2.8576333344098663,-0.2699410582322414,-0.21258141955839377,-0.4254620043144471,-0.8791908847995712,-0.9343458062088084,-0.31888133193038637,0.38196507815643044,0.2753167215144245,-0.171720599869883,-0.004821035728219361,-0.3546364280529915
3,-4.773051737175893,2.237185688356846,-0.44497199673649,1.3395675974810906,-0.007345115335451836,0.7171795995090183,-0.09012753294659658,0.5046781046355736,0.21328596806344818,0.27826361906265934,-0.05511586894853656,0.10888152489934534
1,4.608047773069477,-0.7807515462495299,-1.3666264457818034,1.012667451432207,1.2164872031054146,1.5315053306970277,-0.11373333597182789,-0.0634571744312913,0.8124168079237745,-0.47697632489179326,0.1018473838373083,0.02282697330332283
1,-3.410238099635552,-0.3185418549666,-0.31291985511308995,0.7067333210630242,1.3138825794756182,-0.032670287025779614,0.11618776061906726,-0.8741946445098443,-0.41358690557098543,-0.04520137772144832,-0.023194819712513522,-0.07239552610320654
1,-2.5663177586241592,0.2895072299556739,0.024905139670623366,0.9010966722139071,-0.998880781829708,-0.276262797230266,0.39884008519795217,-0.6064201701639982,-0.5352043860635087,0.394495861225177,0.01343207601338776,0.09941785695781695
1,5.289461552063004,-0.5225628443298079,0.36542776422714196,-1.1759333322245036,0.6710368847765888,-0.49392229372525503,-0.4391857378804015,-0.04924378973563662,-0.3084179386532759,-0.6446177166668683,0.1059185168079617,0.01644584562811076
0,-2.3196260556345285,-2.9234050039932726,-0.1408404559943039,0.5966802911776499,-0.4765323214506943,0.6231826724287673,-0.1028758099274972,0.18030194217287335,0.1420185972462109,-0.05616175976482722,-0.1547724406048081,-0.17729283132200774
1,-4.379376748489897,-0.3406982877338334,-0.38792505296006347,1.5598116467359067,0.31561892131249614,0.47144410165537143,-0.14727486991560426,-0.7075968706486053,-0.3431001106569105,0.2838768609080459,-0.2737344860056014,0.0463679849536448
0,-2.0691123119418857,-1.9050217418056885,0.5002113647551855,0.5961507249510163,-1.0426657107351187,0.3600011574989129,-0.5750411958181945,-0.5645131785777313,0.3161573431310637,-0.1160892814804185,-0.004359093047716238,0.008414112418234598
2,-1.6661802869635034,1.232129060312213,-0.9511218312617632,-1.8094131092855217,0.30416208818378376,0.6617138678047094,0.008787181204130034,-0.42266695753171757,0.48580207585423407,0.19724526679835536,-0.12430615959400428,-0.09323804747100736
3,-4.0289113541290815,-2.9122015118444584,-0.4474937668435884,-1.0056521657905684,1.0466752880886108,-0.09710977353506882,0.1692784434990272,-0.20226894109484206,-0.15390128226483846,-0.18026216358496758,-0.10974636997506022,0.281658808516301
1,1.1966348492337502,-0.4974649450477225,0.20084621613853315,-0.04622248703047437,-1.6857078255939888,-0.02721623144527369,-1.1258940189911133,-0.13695485402698476,0.26615615813118343,0.20181050064296283,-0.13706371866141054,-0.2674331555183408
1,-0.3559629935369881,-0.020146415771750588,0.02327227646872623,1.459821517009183,-0.6343226732401224,-0.7987361969534282,0.3484354454150649,-0.9173354900443059,0.0007092458035018582,0.16293378798736152,-0.2819152205908861,-0.026869323431422752
3,-3.3940476677101072,0.872596849703819,-0.5974034799298151,-1.445176213368244,-0.4175901830961855,0.7710034605159268,-0.23806781914587274,0.39178975734629184,0.016807385151786265,0.19847590475844915,-0.0017912718075879697,-0.21943288026115054
0,0.5073562728151246,0.17698340091493214,-0.931199080130889,0.7800593308352178,-1.5541943910536695,-1.0552582592628859,1.003952838314137,0.12421509722443944,1.051071795019871,-0.21659868263021181,0.2635675867865651,-0.031693508284702236
2,-3.0824404401457968,2.2652590262001886,-0.5150838953147958,-1.2308501115164445,-0.1180459510738113,0.2279941666989165,0.17330532619799982,0.5573202657375603,0.23050447339520394,0.5015516149500768,-0.4297947698369054,0.11983419007409331
0,0.556983306733138,2.0779368298732073,0.5671568048967919,-1.535844549419413,0.2608046913025108,-0.8760932172231728,-0.7311405054638959,0.6858318254742701,0.21104964470833226,-0.20395425898379543,0.03681046904234902,-0.1292531144919986
3,-2.265111603231767,3.1094943550000322,0.49371107270466974,-0.38764831474902467,-0.9011639381808857,0.15897227810304615,0.35377997411197576,0.31263881132947424,-0.02014944621759464,-0.3307068297762021,0.481714468225573,0.04660959784298063
1,4.764930023137676,0.1978127210548448,0.6115365723025745,0.1621070308630679,0.8538627265986626,-0.6350949839291468,-0.41426962563317415,-0.6342107926094076,-0.1249103025026093,-0.2732706169185969,0.04918846624435908,0.08764261230169659
2,-1.1570388353891046,2.5043611708025284,-0.2003387897921236,1.6099048615915927,1.4867784283030174,-0.9728209573202302,-0.4741809692108425,-0.5981234710876445,0.13911923863228215,0.15244186864546905,0.11312722350399057,0.11863948873290232
1,-0.3083370551137646,1.1104539558612778,-0.1756210179798387,2.543637942159758,-0.005775158902229608,-0.12999384628971908,-0.4707405098792761,-0.5200872475386913,0.06351748114509455,-0.18950402548684017,-0.5290990189449158,-0.018490174487717323
2,4.538864898040652,0.08768712574629006,0.8715620150780468,1.0968230299198902,-0.29504679197810374,0.3816931048724118,-0.5997031523276551,-0.6049889947595917,-0.4004109426554368,-0.4969500582389963,-0.3274209118482782,0.3081521723045517
3,-3.116319647798236,2.3801622081367517,-0.029700048975536023,1.5282635582698767,-0.35942362044173837,0.8455424743480795,-0.32452217613066464,0.1464685327329811,0.26614250814105844,-0.5515292551671294,0.012807028495615621,-0.04453408520301959
3,-4.205039375443142,2.244304051407216,-0.3983098118809917,-0.924576712867541,-0.28239110798062944,0.6786064962158619,-0.28859543528783543,0.6047086429299924,0.4522166255843848,0.14930573049957055,-0.08973214646155497,0.041494028476402
1,-3.677972100767071,0.9723505867495941,-0.6377789821975984,1.6453758478888316,0.25303017415644186,1.291724550982191,0.33674303636677083,-0.32202498127832496,-0.221356901513555,0.02032030054314323,-0.27695275252439744,-0.07475519505956993
0,-2.7657873851670915,-3.1976566713819814,-0.766543106649235,0.892265516679606,-0.028433596185099594,0.13588180821567364,0.2210137394778969,0.5170251495296043,0.21474795522183412,0.06077114544369999,-0.14670011903435903,0.07441080083804744
1,4.183316986542812,-0.4793843972825415,-0.916184718182548,-0.4438254118319864,1.3582785986772923,0.7853021541368105,-0.32310148437228614,0.18473285694575478,0.009477537759101373,-0.17032775438939,0.16529515117125293,-0.17588807745577506
3,-0.2915515994403735,-1.6351798662207455,-0.018917478894308233,0.1217278738950446,-0.6827466286948354,1.9609960102212587,-0.013582900504454438,0.1429808667410445,-0.22691106724830293,-0.19104446090550656,0.31844858492389355,-0.12882281515382704
1,-6.364362206586546,-2.5190332295983997,-0.044153254985733977,0.3915514291318096,-0.012018380778661393,-1.0570319768566978,0.14402629322083035,0.4683887188734788,-0.25500386681553716,-0.34552473744050566,-0.20889565045965625,0.606959831056601
0,-1.2838538936381918,2.028703194382225,0.8400058727757653,1.2278115439821289,-0.8710800860519912,-1.337729230956384,-0.11325919502453646,-0.11063291846456277,-0.18289467731932352,-0.20963575050915104,-0.05214993026763941,0.3359628470375686
2,-5.911426832915475,-1.8284610674052573,-0.64880743829859,2.4511281532688307,1.1596029595720532,-0.12613470418813125,0.03577667873877174,0.9651699074197001,-0.43829554251634284,0.3728920211183674,-0.18011959576317707,0.41632279313879067
1,-3.2831639380720525,3.98300465165891,-0.9223925945009567,1.0191238809415792,1.241081046424579,-0.3022609209532022,-0.15926193614856224,0.21900819886233422,0.9855349469442519,-0.03187774342304173,-0.03130414517901626,0.10488900108019039
1,-2.12824878652607,2.5851913643804556,-0.4994976350638798,-0.23257793690097253,0.9225929709349463,0.5456063078481912,-0.19659831086401697,0.603709042447116,0.5957871385396001,0.14949128818579058,-0.18486766417639822,-0.1206810507264136
3,-5.036470954956382,-2.3341011100986613,-0.3349680205583535,0.29823688492498074,1.105333676170436,-0.42406832239581976,-0.1464258074600331,0.5994168692183616,0.025774439478603063,-0.004625978573218601,-0.17578721394248747,0.2655709184634195
3,-3.0417156572766504,-0.5648067811974233,-0.37910552158617455,0.03591144645296604,-0.0866832728024537,0.2773413070324985,1.048011185886208,0.7727928534088805,-1.1051228234321144,0.0984367313034601,0.04312406438933164,-0.7355831498709385
1,3.5056767680247805,-1.931274076222275,-0.8043501937809215,0.0427713646792597,-1.6724910620026339,1.0354569865712693,0.49196919972566233,-0.16994548191005476,0.44528232865655826,-0.30477577694226693,-0.16232907171910263,0.11295684123615031
2,5.265341811959356,-0.38029872987501345,0.795863087088655,-1.083496546113989,-0.7785798591476326,-0.5416791967217607,-0.1147917166215489,0.12861973794596046,-0.9490016622518542,-0.44659059982924454,-0.05080313257267115,0.1915594652515895
3,-0.8239221982898752,-1.1850259071382159,0.19546383826870872,-0.9098871714483466,-1.4168578646525327,1.1566923524341381,-0.15847833800198663,0.13597629860072136,0.04685055796900415,0.40259821265912354,0.40978771501679945,0.26856113109877755
2,0.6028924380787688,1.6664115699560273,-0.6978030247540199,2.3145867640779834,1.2255529904874962,-0.15334835569607258,0.16233095312467513,-0.48604226814321266,0.1801979950579203,0.5560129252698737,0.45340876846646877,0.13679501305497166
2,4.95602608338266,1.0393399231547378,-0.4156003983287037,-0.0199596152323644,3.866669056087497,0.11092561417079935,-0.3706001611241876,0.10003074932787827,0.08157709425075223,-0.5596601320680156,0.10863086399195063,0.5013902153643914
2,-3.257367354142444,0.6714671206612696,-0.7795616659839726,2.465297532013593,1.448910158822987,0.2232883632520944,-0.4214329760811931,-0.14514785488863233,0.31930527845923157,0.3772303773331577,0.15031237217588633,-0.14337771372899763
2,3.8975695132559856,-0.1712404040413706,-0.4154492190788975,-0.251956178321794,1.379556012355605,0.08087487831153119,-0.0680524528204964,0.17745936924261788,-0.11748342255088041,-0.38365961688529615,0.10302547368036959,0.2238051288316169
0,-2.0741542551081653,0.008477695201239276,0.47820558324920004,-0.7890052189458223,-0.5974381075706217,-0.24964219926945577,-1.4005512051010574,-0.34973925347286966,-0.3380620940452704,-0.1185168757403096,-0.11942121113617683,-0.2395308811648737
0,-1.7584908541574071,-0.12258123672488845,0.8499780400005438,-0.5518200604509014,-1.0022974313013837,-0.23915575750634502,-0.76541446222795,-0.012871330508289697,-0.4847497014257647,0.13250563829966325,-0.1643241520892878,-0.04874386782522932
0,2.0580638650590966,0.9079866024863136,0.6423527808611014,-0.8990615518936478,-0.2553811430260938,-0.5377626999197496,-1.0927461528608378,0.7289564726024212,0.103990964116993,-0.3496243399169922,0.1257073052124585,-0.27287500201826376
3,-2.6596911534564818,1.8499086202703372,-0.4896976288233356,-2.3778777563720364,0.4245154656749568,0.20286341757140877,-0.17081582929862338,0.2834411284739777,0.49050285241213737,-0.043747132033030205,-0.2935794387553454,0.13801952248724286
2,-3.3793704127409883,-0.46208708047242847,-0.7509557945851391,-1.23550430903901,-0.266156824134456,-0.15833958854979122,-0.16890578164096665,-0.24181054231198276,-0.0790109759831374,0.3128284140342643,-0.361933658219931,-0.05716845147992877
1,3.12973333062739,0.5883627824297625,-0.8557705195744539,0.76280975356293,-0.9251278352037594,0.8654200395509689,1.3698503677501734,-0.4992001612940595,0.06406830189160226,0.0635969417367803,0.013231406265570502,-0.060943983584361844
0,-1.946666427295938,-2.5492507021121567,0.26009493496249064,-1.3148194072410608,-0.0011761636302347943,-0.6340552185363357,-0.5765678054228573,-0.15508520159615852,-0.1976774775865101,-0.02887053957190434,0.1992886477743588,-0.04429578147539862
1,3.262265402308585,1.4090110669460356,0.02948564241900912,1.1836748866388391,-0.9068694048022539,0.5069157742008576,-0.003935141507109976,0.064793474990674,-0.273722440534912,0.06998312733912064,-0.09893707576738603,-0.09818566684980921
1,-4.380726182970449,-2.5745898851895648,-0.032228443550731636,-0.5297154516788041,0.6782982068003895,-0.7352974279306411,-0.06728010791950743,-0.3745254713794596,-0.22742471839292103,-0.2519234118337963,-0.4255293676738432,0.5117428623950919
3,-3.0413459168679795,-1.4713978338425238,-0.302869882306427,-0.42907265970191927,-0.1197295630612173,0.06080384520476683,0.6957006526597024,1.1067111652671875,-0.7582174507102265,0.3261865262534544,0.02201445292135815,-0.30601687148721946
2,-1.8656650420209577,3.0121208542749804,-0.8938717630559746,-1.5560363101585195,0.02551775155144338,0.38940670451017423,0.18157720921135861,0.6460408407155722,0.7015249510410871,0.4677747702720695,-0.20360418404470348,0.08672594218217727
0,-2.138565027737458,-2.9806717382377848,-0.40983509254128103,0.3761455331028294,0.031596475796839885,0.31198802591768415,-0.38090750440708454,0.3502932932232937,-0.09270276468185253,-0.21278526463882338,-0.007118538696012875,-0.034738230853623965
0,1.2816980893689551,1.0254785908390538,1.0469452217754605,-0.021444424829147626,-1.8238921613783194,-0.4428663234285483,-0.7378705877601117,1.0349567770090615,0.1540414891045176,-0.38878886794377415,-0.06969899891539061,-0.1359022641979947
1,4.979733564664327,0.24389065114413147,0.24148667803158216,-1.7892611304627377,0.16935080013533527,-0.500583068118161,0.14186796285506248,-0.2471114622610746,-0.6983670360678088,-0.27055229909715584,-0.10870761135214657,-0.2648044574809365
1,2.7328951839271087,-0.28834141697679455,0.026938447427565886,-0.8368897878475405,-1.7464631352696984,0.5753684544396372,-0.7685816818461592,-0.6741997233717297,0.7272577763660248,0.7906421316864402,-0.005269393603233304,0.1412356856454387
0,-1.1884372837560078,-0.8007716819059167,1.4817161062405844,0.2338901085260804,-0.24101690959300548,-0.7097069748261097,-1.3799947615706,-0.30000282722550603,-0.4207082402420118,-0.1654836145725037,0.16814018529237598,-0.0611463256938603
2,1.9617785179133305,1.1413178738942233,0.3175462227706216,2.275287873421868,-0.09724714708615764,0.1577903258382682,-0.4183497277174704,-0.4897773494684164,-0.37428698753296,0.09108101792151312,0.35486640560629334,-0.1077048142328926
0,0.372550134618872,1.426100946205844,0.3439678411201069,-0.3981917515306657,-1.014182780739702,-1.4100299695561327,-0.1290933773192739,-0.329604051514674,-0.0801183991373224,-0.18795576656610835,-0.06681044443317309,-0.13034247463634385
3,-0.432988778503883,0.8454878920076405,0.01745252021873479,-1.6313155042779148,1.1304270392401485,0.222531829474516,-0.3033036457619808,0.07074001152751168,-0.18907020643957767,0.36755491577545585,0.5402895004539051,-0.03132214357695393
1,-1.700164965699057,-0.5194777148501711,-0.12723089710682634,-1.2048773430987678,-0.4324216401654634,-0.2847202241580624,-0.0545775588917621,-0.786085411928454,-0.010427539499946193,-0.15356030606904617,0.09362857540343981,-0.15152427240151967
0,-1.2402145393988264,2.6221705264159576,0.519440432331133,0.991562036474927,-0.845391001300031,-0.9637580466387314,-0.17283178339020305,-0.306027852364138,0.14733577413352905,-0.3276705593413861,0.08223979414873867,0.2563995613950154
2,-2.761340777348057,-0.9512910501158995,-0.7619565013516695,1.3694314305410349,1.328869838007078,-0.03510760065680797,0.02899514528204946,-0.5371818530766311,0.0008488994431209935,0.12344194055959479,0.02570267100384956,-0.19778762747976092
2,4.007626558910814,-0.6743142956411743,-0.6282524310458325,0.8470443174181946,-0.9050243484931276,1.0512201162867103,0.5780164473053041,0.15204419857150273,-0.13681450956487945,0.3922381376439069,0.045961173477083776,0.10969618694677137
2,-2.0922782667805535,0.35737284292304455,-0.015297097291290696,1.024415122504438,0.6642965106602392,-0.5095546019739525,-0.23851809272257019,-0.346340703292951,-0.2514277090821549,0.4256471393542607,-0.030564248470871656,-0.12533012659048598
2,3.924055387714374,-0.41026005511939395,0.2276181850691301,0.4503486300442216,-0.1482209319614707,0.3801254208003395,-1.01759926524095,-0.06857581987477841,-0.2475952918054603,0.1062219644781484,0.19365126287878523,-0.15139205503407796
2,-2.8419104310025443,-1.558643463847513,-0.299059307521968,1.4398670219870306,0.29187362554049473,0.17077052445288304,-0.5349601964303987,0.21202705754970488,-0.17872451234446557,0.22893495695818325,-0.22491481390469117,-0.15310617972957324
1,-1.062921039372386,4.028444633488063,-0.12020630733965855,1.9408050094150933,0.15719847675005225,-0.2609540122674,0.5421143919545035,0.44367709767638996,0.39376693529912704,-0.24834662542983726,-0.06698821915042583,0.05438186021430268
1,0.4333892694549564,2.3939116886417544,0.2525201301536434,-0.06935219021481363,-1.1709880055825208,-0.6056614181938645,1.1602869622636283,-0.8777094984016736,-0.09801324775137539,-0.2816692954738759,0.06321797315583694,-0.12852110838600278
2,1.2061908586708188,3.305057534200549,-0.6198472467512405,-1.1635336807687355,1.1603120903949937,0.5616335967318346,-0.024232653582385588,0.11056800687145714,0.30191166386029367,-0.21006151290340444,-0.1873865728266853,-0.2193359195753868
3,-5.744979139604214,-2.7929907208845357,-0.44034278614739886,-0.3995615434078366,-0.1330735698719369,-1.414393857499632,0.549463271832448,0.844273988924509,-0.09343498546751859,-0.02975810116889092,0.0937882964116638,0.723717228420501
0,-1.7442545826021392,-0.39072493546641934,0.4307262592355362,1.4893429956036879,-0.370510580086362,0.2477419848425628,-0.7121555210005273,-0.013756290372982522,0.1087975128055744,-0.18516716538770206,0.2631914185391554,-0.14719959057754708
3,-0.5510092044750907,-0.9849265846485833,-0.013283188660941527,-0.5553594519887182,1.3421776217386157,0.9438298459893903,-0.12952795896693634,-0.4247217910384944,-0.1520247482822894,-0.34799464162797383,0.2706876496620376,-0.04352196891392878
3,-2.423435467747236,3.3167943391148644,-0.3747399068564076,-0.09138566818123019,0.36871197563489605,0.5507826898400678,0.27868625870832675,0.15745605806868693,0.3940569673639385,-0.36088809228455754,0.29133271590633225,-0.07337569774730995
2,2.552363193028584,0.9000195691635957,0.3991050772213184,-0.9993353494323648,-0.6811930170471174,-0.12728134035829647,-0.678884121102011,-0.35907550072267425,0.14723322200672104,0.3472441369058736,-0.08496006718970893,-0.0669250668441935
3,-4.041996797156491,3.287509188382503,-0.11466967832144657,0.07683655012294095,-1.3594613749239504,0.1677542182768789,0.7665252426921053,0.3329644269304451,0.5621826348803247,-0.410797834990809,-0.28686443097764863,0.2439630174984117
2,2.286856533232987,1.8593090023334873,-0.577014722662358,-0.8496231519096256,0.1228461970728217,-0.7034053078394428,1.2996885153018216,-0.17527015625477352,-0.6895346193377476,-0.001542999707928227,0.28562535989273563,0.0361717947905539
2,-2.4245364730244354,-1.9952638379604761,-0.5213084015972239,-2.1808424462181226,1.4591033143886438,-1.086891945881259,-0.19956729230738143,-0.644581203522995,-0.12433747782352836,0.08288229047624061,-0.25084812931269435,0.16658359112155263
2,-0.0765947861629403,-0.5634736551877314,-0.0645457880506562,-0.39705173601297006,-0.1743506990837594,0.22291263322481916,-0.5592766240852225,-0.3790860081048615,0.11601093132166726,0.1862286664287322,0.042123663957156714,-0.230086886457333
3,-2.001367835457342,2.6395156539489912,0.31019372719374033,-0.9228063013142921,-1.1268023632820898,0.8254626385825855,-0.36301369113613136,0.6392988712828249,0.6182665948232805,0.18690483546425132,0.11706432591862331,0.2001579616123556
3,-0.11439907840085606,-0.7773556466726248,0.4292067708039389,-1.571009361830889,-0.41781269820383815,0.6243054758408644,-0.16858082160991228,-0.48545081562693493,-0.2819293086562518,-0.29579853421735447,0.2441987540004821,0.14884478689715772
1,1.2390189843680381,2.229363044707319,-0.0218792840321121,0.12438950114119132,0.09382311593115875,-0.6311701204721559,1.088338800874621,-0.5498443761825341,-0.3799179775934132,-0.31135012790433475,0.14346114953170935,0.04122889609958942
2,4.478586749116044,0.9619962310534939,0.00879783598065404,0.21109529280045397,-0.34037581209938345,0.18530304386939628,0.07938106222075385,0.3758410579546954,-0.771775521038446,0.32534225794021937,-0.10678688015654719,0.28400047172227744
3,0.33281525911619725,0.9464595798683796,0.8175180127137086,-0.9446271241024669,1.8340633325767781,0.7556736472644975,-0.9260653009594814,-0.06296123568566969,-0.4308004670169004,0.24832358422652492,0.2234774500020256,0.03042780765438205
0,-2.2642636486942442,-3.002166076907051,-0.2031345872059324,-1.032599450422521,-0.20586160119599706,-0.30412781501460445,-0.2183094836647169,-0.026842957841586263,0.21644614506363485,-0.044501336697302954,0.13603913928887992,0.10016303802987478
1,2.609501205005856,0.06326969501862315,-0.1839012455132217,-2.1929775828831026,-0.30465386306056363,0.011574156421503043,-0.6289167069913713,-0.6741056194914143,0.36572137827074697,0.5389152694057651,-0.08954618450314254,-0.0022389522546836047
1,0.5795212409596305,2.833960075521117,-0.1304454262353085,1.4192392045216837,1.1127678743090301,-0.3378225680215583,0.440024631001142,0.5507908317588041,-0.19220427599893442,-0.21635027196661888,-0.13905721644662222,-0.07853581510611067
0,1.9143955022902415,-0.5791531461825511,-0.51481592666462,-0.9160128994340611,-0.8432909328689128,-1.2441242123668792,0.3915459097729583,-0.3823604380925262,0.5889405694197225,0.12900346764544476,-0.16698382399305828,-0.22628761266799477
1,-2.7271869474051282,2.1688461030213197,-0.14039418279254773,0.03835925061467776,-1.6557219711493416,-0.5236461447746429,1.0584136177791905,-0.22151726504278332,0.24657181668515993,-0.25445622567691123,-0.3490892622905472,0.09258960831793596
2,-1.6420328051752333,0.9391118062722232,0.6408644550668934,0.20189674315210826,-0.19808238888598853,-1.0976230292647464,0.2563589032430033,-0.6790300374432892,-0.5653851436258721,0.2704775488833972,0.028189439485391158,-0.1144664310128039
1,5.4026892919814795,-0.4427702490794223,0.7691686167032921,0.659676766224682,-1.33730583558347,0.720878990072195,-0.5138574038732335,-0.056420177798063055,-0.4843698263554298,-0.8291568660116797,0.10156375269324674,-0.09277312605257018
0,-1.6604200882381848,-1.566362586151511,0.9301508600531702,1.0047125224411253,-0.19481528531618894,-0.0942542482611253,-1.1542665128620775,-0.04282582520164446,-0.0028217523358741773,-0.1557070394866171,0.22680623262997132,-0.09833398284714971
0,2.5854643419561496,0.3392583387940785,0.33897452538557865,0.42612072864128586,0.01867300623927681,-1.0334732117865224,-0.6967161179252693,1.4423180878895765,-0.23767750021803422,-0.40561885003954523,-0.08726761814555617,-0.5090395161057322
0,-2.1042428894043006,-2.9699280456300614,-0.3527236431889301,-0.8740320478967899,0.2818392850219614,-0.05265880098877196,-0.11001882468971745,-0.03682874557082213,0.2563809983863082,0.12584775838043913,0.22856711829375978,0.02040501124750601
0,-1.2111247825218003,0.602126706602535,1.1403177976839776,-0.032077723737768085,0.1499433431951152,-1.208551572846969,-0.6941136158385415,-0.1890231150986379,-0.2258638490726926,-0.24658449008227273,0.18523646727009216,-0.051832635478603936
3,-0.3789885879195978,-0.8110489722311948,0.7320788008978196,-1.052097947676381,-0.14286385217342154,0.30270890840129616,0.1981940847750446,0.04823874914411065,-0.6916499586265412,-0.3088303617673755,-0.16307205787254814,0.08101596617678682
0,0.21855888999209355,2.104782770879479,0.27040158970793376,-1.8815288797133276,0.8735976967443446,-1.181011877439951,-0.871507414171735,0.6082942441712872,0.40071238938767,-0.5897841140354371,-0.22859664819071943,-0.08979910478069618
3,-0.8743128926402979,-1.5964463304031862,0.16485559091831287,0.239658866929113,-0.9088509146098832,1.4440896277601765,0.1930529045282676,0.28406936556847884,-0.008844315935095161,-0.0742983411387651,-0.23059648913674802,0.2939710187428926
0,6.557854796229224,-3.103947469462242,-1.6539806297742334,-0.44615927066775596,0.22085612070903562,-1.5118650043773827,0.11015386210238556,0.20840474689719313,0.2701173030004444,0.6095023523664206,-0.04708803778346663,-0.03743211159560692
0,-0.7411265934815497,2.3557295375850282,0.25466965083823373,1.5758253582349964,-0.17877716340290775,-1.317019879294081,0.31756996736194715,0.8813896293374324,0.32683586337841375,-0.057978758640659794,0.13928716607520872,-0.09127160313137564
0,-2.679024865295287,-2.9228489449569746,-0.5472541307156796,-0.5823767626647047,0.6897708337561052,-0.28000879661127026,0.34353114406626745,-0.13405632167502332,0.29278944074359914,-0.3973741282831112,0.16845682628808042,-0.11396973154886422
1,-3.314880682519353,1.3314812411346593,-0.14730242941641422,-0.4327347622405348,-1.6158926341842634,0.4865233815812333,0.29714894851006446,-0.10310007015665085,-0.1923924760681011,0.23679911546574187,-0.19357257673181225,0.05080593299021843
0,7.419428819483597,-3.0695640653808107,-0.41685603656899733,1.6194208995391135,1.3426673536629898,-1.6416678491104777,-1.1092928019007362,0.4442709757458353,0.04189897775497101,0.05169090393121647,-0.3307092232607582,0.11671754183239855
2,-5.090301637935718,-1.7441290824585955,-0.31998336766487356,0.5596810085846585,0.441532151481442,-0.8071752917840684,0.34738938629018756,0.734868174930317,-0.7438796245778476,0.007169566140607222,-0.06590614169120364,0.16221166781009827
2,2.989231048841092,1.7926590444949078,-0.5637545733212928,-2.49192705756818,0.7992036298771783,0.1707040135963821,0.5589717541879334,-0.436945355055709,-0.029374890368038097,0.06726375995901732,0.35464312838582857,-0.11234719246313461
2,-0.42848190541884407,3.251923504794812,0.07982235559468533,0.41366871636855496,-1.18762395528199,-0.04945403798555162,0.7313792324914473,-0.4587746464696967,0.31264760926491625,-0.3265393908057744,0.019242563269067803,0.15204884380579672
0,-1.3424097200170564,-0.41478819343003076,0.5678821467003329,-1.0929989096613517,0.0331798305869408,-0.35305322138539946,-1.4875359505985644,-0.1500803504486998,-0.364078610873906,0.1269312974470099,-0.24591061440819656,-0.24288285971689683
2,3.379848935456356,1.6426264558411277,-0.27986578307104854,-0.13956780117907056,-0.04408999639593727,0.3253599651346279,0.22518059239973542,0.4053106136014431,-0.31879886048112255,0.41936738883056807,-0.012941661661715712,0.126981363535405
3,-0.9199819837341445,-1.6266584756335136,-0.12364754356201745,0.853772138838034,-0.3681876410773819,1.6780595328576808,0.32063231742948745,0.41108789880184293,0.027598648651358387,-0.38669156086685497,-0.010311310782810099,0.011205036719044669
2,0.9663028582588361,2.1804633054491873,0.03164845882588349,-0.029815891892144494,-0.4728206060018279,-0.33419165585074173,0.8771269689137413,-0.5177814805109282,-0.159282440448875,-0.004692996313304779,0.026514495212887658,0.06684888473442442
3,-2.910223930417172,-2.0096044237305515,-0.7410761608732406,0.4076736729191131,1.0556368817362212,0.3124633529524124,0.2828909826533838,0.801787528370926,-0.2683360673034979,0.23128290738105697,0.15270452435042353,-0.36472036346988035
2,-2.1518126608587296,-0.0433406905129028,0.03290230318838929,0.3505571466696233,-1.3367548161728577,-0.5678011555834971,0.9839525620535844,-1.0862404534612156,-0.34150767609770827,0.2139350549161948,0.18045106995920726,-0.15438585833685192
0,-1.7052926477330326,2.013312990711036,0.9949520549512617,0.5012013876805846,-1.661672704954503,-1.3892092285078768,0.37178649142938264,0.057194992611198335,0.11674716460552872,-0.34594827846739473,0.42259024372323606,0.11621991932226891
0,-2.200097888856069,-1.078056068351866,0.47952965291096517,-0.09706906122754826,-1.2516199972464197,-0.12433200421154093,-0.28648218288750893,-0.5853074915551073,-0.20538266829277524,-0.2781813549634967,-0.06883260533401443,-0.028945006655681504
1,0.15237224211553882,-0.7722212946311466,-0.4107370829638579,-1.461874400265285,0.1660330255222436,-0.40456532798414785,-0.2955452149177545,-0.35989263025282453,0.13318330478063783,0.49389137072028627,0.0869134699345999,-0.11182590545923542
1,4.03988849825252,0.03114524885163641,-0.7965416989747626,0.32106674766762844,1.3139191232547591,0.3216930067329397,0.4517078342915518,0.20113260128462795,-0.0825199515425002,-0.4117083899162965,-0.2636026679978002,-0.08281376438749191
2,3.610651509368441,0.12261994544687074,-0.2317511462613043,0.33973269894949437,0.06073301379626375,-0.23912540431211235,0.46619826993280783,0.20373607741038854,-0.23254647774361495,0.8081116921583246,0.16086737866950948,0.19010419633008732
1,0.823501770417818,0.9921392285593662,-0.5964604777111906,-2.394453267467704,0.0761595933314201,-0.21974087963851924,0.015029179405948041,-0.23518547957395589,0.5402521913122827,0.1427496944306436,-0.13388127255051935,-0.023887008583323353
3,-1.6075434857819624,3.3442139712078354,-0.1049555738959954,-2.0726320096451523,1.1794867751580798,0.328702403514675,-0.49896738663309925,0.4000663425901211,0.4930836472839887,-0.0690611660273306,0.347974081977011,0.028326044011370174
1,3.3833264302960053,-1.1806549417394883,-0.7743399690940898,-0.3761500477076018,-1.3460141823432927,0.5318352879145092,0.7405036340593787,-0.5058709167538191,0.323410535853134,0.09201710501295264,0.15539099937444206,0.03499663082407932
2,4.6334469735476,-0.14741536215090217,-0.3276818378698051,-1.3591592961387122,1.611094770530266,-0.035293098770126666,0.07142116220008737,0.367664001941591,-0.4101543582617062,-0.027697521022366157,0.013449774671908835,0.16760980198347844
3,0.4626636020339114,-0.5760298707301841,11.93473147916196,-0.19657220314065774,1.722367780452398,1.7211896016652428,2.3290942540327317,-0.5102723014404977,1.6594101801898973,0.6131357051479571,-1.0392896261614075,-0.4170306203625662
3,-4.283730444357961,2.4680725691782137,-0.5297002276248741,0.17857613972735964,0.2738642963556882,0.23236598814419843,0.3604884630141137,0.8572185222586635,-0.13606403911958617,-0.14819629094394884,-0.26962521310059046,-0.04388459400384113
3,-0.32990334672062477,-1.5038858953436687,-0.4350828082525395,-1.2412146261730104,0.3940039026632188,1.0700995183239814,0.25077355503824994,0.13065883151466304,-0.16773656394981215,-0.0985203388984185,0.27035177339650945,0.02674052127386063
1,0.689425843257966,1.728082469657245,0.27222524684583405,2.2822242075570225,0.20046521576630524,-0.09333706922768213,-0.08332022515514058,-0.3043426782265909,-0.27114585307471134,0.03659214621739119,0.275611632413756,-0.30974362018870194
0,4.638646726345234,-1.7629803449109076,-0.823118981264992,-0.04429189442998566,0.1300001037424037,-1.0985186462813465,-0.37108242757484106,0.2458606646437224,0.4510786884287523,-0.01783604912603999,-0.046264168867708386,-0.40323877302047323
2,3.7161822757232814,-0.6477527608500634,0.25087546805294664,-0.16218706337093328,-0.751280240311165,0.44000040489051145,-0.603631310523696,-0.012847479375698056,-0.08178910917898206,0.8050601680628122,0.08387047251419999,0.016838631977843396
2,2.5139963568558072,0.9904419386280574,-0.33896191591336733,-0.5567271507099069,-0.41136869478424765,-0.6054690176122248,1.0759520073212219,-0.5425148801643495,-0.23717855395953027,0.3567772111896995,0.0035988184392190857,0.1523531831607137
2,4.763588069490915,0.8041027322705969,-0.3434176857366756,0.15285056457444926,0.8288920426207216,0.29473523769015525,0.24165137227494798,0.004508949515645104,-0.3159269111905133,-0.3149538089315347,0.015730682194339853,0.27686635762387557
0,-0.681564993707167,2.198702342940891,1.0249889141923827,-1.3927310851325834,-1.0264105619629718,-0.4110648914418643,-0.5721436710083977,0.5331603040207777,0.253005270378648,0.05779856883270565,-0.20036499429561894,0.2936419124551604
1,4.864597689635988,0.14558835196933706,0.2789831748885716,1.307096125379713,0.8318902164529631,-0.13925971551547525,-0.6721299555678433,-0.25545625852153764,-0.08055798890574854,-0.23889236456991925,0.08993146037367032,0.14576039416531683
2,0.10795333754756753,2.1706852560745413,-0.2251186938826769,0.3329569206719868,-1.488881268758339,-0.1528069187995556,1.1109066571715556,-0.5418128058301463,0.07244662624624508,0.0036343112492123707,-0.05487085030058878,0.121646936382111
0,0.3648917645125277,1.3272066399478801,0.7929278007766513,-0.8293094467946959,-0.7470469086766413,-0.9447529762513979,-1.24248323690304,0.7585824845917634,-0.1349081530731514,0.03485971282268319,-0.054533655135793,-0.0015540479712806423
1,4.440655596985547,-0.4762634950586373,-1.4811486927245787,0.7970742728784894,1.4705519018333766,0.6363203207181622,0.3616331759217494,0.030055193828678963,0.6040045072101929,0.16760774014688823,0.29604160380111066,0.21323475148150928
2,4.168930043052523,-0.3194242935283936,-0.0623503906808449,-0.9413557754192586,0.5718376118916967,0.1337468262349557,-0.08794844473466634,-0.10362798155311544,-0.2687270846865669,-0.046459458716473855,-0.1396262590480389,0.32133789141845004
1,-0.9996088270193636,0.8096247789967947,0.06522922520733096,2.4817768520614134,0.191473532806696,-0.2740927065664114,0.08864535471115761,-0.06408476542669003,0.12415218225002447,0.042403251664600565,-0.22101165491778046,0.07551112286800943
2,4.996591081816765,0.6096193676928997,0.6827211664910213,0.7238286842669469,-0.08852322576381759,0.5376865600938907,-0.6477391044449298,0.12620912918248303,-0.5880505945680204,0.46526280340387977,-0.18202098307614037,0.06861621921510327
3,-0.28795804732594854,-0.061961172337383644,0.49983475290783413,-1.742572345756151,1.5664789285433867,0.12412741531317337,-0.4487092329911449,-0.13379882855204725,-0.6333473341946149,-0.30915685919103436,0.30155747020040996,0.03712773695397194
1,2.057003171734018,1.647793562244745,-0.40584083926497044,0.06400431973426514,-0.6662233331152954,-0.2903863328405178,1.021764269743,-0.25969007648635,-0.4518896297832109,-0.03827903304742477,0.2690268820193586,-0.09458393774675947
3,-0.45830631089123713,0.45535374225594644,0.32210160110923486,-0.11316645505378528,-1.2377943061399292,1.0441126194234962,0.3186385080120698,0.025114261775119127,-0.5037443928950098,-0.24238580127310738,0.2351195585081403,-0.006281475975654467
3,-3.3701447644844227,0.5217139814291551,-0.3599236320244963,0.8889513415089855,-0.6648075472172112,0.39270760603003085,0.9615664501259791,0.07623476002028907,-0.40226466733844857,0.16448617612379152,0.30043473318419767,-0.6537213510582253
2,2.991082682022026,1.7507267374846176,-0.011424354528009337,1.8702524189831513,-0.40820933329481274,0.3867217543602849,0.0771000472153771,-0.2154091702505794,-0.4686671798196647,0.2328235974889546,0.017367308339143323,0.04106126640919312
0,-0.5564599982120045,2.57363434484194,0.7589862443475952,-0.7171160894174278,-1.0583834776050416,-0.5258951743614381,-0.4416807583272484,0.9774128059640779,0.433370846732476,-0.14118353007261017,-0.13389986761966388,-0.05924638470596615
1,-4.209318181106629,0.2576371857173033,-0.5338766934172124,2.0580498088385717,1.1165791968394065,0.6658343673967491,-0.05786015886586158,-0.18366776076429137,-0.6305202850966197,0.23613582282413403,-0.03289370604369272,0.15466379511615472
1,3.3344250780212557,0.2587901263553809,0.9411136940691824,0.9548212724578726,-0.6909841194899135,-0.7751528141703113,-0.11927839927837494,-0.0783700445132408,-0.7232198895246622,0.30385199663705054,-0.272959792399718,-0.047405226235670915
1,4.944822632446258,-0.12404793058340333,-0.4695812604706272,1.4152183366466053,1.5175327758218977,1.115375586280925,-0.5094873852363104,0.28731819537800135,0.14596611503884976,-0.7742221328606342,0.1302279087676049,0.22358607911114758
0,4.79482083669048,-2.9415617805277168,-1.659021456408565,1.6480066182980542,0.15717874423380856,-0.46286609789476624,0.2527703304486053,0.23511919399020073,0.8285039663413477,0.7623112091282873,-0.11980654198055968,-0.052272390182746126
3,-1.6301012127744585,0.2777854715740737,1.1075673319845531,-0.800606498501613,-1.6415547297190782,0.3786555198328299,-0.7778349492802736,-0.053888874950725016,0.05679932769037833,0.014766898485848112,0.1636008333197506,0.15290324663361743
0,6.800627043567738,-3.4642928136847146,-1.9388946459061165,1.602908882931762,-0.19932913790791607,-0.8895339254140759,0.7473409398235048,1.168036832056669,0.6413800821409643,0.613548306201534,-0.3163016328676816,0.13706530615490303
3,-4.087863184685691,-3.2904122425382116,-0.13723543011508185,0.47726900278629486,-0.5515542963270721,0.37127347725715976,0.5946092364672663,0.8165383036966697,-0.4338792067096487,0.0739534187557655,-0.06886909469374831,0.4824385703126193
1,-2.3552262866047577,-0.1808172536802961,-0.9191741419494567,-0.30200063571088515,1.4010985040156139,-0.8481887037496094,0.39437232671222433,-1.3059009037838067,0.18787143398697992,0.10228227368599294,-0.10490600656170548,-0.13783009474362695
2,3.559182719343151,0.3663338981027671,0.28814325634296983,0.9160521376150651,-0.3474451563684843,0.1910516899484025,-0.2612979047530606,-0.17978775885656942,-0.7400044822663867,0.0623076921553711,0.03912570788226552,-0.27353165886228703
0,3.5634888077990903,-1.7581963484975485,-1.7457450490228836,0.829617548216057,1.1819902383690286,-0.3346837316670841,0.5479046967385666,0.8620733636287621,0.8291584651721222,-0.167129069520195,0.19127239703003154,-0.43700770434508324
0,3.6260345841010753,-1.1478650653450213,-0.4673997106296321,-0.2744936648493405,-0.4448682370070785,-1.4637509841490104,-0.06885221003000457,-0.2697416186032095,0.23125627405866772,-0.007241363812450119,0.06045539738746354,-0.21924686225127937
3,-0.672661972580535,1.3322042087951884,0.5513704523435154,-0.10445004432622358,-0.7126130674434998,0.7472650378968244,0.1478005480452775,0.21067364660880894,-0.5433219587033555,-0.002228791238363409,0.3242116986871694,0.07302056531352238
2,4.217932152165843,0.2961923476863991,-0.5334195692809638,-1.0973300318575563,0.12478251603854618,0.08496457584600246,0.8917017321439565,-0.31558639383414355,-0.4000595409272597,0.330213600598733,-0.3205889270365282,0.1309497683254611
0,-2.1211349838557023,1.5906563928344282,0.35323128135243836,1.1946131560910578,-0.04493382613287446,-0.3578579723365855,-0.563188370709231,0.1573755269461729,0.2455142700128935,-0.21246536014808903,0.21517310462687822,-0.05466318617739954
1,-2.5401236537239966,0.639896971282966,-0.4848159779842975,-0.2515699211125087,-1.7058226963573058,0.5548943796821652,0.5518639792480247,-0.1384001460068052,0.011245637607116298,0.5474398640731928,0.26472697075512075,-0.17980384324893509
2,2.3941359530220225,0.36809361744257285,0.18117918573022962,0.28193875753272163,-1.3791432658840599,-0.3906728844646911,0.43679736369181316,-0.8352609477463502,-0.4655550332994639,-0.15377416340752342,0.12073777735147823,-0.07339811547542567
3,-0.09464021784152707,1.4779175526170811,0.5308689815324492,-1.2483074698452272,1.1803246805939385,0.24269744543389887,-0.5728550803824247,0.17900358050638948,-0.16384010811772887,0.32533730931944443,0.4325801717002711,0.025787224410903604
0,-1.9504155085547152,-2.6821715399566273,0.5144130607277592,0.1708615569417989,-1.0370396081239701,-0.24268305870692294,-0.2103232339824323,0.07989512922864259,0.11313288350917047,-0.007084939284225531,0.2319486587509212,-7.65931900695601e-06
3,-2.5748011538094406,0.43954908460278636,-0.0552173923264365,-0.9060621168513957,-0.4535302718372826,0.5840111557986832,0.2998958883159275,0.36214748736334085,0.09130453206276094,0.34815879730908417,-0.24641583280733076,-0.11321268122720783
0,-2.457623796420849,-2.7504149142312673,-0.619981555406276,0.1659325849466941,0.5537147264833169,0.5099367859519789,-0.45029798127756687,-0.35242697128940514,0.4227979962259031,-0.20200575088769454,-0.06087687605630165,-0.10482100054777957
3,-0.6826979916831708,1.4537003844240044,0.6329813208059474,-0.3725007945434746,-1.7317654787942547,0.7874619405481501,-0.1893416377819278,0.2555354388023817,0.004784333207041878,0.4442853613643131,0.3890807671047697,0.20095005637377078
2,2.201100022801184,-0.26152222592934193,0.6181958793751053,-1.1434420337373774,-1.2754165390744596,-0.2823515079932589,-1.0574021775301086,-0.41623618288502706,0.03080648742215638,0.5970128255492252,-0.20689452887949591,0.026915644411125365
2,-0.12437941981375142,1.1857062262086848,-0.713038305727761,1.9780992143420923,0.5198068645203345,-0.14451388211899324,0.08966815793477233,0.22314985216720817,0.16828530601346633,0.15052463069048827,-0.3674189523658108,0.11281751473987253
3,-5.373468043128619,-1.8193098364386207,-0.3914702238677835,-1.0609750142332126,1.1041963685977771,-0.9768610146782286,0.3981237791768236,0.05115997117122833,-0.4668639418580872,-0.20578148477850586,-0.2130352493920994,0.16579170093882573
0,-0.899561832172217,2.8056710343069806,0.9581179829745597,0.9731779093377217,0.24214807929004395,-2.073288406335007,0.23068989918136984,0.7354343499382389,-0.10017817783850398,-0.31215185957277997,0.19121804038465143,0.24221849840311843
2,-2.263524415139757,2.6304417680259298,-0.18764492500789878,1.4659559817788037,-0.07558917743263802,0.1465239565683077,0.3828458151734569,-0.023424962492568625,0.07484135051568629,-0.2742278992079187,-0.27723320719465305,0.042911204439274445
3,-2.7351339680100217,1.335340612484607,0.09219841749742413,-0.4222816466030142,-0.09446469730211622,0.5352690226429053,-0.07801097634517547,0.7292572355887859,0.10803614759826487,0.09345839542360192,-0.16334353765296186,-0.028644955559016447
3,-4.504845694652217,0.24045590143264964,-0.7242866470481185,-0.8765897443695101,-0.23204738124031712,0.33213665408041115,-0.06733414945059728,0.38282888174890084,-0.08347695628029261,0.24356517797002347,-0.26421116728201294,-0.09914539834645522
2,2.873933885688754,-0.6486236214056974,0.46306087204953716,-0.7155934693906851,-1.5460430976117072,0.3026431307201779,-0.5700479693130891,-0.35631455620901403,0.2564452729861379,0.7631320781107445,-0.1186315443630797,-0.013787708285706156
2,-1.800834603294321,-0.3707591924701239,-0.8892303427142885,-0.0610942042799202,1.8247997529983755,0.11449186429297063,-0.3678160904593536,0.07963784046402608,-0.13358416991000505,0.14774655779497337,-0.21293027492468955,-0.2818912213025475
0,-2.0420082240670756,-2.773349426152963,0.11042345786420077,0.4526454207998626,-0.21054708228644958,0.5009070869124602,-0.8703609253983052,-0.05302224282813004,-0.009686975419476614,-0.3017024126015391,-0.06150345674274595,-0.23671660385431265
3,-0.2350842150838084,-1.860518354037167,-0.1967390472637518,-0.8690455920804806,-0.41520092040263795,1.6511001905122062,0.15398729176847228,0.4626527062000869,-0.44195742929577014,-0.29095281055161193,0.5143634389622912,-0.09601952387760598
1,1.8685386721609816,2.198262502156437,-0.4261131011802771,-0.06895154046104546,1.1456281751237873,-0.4058623828956201,0.7162354772442245,0.10302638739927475,-0.480641082288905,-0.07103288022225637,-0.181927534146584,-0.16079946829510772
2,3.514419551899329,2.4992556978804163,-0.7262222245840382,-3.2616656032232973,1.2137228250443892,-0.22301337847848995,1.3809653126157369,0.05726444950847157,-0.4030689780410036,-0.09964188160276173,-0.03451165215004867,0.07304957194131628
3,-2.3771363751580634,-0.7215192351883937,0.5276402339724168,-0.64045984776256,-1.0806409373151087,0.090027362621991,-0.15478386306782793,0.4493200100469926,-0.45115137402391714,0.05721398554118905,0.22333511282282642,-0.2131753933998951
1,4.044783528770013,-0.12072150413554877,0.7914859492250628,1.1354631420253183,-1.015087417064869,-0.15554756238755946,-0.32566174650455854,0.06966371666742041,-0.6931239311682833,-0.21323142595246178,-0.2901024435338621,-0.06252786147050546
2,3.9852829192558707,-0.5573750255512222,-1.373204981340655,-0.49208311038103075,2.0567551513315596,0.6252919591302252,-0.039093302843204364,-0.06409656755687572,0.3107252114908251,0.1080009237004962,0.17903695767004188,0.1536906589060667
0,-2.2298408917879176,-2.588067820782597,-0.3189237135520567,0.7298387210889365,-0.4293091019577083,0.6043428313425572,0.028293245831750125,0.024406910317437906,0.3746368217304795,0.08838743577501232,0.060866378183571816,-0.23669247363455787
2,-0.3728867210140139,1.687275117913833,0.13362694904304617,0.6555610656933193,0.8480753154276582,-1.0937759792816977,0.3132561839762462,-0.16853144397422107,-0.4424395602415516,-0.08856873578027911,-0.27647463031176356,-0.1505055531428922
0,-2.0993679544008743,1.4432796607570202,0.4346261789396601,0.31639899350206546,-0.2580009467750546,-0.42901245167122254,-0.27752886712486396,-0.10496316169186923,0.07672164345467798,-0.24893656344752307,-0.1397420126228019,0.2589770018391224
1,2.0735502784149014,-0.5682130881512577,0.3382063830447192,0.28416575825387513,-0.6095080525659144,-0.6725378809449872,-0.1711935567918781,-1.3074914503249873,0.09108702673396403,0.3181573630274309,0.11271605488229827,0.20509608374206104
2,-2.317578414061982,2.1351412285474702,-0.15233681704579213,2.393027424394935,0.359242653028545,0.42106174640428273,-0.08178492301251053,-0.11107430269357484,-0.4341772032142121,0.6073672653968316,0.005388641738499738,-0.21613221916404937
0,-2.2400116745900376,-2.6567590405077364,-0.5226815331061031,0.5612084370402205,0.21135449165135187,0.8711338704225479,-0.5490754041947684,-0.20276793409870283,0.6711648013103313,0.18106309919728636,-0.20447107082713023,-0.09093956664234956
1,2.623372133375419,1.455616118917729,0.27395553092164926,0.3663039386066317,-1.3115961782653143,0.09338433865424232,0.6195932779643792,-1.0402416892617312,-0.2589112726409475,-0.43269978688800387,0.08481477370326992,-0.18846586094774315
1,2.5669406832859862,-0.7515385778723125,0.618219779336507,-0.39113983331689894,-1.539143958899656,0.2927154240942521,-1.0752903225009836,-0.26094295077530455,0.2780477028230086,0.6929452884698363,-0.10169737729288013,-0.03345304529249641
0,-2.1628396744151366,-1.3417774990822589,-0.08530719896689082,-0.04586633077898693,-0.03993718210578275,-0.23545059800093981,0.07289506083393685,-0.05064247146946614,0.10618594773962876,-0.243335993634834,0.1390584546814996,-0.22050770021399885
3,-3.0586092865282817,0.8918636946072068,0.21506947910642082,0.17472933756381948,-0.7334796270531088,0.03691867528295206,1.040478543110847,0.23915403397076343,-0.47847015740330606,0.15113473193943588,0.13842761991134558,-0.36915771651596785
0,-0.6603629658915535,1.4691850303398672,0.6593350463663183,0.6060352035159291,-1.1909897156779727,-2.002940855855914,0.7081983628810232,0.19204495496790902,0.2589627514013379,-0.21877777936326695,0.21999265294989698,0.09871522834475803
2,2.0166869863989616,0.25555244018781575,0.4176992364653332,1.264232894204996,-0.1542848638840936,-0.5578645762892762,-0.20859240445207106,-0.5286368727393426,0.03405641665028888,0.6439818342555197,0.34575487757925744,0.15375453861797528
0,4.5645892965250505,-2.874325931164323,-2.5635511605719357,1.1535987467074913,-0.19496280793629672,-0.799170440407358,0.9026080288975025,0.5802164439541104,0.9382175881626712,-0.014754264981474155,0.08375084633726045,-0.24557357536722685
2,3.7806915139887365,0.6766419946785118,-0.5378455127577559,-0.4627833468304464,0.0288030377213392,-0.31628984641727786,1.2830474770909486,-0.14254389840041806,-0.527635412665058,0.147517768658371,-0.09294499038715734,0.17329591160106372
3,-3.409884334399289,-1.7249315253098139,-1.0764538706768998,0.5795577926316493,1.301445625932171,0.40694722121655963,1.1709845327517079,1.0313331019039123,-0.37306648109986895,0.12051257478908256,0.13475241627086731,-0.5221560183999794
2,2.8542486429047464,0.6007889009209872,-0.05566991969573419,0.47612946077199236,-0.4599652142629544,-0.6572443298608548,0.6905634015758528,0.3021681355437611,-0.6477701098535419,0.5205486421886526,-0.039332723419126206,0.10704667090126363
3,-2.7223093861903043,2.8637710436826156,0.22948080027172482,-1.1385590475161982,-1.5571676025458445,0.8489691245541179,-0.1620590061877661,0.7057756937137456,0.9124742717242732,0.09249083934197658,-0.1966610020025094,0.2386010383129675
1,1.4037686759942485,0.13205580188915325,1.0498797496032517,1.747187559885736,-0.16350052583394345,-0.5547664655228192,-0.7324460784955291,-1.2916415496548999,-0.10244198342902988,0.16729310100491537,-0.031104484410825032,-0.18196060689279264
2,4.353540585702539,-0.2937149413837803,-0.09152793506291221,0.9342059501452762,-0.2639027940162819,0.8649030078996774,0.18241859051812018,0.667813837851619,-0.3032001744984854,0.11242484987882896,-0.4986430342809146,0.08611982444793004
3,-4.991650825156965,-0.3954283229932222,-0.776765582120179,0.0567672132497324,1.7533692774533083,0.11487865826545111,-0.1765262550689856,0.696352296665712,-0.18582239706668438,0.3911410868987547,-0.5360685066806231,-0.010789519174245917
0,-2.522169141760023,-3.0349311187740766,-0.3669474181034955,0.08730329019454304,0.2779063926731403,-0.0361747736320509,-0.20056206800584367,0.20552589212054256,0.07687089122650721,-0.21900755671244154,0.17706608047187347,-0.022691997876884116
2,4.871434480856072,-0.2670213585509993,0.16087185417895827,-1.0690273308110416,-0.15421679018396592,-0.029489635329683246,0.06362324085501031,-0.09372694302705023,-0.7448055048190478,-0.2859491776895844,-0.28515250439885304,0.1517413240015104
3,-3.6997172617290466,0.19589976418797142,-0.5317467351738899,0.6491503759652635,-0.14957355952645612,0.5130959190077591,1.356873360233022,0.4852266603375388,-0.2918981442525464,0.04992334320641294,0.16652846433912144,-0.8245547053216123
2,4.5124458932329485,-0.19820408780534005,-0.5337487989413758,-1.690444929905259,0.39481364460770485,-0.6923520807217439,1.0023453717749111,0.32585852384296604,-0.6755841704148133,0.20980237656064765,-0.09312935147112655,0.24346950992781188
2,-1.1909227708890144,-0.14366734437477977,-0.41484013380796847,0.506435764324561,0.2706691440911823,-0.7338921673789338,0.27649962884880186,-0.9878611557333369,-0.17585527941594029,0.37159136866290116,0.08823214681595266,-0.026620228974363048
0,-2.5978104226991134,-3.409540375781354,-0.5845925485664848,-0.8057778209659896,-0.03012114519452998,-0.40731754256993574,0.07116012706293397,0.0484938770611956,0.23965545357371243,-0.25270867064076985,0.3504885459511529,0.06518388605490286
3,-2.285807095176331,0.7203125452060447,0.5741489415631733,-1.3529960046622698,-0.9622908014948838,0.5123790786488183,-0.30587802102249706,-0.04297913261279823,0.36565537098988987,0.16881901850565909,-0.16023790510143376,0.30119158759827863
1,2.9535011027133766,-0.289030174012121,-1.3991000188420837,0.836601877278761,0.24355944172746707,1.0599359953175511,0.5671495557112979,-0.2591190092181275,0.25623856010694673,-0.04673239897537229,0.17586628054726808,-0.29753516000741786
0,1.6592520737249392,0.7387645117728061,-0.30771402424451305,1.812540431880734,-0.03179818642504838,-0.660016779363031,-0.29131164245533203,0.5345696672428142,0.3732657676138169,-0.09387660532548886,0.15113162813941033,-0.2503075244644881
0,-1.8112410647093293,0.2628788926006036,0.5204372675055945,0.05843925616923238,0.14931210846246332,-0.3266558998506365,-0.5774591397479658,-0.30634564839804573,-0.33717130593815664,-0.23516772931450747,0.1410204090892355,0.017209750263265263
3,-4.236341699054896,-3.2190853624739426,-0.41142842960195664,-0.4852887115966463,0.5168749841647461,0.061704171811688024,0.06609872107390075,0.27968436358460547,-0.17947569625103182,-0.32883160124234767,-0.19292231403643328,0.44379793358751773
1,-4.163398728939698,1.799310158655548,-0.9252865891314705,-2.3485304202601704,1.7209092046211454,0.061834814181790584,-0.10745750625651841,-0.4041715698409576,0.3870160405341429,0.06974109825957403,-0.37170450714362324,0.04538208282809611
2,4.414079539202464,1.6908126644766657,-0.7030718299207118,-3.101987230648988,1.003037318534464,-0.16228110825741016,0.5778014003458677,-0.2511751637476972,-0.16474739848280337,0.24944358757296206,0.16163220500648345,-0.007878265958738074
1,4.221586896409178,-1.169723269585983,-0.6523432607965474,-1.417090299786105,1.02044423058915,0.32796908405346964,0.13979247777688242,-0.06682535362873251,0.07211536822386616,-0.36702074289356873,-0.05856593443728043,-0.012334394095343969
0,-1.531495689132289,1.6154752241917893,0.8253608112676971,0.3720414852383597,-0.06302393865644602,-1.2345282832661792,-0.3552673739695774,0.15136263548139356,-0.08462762597166926,-0.09510066419387055,0.3352161559701262,0.15130253110590783
3,-1.7599429757598273,0.2548680563638693,0.07719604527642347,0.5091035050390931,-0.0295843266166301,0.5601252686895976,-0.28373523673966294,-0.13735207225724694,-0.09670234894179108,0.05356104887650463,0.29633053209454396,0.11558320145244032
1,-4.061671277449333,-0.9988119001006336,-0.554769182739688,-0.61066140877448,-0.0588612478096899,-0.5442939243862321,0.16123011848214486,-0.3098751275389865,-0.10309329923799229,-0.1648290481784214,-0.2248206018625977,-0.009134300388288597
1,-0.17572329361213013,1.340269882426322,-0.015042823156386016,-1.0377233442583158,0.4511644264715986,-0.727679561901973,-1.042803530778197,-0.5434936149272391,0.2110731544788544,0.04527794069643192,-0.17466778469441618,-0.21812859442808413
0,1.3093764541277024,1.5211741231818523,0.6032100318232684,0.05556168148567821,-0.018439686491737262,-0.39592556372563165,-1.44011029715311,0.46634475955549803,0.4993794623139109,0.06399038831401416,0.006309519319799941,-0.16730257138589089
1,3.261286207144652,1.3929707842428523,-0.18282029176757036,-0.39205658878906485,-1.6203260673717121,0.5411792483240007,0.3564730447426375,0.03873019554854662,-0.10421470945960772,0.32360907884472534,-0.02302230014916662,0.014988132468588947
0,-2.208511585963516,-2.215499559853151,0.6910393549426003,0.024149848875621917,-1.2944999323854067,-0.21383813146398487,-0.48665242605838505,-0.3468725150534776,0.058183812538035014,-0.2178415625501341,8.680597640773859e-05,-0.13635380295579136
2,-1.1658972028243746,-0.39945790892015914,-0.3705100335528324,-0.6394279849477457,-1.3719359565066789,0.5640089250891952,0.2464922785204977,-0.6021230237332467,0.05456974818420125,0.11065127890367388,0.16832722288430477,-0.430557817222539
2,3.620213980990816,-0.8214347354688268,-0.8034063674569792,-0.500743635576658,-0.04909980112865761,0.4227702391087896,0.7345946162469286,-0.3158762144858749,0.26434849853854564,0.42135589607066903,0.12817623024214375,0.2457416162128154
0,-1.8509536459073326,-1.308770330583596,-0.28714267717956676,-0.7252763734336055,-0.8956794434036378,0.2976826435989602,-0.6470317391745429,-0.25501285267663903,0.3703042907113267,-0.054335173505248024,-0.18722921541175924,0.020310054188712786
2,-4.135157922188261,-2.491948773226948,-0.40677735008474153,0.046324405229505566,-0.6311144320568329,-0.7347480700100159,0.20839148705636099,-0.573193015104421,0.20340261876042304,-0.37673878660344384,-0.47163708119069414,0.23406785877474529
1,4.121167457599319,-1.107826010857439,-0.013079214551842645,0.909461646304182,0.37897926321259556,0.8721611617476623,-0.6761557003117149,-0.031734397699398814,0.04900306460276089,-0.24171492574291095,-0.010418613610895175,-0.09157719503388302
1,-3.419059769953733,-0.35864877813392165,-1.1999091242046398,-1.6138004054788917,1.0615809842336439,-0.40163199241538317,-0.2814667983697057,-0.9393527582410811,0.16161308033547764,0.25435839502246094,-0.22920632771253793,-0.19462336778274064
0,-0.816439234868209,2.209276924279057,0.5723322201563374,0.2799736617289557,-1.73270389843831,-1.8687760645130542,0.5477469458038557,0.42341979269694896,0.14732093015828232,-0.2421940138728486,0.06615169430226542,0.11374953977705124
3,-0.8354812356531135,-2.0667496361957243,-0.07966744642886275,-0.4523012553764201,-1.1766415886750383,1.5379597877099287,0.2756930176521514,0.32437961205499577,-0.013982410673300236,-0.24032191326379565,0.20526711257209063,0.12242804331565493
0,-2.315146917686188,-2.7644479661016605,-0.38502989981419206,0.6071789110322666,0.22718034185602973,0.29000324133409183,-0.17382800792898648,0.25718587503724233,0.2544969775161761,-0.10324926021976137,0.03237422453434951,-0.1812533922497344
0,-1.3678949169723635,-2.9155207453063072,3.300287399551223,0.46438940647297483,0.032979283024726594,1.1155383582983798,0.46004350070939753,-0.26554545783093975,0.7154418028740941,0.24276474097304976,-0.48300540254372215,-0.22801647673467718
3,0.012778316333135259,-0.7872534063337293,0.5742764055817534,0.20519579925868814,-0.18041859836566426,1.6131901461803622,-0.5788873100149945,0.2924034565677065,-0.26416263806395535,-0.30378371543863153,0.3009722455924366,-0.08673777752851089
2,4.813988178431427,0.6240098874461658,-0.3882179189005267,0.2929957903965457,2.0380368978160455,0.4911663697405773,-0.3593091771429223,0.040691420461173015,-0.1031678227636371,-0.5542667734220239,0.08313545874632415,0.3516989473135416
1,1.5442911864059536,0.8063286614051713,0.3565349172000189,1.64595160519504,0.8974445393698639,-0.5566809463209988,-0.06038097987278718,-0.5757707279815336,-0.026832523273951317,0.05767169374249731,0.08196341113844233,-0.20511087704749495
2,1.0681148567434637,0.6893019171053143,-0.06010017561793469,0.7164754598488949,1.0827409656663878,-0.7350020577794094,-0.07170075842619704,-1.1050357812763076,-0.01204325791891582,0.27086617861461926,0.11693811528270893,0.07867356963252513
2,-3.6409223006368405,-1.5305597736161811,-0.4207625510263974,0.9249491830337793,-0.6203798625055523,0.18742486633518546,0.8445035312845398,-0.46275458370754075,-0.40279359047164603,0.5640143649623478,-0.04555025723004343,-0.08785604491844672
1,4.9335966382428715,-0.5433636230471859,0.9783041310412609,0.11642748771740423,-0.17323653023782754,-0.12541815327181474,-0.7597562747165917,0.33832730710788345,-0.7947556891130378,-0.41772166500029145,-0.5640605207009282,0.031109634592107454
3,-1.4045351415969765,2.722790983689028,0.42327495446351177,-0.3688229655847197,-0.8231991720796031,0.4281788341940639,0.3647796308226513,0.27713369391129844,-0.1441402648039525,-0.187266797459011,0.3784174296111543,0.031120608910341963
1,3.873384538992996,0.5672736234265573,0.03247185015694704,-0.22027274340916025,0.6852231784965999,0.22954148457765186,-0.5876845333161033,0.14661890477919054,-0.637123775252766,0.3718023775196211,0.09428003773498546,-0.25025798691644574
1,4.591522376742485,-0.763922816874229,-0.42364527986966144,-0.446676564748238,0.24919245411724728,0.47035947566516945,0.4555251198758479,0.16734559520090656,-0.16718484554556332,-0.3518772657741735,-0.5706860139962765,0.07456467736671504
1,-1.692167054479148,-0.8348717198444198,-0.2491485550186498,2.134231261139862,0.08889344918938386,0.1538579328074331,0.0752825371420272,-0.7017640427629002,-0.06779728420493648,0.42836019081237714,0.14985887910373577,-0.07046581904365279
1,1.2722076114207361,1.9195384760967658,0.20937523967413119,-0.6741148911034093,-1.9039565694732126,0.46461508201641366,0.42629298189577886,-0.325951940128643,0.45311403649812343,-0.16745075421908504,0.16958969403332547,-0.13564070438797687
1,4.580783779602981,-1.2969520576400957,-0.721282201649853,-0.4321185653259172,-0.9109537672341592,1.799310413455703,0.6483812470120395,-0.18691162042853973,0.40584638661632455,-0.9488887846384689,-0.2850796076773741,0.11362507951386916
3,-2.9257974758481935,-0.5003739795497139,-0.8877046022902562,-0.39235868543706165,1.0500874487558458,0.6312793189502617,-0.09484855356274186,0.5297576395311497,0.17682131733911594,0.17296644972520292,-0.025865926750223724,-0.43472027201615115
3,-0.27989396258383925,-1.57004715612237,-0.3096050525781844,-0.6767440006634763,0.201440030534001,1.427184983947851,0.3132427635949793,0.2623708760329666,-0.41306175633203357,-0.03349174432062546,0.13935124990164413,-0.12268135180055895
0,-1.9471461632808296,3.307946293069476,0.36660158484046423,1.1660226567193663,-0.8919673042909377,-0.5866171453749165,0.5574202614037131,0.6911334262927079,0.03860801218265218,-0.22399587714710198,-0.04989021441127059,0.24265468350080682
0,0.21904002477281584,2.1286221518470465,0.4765293851812608,-1.4171016225554036,-0.5343071146664049,-0.42938925919623094,-0.39069437621053704,1.170698291740867,0.13591178026153206,-0.42240579759857766,-0.13959157177770443,0.03968159988947707
2,4.208807027406515,0.35210811789493773,-0.4830879259348773,-1.238585663553842,1.1904117726769337,-0.5614740501267523,0.66425770339992,-0.4551953955639115,-0.11438049391340314,0.44674967508084484,0.1954917173620631,0.2160369471203237
2,-0.5084865308300607,-0.7829775771998139,-0.9387364577859669,-1.0862031544412982,-0.03874110408412382,-0.0349812085109008,-0.08861219037853588,-0.44976118938694154,-0.11803748830633251,0.2285497076520897,0.14414276203997456,-0.250466302180289
2,-4.603847594286396,-2.576308271369428,-0.7644082810296685,-1.1805611688227564,1.2606753890625724,-1.469320144312696,0.2732726631493383,-0.23174431113789462,0.3854218320006205,-0.40759066901849433,-0.17611257009812198,0.27577956835673273
0,7.044360469852513,-3.8871267090855164,-2.0212274294775843,0.4772630543191771,-0.8074528392846922,-1.0556342757813217,1.0730827722830376,0.47672617560937974,0.6417602842023488,0.03213423741088718,-0.3471882291420437,0.23020544242341584
3,-2.143528864195811,-0.37347086426070414,-0.07494599550295367,-0.032734260976287496,-0.48623469617838355,0.9961274807035247,-0.4032332919763191,0.526431873115831,0.38212016358102074,0.1267275663133517,-0.09087542745231307,-0.006697309394833034
2,-0.3730533247466899,0.8286051664168234,-0.3456882448519333,-1.8377334564856096,-0.10332899555297761,-0.04564311320955875,-0.016780971806900823,-0.12899345848445215,0.17916450399462858,0.11141253127523873,-0.2143687734328072,-0.10078721967859093
3,-1.258263304868103,0.350728671467983,-0.23924450964302688,1.1357106998270416,0.2690778612905447,1.3024150129759622,0.31977086583512704,0.6217623707100709,-0.15560174470863772,0.0920109131168907,0.05479616402862401,0.2342435057688586
3,-1.9292938797477772,1.6876331571808958,0.18920611089470304,-1.5812273389617808,-0.4250111508475582,0.4638199227261334,-0.4492236193677052,0.20515890789882918,0.1857221390397525,0.21416402762731482,-0.04760324619782438,0.010891876118741223
1,-3.729699158703899,3.5154888634996104,-0.7731746789458701,1.464688858367633,0.9161482290576971,0.12167664829960732,0.5124072496262352,0.6433136173743624,0.3854059941797851,0.29059337680337805,-0.2484923822807062,0.030703851015248418
2,-0.4467717662581875,0.6094077096827151,0.20232030236189005,1.4368898696119188,1.060735137976608,-0.8333803475426117,-0.0167203407177178,-0.5077989313193442,-0.31309913209851153,0.15789992199003763,0.2133943855118413,-0.1240712584944558
3,-0.31862223931266553,-0.16761757421768436,0.7901040200293162,0.9136267503817264,-0.2202456215843416,1.4202596558351472,-0.6457538490886925,0.15692441739705307,-0.3242810452748834,-0.20712347977761902,0.14674155902238598,0.021891024786916957
2,4.800081965875436,0.0030900888759851906,0.5304062064027858,-0.28637531882227824,-1.345033114762888,0.2471424928167249,0.5697388706491736,-0.10933664983518068,-0.6390843515337689,-0.5529362135596446,-0.3191761540670534,0.39033449358652444
2,-3.2949034084965425,1.0071070321863531,-0.35395042505625124,1.9310763525931156,0.052026444447826135,0.3905031681430624,-0.22300568396059667,-0.31474866917974176,-0.21612340207578312,0.8831568285540371,-0.037336201327949445,-0.2246073523727003
3,-4.762397832644371,-0.33689225839111897,-0.5712675705414354,1.225493839925678,-0.04906466968845421,0.3301563779638014,0.04791639215979457,0.24685350706627973,-0.4396200295961593,0.30348818985945797,0.16321337519492,-0.14195400226605426
