target,x000,x001,x002,x003,x004,x005,x006,x007,x008,x009
0,9.19283682621325,1.9485830707786098,-1.1231661649251463,-3.633730897419143,1.1951101242170572,1.4114244518030548,2.159369867770199,-0.3984072300408769,-0.15711835944336416,-0.8774018798938632
0,2.387801795802214,-3.7681717420675698,-0.5292926867404214,-1.1182638623273606,-0.6217749802052822,0.028656354525270683,0.013358093546660536,0.2409884585252609,-0.7119048160296882,1.1069949438631677
0,5.733896279731706,-1.0751737966209172,-0.5517475931812107,-0.912082671018823,0.1770858984316271,0.5414521472561725,-0.6681664837396049,0.09737373820708994,0.02406564282555731,0.4542753997551012
0,7.122953197708887,10.275589121812805,-3.2327895479751145,-0.1525470301611296,2.9608784018284817,3.0534218246170846,1.4299106992325747,1.0595652411326066,-1.4054396667379572,-1.1169752748852868
0,3.9353020736780984,-1.9480715678001757,1.3897667263118885,-2.9406393466998377,-0.5467474017693336,-1.2264946427263954,-0.9362125458835724,0.6363760610799958,-0.2638054638996303,0.37770446813105824
0,2.380247150345937,3.949928895550164,-2.934876793295821,-0.9410368715107633,1.056041931521537,-0.4510386519750539,0.49044511571859295,-0.16544387692292198,-0.1334730993382641,-0.5304312173874985
0,2.2388833080524035,-2.6900312772980643,-1.6399129289299463,-0.1493398877322,-0.040359517978646405,-0.12894843436958628,-0.3015674457450687,0.08369819031124345,-0.08002457152881234,0.21914335194732204
0,2.143298500377547,2.3402440069495443,-0.8719472621970128,0.1270428573145445,1.4274366729137162,-1.2570391922409256,0.9740998490315587,-0.6533382619527783,0.24818364707282348,1.0005861248381676
0,3.174924293083736,3.3918129518468434,-3.119985910378655,0.6012970531658816,1.5222903919203814,0.559544727655133,-0.21510369959346465,-0.6873411939753584,0.5119238979503713,0.02918746438410116
0,6.3517467895261,7.727174066864843,-4.341915813265786,3.375201579943472,-1.7102631424409254,-0.7239087403159167,2.5198398244746483,0.3651488894147519,-0.7173966873313745,-1.1656307898671843
0,-0.8104137708452968,-2.659275497686961,-0.4888297938745966,1.6725665641372607,-0.2758115691395697,0.12733183873981457,0.6250123175381551,0.16574954673946057,-0.3013805579778285,0.3762353726941577
0,2.6511004772424,0.06656792656644725,-1.5264552984284554,-0.05126156174295243,-0.3319511155712907,0.7648666377047482,0.6660924496743911,0.6195450657489707,-0.4009408158529632,-0.3310691700733962
0,8.185034458147955,2.7009764926129676,5.730230807404693,1.1122565548373693,-1.0434704479700263,2.594571243125383,0.9414973501780559,-3.3217839997427823,-0.7477883706292335,0.3959461526842373
0,0.3421259139901534,-0.9682792608579348,1.7171715837733306,0.5950029515744096,-0.46801050991252274,1.0076601120936788,-1.7990811518798437,1.1066573531074988,0.2676251566901135,0.439581615547313
0,4.342379194647861,4.861083312492757,-2.8161155387334174,1.4545570349674544,-1.290062848284565,-0.34971623791301687,0.7428804951154866,-0.2809261739080849,-0.6751038033714256,-0.11565698692066129
0,4.075656175346037,2.977061180367681,-3.1252741488967515,2.4580708567479634,0.40834212239316714,0.49577797892530034,0.9150568590202571,0.30252366772767886,0.4569401360469124,0.4471574606512137
0,0.23005501571000325,-1.564757725273444,-0.802519153788018,0.6505829141841255,0.49471104987949177,-0.7621910180301401,-0.08684701919719245,0.029508982461590033,0.5032261712626103,-0.4996724092314759
0,4.418010915982992,1.4186703334195117,-2.2703190300830185,0.1862724145668968,1.423861192271737,-0.7524893109854583,0.441984849791101,-0.41376974421982055,0.018673098998896326,0.35663002467283655
0,4.948703550565107,-4.114333524964814,-0.31474911073336054,0.08820651787104256,0.05671517579036403,-1.1376888534383152,-0.2512828619693502,0.7421519448059636,0.41044715425065154,-0.571327109218512
1,-1.2370633569552292,-0.18821495375647515,-0.5932834977755036,-1.5963460972617478,0.4421542344087198,-0.04863678111069632,-1.201687448171204,0.40362571105790845,0.4053004288710756,0.00592557668525499
1,-1.5781612348121745,0.5728081925090154,-1.8014467053426653,-1.1252757267806257,0.3952697334074778,0.43084125271406853,0.33848365971527267,-0.8619594368439036,-0.18720117416460547,0.36092385164458024
1,-3.557336373550012,1.662949903624247,0.4511874472016388,-2.0737646831914907,0.4907464991318254,-0.7700683482173306,-0.1910387369968772,-0.24446205893708942,0.5468962125135716,0.007636657937486509
0,4.7332107882097665,3.3049637282937696,-1.4665366905115749,-2.0411500839765164,0.026220122148069253,3.023043860035554,-1.0071797496347692,0.10463671232834211,0.1685114455163483,-0.24562069098385453
0,4.208524209049893,-5.128366513937137,-0.7524020249978455,0.8627102694525469,0.4709679157410497,-0.5958404334797734,-0.07482841270461102,0.18025270884186176,-0.36412611932048644,0.6915447520569411
0,4.9496320739837385,-1.543752288133418,-1.713193931721905,-0.04675916638473367,1.7392301992461734,-0.8128796202763093,0.8003053281361618,0.41990906364246305,0.8116791252269075,0.02147839655424502
0,7.098562854912058,2.018610337108625,-0.029009635418772124,-2.5879506036805453,2.039339917808482,1.184201478502747,0.6018535054736697,-1.307411655025482,1.1010107049832438,2.286275649052099
0,3.5102626039718343,2.1716251156448347,-3.894546414458304,1.295759679100699,0.06821804219720089,0.7873573356314525,0.2899189758726617,-0.49597758628396693,0.11319038135337647,0.29544097005023745
0,3.064053886063117,-1.87655234768752,2.581747701141343,-0.12848441550210166,0.11666512663457172,-0.9075950598840865,-0.6458347560279893,0.3404738096102775,-0.04391228308563059,-0.3965443561231368
0,4.007264143655834,0.5372421605295599,-2.761625634549511,1.8983875071122447,0.525672895267418,0.19284876992607203,0.16113021702032979,0.37883453800985345,0.35728855331136067,-0.5696368112360446
0,1.7153097265431405,-1.5237050229684284,0.1461870936979325,-1.9113864109761218,-0.5361232437205099,0.03625982379077507,0.18403037761060073,-0.21890224048546003,-0.3816686268622577,-0.03652918945608431
0,6.059445513505045,-0.757177450879119,-0.3492393995162672,1.0642175341348257,0.7461052508461194,0.24208034711180848,0.46197675501386576,-0.2920705144124336,0.2847425371307733,0.1183218871295715
0,2.9022361049997834,4.005295512374859,-3.001462457644205,0.32531637954507725,0.8553558362463942,1.2346794017488454,1.9780884430085426,0.20263180433802047,0.564645050411474,-0.2299685455227729
0,4.554782688815776,0.3375361539050518,-0.7543008027122942,0.7003299807221132,1.5485453357926693,-0.19100756711943612,-0.8895841127080111,-0.24405671908195214,0.4429083799542481,0.14349988627546262
0,4.990602722476018,-1.1325889056920833,-2.5773841692215482,1.2172617831435706,-0.6699148757044663,0.2674789785717286,1.032616859362829,1.1427318589048476,-0.5667916562022188,0.24491446978445747
0,2.985340788970856,0.7584232425067475,-3.4937617184101466,-0.054260290289616056,-0.16709995161444524,1.001786520212843,0.7707720248202221,0.21032413503058064,-0.5856470099045268,-0.07479597634392844
0,2.7663691577777536,-0.3543559424727837,-1.896962997461473,0.5342558740827188,0.8840204421825453,2.0110356612488416,-0.7205951332345104,1.412634112018738,0.19696222454575243,-0.743756595328639
0,1.2961987650208195,0.9131962762388738,-1.5757686737497725,1.0431666396291184,-0.4147217156772703,0.5685950133792658,-0.14272090079137728,0.4886276043808553,0.39123804238302684,-0.3827849629153852
1,-3.7493133959384872,-1.4134731176425175,1.7323077927931234,0.5654425488546044,-0.08033942716600156,0.2902689209439074,-0.805039606422474,-1.7088436201624253,-0.892449119874295,-1.0885817200388217
0,-0.9980689008800925,-3.3512929231738138,4.305573840158027,0.5612096162751393,0.46437280100846984,-1.4944563854077018,1.2802547745841133,-1.499567956775183,2.1023810214037653,0.011502605288204652
0,0.7652641153962605,0.8862439528803261,-2.7049183127633833,0.27477974977207265,-0.810429444265725,-1.0373508562035862,-0.17772440343948312,0.1982578433170458,0.43153292719629216,-0.4389736335147491
0,-2.1509534707304216,-1.9239916158362207,-1.1804841584142844,1.1131980271037352,-0.44847173808417873,0.9291124825252499,0.041872554896499145,-0.048642643075315954,0.6671610623452764,0.39063484640020557
0,-0.09333138656721217,2.2607520061931696,-1.9047264819066618,1.4423071234931648,1.705363959979485,-2.122638445593665,-0.49697865159680427,-0.48445333619564174,0.91331580586508,-0.43070213238091964
0,9.087999677261324,2.018673099337017,2.1412262906443003,1.06924402254245,-0.7979314288465925,4.311093719883476,0.43416547669300637,1.3882376865001098,-0.3528279309478844,-0.9348001457910935
0,0.9904537655030493,0.9849300203816993,-2.310733656042395,0.2768255074628557,0.6405109848033965,0.24278169405483124,0.6137734900190513,-0.06786892178365585,0.28276114620220216,0.15195988681408584
0,-0.29354655092809895,-0.13709909082096347,-3.301931920778922,1.0097858647198046,0.0225108818106344,0.11014620004847443,0.23360423402000777,0.17502686699961284,0.5449203071170347,-0.2069178443009238
0,5.380940406937094,-0.13487697768517173,-1.6788425626741075,-1.5076949095842898,-0.15199820704763278,0.4239048123585071,-0.788174533968744,0.7907864967265701,0.11155511222890258,-1.056060672925308
1,-4.581936672186454,1.4842203177723583,0.04207461161204617,-0.29622912941152707,0.713852512530012,0.5759267601744844,0.2232019352241902,0.8683331497539798,0.32854739526579246,-0.14579979752777283
0,1.7000068868371683,2.3522717936592596,-3.0780890942518497,0.06602095276021162,1.056466408749601,-0.28210962807112994,-0.16062044690759425,0.018960064070754047,0.5923305269869724,-0.10542647927525567
1,-2.136445277284101,0.09582960948793064,-1.4924118891214935,-1.1210632056051364,0.06803722858499045,-0.6934917304824684,0.1973340196572619,-0.04007942266623067,0.4198102413941775,-0.6174335904402205
1,-1.5674789972081606,-1.2084332137933997,-0.36915910575910077,1.4756288221072777,-0.1727504375765469,0.5452839168251539,-0.6844790320531159,-0.5563520421478036,0.6062363594070959,0.19896443006273087
1,-3.542905557463752,-1.2824955784727385,1.018210935987575,0.6081562387040479,0.2196359224009484,0.2662478828606631,0.4540370964214768,0.12396047159016238,0.25960941505178836,-0.4347251280120693
1,-3.1578140501813796,-1.6889585955389232,-0.4962937182328965,-0.1940121029002822,-1.4399175504094441,-0.2565387373391154,0.4453354016033943,-0.05793083363780331,-0.4925094960895005,-0.24123877912397718
1,-3.4504885435159136,-0.4982187141501244,-0.152517957113579,-0.5754864186421971,0.05231488099961526,0.629890885462657,0.06082708951157005,0.5113227846148097,0.41398745043653135,0.823773124517413
0,3.3025509513789877,-1.1309378049443084,0.8263925990465821,-0.9827170121330013,1.1952630043010364,0.7078496853622078,0.6485099598122005,-1.5391147679181587,-0.6148311114859383,0.08868664506108744
0,-0.6746192855718305,-2.116409716864001,-1.3962197485458392,1.0431386803210914,-0.24181680158687147,-0.6566550554732526,-0.2154531837642329,0.2076984882835713,0.5057830173404341,0.10859728639044625
1,-2.8581584400465387,0.15272313623647477,0.4289349402520019,-0.4830603185673924,1.5105366077670277,1.2788638869578597,-0.39290832804629267,0.7460726809799046,0.30141888617179946,0.07522713671281793
0,4.648738872436685,-2.3103325702515662,-0.7288088562146778,-0.6399416903912513,1.1583244871106932,-0.17859183391871294,-0.18550657315704674,0.3095051510822044,0.012545384048296037,-0.11297466873854242
0,2.1768628822290874,0.9721160460019878,-1.9438883337289847,0.7373182874545551,0.3957838216927912,0.4623340836054392,0.5366816459463117,-0.9520153244469652,0.07344447408968001,0.19435257479105514
1,-3.7214589928322033,-1.787641650463889,1.2799328199219804,-0.11556576513185841,0.5262823235110584,0.705739931493262,0.48780698623222385,0.29798587478926447,-0.12737374006974694,0.7369116569196155
1,-4.135962943789871,2.403792485458975,-1.2429584053324543,-2.0483464666830047,1.1656524013418488,-0.90105942107995,0.406830331634641,1.2261400496004864,0.3459136374035547,-0.46466937929057356
1,-2.3858356631344573,2.7576581297264027,1.214085631272801,-1.7944891410105333,3.338158035095831,2.540783691715168,0.7464375539101497,-0.9107417856084905,0.262429766744006,1.3190386721525391
1,-2.5788832519685045,3.1386719227438564,1.4002801852226336,0.7638665290019478,2.7840954721507774,-0.8157356119193885,-0.39625815239977413,0.2309379983503428,0.10304745976987614,-0.9281020053613036
0,4.7591121538660905,3.0116805063752263,-0.16624072170065768,0.6058278290099657,-1.141701364887807,-1.2200670878485047,0.8200239853470589,0.3310333326972786,0.5286543280758649,-0.4859573393872387
1,-2.3141322493714993,3.267989679237229,2.7962242450184718,-0.5657264357766805,0.3818340886503079,2.9582835184817577,0.21056495655640242,-0.6279791519811769,-0.23232490150639737,0.041402133033609734
0,1.6916079231689949,1.5406765571043701,-1.7998452353903838,1.3905895681950122,1.2126749858135804,-1.2432108526222057,-0.005788546736057509,0.38604567678305735,0.8020776689796479,-0.18190703064991787
0,1.812305405006922,0.7227401911782761,-1.466249570585707,1.198730042480289,1.4280415889691742,-0.7280624721898974,-0.5314264885986755,-0.4748106739720292,0.0039424692845756145,0.1730403793945909
1,-2.7859247566664442,2.310648712307809,0.4727253027649288,1.6071602853041815,1.6128581571966785,-1.189573471848165,0.16952712831419425,0.029850702249685397,-0.11124370395545849,-0.2715518359065706
1,-3.51864833964765,-0.6583094692607119,0.5913749606899393,0.01080268605944413,-0.020589099113725685,-0.4057097475830909,-0.5269920401142224,1.0830240856122222,0.42780215502746893,-0.39157721802008266
1,4.330002649084525,9.202525685734646,1.492962831884588,-0.3199472953019502,-4.728170550062227,2.2157643119860584,-2.5810600634667686,1.299153005010018,3.784118573148167,-2.7381583685334183
1,-3.2612794727724013,-0.937838120356523,0.20513001264545938,-1.0900715280605293,0.4603499551449078,-0.43432905576003994,-0.8500759135994862,0.33516458763270174,-0.004983072166611769,-0.31071501083665803
0,2.704596172630347,-4.437141769618722,0.30734538542742024,-0.48869284958238784,-0.37249504141494977,-0.2918005008338116,0.283492554045963,0.0862643965024015,0.32715480722707085,0.033346189334271595
1,-0.3078557704769165,7.387812177121241,3.8190859804626482,-2.1335558201906197,-2.7107027154197962,-1.6397583322628286,2.4283614650902314,1.318267644425278,-1.8851256745344835,3.1926392754366137
0,5.503705315293619,0.938325415099716,-2.2101316481166062,1.5237960303634812,-0.924891530927794,-0.5400615928428691,1.5638649468223473,0.5941848599318372,-0.6730996784097032,0.06118199409929377
0,-0.36170919269359275,0.11973908634706483,-2.040955791237884,-1.0588839799185286,-0.7571093758029732,-0.9204476313794439,0.6977859267267497,-0.3933823224135002,-0.35822045693886667,-0.14754816206663576
1,-2.6299766385631784,-0.6973093686124076,-0.5839416361535525,-0.3381815985912584,-0.4675454420826363,0.0348689558676766,0.12012450433851085,-0.4603767146776089,0.3149718225154413,-0.01555375790686032
0,1.428167592895343,-1.967101411900778,1.111938856248655,-0.7529108842722692,0.5398817284085572,-0.9955632498580282,-0.9089201042621617,1.1013289410032172,1.2458728510195498,0.09273684206929217
1,-0.8345178814910337,1.9656048643396289,0.7904325392243213,-3.4376311947463836,2.354550899184932,-0.613101551194939,-0.7763539232732386,-0.24705523528762127,-0.7735117512120054,1.5180245903841694
0,6.230896511902655,0.9200695426759756,0.08982730993826332,-2.5391587715347024,-0.06213585118068671,0.6834713831491139,1.3998060624151405,0.7198740235136436,-0.09674986017059531,0.5090166635008343
0,11.668714648329663,4.748617202409888,2.0058790432135285,-0.3190490252272647,3.391360972999399,4.880799012111582,-1.1554937649669164,0.4835025520587138,-1.1714215693644243,-1.3248808445799
1,-2.0215776584355463,-0.25489983397091254,-0.6478720102946529,-0.05925130559086176,0.05484786556724734,-0.07241379892930139,0.053702704416778,-0.3561796722590408,0.04887555952779887,-0.10784393741352481
1,-1.6383849373649786,1.7159491138762557,0.43420625935944324,1.5279662308528796,1.7693816513950107,-1.5031909625971231,0.1436877447054768,-0.48668671887169,-0.12248575854518279,-0.039063585217898364
1,1.1674616110726215,2.514515850005455,-1.9057187542205625,-0.6383115257183815,-0.23618112736341454,0.13813368055393963,-0.32667924861005826,-0.15205340779610813,-0.22706438825755626,-0.5040585708529716
0,10.769242819274341,-2.257982898105904,0.038835789331887076,0.38938554472601883,-1.1872885524098789,-2.188160347553944,0.03560200948201963,-0.5475606576191332,-1.6493091882605995,0.3965232268739422
0,5.03481108548278,0.7744091563670872,2.6823380216630186,1.6665041294486054,0.3116195927340619,-1.4225484832138429,-0.04325569622995251,-2.014538545734098,-2.9693386606016112,0.02226078149845633
1,-2.1744643095462073,0.4968779848202614,-0.9490918106995595,-0.20721922236898818,0.8853460634179882,0.8830402291064404,-0.2553122810861191,-0.23019653129672782,0.4240219072881891,0.14790171094521515
0,3.288235384718603,-1.668237062050388,0.14693184564797235,-0.4374930106680429,1.3685699313512119,0.9680275798064801,-0.15380533972527527,-0.1922942125209319,-0.08352433945469882,0.4430415404397141
0,0.6076079451777682,0.16221452495228134,1.6373748701509638,1.1145116403760855,0.5407952323073368,0.5678595246523233,-1.6627841462848711,-0.34955758470376713,0.5720267647348375,-0.12116264804247853
0,3.5835636260636523,-2.2066618391548727,-1.7045355935218323,0.8012938767743102,-0.36532208086906676,1.561464068949056,-0.19854261364203993,0.6435915067691538,0.18400348301694,0.46277801183437073
1,-0.9341581043944098,0.927701480930222,-0.04016365357748874,1.3533988833242647,-0.06494213874353237,0.22389925981098102,0.07698028199262112,-0.14890781268111264,0.26248301505986726,0.45596750004225695
1,1.2596046473494307,1.015577070251343,-0.08059284619342275,-2.051334867834574,-0.13752035846784225,0.8430410195220548,-0.1738079097932782,-0.6145515484776864,0.2835033622844862,0.39905316749436315
1,-1.5882639721786045,-1.6196568284204413,0.30999920850445495,1.0919988878803863,-0.05377409733164289,0.32580458559106196,0.2998140901615871,-0.12886534378036305,-0.2465216135372161,0.5215268842781873
0,0.25249756752681457,-0.5313515472449274,0.5893278268567627,0.11053834181990627,-0.42868115075788643,-0.1996346241484278,-1.7271129777191176,0.7867500498212006,0.11684868028678552,0.1442536370654416
1,-2.847431586696074,-2.8936475984331014,0.5279888427871615,-0.5988167319352443,-1.4356969584136015,-0.29236715829688303,0.0958650129539049,-0.4140900314575869,0.3908671247203425,-0.5904797103549206
1,-1.9649501129379252,-0.9651569880786808,-0.08120810697433337,0.09408073768064687,0.5500239296297414,-0.3213964074907218,-0.5682538818835758,-0.39606674563231614,0.05815869696952285,-0.49168081671202357
0,2.7758655690025673,0.5580005267658663,-0.605771248573088,-0.49983000956853346,-0.4999056782268402,-1.0676465883262536,-1.043072285591201,0.2838137835413923,0.6384610603457208,-0.29723357205316203
0,4.396227954702614,-2.1235077121568953,0.579510008144711,0.7774134007046756,0.3038340666465072,1.7851251387876794,0.00042480329326213785,0.29276421369008687,-0.5808812195859095,0.49960404211202336
1,-2.5920828278053176,0.2136339299124787,1.0356115166431183,-0.662005445250828,0.5407643597169512,-0.09693818737578637,-0.02254481426334557,-1.5977042726003172,0.17958670702373086,0.4103236890017061
1,-3.9043381501528795,1.1900666337939938,1.5519811851144125,0.9357754813392418,0.7081204027123416,-2.3540037689092737,1.116765948733643,-0.14858292363501538,-0.9074126885465915,-0.3167871644723744
1,-2.8182312131423455,0.3678839812776144,-1.351435631929272,-1.7384149224929475,-0.2843214781212278,-0.4312826484942816,0.48492343917085046,0.2909503684302133,0.057343587314656365,-0.3828434153381548
0,0.6162808698250996,0.6389116690076548,-0.1999188735157625,1.0974987710490278,-0.11868973407104888,-0.8539389876438851,-0.5065156956129476,-0.6349821896316873,-0.2373503361589904,0.1394127541491668
0,-0.4328602208165502,-1.3920442987733133,-0.08271948210071951,1.935279909883308,0.03446053469852091,-0.5963271388556038,0.002967492754208786,-0.06265704108693586,0.7984258943947441,-0.20972005586123624
1,-4.555028840448151,3.5287860178790935,-0.21526395877851287,-1.0918856936364876,2.758348987726055,-0.9004926367735853,1.4128942192000649,-0.3246197916327878,-0.5059897785160395,-0.19002131132879885
1,-3.4481835412175132,-1.4246224557112563,-0.08872400425354071,1.7107277786896553,0.10661671241468314,0.34323930358510957,-0.23800667668665326,-0.5137971599368978,0.455174669235386,0.15301050865647361
1,-2.115960264030478,1.8493736050196148,-0.5566739791307636,0.4643563758845804,0.47491434347179606,-0.9919191792813604,-0.5089250330560645,0.05186193994979288,0.8866840347539002,0.16746382001724458
1,-2.6913522049621306,1.420061739941797,0.9691507729571673,0.0028595244641943674,1.256518379299607,0.9415787073802713,0.1579387247097844,-0.5929587010196354,0.478343193492631,0.6489310262084106
0,3.2139167651773786,4.046756222649358,-2.7153844565069374,-1.3286253416639628,0.22167319681585324,-2.2047947767681433,0.519474949465196,-0.9203005547104344,0.024795802080549833,-0.5971861011562788
1,-0.7492713563495621,1.797638517132295,-0.5683658058122285,0.5604989833232334,0.9330960251622198,-1.6101870506022504,-0.49834995395908954,-0.45324332426051817,0.5275658447309507,-0.4596273848202417
1,-3.1590060374146853,-1.0357494268216707,-1.4906841621095075,0.5931683778982196,-0.5140858511519355,0.35991588697361515,0.12324114892602264,-0.26379260305689817,0.28987147295295157,-0.17605558440666869
0,13.056121858663449,0.9815132263977479,0.5988126755228702,-1.472930972087064,0.599913065816782,1.021759184054559,-0.09549146834935916,-0.7686185499434103,0.6275691255038812,-1.0988728634116245
1,-2.2286798134422194,0.6674106363804422,-1.091560340519698,1.0783017194701754,0.29912911958648053,-1.440875569705873,0.21175572062719647,1.389296708811862,0.44890667031205067,-0.6295675854413076
1,-2.492831035611607,2.598686267995721,1.6697255617274944,-0.6334860009846776,1.1567474934936823,-1.0964081818717717,0.2038970797722441,1.220037549268957,-0.5709833856527554,-0.7433188944175447
1,-0.1033504264139867,2.280143536856827,2.109562790031634,0.35184599219681445,-0.6224819782982144,-1.4599863401145785,-1.041033922821698,-0.12053753028852932,-0.22736290666634573,0.33645804400632606
1,3.591294118690601,3.9263331552120966,2.047006729297743,0.23176633454670512,-5.465263817670826,0.8338569492876795,0.4115363300893883,-0.9711571815942617,-0.5357749753994444,-0.24864338963766233
1,-1.3489486828722483,3.556225100465869,1.7321912772437595,0.046990744384861664,0.34525100239626844,-1.2628874147380516,0.10585563191858573,-0.7143258726866847,-0.4106746043027689,0.696348231982914
1,-2.510117675558594,3.251319503501506,-1.6876243932740513,-1.1899614108981373,0.4555870487826458,-1.707941973644348,0.5124384167147793,0.3377633231753177,0.6794561324474483,-0.49147616482355033
1,-2.046029572451857,0.3048848667443779,-0.5338387058877797,0.48984175026368526,0.06791210851248577,-1.3389297824175455,0.4599115787461582,0.4889389404444528,0.3544123949947821,0.4418330648420876
1,-2.0970691694487194,3.667095883545267,3.6322004791971656,-1.5397868534208705,-2.236529855318514,-2.2957057986056744,-0.9194047750622317,1.8997566435828084,0.15437681057142838,-0.44507775055959087
0,3.1105276933521826,1.5693895561962339,-2.61393612554095,-0.6184677316573334,1.181779306167653,-0.7682309909986158,-0.20697779598237262,-0.20981377756717998,0.2848148606811445,-0.033473923001911585
0,4.956725570002298,2.3848462187167114,-1.9351070932502152,0.6108412325743268,0.1482097280297791,-1.4938059577534148,0.42680716164788834,0.27577015273862954,0.3578880461799205,0.09652686730514574
0,0.8510142626646718,-2.306735367528013,0.5674619180759428,0.043625249030332734,2.09404651937245,4.979535809975623,-0.9926414219086838,1.0451246425447807,-0.48386350559076863,-0.3710424361644311
1,-2.9659992066225724,0.37150648225224053,-2.0665331595935625,-2.0725062990632113,-0.1630376815772067,-0.4383858234927983,0.05698425053182569,0.4640552677280317,0.2459468588313599,-0.49334613423877055
0,3.3341331980203512,-1.3255573541236616,0.728013664054808,-1.0031987131103524,0.9337069429835081,-0.5801239703979865,-0.2507703093983924,-0.3620479334812988,-0.24209918884020942,0.14041069906179696
0,12.894612133968968,2.3166224643942375,6.3286970072939095,-1.942203991111937,3.160227633822714,-0.9470534253397909,-1.2968792235310063,0.7927584505469008,-1.6964632949573042,-0.07772151331696621
1,-0.7707436775320126,-0.06410921999256701,-1.1344087971271652,-2.510463104406891,-0.020237027361382137,0.1808526835666802,-0.5034842132439391,-1.2958566188006728,-0.09160700535855104,-0.36370126015123366
1,-2.2025155237824077,-0.7356052301956364,0.2670800984927596,0.03761951953110938,-2.934036531304297,-0.24746776508786053,-0.1914553497767758,0.07076057155216305,-0.19816270197367844,-0.4731601080564295
1,-3.1434122456027076,-1.8774090266692645,-0.670369040822019,-0.3033319228672689,-0.408069405073151,-0.22712007153117364,0.32162730126555,-0.270200558911634,-0.17126612424010884,0.29489751145744736
0,-0.6388804999703296,-0.9113660287979898,-2.14272416278802,2.1409156579216595,0.4291397507803965,0.14888223524973404,-0.04163043773661993,0.27227048444008406,0.7725853734941375,-0.05890211108844908
0,1.9191334226485,-3.5380823683878693,1.2549245276885768,-0.33599908002034906,-0.5890689654575768,1.4685278835667999,-0.14472332603680735,-0.17225651849659326,0.25372038465278324,0.24508481292123646
1,1.408868363392817,1.304929406355291,0.6414287693802277,-1.8869563709798256,0.03625199749647297,-0.5342971774906309,-1.2663727915760878,-0.7221436019785911,-0.38581505594143356,0.5939551005708376
0,4.643691316587365,-1.482017169391031,-1.170680553352203,1.2186055251407621,-0.17807255783953924,0.6786615369879534,-0.7409594187891267,-0.6345776932504107,-0.196136310350091,0.7622735153608251
1,-1.8774673636140535,1.4232306440378062,-1.0708121946781821,-1.7093329684294787,0.8845491055129421,0.654627419880116,0.3147356828339935,0.2228351541572946,-0.6836929321557818,-0.006873193133132958
0,1.4320694267974392,-1.049603949088594,-1.2620113212390716,-0.5331890568743407,0.6266966038486556,-0.7859161717518517,-0.6215554471197435,-0.2149436859794326,0.669595224142076,0.13106034872641442
0,1.3526270253942858,-1.1541414717290026,-1.209793266359625,0.8281065029160679,0.9868073423291497,0.6869748901103515,-0.3135077237223157,-0.5253712283285776,0.3341537109346731,0.7125909451717605
1,-0.7091148317236317,-1.5682323235088835,-0.6699940901235677,-1.687263956000265,-0.339314809426695,0.24635850471974385,-0.8395510703749117,-0.5256820829281718,-0.23263411660444905,0.24161425327031447
0,2.171416018303968,-2.8262607261237522,-0.5621074925927861,0.660831624093723,0.47497013261677656,-0.3844465257102728,-0.13889336062838376,0.40098242475832924,0.015782195481149435,-0.14212810906591858
0,-1.9768403553186418,-0.41938744691848323,-0.38057516909852684,1.7394602091059428,0.30863816316961395,-0.7122804202728887,-0.31736122732568817,0.42342636553118546,0.2963462374600824,-0.1662377501401469
1,-2.600789504020874,-0.4823354674943213,1.8723727100951428,0.43801831897683896,-0.01608278299222397,-2.0410093791718045,-0.004721140163099518,-1.746903651463882,0.05406077512712125,-1.3417990509875766
1,-3.258007359468894,-0.41832140569538806,-0.691805627893283,-0.6598536095115363,-0.1215662277759381,0.06728870805052638,-0.4390689976865492,-0.6249777295633863,0.43216972549031035,-0.18593034700580763
0,3.7820264555802745,0.8603815975237646,3.6710006893603904,-2.0478201765330364,2.1837900872224423,1.4742366547956054,-0.5633489331649969,0.5559082983633263,1.4343771627756376,-1.8923020900978484
1,-1.9920347221454227,1.3293551725054673,1.1352445446341135,-2.046433208125593,0.252127779574159,-1.7570828297804484,-1.3958721384676955,-0.6184858611051206,0.1940244946147,0.078396149347878
1,-5.015008689975809,0.5746999790548214,-0.8424381482480079,-2.1696626775431445,0.8820022060122444,0.931935492978583,1.1334910480765463,0.2648572151888509,-0.047820951083324126,0.4229755516359589
0,1.3450204377376282,-1.2747709560422456,0.5558435473492903,-0.5748715237676272,0.47084924546678963,-0.1741001092949602,0.5623465264711763,-0.29730865266893836,0.16277990875173734,0.026178841546304368
1,-2.4559688106880464,0.8984552923634715,0.35313348002737194,0.367991588055208,1.1042868287513905,-0.778887328656716,0.16926035444740023,-0.9777862924351626,-0.5083083270034338,-0.6645773352349971
1,-1.837281669517432,-0.09102676545715345,-1.445280865143783,-0.6725485426076998,0.1361989206483662,1.0742421416030021,0.09905527259976858,0.3731513581879973,-0.07121727262924968,-0.2545027751901234
1,-4.346489712228624,-0.893572266190136,0.6392560329081949,-0.42562691120375956,-0.9564423503516396,-0.09919844644383069,0.34705004029541037,0.147572022304513,-0.015476628975935457,-0.7727052025848742
1,-0.7328129161437628,3.70218238279511,0.6585050181232347,-2.236127459323458,0.3364674331205201,-0.3825376926293584,1.3619835958353506,0.3716595873344205,-1.2072521106285687,1.189582260823222
0,2.3999978431541864,4.837988819756905,-1.0281570383139285,-0.3429168412641959,2.3918727434229443,5.134227798384427,-0.7879231819687603,-0.09760757097301627,-0.08626854515120358,-0.6390844886364256
1,0.39309866393165965,1.0830680630279446,2.2476055057836306,0.4618585987150302,-1.6916285443391301,1.5552200403670335,0.6737491991624934,-0.31994376007473624,-1.4190934915138516,0.05653429635688902
1,-0.4123278127956229,-0.38963131709829896,-1.0457704065390447,-1.366245690881711,-0.863507125511019,-0.35236011248360904,-0.8862288013848086,-0.3729315491594627,0.23425857321416654,-0.21657123879181944
1,-3.049924940451468,-2.2377845222719017,-0.4694529821327994,-0.18277472930063857,-1.575846041054933,0.40880152806270376,0.489990297027326,-0.2239229872760527,-0.053268636157794265,-0.13094398781428185
1,-1.4425637316070987,0.305870449468264,0.5515478510418704,-0.35607404094181,2.7029190357455652,1.4997077010502784,-0.8312799878702891,-0.8061963448194357,1.0339908723456597,1.2005866232021682
1,0.08318610261277953,7.150359800006229,-0.06000997150031649,1.8030818028808233,-0.7381126142747639,-0.5642204644700074,1.6258067764047073,0.6078764887694845,-0.2831216934636223,0.7000363128363122
1,7.093306714189321,12.573194228678528,7.358708081714857,-1.2253415528672449,-7.490433692443618,0.8147305400938655,-1.6810501323919715,-1.6141823999397558,3.6880064149008724,1.0746534872719964
1,-3.743404542996178,0.25050152676715687,-0.09738325219214801,-1.9321470877970761,1.0435915483616203,0.1542178432784312,-0.5852945590528493,0.4921826047585075,0.21330421472176267,-0.06357570807240094
1,-0.9691728143623517,0.9449443023490569,-0.8908112598417625,-1.0965323077207436,0.6135024327695655,0.9708910524553722,-0.42799595939888924,1.2773113850465243,-0.12194255817634075,-0.4270074879873963
1,-2.4187199081229607,0.005552412982825333,-0.7983803838211424,0.07089207074919618,0.07730987851343171,0.8655064689551625,0.10702089905513436,-0.1093364434460448,0.45392965377099437,0.49135340971754227
0,4.100787726595187,-0.37880382017235426,1.4463175319906327,-0.702368566707816,-0.0006649933044913495,-1.0360963832283632,-0.31772098666572024,-0.4207225457126376,0.21369186034982215,0.2872307825912876
1,-0.7516030055354357,-3.0706486584844273,1.4491816782802427,0.9534258737705822,-0.8919287394900229,1.297236614445042,-0.2215874538018347,-1.2383086467780289,-0.004757764453899771,0.07689156275681891
1,-3.6546465282535467,-0.6746487418500187,-0.906985987088516,-1.5111613105521267,-0.2938121005874669,-0.41395189054400694,0.14207172096851628,-0.1218105656964518,-0.08403383245325621,-0.14852412598783468
1,-4.680211576012844,-1.103857247592695,-0.2573081776852192,-1.2464757144387368,-0.4146183764828392,0.15341613823832878,0.9062285740763169,0.6239965262377599,-0.04496402438540682,-0.346494398259991
1,-0.5977817666137686,1.785650875106062,1.4817359679259394,0.1778722375095048,1.589226550350068,0.5892961364911715,-0.03491877979450916,0.015432805678480533,0.18638779019591528,-0.25750355883467774
0,3.387330764641093,-2.911037107173838,3.0072377534554406,-2.8282878329538175,-0.5083464504919107,0.5893891572452142,-0.8318227353625219,1.018566459329653,0.5236232563344677,-0.09124072957698318
0,6.149886189966102,-2.0176527547810785,-1.5661437179981863,-0.9716460653781657,0.3363699216976067,0.34372463488699234,-0.07077556046960334,-0.6422621357827011,-0.013657630861946395,-0.398719356540341
1,-1.3250313470426618,1.4692940245331358,0.8484213778199139,1.1427664666200272,0.047821743911680266,-1.8916327568084998,0.029067192872777092,0.4182493709934649,-0.630050008553701,0.057820270900379014
0,5.494152797674739,-4.165829305476939,-0.601260766138044,-0.14969969842276687,-0.6255664479534803,1.04303879945193,-0.07048465672624837,0.8329180693698662,-1.089383579208187,0.7428566583941828
1,-2.9974032071314927,-2.738861051859813,-0.16118378030219818,0.41316979890445993,-0.4055461362322587,0.7240925466557414,-0.4227453453056587,-0.13851984882742044,-0.45569429971897696,-0.05074092442079623
1,-4.386732721106604,0.0068722812789979324,-0.9481082366197774,-2.7980057796107816,-0.44573087612586354,-1.6880824567157198,0.28236369121310984,0.37264383477687574,-0.11054582992178813,-0.6649410109104394
0,1.2136346121479034,-2.039038957379329,0.980696176825849,-0.23896611516224642,-0.08576867319319345,0.6266564059614675,-0.35194033335222824,-0.2575633349958393,0.09814920988241953,0.3100287071756025
0,5.069661081475343,-1.7851523342604996,1.1736470683779552,0.6937328315182285,-0.6486555598393878,-1.9783923737096725,1.5988723504125861,-0.47942691178671176,0.6595119693616109,-0.5993721586694453
1,-1.9777014396332315,-1.8427794206398058,-0.2773597599864822,-0.5497499042781362,0.20689629580462277,-0.28386446618647937,-0.5541367415952938,-0.9135957093934738,-0.22369354183925513,0.37881665146829624
1,-2.514876418889989,0.11425229888415236,-0.4966227715201418,-2.3543471201062314,0.689374947541867,-0.044258956897081585,-1.0484258479368052,-0.026297328262917755,0.5061766086310512,0.33500914490628825
0,-0.9474878917479544,-1.6847535464245222,-0.3511863419930464,0.5772107412622972,0.34154213388502863,-0.42263863784192995,0.03577347479338473,0.3530474104408353,0.8088417383656475,-0.4806847297887468
0,2.819368343466048,1.2651031321636554,-2.153144240308973,-2.708459042181114,0.0400444597083592,-0.5662738273205945,-0.26748339652362013,-1.0654141579014453,-0.09332764440548054,-0.6390860821448094
1,-3.483986298020005,1.6196919825568998,2.6754693892339154,-1.2536138059339323,0.5989814171772252,-1.3438766173960395,-1.0274299004160123,0.44332416815394415,-1.2901017440951639,-0.234828249380325
1,-4.658729577966131,-0.22291481503257604,1.5593586618863027,-0.5110923193881067,1.8969408351181265,1.347317635420431,0.2725682956367044,-0.16455066710170263,-0.6699075550111397,-0.5375475757826605
1,-5.351618114936627,1.026757858605365,0.3249859244497573,-1.3686824278788758,0.918661369256607,0.2210369706763621,1.1251522142545907,0.6379674524445859,-0.4250257922522263,0.05780268671718026
1,1.1708977789054469,7.0144865786981025,4.271861991969352,0.33263982627151606,-2.909444778927616,-0.3891475937779801,0.7141966166341618,0.5025607753231426,-1.2499836837879166,0.1512162478298654
0,2.956301867144238,0.7064218520962683,-1.0423354420286675,0.5221495724139594,-1.4136356074554421,-0.2689430689045752,-0.995371653966999,-0.21772890999817254,-0.2313546227265669,-0.4714424113742452
1,-4.97570206215976,-3.386204867391141,0.43983840943726377,1.5775699793648688,-1.0337957308929162,0.9267815828625282,0.45238634235952196,0.09181468065404279,-0.17949672120634105,0.10223436698300728
1,-4.064025658740144,-1.2461661741984245,0.5744778366294575,-1.7053930700308992,-0.6158644594296468,-1.5091337669649203,0.3332938574112167,-0.0776444856796705,-0.396594784121491,0.26370488232787287
0,9.512669844166359,-5.603484192726077,-0.6372394031041443,-0.22422119834736903,0.4065435291677481,-0.8366143008453614,-0.7146623738334137,-0.8026289105114612,-2.161742058951651,0.029125209683389136
0,9.007165526292283,0.5810310772838607,-3.1347151984641,0.8622695939651733,-0.04572204465199501,0.7257742372316642,0.8458904988392681,-0.591539687348045,-1.0156216243323364,1.2026547623357322
0,0.7588784847610691,-1.6085325756435829,-1.515095714487802,1.0760600255095873,0.04923462960955424,0.0943316638793662,-0.060811969762509785,0.36557640961788196,-0.120694378584835,-0.41156718954265537
1,-2.6593596153532904,0.539935800897079,1.7070147054728133,-1.2017513145843535,-2.35474184774006,-1.0044058013297057,-0.2668900852830839,0.08946058934257332,-0.08502721327312344,-1.1925147721335538
0,-0.3900189810589224,-0.9892423529287846,-2.5851692408804348,0.7845271944038051,-0.7343112538276759,0.18373765113009197,0.6915823217504882,0.21482918468117213,-0.09687015992242047,0.4609436438561226
1,-3.8890655271867742,0.8160717107750091,1.0157172660485547,-0.8249184590940369,2.1335727767487054,-0.793724397154158,0.4374436081320286,1.9019515959506315,-0.31563358284508297,-0.10422429108528555
0,0.3648761518407553,-3.57446122592853,-2.223978533134076,-0.22316803751485917,-0.778530968138137,0.5102303521833558,-0.5627929560710763,0.23543890876072796,-0.32562235315354604,0.12468065252617241
1,-2.8358909181565215,-0.39872969401219077,-0.3474450885882132,-0.8132475206656128,0.039280688594382086,-0.6355226034540689,-0.5978512299553108,0.16082316940750851,0.5411887030990415,-0.5136384915890895
1,-3.3102836207396305,0.1557411949852054,0.5414789422238072,0.512483909545326,1.7878791217949677,0.6958502976361538,-0.9106874780535822,-0.019856033840414723,-0.5342738885355032,-0.9633963750763362
1,-3.357304402555184,-1.1037324235664445,0.1520898046669446,-0.8281880279498983,-0.7342592404217206,0.6926263936945048,-0.1877493102417807,0.316890168182648,0.06372778487145123,-0.2432510270619959
0,6.523116620292809,8.011169611598755,-0.32642369739191524,2.771798523277222,-1.598931847134207,3.6721193464015878,0.4671996124565738,1.3225059237040233,-1.9463766034001522,-0.9469148297397171
1,-1.7177351761078505,-0.5431655272763862,3.2983752533289694,0.08733074582306362,-0.08417355063056116,1.0050589254734124,1.0007104269676885,-0.9962445920446111,0.23253049568247933,-0.11899341744069498
1,-5.5657358989810835,-0.47784757880725315,4.127462746023785,2.352490760258936,1.0524610094265021,2.0935022328735147,1.1673873343947347,-3.9531630716428108,-2.0611563151303405,-2.6720108085159335
0,1.7796614892323603,2.7765871696774127,-0.9427628490848606,3.074352196947389,0.695133097631341,-1.201365740370287,0.628840362687811,0.45790313200825833,0.2524064510821849,0.022233679077516035
0,2.6114848931605072,1.561421709149273,-0.21818695365474572,0.49277526478488703,-1.1043873825128563,0.005818592859329715,-0.8639182944225114,0.2050069138721948,-0.3568765776150172,-0.4115951790378733
1,-2.8190385096119375,-0.970110566967489,-0.382591438550403,-0.4637906008298243,-0.5517868439661106,1.2084608474885572,-0.3662600227258976,0.11381674699718732,0.3302236757828375,0.19803686937065246
0,2.498438877723986,2.2784828520976146,1.3194785753218503,1.180838554070676,1.8997302529764934,-1.7001027310460335,-0.9038390326697231,0.44737306209365457,0.3400396134094936,-0.7983117155407333
0,1.2770271752993332,-2.443258964273786,2.4663169862406895,0.1298905616866696,-2.15530612395986,1.2180658216584903,-0.01817796466114964,0.17860350657366703,-0.12499424194178968,0.5858858579722852
0,3.473197342850071,-2.2778489100427852,-1.2386840655711486,1.1131409688249512,-1.0092590231065448,0.32177322533417374,0.16813196119056148,0.6692837911737203,-0.8927668019560379,0.3039640282648501
0,1.2566751119853181,0.38239326437188376,-3.8383203827020536,0.7169201291303896,0.651156149893619,1.219262843531365,0.02196859781636883,0.5415906690708185,0.33771224576027975,-0.159036310162842
1,-1.4734313692163163,0.11689025652657373,-0.2146678644387312,0.490808854788514,0.713841800904763,-0.5411875140252127,-0.16693147090461657,-0.29189977977432713,0.5978810312969194,0.6563206123510625
0,1.6494606959340612,-2.1022910706395836,-0.9752715916388871,-0.18804368374522806,-0.9168261711712166,-0.32970020050767845,-0.7278906602801652,0.6217186584301183,-0.4475013126176939,-0.4505440899760985
0,9.036589480305244,-0.6551728250902248,0.22128007692196902,0.7647306172828987,-0.5648966396011231,-0.33223296056188206,-2.670600484133631,-0.26116437173895435,-0.4629597231752736,0.4352666464273092
0,4.55459006478805,3.0866391558881205,-2.2704043063554864,2.191119178070268,3.4613552419787705,-1.1797144964321573,0.013080738128260019,-0.15797742880522134,0.5332229240911964,-0.27995821879538674
1,-0.7811899668984476,0.6528492587504995,-0.6436569974437188,-0.21446824394068548,0.43767990422825026,-0.1604894855005576,0.18723510852163688,-0.06818966424052603,0.5337580440982598,0.18956175099748448
0,-0.22309260678401396,-0.7018214902322885,-2.2707620397373653,-0.9986314980201025,-0.6464879185335295,0.04292906275826639,0.34118042624271816,1.099644479986566,-0.28069308482502997,-0.2528391778175609
1,-3.4548953860958407,1.306938722836414,-0.029264517645480183,-0.33050375476146787,1.8619115943801399,-0.328340345520389,-0.4426281854190236,-0.03601947276155024,0.28670883586315193,0.14396824775517272
0,0.4465443964174063,-2.787707740768308,0.44438226991796115,-0.47202854152078544,0.5299896169280903,1.656590303741896,-0.16937066678317608,0.2562248989472571,0.4863215132799594,0.7870797582400151
1,0.31443822596146376,2.0775607279208286,-2.0833118691853114,1.0685397969141104,0.21786951552805625,1.189843442022755,0.8621809989527321,0.2691050335423161,-0.7202120528180875,0.028053530987345282
1,-2.059191942545395,-2.472787787805826,-1.4617188178856158,-1.8680819074467356,-1.8385631428737492,-0.525022704117649,-0.09890202051678412,0.3497728053757817,-0.27969980734571814,-0.5855968383936627
0,4.808969244731831,-3.029102967389793,2.744018675988501,-0.2833636130369516,-0.19396456387630007,0.9849839012362394,-1.5415621302285147,0.5377068120606698,0.4097092608182295,-0.6777694998287367
1,-2.9987105282381767,-0.39677802824528063,-0.5964659390372139,0.2080449370934588,-0.5683597796633616,-0.37278625997754566,0.40296321493165405,0.24590944003624182,0.14780463927557544,-0.16913068062239428
0,12.285019759541436,-7.543410169305503,10.112423747094638,-5.194270005648293,3.8525069319243355,-0.8774991518650064,5.4172192636697005,1.6029552835498189,1.8647578111038545,-2.561476899950744
0,3.372196590643693,2.587825427979321,7.092074811672978,0.36749473783450504,-2.7705731049248152,-4.217767525301182,-4.084684322239724,4.362305610508041,-0.6586737366198386,1.7074319901990964
0,2.5087663116225576,2.614648477541322,0.2063803350654728,1.8947458458948179,2.1247656289414705,2.465074608976893,-0.776710222906195,1.5232296045983675,-0.5222569181965026,-0.29087076669040574
0,1.3180684765426354,2.1544795011177524,-1.7866325776203433,0.010169665205247381,-0.1671523743371638,0.5690938098479025,-0.03761438874178117,-0.44491303547388156,-0.03356337642571633,0.07260692846489972
1,-0.38875629875561263,2.276797894739398,0.6273320745144417,0.4297269988862219,-0.11938017527359743,0.849893638818602,-0.9042419208247182,0.4086201378437216,0.38563643725507085,-0.21924800224237068
1,-2.7569329912570337,1.0868346854768594,1.7072381598321469,0.5168313730762191,-0.8070226998224312,1.7854864565245927,0.4969127487723539,-0.9648633288281399,0.6721460110351098,-0.23509308322886935
0,4.943581014506626,-2.848324457732525,0.9138788144500727,-0.33518400860946906,0.48332591945164494,0.3553753638809626,0.48486371070860484,0.3208181113803731,0.44351431875130964,0.7967808597080515
0,4.298077329827852,-4.666275179129384,-0.006841008371704775,3.6533848958117283,-0.17870292898713458,-0.9138734208614177,0.6715823494333141,1.2969934810375363,-0.019668223557081574,0.00575128511462083
1,-2.373501801975015,-0.7334025639778904,-1.526027488118844,-1.8533295861732064,-1.1831180587513757,-0.8578711923112765,0.6587212421829436,-0.06238485469209439,-0.6267193659841817,-0.6032511691319437
1,-0.9671903116026497,0.4384381816155842,-1.4476962674759775,-1.990361423651652,0.09396608366087923,0.29301298924562164,-0.11255668270108074,-0.15334173184727892,0.018545388192505577,0.20601306939669797
1,-2.9757987879409016,1.8109737757240112,-0.22343526886632503,-0.3916351992352499,1.5293707831811356,0.04680177788250899,0.4466315780973064,-0.1659385360830793,-0.1499055262276845,0.1923966314890191
0,1.8032470204666655,0.16646095723338125,-2.628599564709475,0.6437414800701607,0.521882363827468,0.5697925629548788,0.33234336034038947,0.3146095896304728,-0.21613687890342173,-0.022939768565025442
1,-2.478359512372221,-1.418576446864543,-0.31653324292742047,-0.3285027387821819,-0.6620125983838702,-0.4467463259837781,-0.06841444590821337,0.3714951624145273,0.2932978809801176,-0.29957601986095017
1,-0.8260392924374995,-1.2502474730589632,0.26796072660753245,-2.3106264615337286,1.0148136142114073,0.9016299166219749,-0.802323576010961,0.026222959273377245,0.8697383519990362,0.15606710586293104
1,-3.894697328339551,0.538570744503392,-0.8815587237804833,-1.0387999956902292,0.8090288808723425,-0.6909989049114909,0.5066875181168908,-0.5154891195267418,0.08183636799721632,0.36797247967996694
1,-0.38957809021741174,-0.6144154700225485,-1.3528692464004592,-1.1751923119850864,-1.7898932912438619,0.9602687033772863,-0.04008082225985001,-0.003662494805359077,0.12009966970549749,0.3600427101577407
1,-1.4573213567984844,-0.20172675700990442,-1.0988787344535462,2.0057749681162247,-1.4785622277940245,-0.08537961606711045,0.6043601097994531,0.5833424938735274,0.3373585472323661,-0.3475893672679861
0,2.7555680011537413,3.4657736038397102,-2.474050856594929,1.0082788485493603,-0.15513599761389849,-0.7014087460283099,0.27025235158891137,-0.07247619582137686,0.49596913959273603,0.01919475048490913
0,3.2572546734788146,-0.12520049203442576,-2.8960974556390062,-0.7495901174196158,0.35285555743515234,-0.8049437334443951,-1.3954082833127257,-0.68582930412714,0.29478335013639717,0.31388548361039675
1,-4.019140240564173,-1.3542473809817672,-0.36047271449738066,2.635797761807256,-0.7352450114789421,1.5182776944851704,0.5786050260335383,0.26994879341752703,0.8307207695589803,1.1764182202028468
1,-3.6764132931673648,-1.2916290603284581,0.42461030678729905,4.601709853948267,0.7409092092097935,1.0397368035306604,0.6769928572543952,-0.14741996558895537,0.6774551741580491,1.2393390193092935
0,3.31632411344677,-3.9391522592523907,-0.20545368058813948,2.118223643561069,-0.9699807958986479,-0.8908139054209923,-0.09268996689155275,0.23781948779312947,-0.6614775661188301,0.1094546873652434
1,-4.036607361757969,1.1625461079531416,0.18974782577381855,-0.9405169972260696,0.5655989262071465,-0.8067387016768998,-0.15933758026482495,1.6090693806943013,0.07010033192506485,-0.20478418230885928
1,-2.3342333502302344,-1.348979732187659,0.23268701919656085,1.2129139172053087,-0.05157488803783515,-1.236719292097133,-0.17422339516945176,-0.13416881398642871,-0.35882657474744056,0.29383585579482824
0,8.403847113457502,-4.153904776612479,0.046969075234330596,0.5518427613579456,0.28808034430979407,-0.5070591304564988,0.7191130709020648,0.6988202464108182,0.15954864125712115,0.5525325154123334
0,2.6475686330836297,-3.9511729514875706,1.3718813340605873,-0.20781925091391293,-1.4050541838727182,-0.9045129526744773,-0.3237684926667012,0.9986281932995581,-0.2931987930609949,0.30861649916255124
1,-0.681768865920407,-1.13599113061626,1.2336664710037122,3.864500137760522,-1.4283521311998706,-1.2914292814799977,0.07533421421596403,-0.8257393628786993,-0.3895146532798656,-0.5528356652717976
0,3.3502957906354176,-2.1545700266626313,-1.1089437206506505,4.349007677387158,-0.06238439291027522,-0.6857157282429664,-0.216543796485571,0.3713210823555592,0.7306079259317781,1.4480562640022128
1,-2.227720518819695,-1.2149996868114268,-0.1924137755031199,-1.4712781370399013,-0.0197151392954723,-0.058937640448558905,-0.6902928767277048,0.13538967011512704,0.3773216551422499,-0.024605363556148452
1,-4.477584655730476,-1.7411293624733224,-0.8882070880019673,-0.7646525413823658,-0.6051400089875179,1.00457102762155,0.23266834534825767,-0.025871691282329346,-0.08989998370780686,-0.13795909667806086
1,1.322621418838941,4.789476583869909,-0.662535122480155,1.0211958057030937,-2.1500245057498732,0.45044837382534114,1.1174158102476983,-0.3405650227867752,0.22992976194469136,-0.397832689913913
1,-1.8500898601405222,-1.5841281496577786,1.2639172257502558,0.8021025971985009,-0.7114115946310463,1.596613679273114,0.08109920431121065,0.14969980496828775,0.44398388125014643,0.3215961503927425
0,3.7955656418249704,-1.0262326419361412,0.8986356352926844,0.7604604590473526,0.7578474673033858,-0.5227298528611536,-1.3884947158290153,0.09665494727591209,-0.8563269887122497,0.43038171878284587
1,-2.2813180992395026,2.0776859796729372,2.4306490301672588,1.1860598139939107,2.859003314967553,-0.9990287358761979,-1.089764106243273,0.7439217522823814,-0.6307830720096718,-0.9267342286594478
1,-3.2287701182773816,-1.1720734786955214,0.2646643297653452,1.0029445748563368,-0.894467619077258,0.6292250337100813,-0.24996820763751995,0.3297501282818553,-0.4222789711371855,-0.7939776422784833
1,1.0259007876487505,2.3612619443209333,-1.616885593159926,-1.1459632459106173,-4.144478536625528,-0.207528808450224,0.7360684306445112,0.6191411268685002,0.14265480040521888,-0.9046948890433054
1,-2.5825558372816815,0.7292131140786917,-0.5481427872298437,2.332079177675762,1.8352650060158637,0.14016622442495813,0.12196587279020549,0.2728627577167772,0.6096552483950299,0.35047158304942977
1,-2.4858832255063477,0.46059640268242674,-0.5989203402625308,-0.9987176335649569,0.4303238629774156,-0.3796217023333325,-0.33155241456271395,-0.47841098101917395,0.579189636489505,0.023224551348920014
0,7.1438420390529025,-2.074842232620046,1.0883873372922563,-0.7163335029837997,-0.8199009914005855,1.1445482754809462,-0.2895373480187523,-0.019306547974562802,1.2165610083854017,0.30794904881992385
1,-3.0324811407725987,-0.649468799857763,0.31068266733161637,-0.5802825039396364,0.7328849003128339,0.5720082643944311,-0.008425438645486541,0.04888685712442751,0.8117964167858621,0.10616052543881753
0,7.085010648787643,0.5282231716861969,-1.2799870432249791,-0.6515632923028335,-1.853824821800238,-1.8112999002625207,0.5354688465890649,0.953168457020411,-0.43897878015107644,-0.4044835843615745
0,1.3140990035987576,-1.7754258312624553,-1.6726317666057482,-0.6946200249405757,-0.1128106537011522,-0.08752902886473701,-1.1197516395660265,-0.3459254961738636,-0.11514074447561339,0.05856576067175216
0,3.71164951477973,-2.8074771106095104,-1.756193609490139,-0.9041052352414443,0.0709859976259158,-0.2061885559785043,-0.20422619393068353,0.34477383306529374,-0.09848182061146057,0.1003016579069537
0,0.46047909084775834,0.3941662885214323,-1.0046985455782447,-1.0753882454173922,0.42753481196145654,-0.09140705527108813,-0.5446881464554453,-0.05274254591206686,0.4391785016353963,-0.2766453033268341
0,6.392649920534937,-1.8230941633210442,0.4798497266076049,1.6964609875516476,-0.5566773524925204,-0.10677238435549306,1.3422277290503317,0.2660563208102765,-0.4905302897858493,0.689224549022004
0,5.25554494977824,3.8945309898245197,-0.8338534467396623,-1.6816008425906666,0.7843269718711162,-1.3870888747189438,-0.11000055720977779,-0.950251787292784,0.02369306821304656,1.0789808999131423
0,8.733861502954003,3.2798773749529473,2.9036994644225853,0.2771881636240349,1.0618468671882286,-0.5676916847341902,0.790183738896495,-1.4345691971605543,1.5175965209857114,-0.10863700429428814
0,3.691317880228508,1.0656460674271757,-3.515589047812134,4.773197016902418,0.8024841391091072,-1.1415917177422388,-0.0039683213135673565,0.07517837486452981,0.562638774671204,0.6864119166555154
0,3.3782508726958786,-3.371227892042614,-1.7667777549872763,2.077956970634191,0.5977815272671492,-0.4907819672257124,-0.8248321579950286,0.2990119018062886,-0.486205902591022,0.683424620287543
0,-0.8402096538369344,-3.5000850321832604,0.18248365340487485,1.2425727071402441,0.10851726792743764,-0.416999781632763,-0.24964307530930765,0.2072997964807725,-0.3483817541639297,0.3476924381298924
0,3.2843726199731598,-0.9906732009428241,2.554386392206263,0.12282697139739511,-0.35083788440136426,1.4773840532158173,-0.06516679449549649,-0.05307352991387658,0.26435177411350314,0.7562707792398465
0,-1.908768928136383,-3.121945805474928,-1.0630561133946062,1.0620669179695281,-0.9572965470397135,0.32853513795155426,0.02994850468755539,-0.21223600548397129,-0.06808714662277413,0.04408660060438181
0,1.614781925355918,-2.474573347873444,-1.991134784052826,0.3790911621882129,0.44324872641561003,-0.24436682486187186,-0.667385150676182,0.2609622138321322,0.6187461099192063,0.32627625716568814
0,6.619726346836863,-6.003276417553648,0.9893777588452528,2.886757575832779,1.6953839040729883,-0.7996727419785155,2.28766770900932,0.44528984555033346,0.6410108999680467,0.5182964279166268
1,-1.4646759334587776,1.6866318141555778,1.16990587039462,-0.32566224650651127,0.46487330616568595,1.2484189975500835,0.11576586206310602,0.1441601844282319,0.36097222256176814,-0.4906938930504253
1,-2.012152428518771,-1.103486558144853,1.3380240797146459,1.6156796384099243,-0.6917208028389635,0.5411901874648469,0.09314563019698868,-0.6165005889624362,-0.21169506956145134,-0.20782908396839436
1,-2.2843402520706424,0.009493639196514485,-0.45043954205578535,-0.2957797401917585,0.8038675298255283,1.7790189334975128,-0.4352660421477913,0.0977924264043828,0.14946556539680023,-0.1205580004230013
1,-0.7397430856449472,3.1525206050711536,1.4698578473041148,0.31489361900091084,-0.9476892918041611,-0.5314411245095115,-0.2797754383364192,-0.03840378813523547,0.09542913429535332,-0.30905365606915847
1,-4.506562510681539,-3.1692725878735337,-0.18806158843615736,-0.391160060715061,-1.3852066486309171,1.138778935432801,0.14940393472839236,0.14201304801824904,-0.4297196325051728,0.3485432026716393
1,-3.1587543014074173,0.4103017949685618,-1.1088172045342584,-1.9716188331519742,0.05858711856757261,-0.28241465139278304,-0.07926823728003149,-0.04430358312273646,0.258569552547656,0.10908408774362541
0,7.676149471669645,-3.075306303995454,1.481959412326735,-0.5524018659792945,-0.886205342691394,-0.08252749934972105,1.6521224453459793,0.13499956158754703,-0.2428720045432665,-0.6492976571410668
1,-3.6391359671594383,1.5895870640296297,0.7162798064909748,-0.6703852398419891,1.577331140737378,-0.7452729761837326,-0.3065468234195051,0.8370569430909718,0.3684732094561452,1.0830531267058254
0,0.33734549264382796,-3.144373457646924,-0.11572148197426628,1.8152952897397943,-0.035293178315028796,-0.7162118541162855,-0.05513283683689565,0.1194981045593007,-0.5550035299312873,0.27165331519674313
1,-1.2765833791515424,0.8490529834604241,3.070068156165659,-1.1664974935882606,2.6781242074342657,-1.3605087184191371,-1.6491278747402356,-0.8449883366255498,0.40596696409318217,-0.13801923518131162
1,-4.346014054230491,-0.32197805680139474,0.38847470109672255,-1.107147237034738,1.5033327158239858,0.5377922029686878,-0.17701709406113453,0.08755681316144139,-0.11082642662030077,0.2013179267885442
0,0.017430791487393734,-3.4593432912027615,0.30692080144918343,-0.4755698975638606,-0.4007365927116231,-0.1569074625845887,-1.8742150537992786,0.780082453525285,-0.3522330927637802,0.1592032082330231
1,-3.4924260372868683,-2.6340824007641523,-0.07218764240633434,0.30797777022048195,-0.52501569104212,0.23338979819990519,0.1135726771007377,-0.4638146396996178,0.14710426609469057,-0.0630553545638446
1,-1.8665488536842119,-0.9020642096825102,-0.8711686907326859,-1.028814472255025,0.23187710001892928,0.9163083942691538,-0.568784377501443,-0.9328530952008671,0.5271934073139388,0.7328945920225923
0,4.96026811782797,-1.341123047390112,-1.4570533353535342,1.4681981471462402,0.6124601030816921,-1.0858064422120364,-0.1859208077380388,0.8054988601952783,0.27105683619099297,0.2886404289694296
1,-2.4707226852233743,-0.1380262643378296,1.7948853032581682,-1.5476271681055473,0.6973621152310021,1.8685774082912825,-0.254779736425206,-0.03828906648729317,0.9747048944568634,0.325167624938315
0,3.785060102923415,-1.901907416269704,-1.744241903092628,-0.3922846200459052,0.3392796976206243,0.12968393625207494,-1.2777067379198837,-0.05449197035523593,-0.2973401356857126,-0.10264981627447374
0,2.6372557772722276,0.5771549958415211,-1.994699824613598,-0.2725491493682711,-1.1967680346737384,-0.4878625323459531,0.03940602884536798,-0.9472165142340884,-0.6347297447570671,-0.08925619285364558
1,-1.372685023666619,0.005805461425116109,1.5492892156170015,-0.5844391534784809,-3.004878478403993,-0.0013724529175989536,-0.8131483989567476,-0.29868892712285605,0.33404563888393624,-1.1264930814772771
1,-4.138882573259071,-1.3765082402979758,0.8780486016227252,0.059856250605354405,0.5975966346886764,0.832096315490101,0.36766736403691397,0.004489866485282137,-0.5778792421628626,0.039749021976413244
1,-0.6869402913907828,1.6950096246206963,1.0262128438932414,0.8754781916089299,-2.1746756083682746,-0.2967882614548501,0.8410946097784994,-0.16355983519360867,-0.33775107454374914,0.33118299252143024
1,-4.312129582742907,-1.9784861330658425,-0.25130648668008276,-1.5749111511036542,-1.9834111468913849,0.4682074123987213,0.24523565818817197,0.524746102504071,-0.34309284233220444,-0.42147843875737656
1,0.40330942137648945,3.7234340036404303,4.586469001104593,-0.21591119678778617,-0.8078009046325016,1.8261264093943053,-2.448851088894449,0.6373661509037376,1.0275278952565052,1.983871407619022
1,-3.00360579532143,0.3541602274578689,1.2340149770109006,0.7174567762745667,1.3125622337216682,1.9968669225940148,-0.4478906599145192,-0.43937948412921757,-0.1544755949796563,-0.15367655975802336
1,3.134008205440036,4.27345955843952,5.866279514838566,-0.5965830757366887,-4.201027896226718,0.8712702444257661,1.4300725509067986,-0.056654577149038224,-1.773891162471693,1.6764042441415494
1,-0.41783686688185234,-0.8085765710523074,-1.0932914838531633,0.08972977483986994,-0.25706918143593505,0.24558889587756128,-0.2535035564861899,-0.13145483712519648,0.013112427327148943,0.5290552817015085
1,-1.4202231350821117,1.3939781131568862,-0.8369868339964807,-1.105445133154544,0.36440061452737027,0.0894661012027902,-0.2634748908040739,0.96470590729003,-0.4759695662745418,-0.07825370956997237
1,-2.870588347786155,-0.26864450914400956,-0.4689872589990922,0.24550356801655046,0.5579192926379773,0.4144510733757716,-0.6574580040433866,0.38991752713331546,0.44783113118229906,0.12994906612423573
1,-3.3658457040713747,-0.8076006153541783,-0.8070794153089241,-1.66368599494637,-0.050586236942298836,-0.6566330801794638,-0.1833263469725987,-0.3027871675400338,-0.10696035447107011,0.060500223012722724
1,-3.3150001548360755,-1.4421762294498757,-0.5836326027461878,-1.7849308358024023,0.019272507940800532,0.6299781198008063,-0.0059708505289511205,-0.1344355233131996,-0.5222011584673282,-0.206842871059698
1,-4.769710159700077,-0.5429618596413276,0.8938680006186194,-1.7310613718308703,-1.001712619807103,0.9637677081510816,0.23667664280069486,-0.7015380010356411,-0.6680461037442701,-0.8416934962036041
0,-2.385882758420602,-0.824115570905729,1.9839634866787794,-0.05525545149633857,0.5057284471302961,-0.9895633581864691,0.5674865589825859,-1.8324882192343535,0.6946402816330502,-0.5476972596644204
1,-2.787096009431119,-2.5330340029384857,-0.8840343987299141,0.2596746572417308,-1.647832634144437,0.9434646322451161,0.7521727558367357,0.1752612047400195,-0.008048325390682912,0.5002669198013578
1,-3.3938417715182956,0.7539639569981603,1.7717935601115167,0.27667331038690407,1.0859029420767243,-0.02878666378455469,-0.41360505567645356,0.449339377711177,0.06599567938109675,-0.09802494791122178
0,6.590235943344426,-1.484862449914264,0.36133990063368576,-1.1884461738065688,0.12091100993748276,-0.8927969840686977,1.1718532255627967,-0.24084219743395363,0.40158463513723625,-0.7919772025725094
1,-1.4553305178966358,0.5919428677399617,1.1463403848993774,-0.0790172927454816,-1.0877387884811291,1.0579796567678579,0.06425070397024385,0.17473836963878892,0.16245443959825978,0.12122085069975132
0,7.182933102086264,0.055146060187373266,2.01291788613586,-0.08277610237404033,0.6657817622551488,0.424603396760524,0.8016688817766686,-0.690059177844992,0.1799722278972422,0.4402515454251521
1,-3.5788354034470404,0.8915829916265164,0.26148740499521594,0.2540957522038543,0.599593414238777,-1.765871169196032,-0.30921816796068785,-0.3896669604203099,-0.19501869747597353,-0.47429198475515166
1,-3.057032641873498,-0.1792133862651389,0.6217734459790192,-0.2613983809391291,-0.8967350980196173,-0.5245687730459627,0.7093633932738319,0.13974816729720918,-0.16501355188924235,-0.5008429896793889
1,-3.074435831560862,-0.30605843546261724,1.2592536574618816,2.208626675688387,0.6064117260262974,2.3580672879021694,0.013891714075943433,0.12957709966887276,-0.0851419137917786,0.21099417461390632
1,-3.8535397332557193,-1.524726422585324,-1.144509644872221,-0.815050538952531,-0.4930515339829219,0.2876053072090328,1.0467614139180688,-0.04838826367331466,-0.37363920702707604,0.5407094716417328
1,-5.390256393774111,0.5562555046188609,0.5600700632026161,-0.47185538336191335,0.3997982983890907,1.476659283352009,0.9505017883841427,0.1363732566298348,-0.29330758555559816,-0.07299395414355588
1,-4.657682334494786,-3.065387433664338,-0.07600910991892142,-1.5085163310956697,-1.272815423194357,0.5556950798672285,0.5525494353303756,-0.0994108962105917,-0.47742503882664467,-0.27195689251910254
1,-4.027542388108072,-2.542907043444139,0.35321712939199224,-1.5143875042410353,-0.667498664677125,-0.09625750457002683,0.8397683803075341,-0.3333589442703835,-0.012542088007081014,-0.17344011815408938
1,-3.3478219416102126,-0.06856304781817339,-0.2701932888893002,0.6276363367759141,1.1256875357644596,1.349985660475976,-0.3753642332535948,-0.1214648245440968,0.21292472793956935,0.21897992663250532
1,-3.299842011468293,-3.138709394209069,0.14889237080558526,-0.7424907363412961,-0.39445081239374463,0.6412729897697157,-0.17142596614064726,0.04149966830248447,0.012862254136813906,0.2324574655220747
1,-2.1364041423511364,-0.004392848638495318,-0.05513895701541069,-1.788112879101633,-1.300445442075842,-0.06311757362970628,0.4147666534657629,0.2999787042847546,-0.07258125499284114,-0.07251363680496574
1,-4.038017141736999,-0.24069805436710123,-1.3281267494695383,-2.440232258310725,-0.27738929139893936,1.693652095358459,0.4142105744179224,0.10558743910849569,-0.011213507575824946,0.09305227363328032
1,-3.7654145532586294,4.3982004932891305,3.9502078419989224,0.30726828128153855,4.789656332217362,0.9662760106380736,0.024302965560073848,1.7465848151255003,-2.618679805218335,-0.24277148687423833
1,-4.8712393834808685,-2.3392147874210214,-0.16829482806235946,-0.6948898423046853,-0.8209388454249813,-0.8244920287580215,0.24284651362773652,0.06748549817984796,-0.3394711568259912,-0.46987399077654
1,-4.7472485163546,-1.7984019755421963,0.16972019757857235,-1.5516108420633414,-0.5351374863973429,0.791580682288489,0.058144756727320515,0.15164513280506844,0.1657190508059861,0.07387272299495282
0,1.8953162763188445,-2.3922380030497075,-1.6764913002997723,-0.7120282345785973,-0.3834019056527002,-0.3924228513429628,-0.598717696560199,0.09283329884379614,-0.09544540893601593,0.38120252420375617
1,1.5729311406089759,6.5090993067880225,2.167158980768515,-0.03007588599084436,-1.0534111772791557,1.1089425859542446,0.25376317208044874,-1.034204154960641,0.7258517372202893,-0.03727633593013664
1,-4.0266202526593435,-1.4022064621622226,3.1864999036271815,-0.01955227719255109,-0.17964845509317998,0.9192954807146999,-0.21099348797194095,-0.5113932181416729,-1.0105262058049045,-1.04450832258834
1,-1.2948661700949893,3.470808639312666,1.1095279782143248,-0.766679360835603,-0.21051018018263792,-0.8404568427163772,0.21030460004166368,0.0073873749130107195,-0.5747566096741977,-0.062391985989046064
0,1.8348404671476892,-4.3215229644671425,0.3166853298868873,-0.9971895482674394,-0.2546886541671405,1.654800230778455,-0.758875507014831,0.3260287419109659,-0.08324993255205222,0.7066452199372476
1,-1.810380558891326,0.39620730224356243,-1.2303341229543088,-1.2766563250282514,-0.007076807637441925,-1.78240787839591,-0.12917390222135644,-0.7217876387963268,-0.1738600170546586,-0.5804355479704691
0,7.236485314392002,-0.03570179712210962,-2.8410666280673156,-0.03864184049815681,2.454736489104643,2.5000212402519066,-0.8616782598710552,-0.08940855614984013,-0.423355108062505,0.7635120658961909
1,-3.1456501885211123,-0.742526542025362,-0.8623515070212163,-0.7551636526622044,-0.30012500076229104,-0.16553735088768642,0.6998574995759557,0.02833196008728173,0.08041910069864357,-0.047292885687335605
1,-2.887268058239511,-0.46473162454153927,-0.4757433379564508,-0.7623019423345451,0.8532163628816085,-0.306288628048378,-0.40856905148629286,0.011833569465533376,-0.03934997087192044,-0.14363503214295548
1,-3.149653983820935,-1.7712483965455066,-0.035833687619489435,-1.5072396418883902,-0.353304207251884,-1.1630167613140439,-0.09411200883494542,-0.10140159228126157,-0.8187354556479304,-0.4494004014651971
1,-4.628379483050081,-1.835618361888543,0.06423097211539797,-0.09419313949050462,-0.800459171135864,-0.16962048593285203,0.8792928576891998,-0.07564062214100846,-0.2381375535346848,-0.06489725194741053
0,2.250510374099616,-0.3485359403968566,-1.0647508694685368,0.23175940484529656,1.004500719588892,-0.8745519407375288,-0.8706844304545981,-0.6022403902577491,0.31734836406602396,0.08026705027532671
0,2.1078012278782903,1.121973943440947,1.7751582214774806,-0.2626753019029532,0.9608109188674471,0.0568498985425048,-0.8516752528473149,0.5102123452740257,-1.075029155808823,-0.3661172778910793
0,1.7859499803192158,-0.2692216356728938,-1.7225153363616665,-1.0326869543564328,-1.1851104030036488,-0.1304787083874364,-0.5503745648061859,0.15411054405632885,-0.06935753376954493,-0.46368175803308204
1,-0.5276966174016182,1.2658716232564502,-0.9204411162248917,-0.42947156793003705,-0.5607830950281616,1.252171452314285,0.42169757634545235,0.8496955304273481,-0.052293197162979387,-0.2613272525501296
1,-3.2135009805008683,1.10344314178678,1.6119811675673446,0.48643346825125455,3.459249854739422,0.8597651594301551,-0.843503573887512,1.0336348049296127,-0.8975404282237832,-0.4994696760651479
1,-4.386422966518001,-0.7611037296113752,-0.4005974213820648,-0.5868569411826591,0.37657920136709966,0.535766156199564,0.7327460704692077,-0.0706540718175698,-0.0014981807162007413,0.30492879634001746
1,-3.8100178698306633,-0.909918554902711,0.4431676789829831,0.9504232047804412,0.3516360143267958,-0.277744556842487,-0.10289479800234806,0.2517545793032497,-0.4179039783747628,-0.11232804445384124
0,3.3196739715199493,-1.57705284237949,1.3607285012134662,0.6941430985219152,0.9089304101376267,-1.172217309978047,-0.337285865899985,-1.2228647486126922,0.6272054864433119,-0.8960206812165313
1,-2.3932759643301043,0.9900307776840379,-0.7575099477820105,-1.5549829389974432,-1.4314582375644191,-0.34319049865305157,1.2091430944310169,-0.4754852041128138,-0.913905660230225,0.5639663859840106
0,4.680166262400177,-0.968592953938094,-0.29127225659511935,1.074272359944209,0.13255703482607673,0.5036914458932783,0.1332007282437025,0.832679789597026,-0.33782846471309097,0.11362753691318353
1,-3.067695140604764,1.1358375684170834,0.3746225453195151,0.6268540126207364,1.4436940883556058,-0.19183719670866756,-0.16990883708862664,-0.7595170165612191,0.24163135941967775,-0.3562331058666055
0,7.353218575027894,-5.242623142570368,0.3169558176232962,-0.43203974278769625,0.7060339798497343,-1.2631862706365227,0.1691764887901063,0.37914810488084333,-0.1386544899331787,0.37613155385048247
1,0.2953131832477967,0.22693503616202554,-1.089416593637957,-0.9474227405246063,-0.7290947882455047,0.5800103854325666,0.10841320471947931,-0.25721697762812235,0.256034412314988,-0.039735711352030606
1,-1.938969496946719,2.5449881124613545,-1.0014235318952593,-0.025739851907338664,-1.2060991620503532,0.7321001591123345,0.8164745386476137,-0.12364292650171463,0.8122595781850663,0.016308570574882466
1,-2.0771789214309773,1.8065194888372946,-1.1670794196663548,-1.1422298764769085,0.41357142123559865,0.11823722051141464,-0.09909284808457033,0.18433988191030648,0.04048088303301408,-0.4331212661360761
0,4.9751623584149485,-1.3325721796152146,0.8709775695835527,1.2921311815264722,0.9619689040856536,2.5813129498165295,-1.2332042236975,-0.7129537449049115,-0.7762623643746228,-0.921434414925892
1,-2.176916879584213,0.9589112593874788,-0.2342648701808786,-1.8544727414564761,1.481780745740673,-0.7693427599593334,-0.38973819857395037,-0.018816873638146787,0.6249003323507482,0.6551844570357216
1,-2.4315514550090085,3.447203866783426,3.4569448433707275,-0.4936599556712499,1.0457570448539222,-1.0088397190015708,-0.3755648838362383,0.9338968097608189,-1.950920703586025,-0.6497705107349777
1,-3.367965778878126,-0.562928897724002,-0.19257365473607232,0.5703792715689955,0.35172863326969883,-0.04026306973918939,0.48849053737483766,0.6233128985618652,-0.3040517565147821,-0.031238402615073883
1,-1.206597790512709,-1.3170443381938337,-0.9307408058484213,-1.7047899099349992,-0.7187197466852163,0.638188286555585,0.1716781444866037,0.605569972570072,-0.24941356342129428,-0.4079824007067372
1,-3.3260792487089827,0.47517158154034833,-0.8982857429225344,-0.8134878600538874,0.585379471824034,-0.8823894377737643,0.08414341004213835,0.9518594784451546,-0.11634054061681517,0.11498152430542283
1,-1.928795402235246,1.461469797569683,-0.10064251005290555,-1.8207642870891296,1.9359411165946576,1.3142833340682576,0.12034224549954824,-1.19356368184682,0.23968916598609208,1.167267566243599
1,-4.041835089954522,-1.356917456693989,0.5383416687329191,-0.8339119186417641,-0.17874705299969434,0.9917099587594184,0.5653937730886557,0.6672052157677522,0.23945801256406174,0.34938961082928144
0,6.182283741692324,5.108005449471072,0.5211405836082992,-0.9407391907373316,0.6065248742244378,2.4615945810866315,-1.4682105622000954,0.26865074250365084,-0.8092544088184715,-1.0652613342804063
0,10.934298158426857,-3.7032540804833345,-0.8916940718882783,-2.3435075785292883,0.48878559701600655,0.19643647631231034,-0.10974094686350555,0.2198424081051157,-1.7630275575706724,-0.46227267028974833
0,2.1184969319275506,0.29662906960644375,0.867485393643001,1.4502873917681935,0.5395103672674764,-1.7333730638543454,-0.21699078821586074,0.8628991091432989,0.589032852030393,-0.27366147654181694
1,-3.01219497015845,0.24375997572806685,1.9837330373389175,-1.679725697384103,-1.7036738873604387,1.849805360349403,0.4983425566815462,0.3194016204761205,0.35889690661735624,-0.23906259529276794
1,-0.982648581269536,0.7972523938811402,2.369421155594607,-0.15692263568597026,-1.5464297303143972,-0.2533225825070862,-0.926581292332829,0.24807429155255226,0.07175508158054629,-0.6726998639580877
1,0.35789386251820454,2.1278386319954135,0.7082090398064482,-0.18474479714346914,0.10256996202360202,0.5631985104240669,-0.9873750506212853,-0.5298454385771646,0.008718186480430028,0.14526203526839726
1,-3.1939178655057177,-1.8491520732723712,0.09939835082345437,0.02278250949878462,-0.1790022764566864,-0.4928165348616751,0.17769913843486182,-0.37315133162706526,-0.6435989182166784,-0.3500415656734461
1,-2.9932333012444796,1.6313922059001336,2.556717908182683,-1.3458871606900513,-0.040740334229089334,0.6169899730092795,0.513223835978814,0.3128002833967227,0.8066494931657059,0.18409596061806832
1,-3.193914150468621,0.5793394420917487,0.4897642204671637,-0.04459417863229913,0.7236072489432299,-1.0373975033461251,1.2905865925764208,-0.2556281742432306,0.7463713314780333,-0.7854366457981041
1,-4.591961853505456,-2.7611270972394935,0.9805426285780378,-0.3628384648222727,-0.22008131421439753,0.69050427157479,0.3413958520110494,0.3533633388943481,0.06587870583206831,-0.08888878652986848
1,-2.485916154412235,-1.1889394044418702,0.34877678912572935,1.2562918600906452,0.1293941497168322,0.5395822974190638,-0.14631466747561492,-0.38338300960232097,0.07089009906461025,0.22214795359426875
1,-2.3986653462113523,-0.25074479032477154,-0.3271378044542184,0.27737290204250586,0.35481456922145393,0.019372952868015998,-0.29243403668185436,-0.4614344690484506,0.07996528308320783,-0.022504483061810816
1,-0.77961519974791,-2.1243434274179385,0.32078888783268855,-0.07924892194767352,0.08581006198469095,-0.8931305412654262,-0.886610554659604,-0.08567123172729706,-0.7389390151705713,-0.3906682312330518
1,-3.139988425752808,-1.4880221619895557,-1.1988784892759734,-0.453449391003808,-0.8409019592300879,0.32291720600436796,0.15569669069778153,0.2939856718722222,0.07192968037177784,0.29541593761492113
0,2.735011771675478,-3.9451682304990086,-0.017169486774376977,-0.3001107580574241,-0.28326716253797435,-0.5773144799099522,-0.6635510062106451,0.33578239295542245,-0.45609398793015643,0.37105930166048623
0,6.227025988689337,-1.3901096910538377,2.7342371905677294,1.0931614810010144,0.5826581687790423,0.988929671264873,-0.7977454997611021,0.24610687107431028,-0.2730254235212016,-0.3654955995426838
1,-2.22377574557929,-0.3571607107910801,-1.1016823288724475,-0.18622269875144704,0.23927494505850935,0.39849094012576886,-0.06455941791854522,0.5614669027211268,0.46809030398517604,-0.39296980733493914
0,5.30714002200119,-6.723414983535725,1.4856648508118346,-1.7765107365815704,1.0735537928825651,-0.8330771196320786,1.493290107956846,0.4969790702482476,0.7089683210818063,-0.016968210253799087
0,7.248001061273754,-3.65546912956214,-0.15570199941134122,-1.2268287666094233,-0.2975900347569118,-0.4783436497870651,0.8450065568374436,-0.636724125005301,-0.2050392628412082,0.16267674375444013
0,4.2072206189554535,1.176242881828928,-1.5900181858292215,0.9788433463974067,0.11758117054087679,2.6701704579749648,-0.941617704356529,0.8706116651901935,0.42375243491107417,-0.4383719320240599
1,-2.499636374112146,-2.018535626815688,-0.7312745967087398,-1.985023277877089,-1.1359555660056868,0.6178190894126772,-0.47972707446121376,0.22087315543363792,-0.3237087319870453,0.37207382167069947
0,3.6350149466830755,-1.9564409103843146,-0.8287751361071629,-1.3797525713636918,-0.9944209307839101,0.25385494806457953,-1.1792829342361384,-1.5199893189243503,-1.8252351555624438,0.5342727064984524
0,3.5192482750135228,-3.858607120150223,-1.022529061408172,-1.38414330024209,-0.32066416490132993,-1.0310282555927395,-0.7473750663544253,0.6959353271768681,-0.37869463510227913,-0.3921534866145363
1,-2.614948307240181,-1.1024744593810532,-1.240736002791328,-0.9094764763142839,-0.3784807488751643,1.6188669871845653,0.09393164797484191,0.3445839124519125,-0.0666940245528734,0.5221560276614476
1,-0.09610811657662803,-0.12984758285297907,-1.6714641082979855,-1.5274766916367897,-0.40306746585654674,0.7766606166963481,-0.2616874836099748,-0.537435116088446,-0.7843582195971948,1.0024791145599645
1,2.0448569345669463,6.4268198391903715,1.2741212490942893,0.10974148942532828,-4.602716499708906,-0.06264291090159901,-0.3220027153253222,-0.8862777282272383,1.238598924465594,1.2865280313157945
1,-3.066749527557397,-2.1820956998038117,-0.27906267060616236,2.9385573933333142,-0.47323452383806786,0.048979823056393666,0.3142310523294492,0.5575229701443359,0.0021540345268983964,0.38510721983862223
1,-1.6035864433861877,0.29259622243129935,-1.5862254319409665,-0.9096983438361834,-1.2358691801570536,1.035162504515019,0.2982599173426267,0.7755622374492342,-0.4150328457527306,0.3614940131740173
0,3.7659321541049726,5.9852953484352085,-4.880361149350231,1.1208727142373547,0.5642370504774761,-0.9324418500043136,0.5563822258636941,0.31556736206738967,0.5687366408485875,-1.3316815018290888
1,-0.925566603207808,2.3024814303457,-1.5961118582912588,-1.6762383821241333,1.4269863511812098,-0.41360257135184825,-0.32685545731353677,-0.8422874334628351,0.281714931796566,-0.20947977064085568
1,-3.2883495941010272,0.2013113364184944,-0.6277562832810124,-0.6128346818555401,-0.17076816943324336,1.5132351053107456,0.11088374654056564,-0.29513605748594507,0.3467538260091017,0.291571353179577
1,-1.5548521496523122,0.9798577293757139,1.1965597972721447,1.775176976590533,-3.4991253015674357,0.31223386531860825,0.641606634352432,0.019769732588288184,-1.0820591215807385,-0.6102900764069324
1,-0.3987799175813123,2.1612126918447383,-0.9456050178112554,-0.3724810174535993,-1.0126507384324583,-0.5361615760560852,0.82463046604637,0.1697712855612598,-0.2565453921508228,0.17366733910726173
1,-2.300567821333631,-0.9320775840394665,-1.1299532643106243,-1.4523765710245216,-1.5556402965022202,0.5146557095806021,-0.14018220423630298,0.13443795475804105,0.1336712685690061,-0.39357237381018395
0,-0.5429013641687837,-1.3170679101673388,0.9957545225488169,1.4848753999833049,-0.2029779985088631,-0.6347794724687693,-1.2047172911032886,0.19364961586098448,0.6119570239144481,-0.20790435166436821
1,-2.058819455829782,0.3204351458128023,-0.12245841169490948,-1.0208598944322809,-2.0791676382853,0.8376368525892662,0.5377198292422748,-0.12102670275880102,0.12827124408662857,-0.39796111927812394
1,-3.4245180552308874,-2.445518411850093,0.0450487496850417,-0.7861419082902076,-1.6031823015684716,1.2707486945164352,0.33720240786841255,0.14414177997783179,0.021976612560477702,0.29412171352303523
1,-0.47240655185315605,3.7028294386131173,1.9537848870831842,-0.9963165765491269,-3.8143959955540976,-0.9040768141583516,0.7054873732155704,0.19847318942830175,0.17379559664570365,1.4361327066548262
0,4.703500731698839,-0.19595575484438596,3.7570329480035976,1.0042277004320561,-0.32865083655034366,-0.2525825627535339,-2.5948470948105244,-0.9890044280598007,-0.26170556040091547,0.1415283303605351
1,-3.643380238614155,0.7868599163920849,-1.162145787290586,-2.098874927428532,0.42406801716178116,0.15623055083948664,0.324492955166882,-0.1902542743135925,0.24210157076592043,-0.0730144558177725
1,-3.5946893435896996,2.6050872166990837,1.8520296363154303,-0.08988542987942014,2.4425397705405616,-1.850474939537673,1.5489495446759032,0.4444238521469199,-0.6212216053174908,0.8833774466684692
0,4.149097342448857,0.7674888443508849,-0.8879746991059727,0.008369548225652163,0.6049797724870156,-1.0170897996552246,-0.005024120683275197,-0.31685645384689726,0.5645796541703727,-0.6161879074489823
0,7.672141552626159,-0.8604841506606785,-2.15365012410114,-0.2547233746125358,0.23647040805863895,0.48607418291907445,-0.403297701536338,-0.3728218083204002,-0.9272571571472966,0.12028468299582668
1,-2.0103794137575814,0.4296895605218897,-0.10408881296275051,0.16029206038178714,1.5095061288245069,-0.07670644745804216,-0.5416181996836686,-0.39814338031764673,0.11318157455929781,-0.16780966399974565
1,-2.9208334948368946,-1.700472474988824,0.2957272490167217,0.41417689035686317,-0.36391985648153946,0.38680690505056736,-0.6432367146574753,-0.7502140100661286,-0.570457596277782,-0.14409374582733006
1,-0.5007378002661366,0.10673146468453294,-1.02874795753841,0.3048847177438626,-0.1391210510286919,-0.7447845350288506,-1.06779471475863,-0.9727805884764619,0.5040043741797943,-0.2892902097876003
1,-1.9114985749229878,-0.6513938798572431,1.4502884906809117,-0.4007030527918071,-2.0630023949979437,0.2038806235608286,-0.09958925157431113,-0.5396071295141771,0.1485180297480705,-0.2786228258138464
1,-3.7850992277955937,-0.326146367496271,-1.0580801978535828,-0.6060077539849644,-1.5261555658300572,0.07310646981828184,1.2387289616101897,0.11001863996714537,0.12019890428685963,-0.14212784184675506
1,-2.708393968213482,-0.21966574165493336,-0.3145047498263174,-0.05525291287240499,0.048254038973534634,0.1691029617910231,0.6877808553122141,-0.25862575153598,0.47955075145663273,0.2531188225263083
0,6.289673469535032,2.0365473971342625,-3.1820822664254647,-0.15554352969717855,-0.20248906123358998,-1.2579858450405377,-0.28615262646173806,-0.21850434329749316,-0.4964818709658627,-0.4169801164838163
1,-3.4307706912388394,-0.9926100348372925,-0.7316945965028394,-1.3437229265735413,-0.23583914300496775,-0.691804002098129,-0.05208312251475444,-0.0857861104033692,0.26834432490609245,-0.5870755146740588
1,-2.001388466389223,-0.29332646338373614,0.6192038889010851,0.35251174571657407,-1.1648198529921228,2.43011449861763,0.20578459864797605,-0.16912065564343692,-0.14074964048506763,0.12117598972744494
1,-2.473293094287156,-0.33504702649306556,-1.4823620283793966,-0.4652374498937185,-0.04899270342815746,0.937916295545576,0.022589291538740987,-0.6987993996323313,-0.06962561496190597,-0.23173814100178494
1,-3.6472577463942097,-1.2413651251827085,1.386624535128141,-1.6139593537320358,0.17299139326934707,0.59706360922787,-0.2938908886835604,0.40758831421774755,-0.043413316350028555,-0.6095359333465
1,-2.3461868509424213,0.6827413168887665,1.1327338901016613,0.3031037312534945,0.5416756760447363,-1.418525940975186,0.05544213582536647,-0.18533421062708352,-0.011958279719192454,-0.9148128675325758
1,-1.1429969265477073,-1.962171494029418,-1.2407197004619652,-1.4790765729299087,-0.4841825106766902,0.3043702616997795,-0.5355046117761928,-0.43708355449531366,-0.2840431603838688,0.13423652660665505
1,-1.3508573033319764,0.36957390203051665,2.486675656972663,1.140717662134396,-1.9058645388993372,0.9309493452249997,0.7885685869422693,-0.02925138526320704,-0.4555804338795551,0.006210700719562015
0,2.7633707862900607,-1.078633509031588,-1.1796239441243435,-0.41415907244082745,0.16461154902950687,-0.4591641034372088,-0.7430197400475453,0.04667721602380986,-0.19299094994922722,0.8059069417366905
1,-1.9693236050366554,-0.17584850843116076,0.4207313763354551,0.7863120037748127,0.8612525213010308,1.5866873766754275,-0.5751025424798042,-0.22155878493918968,0.33340493614160904,-0.25871734562163984
1,-2.9311870554399944,-0.49485622913811006,-1.0170708912516802,1.6864230172696817,0.5657302170967026,-0.46892848307748836,-0.03421474903056796,-0.19334470512099547,0.4766029849987163,-0.6804133307083102
1,-2.9263743861504845,0.377332257121423,-0.886793837570344,0.11534487111997738,0.9856802469755269,-0.33445608055318504,-0.01866457401381553,-0.8971508619347995,0.18968340558641672,-0.3994232446395617
1,-3.996188277410368,0.9598560897763195,0.2044041286852707,1.5102303014220324,-1.7092484390559401,-0.2856962956277585,1.290107661490172,0.31180408311360347,-0.20862750292863114,-0.6827810189242483
1,0.15513805946848966,-0.4380082282319308,-0.4614456968346655,1.4545331040782912,-0.8558402817224103,1.2428748208987495,0.16944174908909682,-0.30377433725608866,-0.023161350701103093,0.49641723025082923
0,-0.9340908103734478,-2.105945591164885,1.4329170271005256,2.8942616646922006,1.2754158303211893,1.6266921174083329,-0.54760402824745,0.8500747128535265,0.36868525012427417,0.2921936628400835
1,-1.9296217302551861,0.8924666900760748,0.04234474806297504,0.5588843033652248,1.2803302386980553,0.1168294227700069,-0.46842299288777994,0.6676574550630562,0.26605647192951365,0.6196760546777391
1,-2.6223386017039343,2.502101617970292,2.434999499257057,1.8780131580463464,3.1508166488517917,-0.7836538552172012,-0.18863218875630142,0.15650612314142773,-0.2840683405026153,-0.06571438372715763
0,6.003616591373189,-0.09102922215333611,1.7112016700985062,-0.947374916074067,1.1750360687414212,-0.856204964529946,2.5045961656642226,0.05632000053517084,1.910406483619458,0.03132019826260947
1,-2.921877804574745,-0.009212681102501454,-0.9013034826142055,-1.7913285484526498,-0.5769796710282972,-0.23980999656450264,0.6760032496881306,0.2953570828036191,-0.4996324750914532,0.06926602295613261
1,-3.341944803949263,-0.022224730460858898,0.5033012014078229,1.1422623205719304,1.564761396001769,0.16775780988482267,0.07552719037536414,-0.1250437708935049,-0.1610347948569654,-0.5883045249082857
1,-2.014915033411889,0.7784521313204161,0.12557879392343158,0.6597357793024823,0.021929721787724565,0.6893207655293244,0.07556516069993227,-0.04524020572639019,0.7792983244360914,0.3061297925174476
1,1.9884621055513276,2.316048054014089,1.236303942128996,-1.7697760725947531,-0.14399580609984483,0.1335958451321281,0.36543706205298854,-0.498595508399332,-0.7123684338111745,0.00523187264058992
1,-1.6696039306005641,0.8623188526395814,-1.0103061724323736,-1.3238952193195492,0.28156784894002823,-0.23939662238432374,-0.7280751839242002,-0.5912709865347328,0.7338608570290067,-0.15630406828157287
1,-0.3711781135185414,0.11361265869439996,-0.9983635752221833,0.15536988417838885,-1.4759557167633697,0.47596214216954374,-0.08897631105786909,-0.5952503900548879,0.24128742225012179,0.19732411578166714
1,-1.8489599298371757,2.541229649176259,2.005347611629249,-0.48437201548708453,3.508645446403293,0.5345345383934292,0.6996349212781781,0.021423063729985644,0.8151955810809356,1.313960340625509
1,-4.7030422021112335,-0.43230243073641367,0.005305087690084478,1.3706086349331177,0.08509958388861938,-0.33007390732260655,0.9947377416263721,-0.37384792881524986,0.17874120283720352,0.3768368922164726
1,-1.2831871507862183,2.5509093102530143,-0.08386034510532714,-0.7715122498119901,-0.556910556961923,0.2700015339445918,0.5114146803192776,-0.06901332884737449,0.5303780236883426,-0.20828217435836657
1,-2.314246819305016,0.40203147729567046,0.2746231955442509,1.670463178777046,0.5367110897129053,0.5083748134177649,-0.13889400925498396,-0.21597931006418786,1.149427374173692,0.33427392137921796
1,-4.659085176410955,-0.7822987564616675,0.19212192120585656,-0.4936819119262265,-0.5361221191864102,0.22604181093336567,0.2264514602174375,-0.059374734312105396,-0.2216109964965274,-0.13449765286175128
1,-3.9434733817348318,-2.0300162870602843,0.691735721313868,-0.5134062463783982,-0.34011455478070407,-0.06509738064485482,0.0502262087092306,0.5796324250340855,-0.1976013866220604,-0.20046861619005868
0,4.94985846155011,3.0060641292021986,-1.7540716861367183,0.6723605161747027,-2.864773780710469,-0.3070810032365864,-0.649833594855961,-0.20491591891525218,0.49863377611183113,-0.38256622850166444
1,-0.915803519331321,2.4790131286784125,0.36260668653722256,-0.2619665184514691,-0.13847177574513597,-0.991235941619011,-0.05120349066800073,-0.0939638586932767,-0.6269731043561432,0.1095677337695567
0,4.549111146627949,-0.8160005055481424,-0.5187550863109874,-0.9163397745221614,0.07148601869348895,-0.9308826516327973,-2.2564483709583505,0.46667327209456766,-0.7802374854421525,-0.4949171736106571
0,4.4423428181310145,-0.9924388978973617,1.442319086220165,0.5750345977292014,0.35758999930325003,-0.029967413074016368,-0.3232774214832923,-0.18429768924321327,-0.21190197370852298,-0.1100144008600772
1,-2.194984301020593,-1.8053532377462156,-0.435109405691719,-0.9539430633231956,-0.5538004201780027,-0.16861156391896104,-0.23544585751314723,0.25839280352231864,-0.23226980015267337,0.16944249131959307
0,0.6644409146912524,0.4368608556548229,-2.6807818782310275,0.7292266179991406,0.027787374369116463,-1.0820506667848553,-0.0010508143892362894,-0.12761758580471633,-0.009941713166331134,-0.4810724179885345
1,-2.240876053643135,-0.45458951144901544,-0.46552758806891736,-0.18872465999528668,0.8282932096222874,0.9533192397193463,0.6734784504712399,0.3177149840973068,0.13815752493462008,0.5455904099385336
1,-2.1251804369201257,-1.1947969118047672,0.4903719873832561,-0.8553963494811518,0.10593586367308737,0.19534269690342992,-0.0034522341220594023,0.43395426583329333,-0.1408231336366323,0.1876449413893275
1,-2.615317411222229,-1.832060432590997,0.7643295557640378,0.8231658593590412,0.30078724538228674,0.0899378101352652,0.14634302836425264,-0.37802294035610573,-0.54297491478523,-0.21925145145666763
1,-3.210967975662153,-2.235142704166276,-0.16622442953719563,-1.130057799742297,-1.2601888047427425,-0.10359137063955232,-0.235373168171126,-0.29047380195242406,0.05929178587756933,0.5059438602783032
1,-0.30675039870785265,2.1849988333666683,0.03928624215563914,0.4864556287434984,-2.089449969045046,-1.104143528612599,-0.13486221556072742,0.3370750206935601,0.5554572504068634,-1.1869052555793576
0,2.4723569167736534,-1.4998247516737375,0.5914532151178267,2.2673515003417246,-1.4058401802841571,-0.9648581313984255,-0.8143027105373433,0.9107755617592036,-0.011737280423971857,-0.7365545598809636
1,-3.4547183721128714,-2.136461548171422,0.19716267170428672,-1.5341768880571078,-0.9428752994717535,-0.937116103358602,0.6832630797387086,0.21948623322082914,-0.3089957283240621,0.2826914157261119
1,-3.900526848058525,0.730775970263805,2.1360711045127805,0.781172887170638,0.8325514964961699,0.8978211767431311,-0.8910793181587157,-1.0951618360104598,0.25579327877622127,1.5395945082540372
0,0.9817275418953905,-2.21042994711044,-1.6999192298530377,-0.9709720149603758,-1.1832582998273384,0.14365294745476537,-0.4571111324969173,-0.06783342439970404,-0.45027130626571393,0.08306232227036535
1,-1.2572515710229821,1.0676915149434771,0.25947526998954756,1.241752140810572,0.39321578798741164,-0.6997706079011806,-0.4981815129723714,-0.228081960851864,0.45139032848742777,0.6770494020375311
0,3.24541364890325,-1.77835863227756,-1.7931536723727322,2.485059460829662,-0.5503521125909683,-0.5986124380678968,-0.4696013243833796,0.028392852319639485,0.2354003137667262,-0.15322812114749526
1,-1.5572194125370193,-1.0379271063964215,-1.3012450790124375,-0.6216725921157856,0.37935339382421657,1.5356984492928127,-0.29079885421613044,0.3893703248266753,-0.11541863422753695,0.3466488202863134
1,-1.2492580966982805,-1.5888387893468154,-0.3264134404794359,0.9253221277016231,-1.535349871780481,0.012065233436814015,-0.10117657897266769,-0.3736058826140662,-0.07208234251992893,-0.8157924278994446
0,4.331653344535904,-4.049332418331283,-0.1925055254356186,0.29061345709174,-0.6108408047500922,-1.4235883076978386,-0.6701408763512665,-0.49491275457839123,-0.5046692659220425,-0.3502195024606371
1,-1.0774513298933348,1.8036181631512862,1.7810416304900165,1.6289522502186262,-3.7417539198513112,0.34243465253085403,0.9299644691840581,0.5198990030396375,-0.8391908839850528,-0.3226170252418942
0,2.5117531022607595,-2.528807583395524,0.7982023062429721,0.8236745856457633,0.4292639459180257,-1.8315347789492524,-2.4042988932567697,0.892796455409967,-0.15219796026106752,0.07602660037269839
1,-2.217092305447845,0.029891288094557242,0.6364601353332341,3.3767011475192934,-0.4799947280474407,-0.48464635112561844,0.04299831181312884,0.1896336003034321,0.11537059431461191,0.40953781522575106
1,-1.1738306467787563,-0.4748395050245756,-0.4815709118113432,-2.1439593885003614,0.2433005298270904,-0.4828604561646821,-0.5075109153157514,-0.40513464140573824,-0.5537799393610613,-0.1735619344055916
1,-2.836301444333436,-1.0181258063239849,-1.486630003219995,-0.45640567167800894,-0.11470499442974465,0.9738357660018174,-0.1504612509090844,0.04935238402024339,0.5073944548231095,0.17223129804371717
1,-1.857085898874799,-1.571393119114507,0.8264827444788891,3.930249474943822,0.22082665933949824,-1.1998402301859574,0.33678772704265936,-0.4951920303116652,-0.1479516939697821,0.10176533597691736
1,-1.3286143729580842,0.7770956605632386,1.2567582294140192,3.7855436123337234,1.245063009116093,-0.2256243833353254,-0.7497635609216974,0.2245678603456129,0.47787775473750127,-0.5366408424352377
1,-2.8027713567761783,-1.6663016342542072,-0.19401832708269845,2.2331074208252106,0.20524668155587972,-0.5721718048082299,-0.36156677249852726,-0.006888038064459879,0.4372284998856792,0.30219968965214516
1,-3.174568796763734,-2.0757336193916416,0.07490026826366797,1.869829028764716,0.20932679993187178,-0.48256592490129047,-0.17958507918715735,0.04373602508732957,0.5105761225348715,0.6739619011114606
1,-4.087077360931372,-0.48471007936069105,0.631364008693791,3.4027328432092863,0.018224707777070203,-0.3098212942889603,0.2306263905892763,-0.11473839640953257,0.6659466767357177,0.3201891941887891
0,3.475493748130868,-1.6728843912266629,0.856826799204802,1.1567678797737744,1.382571432919129,-0.9999209134881305,1.1156336229462933,1.1182680897135835,0.6896471020125432,0.5542298115008019
0,16.319233231031998,-7.775852804248067,6.235415554855196,-2.3280731724913446,1.7094559531045697,-1.1248214678265644,4.962496327452384,0.8875120962330321,3.594758240816148,-0.5877077512759153
1,-2.560115018016911,-2.4940454475524687,0.17031258676224043,2.1097565859860787,-0.9792388447988916,0.48875514294719785,-0.0462706239176308,0.5318371274161,0.3840887257172077,1.0198235143617589
1,-2.968888795917073,-0.06884713568909852,-0.7784115655269571,0.04666681363066645,-0.22820687173022283,0.3448923943958192,-0.07660151886050684,1.0835769570953275,0.16323599407703035,-0.49678918053329335
1,-2.7574304510201175,-1.7939187681258846,-0.7578141189390937,-0.024118279562039074,-1.283912383347747,-0.6588327049158782,-0.31323381533684685,0.595482925542755,0.25692402804739733,-0.16019224010196859
1,1.3703398754406433,2.110011349121702,-0.8537202468911342,0.7237684363927143,-3.8243792108127077,0.22342034338280967,1.4713795266111656,0.8049286484549593,-0.005546145709197844,-0.40652271224287956
1,-0.417664492552878,0.11651969702822776,-0.536142595891301,0.3641990626612412,-1.5134570871729214,-0.5557006845590143,-0.21728684595773662,0.8100999433595006,0.5639999457613776,-0.5886747271280326
1,-3.8383986229812317,0.8991786485508197,0.7005639498689387,0.21993976730454823,1.3371628915530889,0.076744506036163,0.6410428046155401,1.3574026211709334,-0.06838136463072975,-0.31248866079138793
0,5.93096485958387,1.2282966822613555,1.7215877555795664,0.47358226201134385,-2.8835393379958365,-1.1002377058954473,2.02432013528911,-0.4839891543118874,-0.6796660967544819,0.6051740319911812
1,0.645478647486652,3.426011420952228,0.6082849579981686,-0.23448622479905906,1.2096985538169553,-2.427851382626581,-0.9417139935236127,0.13407732800356972,0.3751594556775733,0.03007297648582991
1,-2.6838464009792635,1.443555528964757,0.3394035000855608,0.2448170114128377,0.7926918613561652,0.9256296944802029,0.4960040184727206,-0.27173189159466954,1.2081078964815233,0.9410419752802422
1,-2.041664052105512,-0.9032559294447838,2.843241409945822,2.885831426265102,1.0167094549769147,0.10446045718084884,0.31958560770725125,-1.0332992248687691,0.6088264157325646,0.39769683099163955
1,-1.3992963501120104,-1.772226245377805,-1.4795615607638248,-1.3081089948054205,-1.805314746513997,0.6154644577507141,0.28022008409422167,-0.06489463915859665,0.00024650266574003136,0.10251035676144833
1,-3.536415295417767,-1.2468541534618,3.385411127130529,4.666050967904398,1.8757278225964502,0.8903976312335043,0.9255097792568202,-1.0867788492646773,-1.2077185490075422,-0.48439642257517257
1,-1.9905294465908603,1.8994625506893945,-2.0309980790190956,-0.9119054687431897,-1.231554473209474,-0.4196278030277661,1.2878926021279808,-0.40363783693775707,0.1389294714241282,0.2211276130210279
1,-1.9981853671291834,-0.20637113652569683,-1.6413250733560165,-1.039210495254081,-0.9042109602026801,0.36762876000182515,-0.34478063720280056,0.3453656811498019,0.4255974718560515,-0.3658483499803091
1,-0.5206581123170599,-0.9733678106769815,-0.32413538021474025,0.5439993686755058,-1.4294367072011276,-0.04919900370950058,0.22270262792672937,-0.1953965296077634,0.02776076464183663,-0.4076594502638615
1,-3.1723704882482435,-2.0890522980358526,-0.9788057325551278,-0.3870971040311932,-1.4194755710666702,1.338365393838618,0.5370579908922543,0.04198983438998394,-0.04193394422901999,0.7870319575922383
1,-2.2027101890567264,1.286039318669575,-0.8873992153533199,-0.7011030483900956,-0.17982114831593768,-0.024052100954322347,0.2729363419111269,-0.6517621815264136,0.25930494610420574,-0.5103194790440548
0,3.824433042941166,2.3052363163771425,0.027546193439254702,-0.6702588828133771,-1.2897652202744538,0.8090946864159643,-1.568275716290126,0.2945493855746705,-0.13556580859300404,0.23555248954777594
1,-2.9854846903263756,-0.6733392442277547,-0.5904898836921564,0.5943502866109717,-0.46196929628758115,-0.5454030937320177,0.6173995442036646,-0.3611049251965528,-0.18554923768190945,-0.6059279791536312
1,-2.4810551072777045,-2.36395876052599,-0.4326145668613904,0.3834696738429704,-1.0381214017246303,-0.02046691679495441,0.560093391635788,-0.23918297439307734,0.2822329847152192,0.2299306297394167
1,-1.2721114612782498,0.5098338482934455,-2.238991678395551,-1.672376377566659,0.11760644181494567,-0.015478846748502343,0.0342299045529759,-0.5572661550900889,-0.4107275094052604,-0.00015267468303763982
1,-2.235156888078079,-1.2987044937051528,-0.9014368964630955,-0.43409411497575157,-0.18292602964136284,-0.16343264367034477,-0.23652212315084292,-1.111512360554434,0.4053219977627545,0.08676322915961963
1,-0.05618310431173593,-0.22738339295599425,-2.255515653554975,-2.710600426115566,-0.801785383583662,-0.9605697692780258,-1.0384062590407859,-0.28158735261580936,-0.27414495629115804,-0.2518601391473829
1,2.3173906062806564,4.389134334922116,1.778411129561559,-0.9694155881693964,-2.6453765885271983,1.5571171023131987,-0.007413415918087545,-0.10363995224895267,0.6213336967336179,0.006655907539480753
1,-2.28433126085189,-2.466840756413278,-0.8211884864674684,0.040803196198782664,-1.0927813026949211,-0.10101401987775722,-0.2482216055963911,-0.23706393139504475,-0.19035894378464402,-0.7374350487649546
0,4.754614870668752,-1.489423560378461,-1.253751104708339,0.05258699674098773,0.09662477551147647,-0.35537301349058625,-0.6255166542330324,-0.532522905056224,-0.5734461298506489,-0.742349879212626
1,-1.7263109176879992,0.9981778354005341,-0.08023841604984674,-1.0646470599764146,1.4356170248795361,-0.8660553278871134,-0.34293206564779016,-0.10800681668242079,0.38780355947721346,-0.08963594222967021
0,-0.741781767063161,-2.4520349661082785,-1.9977099418842725,0.45793976437864525,-0.261291088938588,3.203558497603641,0.16833284716284524,1.0383810542044611,-0.2336596548479785,0.5210461590750763
1,-2.8943106610119678,-0.9779443192076601,-0.8056442410371312,1.720779257902122,0.028983549109460202,0.2119039966424814,0.6725137135198789,0.4786985993692984,0.09462756326774112,-0.014972234971958159
1,-1.654521845920795,-4.555664122445228,0.7523230680234071,-1.6483228181278278,-1.403072870202662,-0.5534032465348396,0.12242926656670408,-0.3394277990065909,-0.9660083634350062,-0.685768706493628
0,3.1035197039278506,-1.236153211336592,1.2873550796581832,-0.608648905770731,1.1222598881364494,0.9300496236409049,-0.19737959431172755,0.16164793724986073,0.030365619770058427,0.5664967293834234
1,-4.064270597765451,-0.5609542217248044,2.176684800661665,-1.3758683589728478,-0.19946516605448308,0.5647368412075552,0.2688823256407363,0.5164787907923796,-1.2350939334408855,0.02708702836919378
1,-2.7933306574629655,-1.0778881331158539,0.8445421128614519,1.110207554004882,-0.004869669186305544,0.5656032856867755,0.4689916516656028,0.5743877041578648,-0.35708997519703994,0.2897980424704344
1,-1.47491993760876,-1.5910942013854992,0.31999144425786535,0.7988321509232843,-0.1580575619861748,-0.4380661524903639,-1.0438262778475491,-0.760155998714485,-0.479592965570957,-0.6401011110655174
1,-0.229394637043284,1.515903418009035,-2.216283005665623,-0.555569741393621,-0.25120188359534035,-0.6025604899803594,0.410043214005695,0.1416688143275613,-0.12681628841957515,-0.5512411827609011
1,-2.553258407613497,-0.763900485177725,-1.6094031180159043,-0.05992786830477337,-0.5058450058054516,0.2137969612176686,0.09832558170207113,0.007367167175512029,0.10062435849077227,-0.5824584439064231
0,3.715705103463405,-1.0586862195140543,0.5219535630210224,-1.3970017644327655,-0.3686144020674827,-1.104610500895624,0.6344600026623601,-0.05913909469200342,-0.2870686038743949,0.3935357619032868
0,5.094841843796658,-2.0192078340507713,-0.7093696957160724,0.08279495368838297,-0.3838169003213496,-1.4479359134646612,-0.573494479886819,-0.6501202849088153,-0.5360480952171801,0.2512117487315674
1,-0.6006161135559817,-0.838454663013284,-0.6870419696538235,-1.1553338097876853,-0.9824326045999364,-0.8532305262770328,0.705530887375661,-1.346939116646397,-0.4889443270058721,0.4166663634269603
0,2.7903998294337904,3.3855607718235565,-0.7530763224958126,1.33318173823691,1.5855316171887133,-0.5084176413480808,0.20716268823832606,0.08017000938598283,-0.05170478728874625,0.97565632666626
1,-1.4087712143990503,1.5057705921465359,-0.35389601743282934,-1.121740703901655,1.8116702921081087,-0.2421453829558874,-1.0461585228654777,0.2101310476667013,-0.03940270094190114,-0.1875736570121466
0,7.259178840793042,-5.495735719287874,1.9109258819794426,-1.8957166564682661,-0.39637792113786363,0.06639142336844159,1.1539848648983233,0.9925676964538518,0.16752395628442734,-0.5700838950400205
1,1.2988665487860727,7.729852801544614,-0.6889146563006572,-2.8927274038704374,2.0153548762958446,-2.202856102982,1.0259971745694376,-2.030674722240546,-0.23681880565746424,1.1463569037676231
1,1.076693275633477,8.294775448775123,0.4341924584367535,-1.9541898161094515,1.3958720225709924,-3.5118781935491157,0.6047923820505187,1.2796251515530972,-1.8742044478132334,1.021026580517349
1,-1.2497605247720476,1.5956838545110181,-1.3564745816389754,-0.1262674782458788,-0.023420074991680615,-0.4851495807085886,-0.1360701868873909,-0.6656294200600809,0.7785623250960124,0.9401240691668413
1,-1.2569284056190144,4.117186681519058,-0.4127297706066834,-1.0541736695540562,1.139526960223095,-1.9490429127323934,0.488622989942246,0.2552890243026262,-0.9073260244356649,1.2766504770589862
1,-1.1665352144776255,-1.6656937357126103,-0.7378780075700746,-1.7621671166061874,-0.7383522713562871,-0.8347113634999399,-1.4101275750836444,0.2982415794605529,-0.07379683327465247,0.6476682440245246
0,4.094142557240375,2.8029272496079347,-0.5074334200447628,1.977318407828369,-0.13282518062529375,-1.6035214836136147,-1.0542960494736495,-0.3568823454499611,-0.42928226950029585,-0.7309530772986785
1,-1.8876392413595013,1.6721917387288332,0.1197976153948198,-1.2182151966096744,-2.5680699127017745,0.25389178988506905,0.5477366493119427,0.5425307750059726,-0.6181942690085619,-0.09170947056679267
1,-2.7674357028460483,-2.161048795022416,-0.02109616920102527,-1.6102757342970029,-0.7163787006180011,0.03300896119324352,-0.8760672647958488,0.295924118379095,-0.033443638025671095,0.3415772177669297
0,2.2269944892059645,1.9416347590165703,-2.285603498059421,0.3398606819284118,0.536857315670009,-0.1368205043917336,0.3932633491567796,-0.6152759784756188,0.7154164229163941,0.12170012311383525
1,-1.1315768907450163,-1.4110019654201045,-0.5650531256557184,-1.994960716143919,-0.5284875674651582,0.07255810834748402,-0.17596902698739444,-0.2553015200389125,0.31169531503616094,-0.21409807627919153
0,-0.7337724522411095,-1.943697183423244,-0.2752361999418966,0.3378231464550378,-0.6609911481959747,-0.7743052229101455,-0.14559667295883258,-0.5003656834787563,0.27076775363642164,-0.40864043692674884
1,-2.333670736811384,0.7901466072892572,-0.350043407109943,-0.4408595584394539,1.4225501718393896,0.04664905754608842,-1.0014034552842865,0.3072322937570369,0.6561772346570539,-0.09081453996427503
0,2.697223754399566,-1.9437099457678502,-0.9605644482176608,-0.45950865236982436,0.5844984180363691,-0.4917255087100625,-0.5172086090102783,-0.0500725281738653,-0.1314729854415816,0.22607749152296225
0,3.3790146677223887,-2.333428944961928,-1.2019321794400508,-0.5536129522146824,-0.5278808022106946,-1.0185728262732483,-0.026131464493667596,-0.44374557422978644,-0.6587459300829356,0.53041019103191
1,-0.1998705801415309,1.0763600031270575,-0.6731488311899757,-0.6284454996421655,0.8402504078527194,-1.2875018007427463,0.7487130684225447,-1.3765159124677082,-0.2577670693155763,-0.20826095389311042
1,-1.1760259132353266,1.011370177730234,-0.7117683065044709,-1.066068456793778,1.4219009273235554,-0.26543958542902735,0.19444543344817042,-0.46271765110484675,0.35801675869148625,0.7947756028185746
1,-1.2926365392815615,4.964224702132634,0.3459270200692521,-2.240534883405205,3.8405298894812194,-0.5486177127702156,-0.8147889838808221,0.9879772225148651,-0.07056944602015222,-0.053783478952297695
0,8.630755859096048,-3.45945191507608,-0.17905679264440283,-1.1771640700013293,0.022905287059541837,-0.006691028033916507,0.9620201295901393,-0.39797166069972506,-1.257744372678655,0.8494384926905695
1,-4.429456371065784,-0.7860360357018054,-0.473419092821146,0.6966169884521304,-0.1038044244305853,0.09718106670790548,0.722518003928969,-0.5085744383361543,0.06061108902514896,0.38820673412312456
1,-0.6198387404461237,0.6363492701040998,-0.48885124950265135,0.015154457556359793,0.10640665720497106,-0.6007163651402857,0.13930927835721563,-0.29541622409016144,-0.24398312372444894,0.0023397938326096095
1,-3.2523157686120374,1.2859251612593718,-0.2184764878776054,-0.30780823255416084,0.09942903763666668,-1.403199493120664,0.9536158271792411,0.3002354553377008,-0.5043360263523493,-0.785313740613148
1,-3.3529270535365927,2.6733005977197846,-1.7790870790675297,-1.3895859891178937,0.35444110296770753,-1.2112738742812055,0.8167571416483591,0.37339289529321673,0.29323946797845407,-0.36130486643074833
1,-0.8598029860026032,0.09684852260130529,-2.8140447257800267,-0.18432389798722987,0.6300753849728883,-0.3650391865104506,-0.04625674343924941,0.1257486144162439,0.3125684886297138,-0.24714222432011215
1,-3.156621968682842,-0.8715426236404161,-2.195714787662343,-1.4498676230025354,-0.43143587544578993,0.3260571134045356,-0.09453354557089758,-0.14928163369172334,0.31918558710396,-0.22905476827589277
1,0.3465281132084095,1.5412252758019378,2.846454005159923,-1.9098114714040892,0.5718343645736117,-1.6874945063371918,-1.712411585590432,-2.410660074685211,0.3332110434427226,-0.11772010529929106
1,-2.461406650924499,0.6008479692253276,-1.1714651365776119,-2.21105393219385,0.6919118933802624,-0.8526901430616958,-0.02887396614488198,0.2052789355725429,0.03243514619276037,-0.38984870450517606
1,-1.530100721587446,0.4052177892924559,0.6044647414844097,0.3471714846944471,0.7860472762929858,-1.1021305908391825,0.0870282937258027,-1.2965919861227304,0.16165805547055745,-0.9111215009259348
1,-1.7735850660605688,0.8042100123847653,-2.027918042469095,0.6873331774435454,0.6160920316421171,-0.2893278687590222,0.4734528693407152,0.06968000367491943,0.5439414656391847,0.05725860050962474
1,-2.680441623965868,-1.4847089005284757,-1.74169338089122,-1.0234906130765558,-0.297468752049336,-0.19807776439737715,0.4341312620839906,-0.16912210032523511,0.024851387059131407,0.31940837839657293
0,4.028435261074219,-2.941430098011308,1.659485395420078,-0.22516730275648414,0.5135947396173908,1.9362225480912794,-0.7282261749645271,-0.7579855114725859,-0.17613517777982415,0.2704811811349235
1,-2.136351228598873,1.5185806390194991,0.17896523310853202,0.5007767122095979,-0.6830474441393395,-1.5516758291544581,-0.7183276585745352,-0.13975252082968628,0.18845602182139906,-0.3705077366862523
0,5.165410948305194,-2.382203231518129,-0.4222772813046214,-0.8834276167280732,0.20940815107843574,0.5792299830560975,-0.5434880084534301,-0.9527684477569545,-0.24802799655572033,0.5291530822122466
0,0.535931949427482,0.3807151456363183,-0.4431347814502499,1.8793719186876994,-0.22686941665112995,-0.5238389673502752,-1.1505709678411034,-1.0920921137086173,0.3242008081715713,-0.10397327910291661
1,0.34312338294289124,3.534481051993178,0.06966880121661521,1.550670347848254,1.9569208590039604,-2.3395179122804937,-0.48350659121710127,-0.5024245152644747,-0.06986580880971696,1.2799510510889578
1,-4.197079986345912,2.3673922830225282,1.327144730786173,2.0395039581265757,1.7619167368984887,0.04242900726182457,2.16875540968426,1.4812173586625803,-0.32308841215008893,1.1811559736944537
1,-1.1428318645966031,5.59945847026066,1.301037017724992,2.1882496591275653,-0.7655746716815655,-1.1592267478181422,0.19153519017868614,1.7981400085516484,0.8768383897735075,0.9493126092239689
1,-1.66547515321708,2.389618124802721,1.5022494407304663,-0.8759511409652815,-0.48454557280327715,-1.1895181860481896,-0.6777554020434658,-0.14664333116348882,-0.29164771708176496,0.10273272557775508
1,1.0117124957300927,1.092389649549322,-0.6326983810409983,1.7585184225129953,-1.046826443998552,0.42589470887014996,0.39828597261459137,0.8360360526547206,-0.3841468139004156,0.6196240079322963
1,-1.3009297119683694,-1.821415301819294,0.37330749812882336,1.8481689466301128,-0.19962707048542,0.7657543373053445,-0.4667152033650214,-0.3985792203517915,0.364991422467723,0.7948279739363682
1,-2.3734287250096213,-1.6815762381895423,0.384528140717814,3.0167286399481394,0.038246655548427155,0.06881354646928056,-0.4152225187374862,-0.508393035253437,0.27827232628252646,0.28783453839521256
1,-1.6658710117954192,-0.2139627400924962,-0.1480724220983093,0.19705174829186808,-0.5564802542524677,-0.9315821530159164,0.5243195200898448,-0.30070196052345477,-0.3566222384907778,0.4186023643829563
1,-1.9276781923709843,-1.1377399160440185,0.47820229749384036,1.1575004013591441,0.20234190850513656,0.1148982696112999,-0.11625493665615708,0.013630619455693773,0.05805705390219636,0.1324339169870364
1,-4.237216617940867,0.18427249696751233,-0.326418406550335,-0.5883033317855155,0.704626790338097,-0.14609126279242893,0.25985713468835286,-0.14956886408581055,0.5648535105107946,0.5751755023424054
1,-2.6778707208422863,2.315792822976006,-0.053848205919780456,-0.3404496533358126,-0.4506481566306494,-0.6783477095897289,0.06410094064588233,0.9709665978418911,-0.45527526875818974,0.09538363074481941
1,-3.8364978517958375,0.4962499285509451,0.9232396859792161,0.551871671454206,-0.08003558329282852,-0.11266882128770346,0.47448661048995844,0.16984412142504227,0.41054913011332894,-0.21960512472919108
1,-2.551440295950188,0.2283299574366751,1.4141780117945058,1.9707898183222892,1.4563251243801971,0.8555217746435476,1.0219210096335518,0.16049089970863537,0.44714244175879864,0.39907764642597754
1,-4.694923445156696,-0.7674779440649319,1.5439648405352395,0.779019018576017,0.7848969794154596,0.8513735571344742,0.7526680967058755,1.070425919635858,-0.589318089836165,0.06891047263293393
1,-2.0250371641270766,1.2612419002369102,0.5049260938423035,1.1355273912276973,0.11426263232775884,1.7847769636270618,0.39049532449029767,-0.874423521957703,0.31124110547377504,0.3656942250775171
1,-2.895948205518771,-1.4516357644008568,0.7805459976049531,2.9704481982243185,0.35714995685807227,-0.5832026074026392,-0.6184118265391721,0.9392225550739327,0.362540513101602,0.4489162444524673
1,-3.5022010405437856,1.8008324922228474,2.7664566396923234,0.8663072825209777,0.6253646906178608,0.4122696037577571,-0.30766602333976983,0.35790886347225,-0.14318164024231386,-0.4518803053290231
1,-2.1539036673959573,-0.8300688184730423,0.5647967241587197,3.0117559275365706,-0.5658252895799234,-0.5504027048454839,-0.4844054412012745,0.8931825973868928,0.4354863755975762,0.24413919643832757
1,-2.0550840679912508,1.6164592679963914,1.838959465089625,3.113534975315588,-0.21104266363659147,-1.6418062316221818,-1.0888529250986696,0.3501933953550992,0.5150640603423409,-0.0049465592911743265
1,-3.8772895793977993,1.0842547444977892,1.859943909639658,0.4337396700655896,1.6874387933642654,-0.8148926835952706,-0.4710738985643931,0.07138474106258569,-0.7018808020483513,-0.0706438171514013
1,-4.063862114728078,0.12216843521676783,3.238772647175787,3.469182950984929,2.2419080731677,0.1749091483245269,1.0772541424198276,0.12949446235081272,-0.42703048047435,-0.2772864478523916
1,-0.09866733268842774,-0.21355983833068423,0.3889294641594758,1.0127105250775013,-2.989067749991981,0.012452208093485111,-0.2902569712060384,-0.3123436689510385,-0.06786390718318296,-0.3257704431406211
1,-1.0893761900701344,1.2928478982612042,1.4293788856272927,3.372136457123796,-0.9473415671793642,-1.7258698723296013,-0.35397481912986434,-1.1643395019073222,-0.20749512950743773,-1.391708243146053
1,-0.48177096484745663,-0.17801969111679225,1.0321075823080117,2.010280187379832,-0.32710317445724224,-0.9920622853725442,-0.04854568307912881,-0.1952209586020134,-0.32586533227546094,0.42907220359792986
1,-4.870309518087025,-2.1311061074865663,3.4141887812790395,5.1339883062525455,0.48892077687333263,-1.110792335172384,0.48837121478596895,-1.2892843376701046,-1.3904785789233967,-1.746662665730027
0,5.917612589142682,3.482636659061124,-3.2627916858890624,3.917585444993278,-1.7163821624291844,1.0135989310390672,0.2714423869581901,0.09196333570777773,0.37247597741163085,-0.6304233926442989
0,8.741338077267807,-0.5738546724065856,0.8970900979949545,-0.38514990846602465,-0.6790432787353589,-0.30075277356569347,0.09482438363989974,-0.7340818536235162,0.8310933709620987,0.4506385932075634
0,6.439315483954051,-3.57681744401435,2.4594865593921593,-1.1773140506057558,0.07482429488197047,-2.3751929340845837,-0.5961296776392156,-0.035470930163085924,0.9879290196995821,0.2569885912419742
0,3.793382370032731,-3.584047863942087,2.088476389587589,2.506027755260132,0.5107225246989119,-0.24671010941048,-0.7163263395813144,-1.113359562158203,-0.10520740675509473,-0.10863249972698424
0,1.2561792761502504,-1.9022967130754458,0.5627305255654625,2.0892270222091365,-1.8099913310371105,-0.5344471888364402,-0.1927582282868763,0.3418870351094163,0.39391682191019334,0.5208773834743591
0,10.374794059769844,1.672010105336675,-1.8770293302249232,2.3560311281936674,0.03374193156470677,0.5679364748431855,0.22308167182645813,-0.2802386097151599,-0.5420345423952888,-0.08929611696546255
1,-5.475243302544347,-0.6706367907573519,1.490443080834657,2.2991571385252962,0.18470330897730086,1.617837363144384,1.6989515570198273,1.0463535156146866,0.3741011115338197,-0.04772557101109916
