target,x000,x001,x002,x003,x004,x005,x006,x007,x008,x009
0,9.19283682621325,1.9485830707786087,-1.1231661649251463,-3.6337308974191433,1.195110124217056,1.4114244518030548,2.1593698677701996,-0.3984072300408773,-0.15711835944336341,-0.8774018798938632
0,2.387801795802214,-3.7681717420675698,-0.5292926867404215,-1.11826386232736,-0.621774980205282,0.028656354525270683,0.013358093546660647,0.240988458525261,-0.7119048160296879,1.1069949438631683
0,5.733896279731706,-1.0751737966209178,-0.5517475931812106,-0.9120826710188219,0.17708589843162675,0.5414521472561724,-0.6681664837396045,0.09737373820709007,0.024065642825557374,0.4542753997551014
0,7.1229531977088865,10.275589121812805,-3.2327895479751145,-0.15254703016113005,2.96087840182848,3.053421824617085,1.4299106992325756,1.0595652411326073,-1.4054396667379565,-1.1169752748852873
0,3.9353020736780984,-1.9480715678001759,1.3897667263118885,-2.940639346699837,-0.5467474017693337,-1.2264946427263952,-0.9362125458835722,0.6363760610799958,-0.2638054638996298,0.37770446813105846
0,2.3802471503459364,3.949928895550164,-2.9348767932958215,-0.9410368715107635,1.0560419315215364,-0.4510386519750539,0.4904451157185933,-0.16544387692292195,-0.13347309933826387,-0.5304312173874985
0,2.2388833080524035,-2.6900312772980652,-1.6399129289299466,-0.14933988773219947,-0.04035951797864654,-0.12894843436958628,-0.30156744574506883,0.0836981903112435,-0.08002457152881252,0.2191433519473221
0,2.1432985003775467,2.3402440069495434,-0.871947262197013,0.12704285731454423,1.427436672913716,-1.257039192240926,0.9740998490315587,-0.6533382619527782,0.24818364707282325,1.0005861248381676
0,3.1749242930837354,3.3918129518468434,-3.119985910378656,0.6012970531658812,1.5222903919203807,0.5595447276551326,-0.21510369959346465,-0.6873411939753588,0.5119238979503712,0.02918746438410083
0,6.351746789526099,7.727174066864843,-4.3419158132657865,3.3752015799434725,-1.7102631424409251,-0.7239087403159162,2.5198398244746487,0.36514888941475215,-0.7173966873313746,-1.1656307898671847
0,-0.8104137708452965,-2.65927549768696,-0.4888297938745966,1.6725665641372607,-0.2758115691395694,0.12733183873981474,0.6250123175381549,0.16574954673946057,-0.301380557977829,0.37623537269415747
0,2.6511004772424,0.06656792656644686,-1.5264552984284554,-0.05126156174295188,-0.3319511155712908,0.7648666377047482,0.6660924496743913,0.619545065748971,-0.40094081585296326,-0.33106917007339615
0,8.185034458147957,2.7009764926129662,5.730230807404693,1.1122565548373697,-1.0434704479700259,2.594571243125383,0.9414973501780565,-3.3217839997427814,-0.7477883706292329,0.3959461526842378
0,0.3421259139901535,-0.968279260857935,1.7171715837733306,0.5950029515744095,-0.4680105099125224,1.0076601120936788,-1.7990811518798437,1.106657353107499,0.26762515669011366,0.4395816155473131
0,4.342379194647861,4.861083312492756,-2.8161155387334174,1.4545570349674544,-1.290062848284565,-0.34971623791301665,0.7428804951154867,-0.28092617390808483,-0.6751038033714253,-0.11565698692066143
0,4.075656175346037,2.9770611803676807,-3.125274148896752,2.458070856747963,0.408342122393167,0.49577797892530034,0.9150568590202568,0.30252366772767864,0.456940136046912,0.44715746065121403
0,0.23005501571000334,-1.564757725273444,-0.8025191537880181,0.6505829141841255,0.4947110498794918,-0.76219101803014,-0.08684701919719268,0.029508982461589985,0.50322617126261,-0.499672409231476
0,4.418010915982993,1.4186703334195112,-2.270319030083019,0.18627241456689703,1.4238611922717366,-0.7524893109854586,0.44198484979110114,-0.41376974421982043,0.01867309899889631,0.35663002467283605
0,4.948703550565107,-4.114333524964814,-0.3147491107333606,0.08820651787104339,0.056715175790364,-1.137688853438315,-0.2512828619693506,0.7421519448059636,0.41044715425065104,-0.5713271092185117
1,-1.2370633569552292,-0.188214953756475,-0.5932834977755035,-1.5963460972617483,0.44215423440871965,-0.048636781110696484,-1.201687448171204,0.40362571105790856,0.4053004288710758,0.005925576685255144
1,-1.5781612348121743,0.5728081925090157,-1.8014467053426655,-1.125275726780626,0.3952697334074778,0.4308412527140684,0.3384836597152728,-0.8619594368439035,-0.1872011741646053,0.3609238516445801
1,-3.557336373550012,1.6629499036242479,0.45118744720163884,-2.073764683191491,0.4907464991318253,-0.7700683482173306,-0.19103873699687704,-0.24446205893708942,0.5468962125135718,0.007636657937486605
0,4.7332107882097665,3.3049637282937696,-1.4665366905115749,-2.041150083976515,0.02622012214806828,3.023043860035554,-1.0071797496347685,0.10463671232834278,0.16851144551634922,-0.24562069098385436
0,4.208524209049893,-5.128366513937137,-0.7524020249978456,0.8627102694525476,0.47096791574104957,-0.5958404334797732,-0.07482841270461105,0.1802527088418618,-0.36412611932048683,0.6915447520569414
0,4.949632073983739,-1.5437522881334185,-1.713193931721905,-0.04675916638473299,1.739230199246173,-0.8128796202763093,0.8003053281361618,0.41990906364246317,0.8116791252269073,0.021478396554245074
0,7.098562854912058,2.018610337108624,-0.029009635418772602,-2.587950603680545,2.0393399178084812,1.1842014785027466,0.6018535054736697,-1.3074116550254828,1.1010107049832443,2.286275649052099
0,3.5102626039718343,2.1716251156448347,-3.8945464144583046,1.295759679100699,0.06821804219720047,0.7873573356314525,0.2899189758726617,-0.49597758628396704,0.11319038135337624,0.2954409700502375
0,3.064053886063117,-1.876552347687521,2.5817477011413437,-0.12848441550210127,0.1166651266345718,-0.9075950598840865,-0.6458347560279892,0.3404738096102776,-0.04391228308563052,-0.3965443561231365
0,4.007264143655834,0.5372421605295593,-2.7616256345495116,1.8983875071122451,0.5256728952674173,0.19284876992607214,0.16113021702032956,0.37883453800985323,0.35728855331136034,-0.5696368112360449
0,1.7153097265431405,-1.5237050229684286,0.14618709369793254,-1.9113864109761212,-0.53612324372051,0.03625982379077512,0.184030377610601,-0.21890224048545992,-0.38166862686225755,-0.036529189456084236
0,6.059445513505045,-0.7571774508791201,-0.3492393995162672,1.0642175341348261,0.746105250846119,0.24208034711180837,0.4619767550138652,-0.29207051441243315,0.28474253713077313,0.11832188712957133
0,2.9022361049997834,4.005295512374859,-3.001462457644205,0.32531637954507714,0.8553558362463936,1.2346794017488454,1.9780884430085426,0.20263180433802047,0.5646450504114741,-0.22996854552277296
0,4.554782688815777,0.3375361539050513,-0.7543008027122943,0.700329980722113,1.548545335792669,-0.19100756711943645,-0.8895841127080106,-0.24405671908195178,0.4429083799542479,0.1434998862754627
0,4.990602722476018,-1.1325889056920837,-2.5773841692215482,1.2172617831435715,-0.6699148757044663,0.2674789785717287,1.0326168593628293,1.1427318589048479,-0.5667916562022189,0.2449144697844571
0,2.9853407889708556,0.7584232425067473,-3.4937617184101466,-0.05426029028961586,-0.16709995161444546,1.001786520212843,0.7707720248202221,0.21032413503058067,-0.5856470099045268,-0.07479597634392864
0,2.7663691577777536,-0.3543559424727841,-1.8969629974614732,0.5342558740827191,0.8840204421825447,2.0110356612488416,-0.7205951332345104,1.412634112018738,0.19696222454575252,-0.743756595328639
0,1.2961987650208193,0.9131962762388737,-1.5757686737497725,1.0431666396291184,-0.4147217156772704,0.5685950133792659,-0.1427209007913775,0.48862760438085534,0.3912380423830267,-0.38278496291538533
1,-3.7493133959384872,-1.4134731176425173,1.7323077927931239,0.565442548854604,-0.08033942716600125,0.2902689209439076,-0.805039606422474,-1.7088436201624249,-0.892449119874295,-1.0885817200388213
0,-0.9980689008800923,-3.3512929231738133,4.305573840158027,0.5612096162751397,0.46437280100847017,-1.494456385407702,1.2802547745841124,-1.4995679567751827,2.102381021403765,0.011502605288204909
0,0.7652641153962604,0.886243952880326,-2.7049183127633833,0.27477974977207287,-0.8104294442657248,-1.0373508562035862,-0.17772440343948323,0.19825784331704568,0.431532927196292,-0.43897363351474916
0,-2.1509534707304216,-1.923991615836221,-1.1804841584142844,1.1131980271037352,-0.4484717380841785,0.9291124825252499,0.041872554896498645,-0.04864264307531588,0.6671610623452757,0.3906348464002055
0,-0.09333138656721222,2.2607520061931696,-1.9047264819066623,1.4423071234931641,1.7053639599794852,-2.122638445593665,-0.4969786515968044,-0.48445333619564196,0.9133158058650797,-0.4307021323809198
0,9.087999677261324,2.0186730993370166,2.141226290644302,1.0692440225424509,-0.7979314288465928,4.311093719883476,0.4341654766930068,1.3882376865001103,-0.352827930947884,-0.9348001457910932
0,0.9904537655030493,0.9849300203816992,-2.3107336560423954,0.27682550746285584,0.6405109848033962,0.24278169405483113,0.6137734900190513,-0.06786892178365572,0.28276114620220205,0.15195988681408554
0,-0.2935465509280987,-0.13709909082096358,-3.301931920778922,1.0097858647198046,0.02251088181063441,0.11014620004847432,0.23360423402000763,0.17502686699961284,0.5449203071170344,-0.20691784430092391
0,5.380940406937094,-0.13487697768517218,-1.6788425626741077,-1.5076949095842882,-0.15199820704763312,0.4239048123585072,-0.7881745339687438,0.7907864967265702,0.11155511222890273,-1.0560606729253081
1,-4.581936672186454,1.4842203177723585,0.04207461161204613,-0.2962291294115275,0.713852512530012,0.5759267601744843,0.22320193522419032,0.8683331497539801,0.3285473952657928,-0.14579979752777306
0,1.700006886837168,2.3522717936592596,-3.07808909425185,0.06602095276021147,1.0564664087496003,-0.28210962807113005,-0.16062044690759436,0.01896006407075375,0.5923305269869724,-0.10542647927525567
1,-2.1364452772841016,0.09582960948793091,-1.4924118891214935,-1.1210632056051362,0.0680372285849904,-0.6934917304824685,0.19733401965726194,-0.04007942266623072,0.41981024139417755,-0.6174335904402208
1,-1.5674789972081606,-1.2084332137933995,-0.369159105759101,1.4756288221072773,-0.17275043757654668,0.5452839168251536,-0.6844790320531162,-0.556352042147804,0.6062363594070956,0.19896443006273098
1,-3.542905557463752,-1.2824955784727385,1.018210935987575,0.6081562387040476,0.21963592240094854,0.2662478828606632,0.4540370964214765,0.12396047159016252,0.2596094150517881,-0.4347251280120698
1,-3.1578140501813787,-1.6889585955389228,-0.4962937182328965,-0.1940121029002821,-1.4399175504094437,-0.2565387373391152,0.4453354016033945,-0.057930833637803374,-0.49250949608950084,-0.24123877912397731
1,-3.450488543515913,-0.4982187141501241,-0.15251795711357918,-0.5754864186421973,0.0523148809996154,0.629890885462657,0.060827089511569996,0.5113227846148097,0.41398745043653107,0.8237731245174129
0,3.3025509513789877,-1.1309378049443088,0.8263925990465822,-0.9827170121330011,1.195263004301036,0.7078496853622076,0.6485099598122004,-1.539114767918158,-0.6148311114859379,0.08868664506108748
0,-0.6746192855718305,-2.116409716864001,-1.3962197485458392,1.0431386803210916,-0.24181680158687133,-0.6566550554732526,-0.21545318376423314,0.2076984882835712,0.5057830173404336,0.10859728639044616
1,-2.8581584400465387,0.1527231362364751,0.42893494025200185,-0.48306031856739295,1.5105366077670277,1.2788638869578597,-0.39290832804629283,0.7460726809799048,0.3014188861717997,0.07522713671281786
0,4.648738872436685,-2.310332570251567,-0.728808856214678,-0.6399416903912506,1.1583244871106926,-0.17859183391871317,-0.18550657315704683,0.3095051510822044,0.012545384048295964,-0.11297466873854214
0,2.1768628822290874,0.9721160460019874,-1.9438883337289847,0.737318287454555,0.395783821692791,0.4623340836054391,0.5366816459463117,-0.9520153244469649,0.07344447408967986,0.194352574791055
1,-3.7214589928322033,-1.7876416504638886,1.2799328199219804,-0.11556576513185868,0.5262823235110584,0.7057399314932616,0.4878069862322234,0.29798587478926447,-0.1273737400697472,0.7369116569196156
1,-4.135962943789871,2.403792485458976,-1.2429584053324545,-2.0483464666830047,1.1656524013418483,-0.90105942107995,0.4068303316346413,1.2261400496004864,0.3459136374035552,-0.464669379290574
1,-2.3858356631344577,2.757658129726404,1.214085631272801,-1.7944891410105344,3.3381580350958315,2.5407836917151676,0.7464375539101494,-0.9107417856084911,0.2624297667440068,1.3190386721525396
1,-2.578883251968505,3.1386719227438573,1.400280185222634,0.7638665290019465,2.7840954721507774,-0.8157356119193887,-0.39625815239977424,0.23093799835034262,0.10304745976987618,-0.9281020053613036
0,4.7591121538660905,3.0116805063752254,-0.16624072170065796,0.6058278290099662,-1.1417013648878074,-1.2200670878485045,0.8200239853470588,0.3310333326972783,0.5286543280758645,-0.4859573393872388
1,-2.3141322493714993,3.267989679237229,2.796224245018472,-0.565726435776681,0.3818340886503077,2.958283518481758,0.2105649565564024,-0.6279791519811769,-0.23232490150639673,0.04140213303361022
0,1.691607923168995,1.5406765571043701,-1.7998452353903838,1.390589568195012,1.2126749858135801,-1.2432108526222059,-0.005788546736057786,0.3860456767830571,0.8020776689796476,-0.18190703064991803
0,1.812305405006922,0.7227401911782757,-1.4662495705857073,1.1987300424802887,1.4280415889691744,-0.7280624721898976,-0.5314264885986754,-0.4748106739720292,0.003942469284575447,0.1730403793945906
1,-2.7859247566664447,2.31064871230781,0.4727253027649288,1.6071602853041806,1.6128581571966785,-1.1895734718481648,0.16952712831419434,0.029850702249685213,-0.11124370395545834,-0.27155183590657084
1,-3.51864833964765,-0.6583094692607118,0.5913749606899396,0.01080268605944402,-0.020589099113725712,-0.40570974758309086,-0.5269920401142226,1.0830240856122222,0.4278021550274688,-0.3915772180200829
1,4.330002649084525,9.202525685734646,1.4929628318845884,-0.3199472953019508,-4.728170550062229,2.215764311986059,-2.5810600634667686,1.299153005010018,3.7841185731481697,-2.7381583685334188
1,-3.2612794727724013,-0.9378381203565226,0.2051300126454592,-1.0900715280605298,0.4603499551449079,-0.43432905576003994,-0.8500759135994863,0.3351645876327017,-0.004983072166611739,-0.3107150108366578
0,2.704596172630347,-4.437141769618722,0.3073453854274201,-0.488692849582387,-0.3724950414149499,-0.2918005008338116,0.2834925540459628,0.08626439650240156,0.3271548072270705,0.03334618933427175
1,-0.30785577047691665,7.387812177121241,3.8190859804626482,-2.1335558201906193,-2.710702715419796,-1.6397583322628286,2.4283614650902323,1.318267644425278,-1.8851256745344824,3.192639275436613
0,5.503705315293619,0.9383254150997152,-2.2101316481166067,1.5237960303634817,-0.9248915309277939,-0.540061592842869,1.5638649468223473,0.5941848599318371,-0.6730996784097033,0.06118199409929357
0,-0.36170919269359275,0.1197390863470648,-2.0409557912378844,-1.0588839799185281,-0.7571093758029731,-0.9204476313794436,0.69778592672675,-0.39338232241350013,-0.35822045693886667,-0.1475481620666359
1,-2.6299766385631784,-0.6973093686124072,-0.5839416361535525,-0.3381815985912585,-0.4675454420826361,0.0348689558676766,0.12012450433851085,-0.46037671467760893,0.3149718225154413,-0.015553757906860307
0,1.428167592895343,-1.9671014119007784,1.111938856248655,-0.7529108842722687,0.5398817284085571,-0.9955632498580282,-0.9089201042621621,1.1013289410032172,1.24587285101955,0.09273684206929253
1,-0.8345178814910336,1.9656048643396293,0.7904325392243213,-3.4376311947463836,2.3545508991849315,-0.6131015511949395,-0.7763539232732382,-0.24705523528762138,-0.7735117512120046,1.5180245903841694
0,6.230896511902655,0.9200695426759752,0.08982730993826306,-2.539158771534701,-0.06213585118068717,0.6834713831491138,1.3998060624151412,0.719874023513644,-0.09674986017059514,0.5090166635008346
0,11.668714648329663,4.748617202409887,2.0058790432135294,-0.3190490252272645,3.391360972999398,4.880799012111581,-1.1554937649669155,0.483502552058715,-1.1714215693644223,-1.3248808445798994
1,-2.021577658435546,-0.25489983397091237,-0.6478720102946531,-0.059251305590862044,0.054847865567247446,-0.07241379892930148,0.053702704416778026,-0.35617967225904085,0.04887555952779871,-0.10784393741352503
1,-1.6383849373649784,1.7159491138762564,0.4342062593594431,1.5279662308528787,1.7693816513950105,-1.5031909625971234,0.14368774470547668,-0.4866867188716899,-0.12248575854518313,-0.03906358521789849
1,1.1674616110726215,2.514515850005455,-1.9057187542205627,-0.6383115257183809,-0.2361811273634148,0.13813368055393957,-0.3266792486100578,-0.15205340779610832,-0.22706438825755615,-0.5040585708529717
0,10.769242819274341,-2.2579828981059045,0.038835789331887485,0.38938554472602055,-1.1872885524098786,-2.188160347553944,0.03560200948202041,-0.5475606576191334,-1.6493091882606001,0.3965232268739425
0,5.03481108548278,0.7744091563670865,2.6823380216630195,1.6665041294486052,0.31161959273406215,-1.4225484832138424,-0.04325569622995151,-2.0145385457340983,-2.9693386606016103,0.022260781498456145
1,-2.1744643095462073,0.49687798482026185,-0.9490918106995595,-0.20721922236898876,0.885346063417988,0.8830402291064402,-0.2553122810861192,-0.23019653129672785,0.424021907288189,0.14790171094521506
0,3.2882353847186034,-1.6682370620503886,0.14693184564797243,-0.4374930106680428,1.3685699313512116,0.9680275798064798,-0.1538053397252755,-0.19229421252093173,-0.08352433945469864,0.4430415404397145
0,0.607607945177768,0.16221452495228134,1.637374870150964,1.114511640376085,0.5407952323073366,0.567859524652323,-1.6627841462848714,-0.3495575847037673,0.5720267647348375,-0.12116264804247803
0,3.5835636260636523,-2.206661839154874,-1.7045355935218323,0.8012938767743105,-0.3653220808690669,1.5614640689490562,-0.19854261364203993,0.643591506769154,0.1840034830169399,0.46277801183437106
1,-0.9341581043944098,0.927701480930222,-0.04016365357748875,1.3533988833242643,-0.0649421387435323,0.22389925981098097,0.0769802819926208,-0.14890781268111264,0.262483015059867,0.4559675000422571
1,1.2596046473494305,1.0155770702513427,-0.08059284619342279,-2.051334867834574,-0.13752035846784227,0.8430410195220547,-0.17380790979327798,-0.6145515484776867,0.2835033622844867,0.3990531674943631
1,-1.5882639721786045,-1.6196568284204413,0.30999920850445495,1.0919988878803863,-0.05377409733164268,0.32580458559106207,0.299814090161587,-0.12886534378036316,-0.2465216135372164,0.5215268842781872
0,0.25249756752681457,-0.5313515472449275,0.5893278268567627,0.1105383418199064,-0.42868115075788643,-0.19963462414842764,-1.7271129777191176,0.7867500498212007,0.11684868028678558,0.1442536370654417
1,-2.847431586696074,-2.8936475984331014,0.5279888427871616,-0.598816731935244,-1.4356969584136012,-0.29236715829688287,0.09586501295390457,-0.4140900314575868,0.39086712472034246,-0.5904797103549202
1,-1.9649501129379252,-0.9651569880786806,-0.08120810697433323,0.0940807376806464,0.5500239296297416,-0.3213964074907219,-0.568253881883576,-0.3960667456323161,0.058158696969522694,-0.49168081671202357
0,2.7758655690025673,0.5580005267658659,-0.605771248573088,-0.49983000956853296,-0.4999056782268404,-1.0676465883262534,-1.0430722855912011,0.28381378354139214,0.6384610603457207,-0.2972335720531621
0,4.396227954702614,-2.1235077121568957,0.579510008144711,0.7774134007046761,0.3038340666465069,1.7851251387876792,0.00042480329326185335,0.2927642136900871,-0.5808812195859092,0.4996040421120236
1,-2.5920828278053176,0.21363392991247893,1.0356115166431183,-0.6620054452508285,0.5407643597169514,-0.09693818737578648,-0.02254481426334546,-1.5977042726003174,0.17958670702373078,0.41032368900170624
1,-3.9043381501528795,1.190066633793994,1.5519811851144127,0.9357754813392409,0.7081204027123421,-2.3540037689092737,1.116765948733643,-0.14858292363501552,-0.9074126885465919,-0.3167871644723745
1,-2.818231213142345,0.3678839812776148,-1.3514356319292724,-1.7384149224929475,-0.2843214781212277,-0.4312826484942816,0.48492343917085057,0.2909503684302133,0.057343587314656545,-0.3828434153381551
0,0.6162808698250996,0.6389116690076547,-0.1999188735157626,1.0974987710490276,-0.11868973407104876,-0.8539389876438851,-0.5065156956129475,-0.6349821896316875,-0.23735033615899043,0.13941275414916693
0,-0.4328602208165502,-1.3920442987733133,-0.08271948210071961,1.935279909883308,0.03446053469852109,-0.5963271388556037,0.0029674927542083698,-0.06265704108693594,0.7984258943947437,-0.20972005586123646
1,-4.555028840448152,3.5287860178790953,-0.2152639587785131,-1.0918856936364887,2.7583489877260554,-0.9004926367735855,1.412894219200065,-0.3246197916327877,-0.5059897785160393,-0.1900213113287992
1,-3.4481835412175132,-1.424622455711256,-0.08872400425354035,1.7107277786896549,0.10661671241468348,0.34323930358510957,-0.23800667668665368,-0.5137971599368979,0.45517466923538574,0.15301050865647375
1,-2.115960264030478,1.8493736050196152,-0.5566739791307636,0.4643563758845799,0.47491434347179606,-0.9919191792813605,-0.5089250330560645,0.051861939949792664,0.8866840347539,0.16746382001724447
1,-2.6913522049621306,1.4200617399417974,0.9691507729571673,0.0028595244641936805,1.2565183792996069,0.9415787073802707,0.15793872470978423,-0.5929587010196354,0.47834319349263105,0.6489310262084109
0,3.213916765177378,4.046756222649358,-2.715384456506938,-1.3286253416639626,0.22167319681585296,-2.2047947767681437,0.5194749494651963,-0.9203005547104345,0.024795802080550024,-0.5971861011562791
1,-0.7492713563495621,1.7976385171322948,-0.5683658058122285,0.5604989833232329,0.9330960251622201,-1.6101870506022506,-0.49834995395908965,-0.4532433242605183,0.5275658447309507,-0.4596273848202415
1,-3.159006037414685,-1.0357494268216705,-1.4906841621095075,0.5931683778982194,-0.5140858511519353,0.35991588697361515,0.12324114892602253,-0.2637926030568982,0.28987147295295124,-0.17605558440666874
0,13.056121858663447,0.9815132263977469,0.5988126755228702,-1.4729309720870625,0.5999130658167806,1.0217591840545588,-0.09549146834935938,-0.7686185499434102,0.6275691255038817,-1.0988728634116238
1,-2.2286798134422194,0.6674106363804425,-1.091560340519698,1.0783017194701754,0.29912911958648064,-1.440875569705873,0.21175572062719614,1.389296708811862,0.4489066703120502,-0.6295675854413081
1,-2.4928310356116072,2.598686267995722,1.6697255617274944,-0.6334860009846782,1.156747493493682,-1.096408181871772,0.20389707977224428,1.220037549268957,-0.5709833856527551,-0.7433188944175447
1,-0.1033504264139868,2.2801435368568272,2.1095627900316343,0.3518459921968142,-0.6224819782982143,-1.4599863401145783,-1.0410339228216978,-0.12053753028852943,-0.2273629066663456,0.3364580440063261
1,3.591294118690601,3.926333155212096,2.047006729297743,0.231766334546706,-5.465263817670827,0.8338569492876806,0.41153633008938884,-0.9711571815942616,-0.5357749753994441,-0.24864338963766255
1,-1.3489486828722486,3.556225100465869,1.7321912772437595,0.046990744384860984,0.34525100239626866,-1.2628874147380516,0.10585563191858609,-0.7143258726866849,-0.4106746043027688,0.6963482319829135
1,-2.510117675558594,3.2513195035015063,-1.6876243932740516,-1.1899614108981378,0.4555870487826458,-1.7079419736443477,0.5124384167147796,0.33776332317531765,0.6794561324474484,-0.49147616482355055
1,-2.046029572451857,0.30488486674437804,-0.5338387058877798,0.4898417502636847,0.06791210851248597,-1.3389297824175455,0.45991157874615807,0.4889389404444525,0.35441239499478183,0.4418330648420874
1,-2.097069169448719,3.667095883545267,3.6322004791971656,-1.5397868534208707,-2.236529855318514,-2.2957057986056744,-0.9194047750622311,1.899756643582808,0.15437681057142882,-0.44507775055959137
0,3.1105276933521826,1.5693895561962334,-2.6139361255409503,-0.6184677316573332,1.1817793061676525,-0.7682309909986162,-0.2069777959823724,-0.20981377756718006,0.28481486068114464,-0.033473923001911925
0,4.956725570002298,2.3848462187167114,-1.9351070932502155,0.610841232574327,0.1482097280297788,-1.4938059577534148,0.4268071616478884,0.2757701527386293,0.3578880461799204,0.09652686730514583
0,0.8510142626646718,-2.306735367528013,0.567461918075943,0.04362524903033262,2.0940465193724496,4.979535809975623,-0.992641421908684,1.0451246425447813,-0.48386350559076835,-0.3710424361644311
1,-2.9659992066225724,0.37150648225224087,-2.0665331595935625,-2.0725062990632113,-0.16303768157720674,-0.4383858234927983,0.05698425053182578,0.46405526772803163,0.2459468588313601,-0.4933461342387704
0,3.3341331980203512,-1.325557354123662,0.7280136640548079,-1.0031987131103517,0.9337069429835081,-0.5801239703979865,-0.2507703093983923,-0.3620479334812986,-0.24209918884020942,0.14041069906179732
0,12.894612133968968,2.3166224643942366,6.3286970072939095,-1.9422039911119369,3.1602276338227133,-0.9470534253397915,-1.2968792235310054,0.7927584505469006,-1.6964632949573037,-0.07772151331696592
1,-0.7707436775320125,-0.06410921999256683,-1.1344087971271652,-2.510463104406891,-0.020237027361382182,0.18085268356668002,-0.5034842132439387,-1.295856618800673,-0.09160700535855074,-0.3637012601512335
1,-2.2025155237824072,-0.7356052301956362,0.2670800984927597,0.03761951953110959,-2.934036531304297,-0.2474677650878602,-0.1914553497767759,0.070760571552163,-0.19816270197367852,-0.47316010805642944
1,-3.1434122456027076,-1.8774090266692645,-0.6703690408220192,-0.303331922867269,-0.40806940507315076,-0.2271200715311737,0.3216273012655498,-0.27020055891163436,-0.17126612424010904,0.2948975114574474
0,-0.6388804999703295,-0.9113660287979899,-2.14272416278802,2.1409156579216595,0.4291397507803966,0.14888223524973399,-0.0416304377366204,0.27227048444008395,0.772585373494137,-0.05890211108844934
0,1.9191334226485,-3.5380823683878697,1.2549245276885772,-0.33599908002034856,-0.5890689654575767,1.4685278835667996,-0.1447233260368077,-0.17225651849659313,0.25372038465278307,0.24508481292123674
1,1.408868363392817,1.3049294063552912,0.6414287693802277,-1.8869563709798256,0.036251997496472906,-0.5342971774906309,-1.2663727915760874,-0.7221436019785911,-0.38581505594143295,0.5939551005708378
0,4.643691316587364,-1.482017169391032,-1.170680553352203,1.2186055251407624,-0.17807255783953937,0.6786615369879534,-0.7409594187891263,-0.6345776932504102,-0.19613631035009105,0.7622735153608249
1,-1.8774673636140535,1.4232306440378062,-1.0708121946781823,-1.7093329684294793,0.8845491055129421,0.6546274198801159,0.3147356828339937,0.22283515415729466,-0.6836929321557813,-0.006873193133132998
0,1.432069426797439,-1.049603949088594,-1.2620113212390718,-0.5331890568743405,0.6266966038486554,-0.7859161717518518,-0.6215554471197434,-0.21494368597943267,0.6695952241420758,0.1310603487264143
0,1.3526270253942858,-1.1541414717290028,-1.2097932663596254,0.8281065029160678,0.9868073423291496,0.6869748901103512,-0.313507723722316,-0.5253712283285777,0.33415371093467283,0.7125909451717607
1,-0.7091148317236315,-1.568232323508883,-0.6699940901235677,-1.6872639560002647,-0.33931480942669506,0.2463585047197439,-0.8395510703749113,-0.5256820829281718,-0.23263411660444874,0.24161425327031458
0,2.171416018303968,-2.8262607261237527,-0.5621074925927863,0.6608316240937231,0.47497013261677656,-0.3844465257102727,-0.13889336062838398,0.4009824247583292,0.015782195481149192,-0.1421281090659186
0,-1.9768403553186418,-0.419387446918483,-0.38057516909852696,1.7394602091059423,0.30863816316961407,-0.7122804202728886,-0.31736122732568844,0.42342636553118523,0.29634623746008215,-0.16623775014014702
1,-2.600789504020874,-0.48233546749432105,1.872372710095143,0.4380183189768385,-0.016082782992223602,-2.0410093791718045,-0.004721140163099629,-1.746903651463882,0.05406077512712106,-1.3417990509875766
1,-3.258007359468894,-0.41832140569538767,-0.6918056278932829,-0.6598536095115366,-0.12156622777593792,0.0672887080505263,-0.4390689976865494,-0.6249777295633864,0.43216972549031035,-0.18593034700580774
0,3.782026455580274,0.8603815975237644,3.67100068936039,-2.0478201765330364,2.1837900872224414,1.4742366547956052,-0.5633489331649971,0.5559082983633264,1.4343771627756383,-1.8923020900978482
1,-1.9920347221454227,1.3293551725054678,1.1352445446341135,-2.0464332081255936,0.25212777957415894,-1.7570828297804486,-1.3958721384676955,-0.6184858611051207,0.19402449461470037,0.0783961493478784
1,-5.015008689975809,0.5746999790548218,-0.8424381482480081,-2.1696626775431445,0.8820022060122445,0.9319354929785829,1.133491048076546,0.26485721518885075,-0.04782095108332369,0.4229755516359588
0,1.3450204377376282,-1.2747709560422458,0.5558435473492904,-0.5748715237676268,0.4708492454667895,-0.17410010929496025,0.5623465264711763,-0.2973086526689383,0.16277990875173728,0.026178841546304416
1,-2.4559688106880464,0.898455292363472,0.3531334800273719,0.36799158805520743,1.1042868287513903,-0.778887328656716,0.16926035444740034,-0.9777862924351626,-0.5083083270034336,-0.6645773352349968
1,-1.8372816695174319,-0.09102676545715326,-1.4452808651437834,-0.6725485426076997,0.13619892064836597,1.0742421416030021,0.09905527259976861,0.3731513581879974,-0.07121727262924958,-0.2545027751901235
1,-4.346489712228624,-0.8935722661901355,0.6392560329081949,-0.42562691120375956,-0.9564423503516394,-0.09919844644383058,0.3470500402954105,0.14757202230451305,-0.015476628975935654,-0.7727052025848742
1,-0.7328129161437629,3.7021823827951104,0.6585050181232345,-2.2361274593234586,0.3364674331205201,-0.3825376926293585,1.3619835958353514,0.37165958733442034,-1.2072521106285685,1.189582260823222
0,2.399997843154186,4.837988819756904,-1.028157038313928,-0.3429168412641964,2.391872743422943,5.134227798384427,-0.7879231819687601,-0.09760757097301574,-0.08626854515120243,-0.6390844886364259
1,0.3930986639316596,1.0830680630279448,2.2476055057836306,0.4618585987150305,-1.69162854433913,1.5552200403670338,0.6737491991624938,-0.31994376007473596,-1.4190934915138511,0.05653429635688908
1,-0.41232781279562286,-0.389631317098299,-1.045770406539045,-1.3662456908817109,-0.8635071255110189,-0.35236011248360893,-0.8862288013848084,-0.37293154915946275,0.2342585732141667,-0.21657123879181944
1,-3.0499249404514672,-2.2377845222719013,-0.46945298213279935,-0.1827747293006385,-1.575846041054933,0.408801528062704,0.4899902970273259,-0.22392298727605295,-0.05326863615779455,-0.13094398781428182
1,-1.442563731607099,0.30587044946826447,0.5515478510418705,-0.3560740409418109,2.7029190357455652,1.499707701050278,-0.8312799878702894,-0.8061963448194355,1.0339908723456601,1.2005866232021685
1,0.08318610261277903,7.150359800006229,-0.06000997150031682,1.8030818028808226,-0.7381126142747638,-0.5642204644700074,1.6258067764047075,0.6078764887694843,-0.28312169346362215,0.7000363128363121
1,7.09330671418932,12.573194228678528,7.358708081714857,-1.2253415528672449,-7.490433692443618,0.8147305400938659,-1.6810501323919707,-1.6141823999397555,3.688006414900875,1.0746534872719966
1,-3.743404542996178,0.2505015267671572,-0.09738325219214776,-1.9321470877970766,1.0435915483616198,0.15421784327843097,-0.5852945590528493,0.49218260475850745,0.21330421472176292,-0.06357570807240077
1,-0.9691728143623517,0.9449443023490571,-0.8908112598417626,-1.096532307720744,0.6135024327695651,0.9708910524553721,-0.42799595939888924,1.2773113850465245,-0.12194255817634041,-0.4270074879873962
1,-2.4187199081229607,0.005552412982825652,-0.7983803838211425,0.07089207074919598,0.07730987851343171,0.8655064689551624,0.10702089905513414,-0.10933644344604489,0.45392965377099426,0.4913534097175423
0,4.100787726595187,-0.378803820172355,1.4463175319906332,-0.7023685667078156,-0.0006649933044912989,-1.0360963832283632,-0.3177209866657202,-0.4207225457126376,0.21369186034982235,0.2872307825912876
1,-0.7516030055354356,-3.0706486584844273,1.4491816782802427,0.953425873770582,-0.8919287394900223,1.2972366144450422,-0.2215874538018351,-1.238308646778029,-0.004757764453900039,0.07689156275681937
1,-3.6546465282535463,-0.6746487418500184,-0.906985987088516,-1.511161310552127,-0.2938121005874666,-0.41395189054400705,0.14207172096851622,-0.12181056569645159,-0.08403383245325609,-0.14852412598783454
1,-4.680211576012844,-1.1038572475926947,-0.25730817768521874,-1.2464757144387364,-0.4146183764828392,0.153416138238329,0.9062285740763164,0.6239965262377604,-0.04496402438540688,-0.34649439825999123
1,-0.5977817666137687,1.7856508751060625,1.4817359679259394,0.17787223750950426,1.5892265503500675,0.5892961364911713,-0.03491877979450926,0.015432805678480512,0.18638779019591534,-0.25750355883467774
0,3.387330764641093,-2.9110371071738386,3.0072377534554415,-2.828287832953816,-0.5083464504919109,0.589389157245214,-0.8318227353625216,1.0185664593296533,0.5236232563344682,-0.09124072957698279
0,6.149886189966102,-2.0176527547810794,-1.5661437179981865,-0.971646065378165,0.3363699216976063,0.34372463488699245,-0.07077556046960351,-0.642262135782701,-0.013657630861946303,-0.3987193565403411
1,-1.3250313470426618,1.469294024533136,0.8484213778199139,1.142766466620027,0.04782174391168044,-1.8916327568084998,0.029067192872777217,0.41824937099346454,-0.630050008553701,0.05782027090037887
0,5.494152797674739,-4.16582930547694,-0.6012607661380438,-0.14969969842276573,-0.6255664479534797,1.0430387994519301,-0.07048465672624807,0.8329180693698663,-1.0893835792081865,0.7428566583941828
1,-2.9974032071314927,-2.738861051859813,-0.16118378030219815,0.4131697989044596,-0.4055461362322585,0.7240925466557415,-0.4227453453056587,-0.13851984882742047,-0.455694299718977,-0.0507409244207961
1,-4.386732721106605,0.006872281278998654,-0.9481082366197774,-2.7980057796107825,-0.44573087612586315,-1.6880824567157198,0.2823636912131101,0.3726438347768759,-0.11054582992178795,-0.6649410109104396
0,1.2136346121479034,-2.039038957379329,0.9806961768258493,-0.23896611516224608,-0.08576867319319344,0.6266564059614677,-0.35194033335222824,-0.2575633349958392,0.09814920988241949,0.31002870717560277
0,5.069661081475343,-1.7851523342605,1.1736470683779552,0.6937328315182295,-0.6486555598393877,-1.9783923737096727,1.5988723504125857,-0.47942691178671176,0.6595119693616102,-0.5993721586694453
1,-1.9777014396332315,-1.8427794206398058,-0.2773597599864822,-0.5497499042781364,0.20689629580462293,-0.2838644661864795,-0.5541367415952938,-0.9135957093934741,-0.22369354183925522,0.3788166514682963
1,-2.5148764188899886,0.11425229888415286,-0.4966227715201421,-2.3543471201062314,0.6893749475418669,-0.04425895689708178,-1.0484258479368052,-0.02629732826291783,0.5061766086310515,0.33500914490628836
0,-0.9474878917479544,-1.6847535464245222,-0.3511863419930464,0.5772107412622971,0.3415421338850286,-0.42263863784193,0.03577347479338451,0.35304741044083526,0.8088417383656472,-0.480684729788747
0,2.819368343466048,1.2651031321636552,-2.1531442403089733,-2.7084590421811137,0.04004445970835904,-0.5662738273205943,-0.2674833965236197,-1.0654141579014456,-0.09332764440548012,-0.6390860821448097
1,-3.4839862980200054,1.6196919825569007,2.675469389233915,-1.2536138059339332,0.5989814171772251,-1.343876617396039,-1.0274299004160117,0.44332416815394404,-1.2901017440951636,-0.2348282493803244
1,-4.658729577966131,-0.22291481503257554,1.559358661886303,-0.5110923193881076,1.896940835118126,1.347317635420431,0.2725682956367042,-0.1645506671017027,-0.6699075550111397,-0.5375475757826598
1,-5.351618114936627,1.0267578586053654,0.32498592444975755,-1.3686824278788763,0.9186613692566074,0.2210369706763621,1.1251522142545907,0.6379674524445861,-0.42502579225222636,0.05780268671717983
1,1.1708977789054462,7.0144865786981025,4.271861991969353,0.3326398262715159,-2.909444778927615,-0.3891475937779797,0.7141966166341628,0.5025607753231426,-1.249983683787916,0.1512162478298652
0,2.956301867144238,0.7064218520962678,-1.0423354420286677,0.5221495724139598,-1.4136356074554424,-0.268943068904575,-0.9953716539669988,-0.21772890999817282,-0.23135462272656665,-0.4714424113742452
1,-4.97570206215976,-3.386204867391141,0.4398384094372638,1.5775699793648688,-1.0337957308929162,0.9267815828625282,0.4523863423595215,0.09181468065404287,-0.17949672120634164,0.1022343669830072
1,-4.064025658740144,-1.246166174198424,0.5744778366294575,-1.7053930700308992,-0.6158644594296464,-1.5091337669649205,0.3332938574112169,-0.07764448567967029,-0.39659478412149096,0.26370488232787276
0,9.512669844166359,-5.603484192726078,-0.6372394031041441,-0.22422119834736823,0.40654352916774783,-0.8366143008453611,-0.7146623738334138,-0.8026289105114616,-2.1617420589516505,0.02912520968338922
0,9.007165526292281,0.5810310772838593,-3.1347151984641006,0.8622695939651743,-0.04572204465199528,0.7257742372316641,0.8458904988392684,-0.5915396873480447,-1.0156216243323362,1.2026547623357315
0,0.7588784847610692,-1.6085325756435829,-1.515095714487802,1.0760600255095876,0.04923462960955423,0.0943316638793662,-0.06081196976250994,0.36557640961788207,-0.12069437858483538,-0.41156718954265537
1,-2.6593596153532904,0.5399358008970794,1.7070147054728135,-1.201751314584353,-2.35474184774006,-1.0044058013297055,-0.2668900852830834,0.08946058934257331,-0.08502721327312335,-1.1925147721335536
0,-0.3900189810589223,-0.9892423529287848,-2.585169240880435,0.7845271944038054,-0.7343112538276755,0.18373765113009208,0.6915823217504881,0.2148291846811721,-0.09687015992242083,0.46094364385612224
1,-3.8890655271867742,0.8160717107750097,1.0157172660485545,-0.8249184590940373,2.1335727767487054,-0.7937243971541582,0.4374436081320286,1.9019515959506312,-0.31563358284508297,-0.10422429108528558
0,0.36487615184075556,-3.5744612259285296,-2.2239785331340762,-0.2231680375148588,-0.7785309681381367,0.5102303521833558,-0.5627929560710763,0.23543890876072804,-0.32562235315354604,0.12468065252617244
1,-2.8358909181565215,-0.39872969401219055,-0.3474450885882133,-0.8132475206656129,0.039280688594382204,-0.6355226034540689,-0.5978512299553107,0.1608231694075083,0.5411887030990414,-0.5136384915890898
1,-3.3102836207396305,0.15574119498520578,0.5414789422238073,0.5124839095453252,1.7878791217949677,0.6958502976361538,-0.9106874780535821,-0.019856033840414736,-0.5342738885355028,-0.9633963750763361
1,-3.357304402555184,-1.1037324235664443,0.15208980466694474,-0.8281880279498982,-0.7342592404217204,0.6926263936945047,-0.18774931024178082,0.316890168182648,0.06372778487145125,-0.243251027061996
0,6.523116620292809,8.011169611598755,-0.3264236973919149,2.771798523277221,-1.598931847134207,3.672119346401588,0.46719961245657404,1.3225059237040233,-1.9463766034001515,-0.9469148297397174
1,-1.7177351761078503,-0.5431655272763859,3.29837525332897,0.08733074582306373,-0.0841735506305609,1.0050589254734126,1.0007104269676883,-0.9962445920446106,0.2325304956824794,-0.11899341744069518
1,-5.5657358989810835,-0.47784757880725226,4.127462746023786,2.3524907602589358,1.0524610094265023,2.0935022328735147,1.1673873343947354,-3.95316307164281,-2.061156315130341,-2.6720108085159326
0,1.7796614892323603,2.7765871696774127,-0.9427628490848609,3.074352196947389,0.6951330976313409,-1.201365740370287,0.6288403626878107,0.45790313200825805,0.2524064510821845,0.02223367907751582
0,2.6114848931605072,1.5614217091492726,-0.2181869536547458,0.4927752647848872,-1.1043873825128563,0.005818592859329923,-0.8639182944225113,0.20500691387219483,-0.35687657761501695,-0.41159517903787346
1,-2.8190385096119375,-0.9701105669674887,-0.3825914385504031,-0.4637906008298243,-0.5517868439661104,1.2084608474885574,-0.36626002272589775,0.11381674699718716,0.3302236757828375,0.19803686937065257
0,2.498438877723986,2.2784828520976146,1.3194785753218508,1.1808385540706758,1.899730252976493,-1.700102731046034,-0.9038390326697231,0.44737306209365446,0.3400396134094937,-0.7983117155407334
0,1.2770271752993334,-2.443258964273786,2.4663169862406895,0.1298905616866703,-2.1553061239598588,1.2180658216584905,-0.018177964661149695,0.1786035065736668,-0.12499424194178954,0.5858858579722851
0,3.473197342850071,-2.277848910042786,-1.2386840655711486,1.1131409688249516,-1.0092590231065444,0.32177322533417385,0.16813196119056145,0.6692837911737204,-0.8927668019560379,0.3039640282648503
0,1.2566751119853181,0.3823932643718834,-3.838320382702053,0.7169201291303895,0.6511561498936187,1.2192628435313653,0.021968597816368774,0.5415906690708189,0.3377122457602796,-0.15903631016284211
1,-1.4734313692163163,0.11689025652657398,-0.21466786443873132,0.4908088547885139,0.7138418009047629,-0.5411875140252129,-0.16693147090461674,-0.29189977977432724,0.5978810312969192,0.6563206123510629
0,1.649460695934061,-2.102291070639584,-0.9752715916388871,-0.1880436837452275,-0.9168261711712167,-0.3297002005076784,-0.7278906602801649,0.6217186584301183,-0.447501312617694,-0.45054408997609835
0,9.036589480305242,-0.6551728250902258,0.221280076921969,0.7647306172828991,-0.5648966396011237,-0.33223296056188195,-2.670600484133631,-0.2611643717389545,-0.4629597231752726,0.43526664642730944
0,4.554590064788049,3.08663915588812,-2.270404306355487,2.191119178070267,3.4613552419787696,-1.1797144964321578,0.013080738128259852,-0.1579774288052219,0.5332229240911961,-0.27995821879538707
1,-0.7811899668984477,0.6528492587504996,-0.643656997443719,-0.21446824394068573,0.4376799042282501,-0.16048948550055767,0.1872351085216368,-0.06818966424052608,0.5337580440982599,0.18956175099748443
0,-0.22309260678401385,-0.7018214902322885,-2.270762039737366,-0.9986314980201021,-0.6464879185335297,0.04292906275826645,0.3411804262427182,1.099644479986566,-0.2806930848250299,-0.252839177817561
1,-3.4548953860958407,1.3069387228364144,-0.029264517645480277,-0.3305037547614687,1.8619115943801396,-0.32834034552038927,-0.44262818541902377,-0.036019472761550424,0.28670883586315205,0.14396824775517267
0,0.4465443964174065,-2.787707740768308,0.44438226991796126,-0.4720285415207853,0.5299896169280902,1.6565903037418959,-0.16937066678317636,0.2562248989472572,0.48632151327995965,0.7870797582400155
1,0.3144382259614637,2.0775607279208286,-2.0833118691853114,1.0685397969141102,0.21786951552805614,1.1898434420227553,0.8621809989527324,0.2691050335423161,-0.7202120528180875,0.028053530987344893
1,-2.059191942545395,-2.472787787805826,-1.4617188178856162,-1.868081907446735,-1.8385631428737486,-0.5250227041176488,-0.09890202051678391,0.3497728053757819,-0.2796998073457179,-0.5855968383936627
0,4.808969244731831,-3.029102967389793,2.744018675988501,-0.28336361303695085,-0.19396456387630007,0.9849839012362392,-1.5415621302285147,0.5377068120606703,0.40970926081822956,-0.6777694998287362
1,-2.9987105282381767,-0.39677802824528036,-0.5964659390372141,0.20804493709345856,-0.5683597796633615,-0.37278625997754555,0.4029632149316541,0.24590944003624193,0.1478046392755753,-0.16913068062239456
0,12.285019759541436,-7.5434101693055045,10.112423747094638,-5.194270005648292,3.8525069319243346,-0.8774991518650066,5.4172192636697005,1.6029552835498202,1.8647578111038552,-2.5614768999507436
0,3.3721965906436924,2.5878254279793205,7.092074811672978,0.36749473783450504,-2.770573104924815,-4.217767525301182,-4.084684322239723,4.362305610508041,-0.6586737366198382,1.7074319901990966
0,2.5087663116225576,2.614648477541322,0.20638033506547254,1.8947458458948179,2.12476562894147,2.465074608976893,-0.7767102229061947,1.5232296045983675,-0.5222569181965024,-0.29087076669040557
0,1.3180684765426351,2.1544795011177524,-1.7866325776203433,0.010169665205247312,-0.16715237433716393,0.5690938098479026,-0.037614388741781,-0.4449130354738814,-0.0335633764257162,0.0726069284648998
1,-0.38875629875561274,2.276797894739398,0.6273320745144416,0.42972699888622173,-0.11938017527359769,0.849893638818602,-0.9042419208247179,0.4086201378437215,0.3856364372550711,-0.2192480022423705
1,-2.7569329912570337,1.0868346854768596,1.7072381598321469,0.5168313730762186,-0.8070226998224308,1.7854864565245925,0.4969127487723538,-0.9648633288281397,0.6721460110351097,-0.235093083228869
0,4.943581014506626,-2.848324457732526,0.9138788144500725,-0.33518400860946834,0.48332591945164505,0.3553753638809623,0.4848637107086046,0.3208181113803732,0.44351431875130964,0.7967808597080516
0,4.298077329827852,-4.666275179129384,-0.006841008371704513,3.653384895811729,-0.17870292898713436,-0.9138734208614173,0.6715823494333135,1.296993481037536,-0.019668223557082712,0.005751285114620551
1,-2.3735018019750145,-0.7334025639778902,-1.526027488118844,-1.853329586173206,-1.1831180587513754,-0.8578711923112763,0.658721242182944,-0.062384854692094635,-0.6267193659841815,-0.6032511691319438
1,-0.9671903116026497,0.4384381816155843,-1.4476962674759775,-1.990361423651652,0.09396608366087911,0.2930129892456215,-0.1125566827010806,-0.15334173184727876,0.018545388192505854,0.2060130693966979
1,-2.975798787940901,1.8109737757240119,-0.2234352688663252,-0.3916351992352505,1.5293707831811354,0.04680177788250887,0.44663157809730647,-0.16593853608307937,-0.14990552622768435,0.19239663148901898
0,1.8032470204666655,0.16646095723338097,-2.628599564709475,0.6437414800701606,0.5218823638274678,0.5697925629548787,0.3323433603403894,0.31460958963047286,-0.21613687890342184,-0.02293976856502558
1,-2.478359512372221,-1.4185764468645425,-0.31653324292742024,-0.32850273878218195,-0.6620125983838703,-0.44674632598377806,-0.0684144459082135,0.3714951624145273,0.29329788098011744,-0.29957601986095045
1,-0.8260392924374995,-1.250247473058963,0.26796072660753256,-2.3106264615337286,1.0148136142114066,0.9016299166219747,-0.8023235760109613,0.026222959273377228,0.8697383519990364,0.15606710586293127
1,-3.894697328339551,0.5385707445033926,-0.8815587237804835,-1.0387999956902298,0.8090288808723425,-0.690998904911491,0.5066875181168908,-0.5154891195267418,0.08183636799721618,0.3679724796799667
1,-0.38957809021741185,-0.6144154700225485,-1.352869246400459,-1.175192311985086,-1.7898932912438612,0.9602687033772865,-0.04008082225984991,-0.0036624948053590625,0.12009966970549764,0.36004271015774064
1,-1.4573213567984844,-0.20172675700990447,-1.0988787344535462,2.0057749681162247,-1.4785622277940245,-0.08537961606711023,0.6043601097994529,0.5833424938735273,0.3373585472323655,-0.3475893672679862
0,2.755568001153741,3.4657736038397093,-2.4740508565949297,1.0082788485493603,-0.15513599761389846,-0.7014087460283102,0.27025235158891137,-0.0724761958213768,0.4959691395927358,0.019194750484909172
0,3.2572546734788146,-0.1252004920344261,-2.896097455639006,-0.7495901174196153,0.3528555574351524,-0.8049437334443954,-1.3954082833127257,-0.6858293041271399,0.29478335013639734,0.3138854836103969
1,-4.019140240564173,-1.354247380981767,-0.3604727144973806,2.635797761807256,-0.7352450114789417,1.5182776944851706,0.5786050260335375,0.2699487934175266,0.83072076955898,1.1764182202028464
1,-3.6764132931673648,-1.291629060328458,0.4246103067872992,4.601709853948266,0.7409092092097938,1.0397368035306607,0.6769928572543944,-0.14741996558895548,0.6774551741580486,1.2393390193092932
0,3.31632411344677,-3.9391522592523915,-0.20545368058813954,2.1182236435610693,-0.9699807958986475,-0.8908139054209921,-0.0926899668915527,0.23781948779312942,-0.6614775661188307,0.10945468736524332
1,-4.036607361757969,1.1625461079531423,0.18974782577381857,-0.94051699722607,0.5655989262071464,-0.8067387016769,-0.15933758026482497,1.6090693806943008,0.07010033192506492,-0.20478418230885959
1,-2.3342333502302344,-1.3489797321876589,0.23268701919656068,1.2129139172053087,-0.05157488803783473,-1.236719292097133,-0.17422339516945187,-0.13416881398642896,-0.35882657474744095,0.2938358557948282
0,8.403847113457502,-4.153904776612481,0.04696907523433037,0.5518427613579471,0.2880803443097939,-0.5070591304564984,0.7191130709020644,0.6988202464108183,0.15954864125712093,0.5525325154123338
0,2.6475686330836297,-3.951172951487571,1.3718813340605875,-0.20781925091391215,-1.4050541838727182,-0.9045129526744773,-0.3237684926667011,0.9986281932995578,-0.29319879306099483,0.30861649916255135
1,-0.681768865920407,-1.1359911306162602,1.2336664710037122,3.8645001377605213,-1.4283521311998701,-1.2914292814799975,0.07533421421596379,-0.8257393628786995,-0.3895146532798662,-0.5528356652717977
0,3.350295790635418,-2.1545700266626326,-1.1089437206506507,4.349007677387158,-0.06238439291027511,-0.6857157282429663,-0.21654379648557148,0.371321082355559,0.7306079259317771,1.4480562640022125
1,-2.227720518819695,-1.2149996868114266,-0.19241377550311986,-1.4712781370399013,-0.0197151392954723,-0.05893764044855899,-0.6902928767277049,0.135389670115127,0.3773216551422501,-0.0246053635561484
1,-4.477584655730476,-1.7411293624733222,-0.8882070880019673,-0.7646525413823662,-0.6051400089875171,1.0045710276215503,0.23266834534825767,-0.025871691282329645,-0.08989998370780697,-0.13795909667806086
1,1.3226214188389405,4.789476583869909,-0.6625351224801549,1.0211958057030934,-2.1500245057498724,0.45044837382534136,1.1174158102476985,-0.3405650227867754,0.2299297619446914,-0.397832689913913
1,-1.850089860140522,-1.5841281496577786,1.2639172257502558,0.8021025971985006,-0.711411594631046,1.596613679273114,0.08109920431121054,0.14969980496828741,0.443983881250146,0.3215961503927424
0,3.7955656418249704,-1.0262326419361418,0.8986356352926843,0.7604604590473525,0.7578474673033856,-0.5227298528611537,-1.388494715829015,0.09665494727591208,-0.8563269887122497,0.4303817187828459
1,-2.2813180992395026,2.0776859796729377,2.4306490301672583,1.1860598139939098,2.859003314967553,-0.9990287358761983,-1.0897641062432728,0.7439217522823814,-0.6307830720096721,-0.9267342286594477
1,-3.2287701182773816,-1.172073478695521,0.2646643297653454,1.0029445748563364,-0.8944676190772579,0.6292250337100815,-0.24996820763752006,0.3297501282818558,-0.4222789711371857,-0.7939776422784832
1,1.0259007876487503,2.3612619443209333,-1.616885593159926,-1.1459632459106168,-4.144478536625528,-0.20752880845022365,0.7360684306445116,0.6191411268685003,0.14265480040521916,-0.9046948890433056
1,-2.582555837281681,0.7292131140786923,-0.5481427872298438,2.3320791776757614,1.835265006015863,0.14016622442495796,0.12196587279020502,0.2728627577167771,0.6096552483950297,0.35047158304942966
1,-2.4858832255063477,0.4605964026824273,-0.5989203402625306,-0.9987176335649575,0.43032386297741554,-0.3796217023333326,-0.3315524145627141,-0.478410981019174,0.5791896364895052,0.02322455134892004
0,7.1438420390529025,-2.0748422326200475,1.0883873372922563,-0.7163335029837986,-0.8199009914005858,1.144548275480946,-0.2895373480187526,-0.019306547974562452,1.2165610083854022,0.3079490488199241
1,-3.0324811407725987,-0.6494687998577627,0.3106826673316163,-0.5802825039396367,0.732884900312834,0.5720082643944311,-0.008425438645486819,0.04888685712442757,0.8117964167858621,0.10616052543881747
0,7.085010648787642,0.5282231716861958,-1.2799870432249798,-0.6515632923028323,-1.853824821800238,-1.8112999002625207,0.5354688465890652,0.9531684570204109,-0.43897878015107644,-0.4044835843615743
0,1.3140990035987576,-1.775425831262456,-1.6726317666057486,-0.6946200249405754,-0.11281065370115229,-0.08752902886473712,-1.1197516395660267,-0.3459254961738635,-0.11514074447561341,0.058565760671752266
0,3.7116495147797304,-2.8074771106095113,-1.756193609490139,-0.9041052352414437,0.07098599762591568,-0.2061885559785042,-0.20422619393068342,0.3447738330652939,-0.0984818206114607,0.10030165790695358
0,0.4604790908477583,0.3941662885214323,-1.004698545578245,-1.0753882454173924,0.4275348119614565,-0.09140705527108829,-0.544688146455445,-0.05274254591206683,0.4391785016353965,-0.2766453033268342
0,6.392649920534938,-1.8230941633210451,0.47984972660760467,1.6964609875516485,-0.5566773524925205,-0.10677238435549298,1.3422277290503317,0.2660563208102768,-0.4905302897858497,0.6892245490220037
0,5.255544949778239,3.8945309898245193,-0.8338534467396624,-1.6816008425906663,0.7843269718711158,-1.387088874718944,-0.11000055720977779,-0.9502517872927841,0.023693068213046842,1.0789808999131423
0,8.733861502954003,3.2798773749529464,2.9036994644225853,0.27718816362403564,1.0618468671882273,-0.5676916847341904,0.7901837388964948,-1.4345691971605545,1.5175965209857114,-0.10863700429428819
0,3.691317880228508,1.065646067427175,-3.5155890478121345,4.773197016902418,0.8024841391091072,-1.141591717742239,-0.0039683213135676895,0.07517837486452968,0.5626387746712032,0.686411916655515
0,3.378250872695878,-3.371227892042615,-1.7667777549872763,2.077956970634191,0.5977815272671491,-0.49078196722571227,-0.8248321579950287,0.29901190180628856,-0.4862059025910223,0.6834246202875428
0,-0.8402096538369341,-3.5000850321832604,0.1824836534048747,1.2425727071402444,0.10851726792743788,-0.416999781632763,-0.24964307530930788,0.2072997964807724,-0.3483817541639301,0.3476924381298924
0,3.2843726199731598,-0.9906732009428243,2.554386392206263,0.1228269713973955,-0.3508378844013643,1.4773840532158176,-0.06516679449549666,-0.05307352991387662,0.26435177411350325,0.7562707792398468
0,-1.908768928136383,-3.121945805474928,-1.063056113394606,1.0620669179695283,-0.9572965470397128,0.32853513795155437,0.02994850468755511,-0.2122360054839711,-0.06808714662277454,0.04408660060438178
0,1.614781925355918,-2.474573347873445,-1.991134784052826,0.37909116218821315,0.44324872641561003,-0.24436682486187186,-0.6673851506761823,0.26096221383213214,0.6187461099192061,0.3262762571656883
0,6.619726346836863,-6.00327641755365,0.989377758845253,2.8867575758327804,1.6953839040729883,-0.7996727419785152,2.2876677090093187,0.4452898455503334,0.6410108999680453,0.5182964279166267
1,-1.4646759334587773,1.6866318141555778,1.1699058703946201,-0.32566224650651154,0.46487330616568595,1.2484189975500835,0.11576586206310596,0.14416018442823186,0.3609722225617683,-0.4906938930504253
1,-2.0121524285187706,-1.1034865581448527,1.338024079714646,1.6156796384099243,-0.6917208028389633,0.5411901874648469,0.09314563019698857,-0.6165005889624362,-0.21169506956145165,-0.20782908396839445
1,-2.2843402520706424,0.00949363919651479,-0.45043954205578535,-0.29577974019175907,0.8038675298255283,1.7790189334975128,-0.43526604214779147,0.09779242640438282,0.14946556539680045,-0.12055800042300124
1,-0.7397430856449474,3.1525206050711536,1.4698578473041148,0.31489361900091056,-0.947689291804161,-0.5314411245095113,-0.2797754383364187,-0.038403788135235525,0.0954291342953535,-0.3090536560691585
1,-4.506562510681538,-3.1692725878735337,-0.18806158843615733,-0.3911600607150608,-1.3852066486309167,1.1387789354328015,0.14940393472839225,0.14201304801824863,-0.429719632505173,0.34854320267163913
1,-3.1587543014074173,0.410301794968562,-1.1088172045342586,-1.9716188331519744,0.05858711856757259,-0.2824146513927832,-0.07926823728003138,-0.04430358312273624,0.25856955254765623,0.10908408774362527
0,7.676149471669645,-3.075306303995455,1.481959412326735,-0.5524018659792933,-0.886205342691394,-0.08252749934972085,1.6521224453459793,0.13499956158754722,-0.24287200454326674,-0.6492976571410667
1,-3.6391359671594388,1.5895870640296301,0.7162798064909748,-0.6703852398419896,1.577331140737378,-0.745272976183733,-0.3065468234195055,0.8370569430909719,0.3684732094561454,1.0830531267058259
0,0.33734549264382796,-3.144373457646924,-0.11572148197426628,1.8152952897397943,-0.03529317831502845,-0.7162118541162855,-0.055132836836895745,0.11949810455930057,-0.5550035299312877,0.2716533151967429
1,-1.2765833791515422,0.8490529834604241,3.070068156165659,-1.1664974935882613,2.678124207434265,-1.3605087184191373,-1.6491278747402356,-0.8449883366255506,0.4059669640931824,-0.13801923518131134
1,-4.346014054230491,-0.32197805680139413,0.3884747010967225,-1.1071472370347388,1.5033327158239855,0.5377922029686873,-0.17701709406113478,0.08755681316144129,-0.11082642662030057,0.2013179267885445
0,0.01743079148739401,-3.4593432912027615,0.3069208014491835,-0.47556989756386037,-0.4007365927116228,-0.1569074625845887,-1.8742150537992786,0.7800824535252852,-0.35223309276378,0.15920320823302325
1,-3.4924260372868683,-2.634082400764152,-0.0721876424063342,0.307977770220482,-0.5250156910421199,0.2333897981999053,0.11357267710073737,-0.4638146396996178,0.14710426609469024,-0.06305535456384474
1,-1.8665488536842119,-0.90206420968251,-0.8711686907326858,-1.0288144722550254,0.23187710001892928,0.9163083942691538,-0.5687843775014431,-0.9328530952008672,0.527193407313939,0.7328945920225928
0,4.96026811782797,-1.3411230473901128,-1.4570533353535347,1.4681981471462413,0.6124601030816917,-1.0858064422120361,-0.18592080773803918,0.805498860195278,0.27105683619099297,0.28864042896942954
1,-2.4707226852233743,-0.1380262643378292,1.7948853032581684,-1.547627168105548,0.6973621152310019,1.8685774082912827,-0.25477973642520635,-0.03828906648729322,0.9747048944568643,0.3251676249383155
0,3.785060102923415,-1.9019074162697045,-1.744241903092628,-0.3922846200459046,0.33927969762062404,0.12968393625207494,-1.2777067379198839,-0.05449197035523589,-0.2973401356857124,-0.10264981627447346
0,2.6372557772722276,0.5771549958415207,-1.994699824613598,-0.27254914936827074,-1.1967680346737384,-0.487862532345953,0.0394060288453682,-0.947216514234088,-0.6347297447570668,-0.08925619285364575
1,-1.372685023666619,0.005805461425116331,1.5492892156170017,-0.5844391534784806,-3.004878478403992,-0.0013724529175986205,-0.8131483989567471,-0.29868892712285605,0.3340456388839363,-1.1264930814772764
1,-4.138882573259071,-1.3765082402979751,0.8780486016227252,0.05985625060535413,0.5975966346886765,0.832096315490101,0.36766736403691364,0.004489866485282236,-0.5778792421628628,0.039749021976413154
1,-0.6869402913907829,1.6950096246206963,1.0262128438932414,0.8754781916089299,-2.174675608368274,-0.29678826145484977,0.8410946097784993,-0.16355983519360878,-0.3377510745437492,0.33118299252143
1,-4.312129582742906,-1.978486133065842,-0.2513064866800823,-1.5749111511036535,-1.9834111468913844,0.46820741239872143,0.2452356581881722,0.5247461025040715,-0.34309284233220433,-0.4214784387573766
1,0.4033094213764888,3.7234340036404303,4.586469001104594,-0.21591119678778653,-0.8078009046325016,1.8261264093943053,-2.448851088894449,0.6373661509037373,1.0275278952565057,1.9838714076190223
1,-3.00360579532143,0.35416022745786957,1.234014977010901,0.717456776274566,1.3125622337216682,1.996866922594015,-0.4478906599145193,-0.43937948412921746,-0.15447559497965616,-0.1536765597580233
1,3.1340082054400358,4.27345955843952,5.866279514838566,-0.596583075736688,-4.201027896226717,0.8712702444257665,1.4300725509067993,-0.056654577149038376,-1.7738911624716927,1.676404244141549
1,-0.41783686688185245,-0.8085765710523075,-1.0932914838531635,0.08972977483987,-0.2570691814359351,0.24558889587756114,-0.2535035564861899,-0.1314548371251966,0.013112427327148905,0.5290552817015085
1,-1.4202231350821117,1.3939781131568865,-0.8369868339964808,-1.1054451331545443,0.36440061452737016,0.08946610120279022,-0.26347489080407377,0.9647059072900303,-0.4759695662745416,-0.07825370956997248
1,-2.870588347786155,-0.2686445091440093,-0.46898725899909244,0.2455035680165499,0.5579192926379772,0.41445107337577153,-0.6574580040433871,0.3899175271333153,0.44783113118229895,0.12994906612423587
1,-3.3658457040713743,-0.807600615354178,-0.8070794153089241,-1.66368599494637,-0.050586236942298794,-0.6566330801794638,-0.1833263469725987,-0.30278716754003393,-0.10696035447107008,0.0605002230127227
1,-3.3150001548360755,-1.4421762294498752,-0.5836326027461878,-1.7849308358024025,0.019272507940800366,0.6299781198008063,-0.0059708505289508985,-0.1344355233131995,-0.5222011584673278,-0.20684287105969812
1,-4.769710159700077,-0.5429618596413269,0.8938680006186195,-1.7310613718308703,-1.001712619807102,0.9637677081510818,0.2366766428006952,-0.701538001035641,-0.6680461037442696,-0.8416934962036035
0,-2.3858827584206015,-0.8241155709057285,1.9839634866787794,-0.055255451496338835,0.5057284471302962,-0.9895633581864691,0.5674865589825858,-1.8324882192343535,0.6946402816330499,-0.5476972596644204
1,-2.787096009431119,-2.5330340029384852,-0.8840343987299139,0.25967465724173094,-1.647832634144436,0.9434646322451163,0.7521727558367355,0.17526120474001916,-0.008048325390683297,0.5002669198013578
1,-3.3938417715182956,0.7539639569981605,1.7717935601115167,0.2766733103869032,1.0859029420767246,-0.028786663784554745,-0.41360505567645345,0.44933937771117716,0.06599567938109699,-0.0980249479112221
0,6.590235943344426,-1.4848624499142644,0.3613399006336855,-1.1884461738065681,0.1209110099374823,-0.8927969840686978,1.1718532255627963,-0.24084219743395352,0.40158463513723597,-0.7919772025725094
1,-1.4553305178966358,0.591942867739962,1.1463403848993776,-0.07901729274548144,-1.0877387884811291,1.057979656767858,0.06425070397024393,0.17473836963878886,0.16245443959826,0.12122085069975126
0,7.182933102086264,0.055146060187372656,2.0129178861358596,-0.08277610237403983,0.6657817622551481,0.4246033967605241,0.8016688817766686,-0.6900591778449918,0.17997222789724238,0.44025154542515216
1,-3.5788354034470404,0.8915829916265167,0.2614874049952157,0.25409575220385366,0.5995934142387772,-1.765871169196032,-0.3092181679606878,-0.38966696042030996,-0.19501869747597347,-0.47429198475515194
1,-3.057032641873498,-0.17921338626513864,0.6217734459790192,-0.2613983809391292,-0.8967350980196169,-0.5245687730459627,0.709363393273832,0.13974816729720915,-0.1650135518892425,-0.5008429896793889
1,-3.0744358315608618,-0.3060584354626169,1.2592536574618822,2.2086266756883868,0.6064117260262974,2.35806728790217,0.0138917140759431,0.12957709966887268,-0.08514191379177878,0.2109941746139063
1,-3.8535397332557193,-1.5247264225853236,-1.1445096448722207,-0.815050538952531,-0.4930515339829219,0.28760530720903266,1.046761413918069,-0.0483882636733146,-0.3736392070270763,0.5407094716417324
1,-5.390256393774112,0.5562555046188616,0.5600700632026162,-0.47185538336191374,0.399798298389091,1.4766592833520094,0.9505017883841429,0.136373256629835,-0.29330758555559816,-0.07299395414355603
1,-4.657682334494786,-3.0653874336643376,-0.07600910991892137,-1.5085163310956693,-1.2728154231943565,0.5556950798672287,0.5525494353303756,-0.0994108962105916,-0.4774250388266446,-0.27195689251910227
1,-4.027542388108071,-2.5429070434441385,0.35321712939199246,-1.514387504241035,-0.6674986646771248,-0.09625750457002677,0.8397683803075339,-0.33335894427038354,-0.012542088007081209,-0.1734401181540897
1,-3.3478219416102126,-0.06856304781817298,-0.27019328888930044,0.6276363367759137,1.1256875357644593,1.349985660475976,-0.375364233253595,-0.12146482454409674,0.21292472793956918,0.2189799266325055
1,-3.299842011468293,-3.1387093942090685,0.14889237080558507,-0.742490736341296,-0.3944508123937445,0.6412729897697158,-0.1714259661406473,0.04149966830248436,0.01286225413681378,0.23245746552207486
1,-2.1364041423511364,-0.004392848638495026,-0.05513895701541068,-1.7881128791016327,-1.3004454420758416,-0.06311757362970623,0.414766653465763,0.2999787042847544,-0.07258125499284097,-0.07251363680496556
1,-4.038017141736999,-0.24069805436710062,-1.3281267494695386,-2.440232258310725,-0.2773892913989396,1.693652095358459,0.4142105744179224,0.10558743910849583,-0.011213507575824738,0.0930522736332804
1,-3.7654145532586294,4.3982004932891305,3.9502078419989233,0.307268281281537,4.789656332217361,0.9662760106380734,0.024302965560073626,1.7465848151255003,-2.6186798052183344,-0.24277148687423825
1,-4.8712393834808685,-2.339214787421021,-0.16829482806235965,-0.6948898423046854,-0.8209388454249809,-0.8244920287580214,0.24284651362773652,0.06748549817984831,-0.3394711568259914,-0.4698739907765403
1,-4.747248516354599,-1.798401975542196,0.16972019757857262,-1.5516108420633419,-0.5351374863973427,0.791580682288489,0.058144756727320626,0.15164513280506864,0.16571905080598612,0.07387272299495252
0,1.8953162763188445,-2.3922380030497075,-1.6764913002997728,-0.7120282345785965,-0.3834019056527002,-0.39242285134296284,-0.5987176965601989,0.09283329884379622,-0.095445408936016,0.3812025242037562
1,1.5729311406089754,6.5090993067880225,2.167158980768515,-0.03007588599084464,-1.053411177279156,1.1089425859542448,0.253763172080449,-1.034204154960641,0.7258517372202897,-0.037276335930136524
1,-4.0266202526593435,-1.4022064621622221,3.186499903627182,-0.019552277192551298,-0.17964845509317973,0.9192954807147001,-0.21099348797194095,-0.5113932181416727,-1.0105262058049045,-1.04450832258834
1,-1.2948661700949895,3.4708086393126663,1.109527978214325,-0.7666793608356034,-0.210510180182638,-0.8404568427163772,0.210304600041664,0.007387374913010773,-0.5747566096741975,-0.06239198598904595
0,1.8348404671476897,-4.3215229644671425,0.3166853298868874,-0.9971895482674387,-0.2546886541671406,1.6548002307784548,-0.758875507014831,0.32602874191096604,-0.08324993255205207,0.7066452199372479
1,-1.8103805588913258,0.3962073022435629,-1.2303341229543086,-1.2766563250282519,-0.00707680763744172,-1.78240787839591,-0.12917390222135608,-0.721787638796327,-0.1738600170546585,-0.5804355479704693
0,7.236485314392002,-0.03570179712211062,-2.841066628067316,-0.038641840498156645,2.4547364891046426,2.5000212402519066,-0.8616782598710547,-0.08940855614984004,-0.4233551080625041,0.7635120658961907
1,-3.1456501885211123,-0.7425265420253617,-0.8623515070212163,-0.7551636526622044,-0.300125000762291,-0.16553735088768645,0.6998574995759553,0.02833196008728178,0.08041910069864341,-0.0472928856873358
1,-2.887268058239511,-0.464731624541539,-0.47574333795645096,-0.7623019423345454,0.8532163628816087,-0.30628862804837814,-0.4085690514862929,0.011833569465533364,-0.03934997087192038,-0.1436350321429555
1,-3.149653983820935,-1.7712483965455064,-0.03583368761948975,-1.5072396418883904,-0.35330420725188366,-1.1630167613140439,-0.09411200883494522,-0.10140159228126149,-0.8187354556479306,-0.4494004014651972
1,-4.628379483050081,-1.8356183618885424,0.06423097211539776,-0.09419313949050467,-0.8004591711358634,-0.16962048593285187,0.8792928576891998,-0.07564062214100843,-0.23813755353468516,-0.06489725194741051
0,2.2505103740996164,-0.348535940396857,-1.064750869468537,0.23175940484529645,1.0045007195888918,-0.8745519407375291,-0.8706844304545979,-0.6022403902577492,0.31734836406602396,0.08026705027532666
0,2.1078012278782903,1.1219739434409468,1.7751582214774806,-0.2626753019029535,0.9608109188674466,0.05684989854250469,-0.8516752528473147,0.5102123452740259,-1.0750291558088223,-0.3661172778910795
0,1.785949980319216,-0.26922163567289387,-1.7225153363616665,-1.0326869543564325,-1.1851104030036488,-0.13047870838743628,-0.5503745648061857,0.15411054405632896,-0.06935753376954473,-0.46368175803308204
1,-0.5276966174016182,1.2658716232564502,-0.9204411162248917,-0.42947156793003693,-0.5607830950281617,1.252171452314285,0.42169757634545246,0.8496955304273482,-0.0522931971629792,-0.26132725255012984
1,-3.2135009805008683,1.1034431417867803,1.6119811675673448,0.4864334682512532,3.4592498547394217,0.8597651594301546,-0.8435035738875123,1.0336348049296131,-0.8975404282237834,-0.4994696760651478
1,-4.386422966518001,-0.7611037296113746,-0.4005974213820647,-0.5868569411826593,0.3765792013670998,0.535766156199564,0.7327460704692079,-0.07065407181756964,-0.0014981807162006292,0.30492879634001746
1,-3.8100178698306633,-0.9099185549027106,0.44316767898298326,0.9504232047804407,0.3516360143267959,-0.27774455684248694,-0.10289479800234826,0.25175457930324957,-0.4179039783747631,-0.11232804445384158
0,3.3196739715199493,-1.5770528423794905,1.3607285012134664,0.6941430985219154,0.9089304101376264,-1.1722173099780469,-0.337285865899985,-1.2228647486126925,0.6272054864433115,-0.8960206812165309
1,-2.3932759643301043,0.990030777684038,-0.7575099477820108,-1.554982938997443,-1.431458237564419,-0.34319049865305146,1.209143094431017,-0.47548520411281375,-0.9139056602302248,0.5639663859840104
0,4.680166262400177,-0.9685929539380942,-0.29127225659511957,1.0742723599442094,0.13255703482607656,0.5036914458932784,0.13320072824370247,0.8326797895970262,-0.3378284647130911,0.11362753691318372
1,-3.0676951406047634,1.1358375684170836,0.3746225453195152,0.6268540126207355,1.443694088355606,-0.19183719670866775,-0.1699088370886269,-0.7595170165612192,0.24163135941967778,-0.3562331058666055
0,7.353218575027894,-5.24262314257037,0.3169558176232966,-0.43203974278769514,0.706033979849734,-1.2631862706365227,0.16917648879010636,0.37914810488084344,-0.1386544899331788,0.3761315538504826
1,0.2953131832477967,0.22693503616202557,-1.0894165936379572,-0.9474227405246061,-0.7290947882455047,0.5800103854325667,0.10841320471947939,-0.25721697762812235,0.2560344123149882,-0.03973571135203061
1,-1.9389694969467195,2.5449881124613545,-1.0014235318952596,-0.025739851907338775,-1.2060991620503532,0.7321001591123345,0.8164745386476133,-0.12364292650171467,0.8122595781850667,0.016308570574882445
1,-2.0771789214309773,1.8065194888372949,-1.1670794196663548,-1.1422298764769088,0.41357142123559854,0.11823722051141453,-0.09909284808457011,0.18433988191030645,0.04048088303301433,-0.4331212661360761
0,4.975162358414947,-1.3325721796152148,0.8709775695835531,1.2921311815264722,0.9619689040856532,2.5813129498165295,-1.2332042236974996,-0.7129537449049111,-0.7762623643746225,-0.9214344149258914
1,-2.176916879584213,0.9589112593874792,-0.23426487018087858,-1.8544727414564766,1.4817807457406733,-0.7693427599593337,-0.38973819857395037,-0.01881687363814684,0.6249003323507484,0.6551844570357216
1,-2.4315514550090085,3.4472038667834264,3.456944843370727,-0.4936599556712504,1.0457570448539224,-1.0088397190015705,-0.3755648838362378,0.9338968097608189,-1.9509207035860248,-0.6497705107349778
1,-3.367965778878126,-0.5629288977240016,-0.19257365473607266,0.570379271568995,0.351728633269699,-0.04026306973918933,0.48849053737483744,0.6233128985618654,-0.30405175651478245,-0.031238402615073935
1,-1.206597790512709,-1.3170443381938337,-0.9307408058484212,-1.7047899099349988,-0.7187197466852163,0.6381882865555851,0.1716781444866039,0.6055699725700722,-0.24941356342129417,-0.4079824007067373
1,-3.3260792487089827,0.47517158154034866,-0.8982857429225344,-0.8134878600538876,0.585379471824034,-0.8823894377737643,0.08414341004213838,0.9518594784451544,-0.11634054061681524,0.11498152430542272
1,-1.928795402235246,1.4614697975696835,-0.10064251005290564,-1.8207642870891305,1.9359411165946574,1.314283334068257,0.12034224549954813,-1.1935636818468203,0.23968916598609244,1.1672675662435992
1,-4.041835089954522,-1.3569174566939883,0.5383416687329192,-0.8339119186417641,-0.17874705299969415,0.9917099587594186,0.5653937730886553,0.6672052157677525,0.2394580125640617,0.3493896108292814
0,6.182283741692324,5.108005449471071,0.5211405836082993,-0.9407391907373318,0.606524874224437,2.461594581086632,-1.4682105622000954,0.26865074250365106,-0.8092544088184703,-1.0652613342804063
0,10.934298158426856,-3.7032540804833354,-0.8916940718882785,-2.3435075785292874,0.488785597016006,0.19643647631231023,-0.10974094686350508,0.21984240810511613,-1.7630275575706715,-0.4622726702897483
0,2.1184969319275506,0.29662906960644353,0.867485393643001,1.4502873917681938,0.5395103672674764,-1.7333730638543454,-0.21699078821586096,0.8628991091432989,0.5890328520303928,-0.27366147654181705
1,-3.0121949701584496,0.2437599757280673,1.9837330373389177,-1.6797256973841026,-1.7036738873604382,1.8498053603494033,0.4983425566815463,0.3194016204761203,0.35889690661735646,-0.239062595292768
1,-0.9826485812695359,0.7972523938811409,2.369421155594607,-0.15692263568597023,-1.5464297303143968,-0.25332258250708606,-0.9265812923328288,0.2480742915525526,0.07175508158054646,-0.6726998639580876
1,0.35789386251820454,2.127838631995414,0.7082090398064483,-0.18474479714346942,0.10256996202360173,0.5631985104240668,-0.9873750506212853,-0.5298454385771647,0.008718186480430361,0.14526203526839737
1,-3.1939178655057177,-1.8491520732723707,0.0993983508234546,0.022782509498784412,-0.17900227645668612,-0.4928165348616751,0.17769913843486182,-0.37315133162706515,-0.6435989182166783,-0.35004156567344613
1,-2.9932333012444796,1.6313922059001345,2.5567179081826836,-1.3458871606900515,-0.040740334229089424,0.6169899730092795,0.513223835978814,0.312800283396723,0.8066494931657059,0.18409596061806863
1,-3.193914150468621,0.5793394420917491,0.4897642204671637,-0.044594178632299496,0.72360724894323,-1.0373975033461251,1.2905865925764208,-0.2556281742432306,0.7463713314780329,-0.7854366457981041
1,-4.591961853505455,-2.7611270972394935,0.9805426285780379,-0.3628384648222728,-0.22008131421439722,0.6905042715747902,0.34139585201104916,0.3533633388943485,0.06587870583206815,-0.0888887865298683
1,-2.485916154412235,-1.18893940444187,0.3487767891257294,1.2562918600906445,0.1293941497168324,0.5395822974190638,-0.14631466747561522,-0.38338300960232113,0.07089009906460991,0.22214795359426875
1,-2.398665346211352,-0.2507447903247713,-0.32713780445421836,0.27737290204250553,0.35481456922145405,0.01937295286801593,-0.2924340366818544,-0.46143446904845065,0.07996528308320779,-0.022504483061810868
1,-0.7796151997479099,-2.1243434274179385,0.3207888878326886,-0.07924892194767356,0.08581006198469115,-0.8931305412654261,-0.8866105546596039,-0.08567123172729699,-0.7389390151705717,-0.3906682312330517
1,-3.139988425752808,-1.4880221619895555,-1.1988784892759738,-0.45344939100380793,-0.8409019592300874,0.32291720600436785,0.1556966906977813,0.29398567187222213,0.07192968037177769,0.2954159376149211
0,2.7350117716754783,-3.945168230499009,-0.01716948677437706,-0.3001107580574234,-0.28326716253797424,-0.5773144799099522,-0.663551006210645,0.3357823929554223,-0.45609398793015643,0.3710593016604863
0,6.227025988689337,-1.3901096910538382,2.7342371905677294,1.0931614810010153,0.5826581687790422,0.9889296712648731,-0.7977454997611019,0.24610687107431042,-0.27302542352120135,-0.3654955995426834
1,-2.22377574557929,-0.35716071079107986,-1.1016823288724475,-0.18622269875144723,0.2392749450585093,0.39849094012576886,-0.06455941791854539,0.5614669027211269,0.4680903039851759,-0.3929698073349393
0,5.30714002200119,-6.723414983535726,1.4856648508118346,-1.7765107365815693,1.0735537928825654,-0.8330771196320788,1.493290107956845,0.49697907024824745,0.7089683210818061,-0.01696821025379858
0,7.248001061273754,-3.6554691295621407,-0.15570199941134133,-1.2268287666094213,-0.2975900347569121,-0.47834364978706495,0.8450065568374435,-0.6367241250053008,-0.2050392628412085,0.1626767437544402
0,4.2072206189554535,1.1762428818289277,-1.5900181858292217,0.9788433463974068,0.11758117054087613,2.6701704579749648,-0.9416177043565288,0.8706116651901938,0.4237524349110743,-0.43837193202406
1,-2.4996363741121455,-2.0185356268156878,-0.7312745967087398,-1.9850232778770889,-1.1359555660056866,0.617819089412677,-0.47972707446121365,0.22087315543363814,-0.32370873198704503,0.3720738216706995
0,3.6350149466830755,-1.956440910384315,-0.828775136107163,-1.3797525713636911,-0.9944209307839101,0.2538549480645796,-1.1792829342361373,-1.5199893189243507,-1.8252351555624424,0.5342727064984524
0,3.5192482750135228,-3.8586071201502232,-1.0225290614081721,-1.384143300242089,-0.32066416490133004,-1.0310282555927393,-0.7473750663544254,0.6959353271768681,-0.37869463510227896,-0.39215348661453625
1,-2.614948307240181,-1.102474459381053,-1.240736002791328,-0.9094764763142839,-0.37848074887516414,1.6188669871845651,0.09393164797484169,0.3445839124519127,-0.06669402455287333,0.5221560276614478
1,-0.09610811657662797,-0.129847582852979,-1.6714641082979858,-1.5274766916367895,-0.4030674658565467,0.776660616696348,-0.26168748360997446,-0.5374351160884459,-0.7843582195971942,1.0024791145599647
1,2.044856934566946,6.4268198391903715,1.2741212490942893,0.10974148942532842,-4.602716499708907,-0.06264291090159846,-0.322002715325322,-0.886277728227238,1.2385989244655946,1.2865280313157947
1,-3.066749527557397,-2.182095699803812,-0.27906267060616236,2.938557393333314,-0.4732345238380675,0.048979823056393805,0.31423105232944876,0.5575229701443357,0.002154034526897529,0.38510721983862195
1,-1.6035864433861877,0.2925962224312995,-1.5862254319409665,-0.9096983438361832,-1.2358691801570536,1.0351625045150192,0.2982599173426269,0.7755622374492344,-0.4150328457527302,0.3614940131740172
0,3.765932154104972,5.985295348435208,-4.880361149350231,1.1208727142373545,0.564237050477476,-0.9324418500043138,0.5563822258636943,0.3155673620673892,0.5687366408485877,-1.331681501829089
1,-0.925566603207808,2.3024814303457006,-1.596111858291259,-1.6762383821241342,1.4269863511812093,-0.41360257135184847,-0.3268554573135366,-0.8422874334628353,0.2817149317965663,-0.20947977064085588
1,-3.2883495941010272,0.2013113364184949,-0.6277562832810121,-0.6128346818555402,-0.1707681694332432,1.5132351053107456,0.11088374654056536,-0.2951360574859451,0.3467538260091019,0.29157135317957716
1,-1.5548521496523122,0.9798577293757139,1.196559797272145,1.7751769765905339,-3.4991253015674357,0.3122338653186088,0.6416066343524326,0.019769732588288205,-1.0820591215807385,-0.6102900764069328
1,-0.3987799175813124,2.1612126918447387,-0.9456050178112555,-0.3724810174535992,-1.0126507384324583,-0.5361615760560853,0.8246304660463701,0.1697712855612598,-0.25654539215082267,0.1736673391072614
1,-2.300567821333631,-0.9320775840394663,-1.1299532643106243,-1.4523765710245213,-1.55564029650222,0.5146557095806024,-0.14018220423630287,0.1344379547580411,0.13367126856900619,-0.3935723738101841
0,-0.5429013641687835,-1.3170679101673388,0.9957545225488171,1.4848753999833049,-0.20297799850886286,-0.6347794724687693,-1.2047172911032886,0.19364961586098436,0.611957023914448,-0.20790435166436796
1,-2.0588194558297825,0.3204351458128027,-0.12245841169490931,-1.0208598944322806,-2.0791676382853,0.8376368525892662,0.537719829242275,-0.1210267027588009,0.1282712440866287,-0.39796111927812394
1,-3.424518055230887,-2.4455184118500926,0.04504874968504184,-0.7861419082902074,-1.6031823015684714,1.2707486945164355,0.3372024078684123,0.14414177997783176,0.02197661256047762,0.29412171352303534
1,-0.4724065518531563,3.7028294386131173,1.9537848870831842,-0.9963165765491264,-3.8143959955540976,-0.9040768141583515,0.7054873732155708,0.19847318942830147,0.17379559664570385,1.4361327066548262
0,4.703500731698839,-0.1959557548443865,3.7570329480035976,1.004227700432056,-0.32865083655034383,-0.25258256275353386,-2.5948470948105244,-0.9890044280598009,-0.2617055604009152,0.1415283303605357
1,-3.643380238614155,0.7868599163920853,-1.1621457872905863,-2.098874927428533,0.424068017161781,0.15623055083948648,0.3244929551668822,-0.19025427431359243,0.2421015707659208,-0.07301445581777254
1,-3.5946893435896996,2.605087216699085,1.8520296363154305,-0.08988542987942086,2.4425397705405616,-1.850474939537673,1.5489495446759036,0.44442385214691976,-0.6212216053174904,0.8833774466684693
0,4.149097342448857,0.7674888443508844,-0.8879746991059728,0.00836954822565244,0.6049797724870156,-1.0170897996552244,-0.005024120683275308,-0.3168564538468975,0.5645796541703725,-0.6161879074489823
0,7.672141552626158,-0.8604841506606794,-2.15365012410114,-0.2547233746125348,0.23647040805863875,0.48607418291907445,-0.403297701536338,-0.3728218083204002,-0.9272571571472963,0.12028468299582698
1,-2.0103794137575814,0.42968956052188995,-0.10408881296275059,0.16029206038178662,1.5095061288245066,-0.07670644745804238,-0.5416181996836689,-0.39814338031764673,0.11318157455929775,-0.16780966399974567
1,-2.9208334948368946,-1.7004724749888238,0.295727249016722,0.41417689035686295,-0.36391985648153913,0.38680690505056736,-0.6432367146574751,-0.7502140100661286,-0.5704575962777824,-0.14409374582732995
1,-0.5007378002661366,0.10673146468453294,-1.0287479575384098,0.3048847177438624,-0.13912105102869174,-0.7447845350288506,-1.06779471475863,-0.9727805884764621,0.5040043741797943,-0.2892902097876002
1,-1.9114985749229876,-0.6513938798572428,1.4502884906809117,-0.40070305279180685,-2.0630023949979437,0.20388062356082892,-0.09958925157431113,-0.539607129514177,0.14851802974807046,-0.2786228258138468
1,-3.7850992277955937,-0.3261463674962706,-1.058080197853583,-0.6060077539849643,-1.5261555658300567,0.073106469818282,1.2387289616101895,0.11001863996714537,0.1201989042868592,-0.14212784184675523
1,-2.7083939682134823,-0.219665741654933,-0.3145047498263174,-0.05525291287240527,0.04825403897353475,0.169102961791023,0.6877808553122138,-0.25862575153598,0.47955075145663245,0.25311882252630813
0,6.289673469535032,2.036547397134262,-3.1820822664254647,-0.15554352969717805,-0.20248906123359023,-1.2579858450405375,-0.28615262646173784,-0.21850434329749288,-0.49648187096586244,-0.4169801164838165
1,-3.4307706912388394,-0.9926100348372923,-0.7316945965028394,-1.3437229265735418,-0.23583914300496742,-0.691804002098129,-0.05208312251475461,-0.08578611040336917,0.2683443249060924,-0.5870755146740587
1,-2.0013884663892236,-0.2933264633837359,0.6192038889010852,0.35251174571657384,-1.1648198529921223,2.4301144986176304,0.20578459864797582,-0.1691206556434368,-0.14074964048506747,0.12117598972744502
1,-2.4732930942871554,-0.3350470264930654,-1.4823620283793966,-0.4652374498937188,-0.048992703428157314,0.9379162955455761,0.022589291538741015,-0.6987993996323311,-0.06962561496190592,-0.23173814100178527
1,-3.6472577463942097,-1.241365125182708,1.3866245351281412,-1.6139593537320358,0.17299139326934715,0.5970636092278702,-0.29389088868356045,0.4075883142177476,-0.043413316350028326,-0.6095359333464998
1,-2.3461868509424213,0.6827413168887669,1.1327338901016615,0.3031037312534942,0.5416756760447365,-1.418525940975186,0.055442135825366584,-0.18533421062708355,-0.011958279719192541,-0.9148128675325758
1,-1.1429969265477071,-1.9621714940294177,-1.2407197004619654,-1.4790765729299085,-0.48418251067669,0.3043702616997795,-0.5355046117761926,-0.4370835544953136,-0.28404316038386856,0.13423652660665505
1,-1.3508573033319766,0.36957390203051677,2.4866756569726634,1.1407176621343962,-1.9058645388993367,0.930949345225,0.7885685869422692,-0.02925138526320703,-0.4555804338795551,0.006210700719561967
0,2.7633707862900607,-1.0786335090315886,-1.1796239441243435,-0.4141590724408272,0.16461154902950678,-0.4591641034372087,-0.7430197400475455,0.04667721602380966,-0.19299094994922703,0.8059069417366906
1,-1.9693236050366556,-0.17584850843116046,0.4207313763354553,0.786312003774812,0.8612525213010307,1.5866873766754275,-0.5751025424798044,-0.2215587849391897,0.33340493614160915,-0.25871734562163956
1,-2.9311870554399944,-0.49485622913810967,-1.0170708912516804,1.6864230172696812,0.5657302170967028,-0.46892848307748847,-0.034214749030568224,-0.19334470512099572,0.47660298499871595,-0.6804133307083102
1,-2.9263743861504845,0.37733225712142354,-0.8867938375703442,0.1153448711199768,0.9856802469755269,-0.3344560805531851,-0.01866457401381561,-0.8971508619347995,0.18968340558641655,-0.399423244639562
1,-3.996188277410368,0.9598560897763201,0.2044041286852708,1.5102303014220317,-1.7092484390559397,-0.28569629562775817,1.2901076614901719,0.31180408311360364,-0.20862750292863144,-0.6827810189242481
1,0.1551380594684897,-0.4380082282319308,-0.46144569683466535,1.4545331040782912,-0.8558402817224102,1.2428748208987497,0.1694417490890966,-0.3037743372560887,-0.023161350701103287,0.49641723025082957
0,-0.9340908103734479,-2.1059455911648843,1.4329170271005258,2.8942616646921997,1.2754158303211893,1.6266921174083329,-0.5476040282474506,0.8500747128535264,0.36868525012427394,0.2921936628400836
1,-1.9296217302551861,0.892466690076075,0.04234474806297501,0.558884303365224,1.2803302386980555,0.11682942277000677,-0.46842299288778,0.6676574550630561,0.26605647192951376,0.6196760546777392
1,-2.6223386017039343,2.502101617970293,2.4349994992570574,1.8780131580463446,3.1508166488517917,-0.7836538552172013,-0.18863218875630183,0.1565061231414274,-0.2840683405026149,-0.06571438372715753
0,6.003616591373189,-0.09102922215333678,1.711201670098507,-0.9473749160740654,1.1750360687414207,-0.8562049645299461,2.5045961656642217,0.05632000053517095,1.9104064836194576,0.03132019826260972
1,-2.921877804574745,-0.009212681102501065,-0.9013034826142057,-1.7913285484526498,-0.5769796710282973,-0.23980999656450264,0.676003249688131,0.29535708280361894,-0.499632475091453,0.06926602295613235
1,-3.3419448039492625,-0.02222473046085862,0.503301201407823,1.1422623205719298,1.5647613960017688,0.16775780988482247,0.07552719037536397,-0.12504377089350477,-0.16103479485696576,-0.5883045249082863
1,-2.014915033411889,0.7784521313204165,0.1255787939234316,0.659735779302482,0.021929721787724583,0.6893207655293245,0.07556516069993188,-0.045240205726390356,0.7792983244360915,0.30612979251744776
1,1.9884621055513276,2.316048054014089,1.2363039421289963,-1.7697760725947531,-0.1439958060998449,0.13359584513212813,0.36543706205298904,-0.498595508399332,-0.7123684338111739,0.0052318726405900995
1,-1.6696039306005641,0.8623188526395816,-1.0103061724323736,-1.3238952193195495,0.28156784894002806,-0.23939662238432402,-0.7280751839242001,-0.5912709865347329,0.7338608570290072,-0.15630406828157295
1,-0.3711781135185414,0.11361265869439996,-0.9983635752221833,0.15536988417838893,-1.4759557167633692,0.47596214216954397,-0.08897631105786903,-0.595250390054888,0.24128742225012165,0.19732411578166698
1,-1.8489599298371757,2.54122964917626,2.005347611629249,-0.4843720154870853,3.5086454464032926,0.5345345383934286,0.6996349212781776,0.02142306372998545,0.8151955810809363,1.3139603406255091
1,-4.7030422021112335,-0.4323024307364131,0.0053050876900847055,1.3706086349331175,0.0850995838886197,-0.33007390732260655,0.9947377416263721,-0.37384792881525003,0.17874120283720302,0.3768368922164727
1,-1.2831871507862183,2.5509093102530143,-0.08386034510532712,-0.7715122498119904,-0.556910556961923,0.2700015339445918,0.5114146803192777,-0.06901332884737443,0.5303780236883431,-0.2082821743583666
1,-2.314246819305016,0.4020314772956707,0.274623195544251,1.6704631787770459,0.5367110897129053,0.5083748134177649,-0.13889400925498446,-0.21597931006418794,1.1494273741736913,0.3342739213792182
1,-4.659085176410955,-0.7822987564616668,0.19212192120585636,-0.49368191192622685,-0.5361221191864101,0.22604181093336578,0.22645146021743767,-0.05937473431210506,-0.22161099649652766,-0.13449765286175125
1,-3.943473381734832,-2.030016287060284,0.691735721313868,-0.5134062463783982,-0.34011455478070374,-0.06509738064485482,0.05022620870923038,0.5796324250340857,-0.19760138662206034,-0.20046861619005876
0,4.94985846155011,3.0060641292021977,-1.7540716861367185,0.6723605161747034,-2.864773780710469,-0.30708100323658616,-0.6498335948559608,-0.20491591891525235,0.4986337761118313,-0.3825662285016646
1,-0.9158035193313211,2.479013128678413,0.3626066865372224,-0.26196651845146957,-0.13847177574513586,-0.9912359416190109,-0.05120349066800045,-0.09396385869327661,-0.626973104356143,0.10956773376955661
0,4.549111146627949,-0.8160005055481434,-0.5187550863109877,-0.9163397745221611,0.07148601869348882,-0.9308826516327973,-2.25644837095835,0.4666732720945677,-0.780237485442152,-0.4949171736106571
0,4.4423428181310145,-0.9924388978973622,1.442319086220165,0.5750345977292018,0.3575899993032501,-0.029967413074016312,-0.3232774214832923,-0.18429768924321338,-0.21190197370852282,-0.11001440086007676
1,-2.194984301020593,-1.8053532377462151,-0.4351094056917192,-0.9539430633231955,-0.5538004201780027,-0.168611563918961,-0.23544585751314717,0.2583928035223185,-0.23226980015267334,0.16944249131959283
0,0.6644409146912524,0.43686085565482274,-2.680781878231028,0.7292266179991407,0.027787374369116453,-1.0820506667848553,-0.0010508143892362894,-0.12761758580471647,-0.009941713166331472,-0.4810724179885347
1,-2.240876053643135,-0.4545895114490152,-0.4655275880689176,-0.18872465999528684,0.8282932096222873,0.9533192397193464,0.6734784504712399,0.3177149840973069,0.13815752493461997,0.5455904099385335
1,-2.1251804369201257,-1.194796911804767,0.49037198738325605,-0.8553963494811518,0.10593586367308745,0.19534269690342987,-0.00345223412205943,0.43395426583329333,-0.14082313363663226,0.18764494138932758
1,-2.615317411222229,-1.832060432590997,0.7643295557640379,0.8231658593590409,0.3007872453822868,0.08993781013526514,0.1463430283642526,-0.37802294035610573,-0.5429749147852303,-0.2192514514566677
1,-3.210967975662153,-2.2351427041662757,-0.16622442953719538,-1.1300577997422967,-1.260188804742742,-0.10359137063955237,-0.23537316817112594,-0.29047380195242406,0.05929178587756923,0.5059438602783033
1,-0.30675039870785303,2.1849988333666683,0.039286242155639126,0.4864556287434985,-2.0894499690450457,-1.1041435286125987,-0.13486221556072725,0.33707502069356005,0.5554572504068631,-1.1869052555793578
0,2.4723569167736534,-1.4998247516737375,0.5914532151178271,2.2673515003417255,-1.4058401802841565,-0.9648581313984252,-0.8143027105373433,0.9107755617592037,-0.011737280423972301,-0.7365545598809634
1,-3.454718372112871,-2.1364615481714218,0.19716267170428686,-1.5341768880571076,-0.9428752994717533,-0.9371161033586017,0.6832630797387088,0.2194862332208292,-0.3089957283240622,0.2826914157261117
1,-3.900526848058525,0.7307759702638057,2.1360711045127805,0.781172887170637,0.8325514964961698,0.8978211767431309,-0.8910793181587159,-1.0951618360104598,0.25579327877622104,1.5395945082540377
0,0.9817275418953907,-2.21042994711044,-1.699919229853038,-0.9709720149603752,-1.1832582998273384,0.1436529474547654,-0.4571111324969172,-0.06783342439970398,-0.4502713062657136,0.08306232227036532
1,-1.2572515710229821,1.0676915149434771,0.2594752699895475,1.2417521408105714,0.3932157879874118,-0.6997706079011806,-0.4981815129723714,-0.22808196085186414,0.45139032848742766,0.6770494020375308
0,3.24541364890325,-1.778358632277561,-1.7931536723727324,2.485059460829662,-0.5503521125909683,-0.5986124380678965,-0.46960132438338004,0.028392852319639377,0.23540031376672552,-0.1532281211474956
1,-1.5572194125370193,-1.037927106396421,-1.3012450790124377,-0.6216725921157856,0.37935339382421646,1.5356984492928127,-0.2907988542161305,0.3893703248266753,-0.1154186342275368,0.34664882028631344
1,-1.2492580966982805,-1.5888387893468154,-0.32641344047943605,0.9253221277016234,-1.5353498717804805,0.012065233436814182,-0.1011765789726678,-0.37360588261406613,-0.07208234251992911,-0.8157924278994445
0,4.331653344535904,-4.049332418331284,-0.1925055254356186,0.2906134570917408,-0.6108408047500918,-1.4235883076978384,-0.6701408763512665,-0.49491275457839107,-0.5046692659220429,-0.3502195024606369
1,-1.0774513298933348,1.8036181631512864,1.781041630490017,1.6289522502186267,-3.741753919851311,0.3424346525308545,0.9299644691840583,0.5198990030396378,-0.8391908839850528,-0.3226170252418946
0,2.5117531022607595,-2.528807583395525,0.798202306242972,0.8236745856457635,0.4292639459180255,-1.8315347789492524,-2.4042988932567697,0.8927964554099665,-0.1521979602610676,0.07602660037269858
1,-2.2170923054478444,0.029891288094557326,0.6364601353332342,3.3767011475192925,-0.47999472804744026,-0.4846463511256183,0.04299831181312849,0.18963360030343185,0.11537059431461139,0.4095378152257509
1,-1.1738306467787563,-0.4748395050245755,-0.4815709118113431,-2.1439593885003614,0.2433005298270904,-0.4828604561646823,-0.5075109153157511,-0.4051346414057382,-0.5537799393610612,-0.17356193440559184
1,-2.836301444333436,-1.0181258063239846,-1.486630003219995,-0.4564056716780091,-0.11470499442974455,0.9738357660018172,-0.15046125090908447,0.04935238402024353,0.5073944548231094,0.17223129804371703
1,-1.857085898874799,-1.571393119114507,0.8264827444788891,3.930249474943822,0.22082665933949883,-1.1998402301859572,0.33678772704265914,-0.49519203031166525,-0.1479516939697829,0.10176533597691674
1,-1.3286143729580842,0.7770956605632386,1.2567582294140192,3.7855436123337225,1.245063009116093,-0.22562438333532545,-0.7497635609216979,0.2245678603456127,0.4778777547375007,-0.5366408424352377
1,-2.802771356776178,-1.6663016342542074,-0.19401832708269864,2.23310742082521,0.20524668155587997,-0.57217180480823,-0.36156677249852764,-0.006888038064459915,0.4372284998856788,0.302199689652145
1,-3.174568796763734,-2.0757336193916416,0.07490026826366779,1.8698290287647155,0.20932679993187212,-0.4825659249012906,-0.1795850791871578,0.04373602508732928,0.5105761225348708,0.6739619011114607
1,-4.087077360931372,-0.48471007936069055,0.6313640086937911,3.4027328432092854,0.018224707777070578,-0.3098212942889602,0.23062639058927592,-0.1147383964095326,0.6659466767357165,0.3201891941887889
0,3.475493748130868,-1.6728843912266638,0.856826799204802,1.1567678797737748,1.3825714329191288,-0.9999209134881305,1.1156336229462929,1.118268089713583,0.6896471020125429,0.5542298115008016
0,16.319233231031998,-7.7758528042480695,6.235415554855197,-2.328073172491342,1.7094559531045692,-1.1248214678265647,4.962496327452384,0.8875120962330317,3.5947582408161467,-0.5877077512759147
1,-2.560115018016911,-2.494045447552469,0.17031258676224026,2.109756585986079,-0.9792388447988911,0.48875514294719774,-0.046270623917631246,0.5318371274160999,0.38408872571720715,1.0198235143617587
1,-2.968888795917073,-0.0688471356890982,-0.7784115655269571,0.046666813630666354,-0.22820687173022278,0.34489239439581926,-0.07660151886050688,1.0835769570953278,0.16323599407703018,-0.4967891805332935
1,-2.7574304510201175,-1.7939187681258844,-0.7578141189390936,-0.024118279562038825,-1.283912383347747,-0.658832704915878,-0.3132338153368469,0.5954829255427552,0.256924028047397,-0.16019224010196875
1,1.3703398754406433,2.110011349121702,-0.8537202468911342,0.7237684363927149,-3.824379210812707,0.22342034338281017,1.4713795266111656,0.8049286484549593,-0.005546145709197852,-0.4065227122428797
1,-0.4176644925528779,0.11651969702822773,-0.5361425958913011,0.36419906266124125,-1.5134570871729212,-0.5557006845590141,-0.21728684595773665,0.8100999433595008,0.5639999457613774,-0.5886747271280326
1,-3.8383986229812312,0.8991786485508205,0.7005639498689388,0.21993976730454795,1.3371628915530884,0.07674450603616288,0.6410428046155399,1.3574026211709336,-0.06838136463072975,-0.31248866079138804
0,5.93096485958387,1.2282966822613548,1.721587755579567,0.47358226201134485,-2.8835393379958365,-1.100237705895447,2.024320135289111,-0.48398915431188727,-0.6796660967544821,0.6051740319911812
1,0.645478647486652,3.426011420952228,0.6082849579981687,-0.23448622479905956,1.2096985538169553,-2.4278513826265815,-0.9417139935236127,0.1340773280035695,0.37515945567757364,0.030072976485830082
1,-2.6838464009792635,1.4435555289647573,0.3394035000855609,0.24481701141283707,0.7926918613561649,0.9256296944802029,0.4960040184727201,-0.2717318915946697,1.2081078964815235,0.9410419752802421
1,-2.041664052105512,-0.9032559294447837,2.8432414099458225,2.8858314262651015,1.0167094549769151,0.10446045718084873,0.3195856077072506,-1.0332992248687696,0.6088264157325638,0.39769683099163977
1,-1.3992963501120104,-1.7722262453778048,-1.479561560763825,-1.3081089948054203,-1.8053147465139965,0.6154644577507141,0.2802200840942217,-0.06489463915859622,0.0002465026657400193,0.10251035676144843
1,-3.536415295417767,-1.2468541534617998,3.3854111271305296,4.666050967904397,1.8757278225964509,0.8903976312335046,0.9255097792568195,-1.0867788492646775,-1.207718549007543,-0.4843964225751724
1,-1.9905294465908603,1.899462550689395,-2.0309980790190956,-0.9119054687431897,-1.2315544732094739,-0.41962780302776603,1.2878926021279813,-0.4036378369377571,0.13892947142412806,0.2211276130210277
1,-1.9981853671291834,-0.20637113652569677,-1.6413250733560165,-1.0392104952540808,-0.90421096020268,0.36762876000182515,-0.34478063720280067,0.3453656811498021,0.4255974718560516,-0.3658483499803093
1,-0.5206581123170598,-0.9733678106769816,-0.32413538021474025,0.5439993686755061,-1.429436707201127,-0.04919900370950039,0.22270262792672943,-0.19539652960776321,0.027760764641836383,-0.4076594502638616
1,-3.1723704882482426,-2.089052298035852,-0.9788057325551276,-0.38709710403119296,-1.41947557106667,1.338365393838618,0.5370579908922539,0.04198983438998423,-0.0419339442290201,0.7870319575922384
1,-2.2027101890567264,1.2860393186695755,-0.8873992153533201,-0.701103048390096,-0.17982114831593754,-0.024052100954322312,0.272936341911127,-0.6517621815264136,0.25930494610420596,-0.5103194790440548
0,3.824433042941166,2.305236316377142,0.027546193439255025,-0.670258882813377,-1.289765220274454,0.8090946864159642,-1.5682757162901257,0.29454938557467025,-0.13556580859300363,0.23555248954777563
1,-2.9854846903263756,-0.6733392442277545,-0.5904898836921566,0.5943502866109716,-0.4619692962875808,-0.5454030937320176,0.6173995442036645,-0.36110492519655285,-0.18554923768190978,-0.6059279791536315
1,-2.481055107277704,-2.3639587605259895,-0.4326145668613903,0.3834696738429707,-1.03812140172463,-0.020466916794954187,0.5600933916357879,-0.23918297439307706,0.2822329847152188,0.22993062973941675
1,-1.27211146127825,0.5098338482934459,-2.2389916783955512,-1.672376377566659,0.11760644181494566,-0.015478846748502343,0.03422990455297615,-0.5572661550900887,-0.4107275094052603,-0.00015267468303778293
1,-2.235156888078079,-1.2987044937051526,-0.9014368964630954,-0.4340941149757517,-0.1829260296413627,-0.16343264367034482,-0.236522123150843,-1.111512360554434,0.40532199776275446,0.08676322915961951
1,-0.05618310431173595,-0.22738339295599427,-2.255515653554975,-2.710600426115566,-0.8017853835836622,-0.960569769278026,-1.0384062590407854,-0.2815873526158094,-0.2741449562911578,-0.25186013914738287
1,2.3173906062806564,4.389134334922116,1.778411129561559,-0.9694155881693958,-2.6453765885271983,1.557117102313199,-0.007413415918087323,-0.10363995224895248,0.6213336967336188,0.006655907539480814
1,-2.28433126085189,-2.466840756413278,-0.8211884864674684,0.04080319619878265,-1.0927813026949211,-0.10101401987775709,-0.24822160559639103,-0.23706393139504478,-0.1903589437846442,-0.7374350487649548
0,4.754614870668752,-1.4894235603784616,-1.253751104708339,0.05258699674098801,0.09662477551147626,-0.35537301349058625,-0.6255166542330324,-0.5325229050562239,-0.5734461298506486,-0.742349879212626
1,-1.7263109176879992,0.9981778354005345,-0.08023841604984691,-1.064647059976415,1.4356170248795361,-0.8660553278871137,-0.3429320656477902,-0.10800681668242082,0.3878035594772138,-0.0896359422296703
0,-0.7417817670631608,-2.4520349661082785,-1.997709941884272,0.4579397643786454,-0.2612910889385883,3.203558497603641,0.16833284716284502,1.0383810542044616,-0.23365965484797865,0.5210461590750765
1,-2.8943106610119678,-0.9779443192076599,-0.805644241037131,1.7207792579021215,0.0289835491094604,0.21190399664248152,0.6725137135198789,0.4786985993692983,0.09462756326774062,-0.014972234971958417
1,-1.6545218459207944,-4.555664122445228,0.7523230680234072,-1.6483228181278275,-1.4030728702026618,-0.5534032465348394,0.1224292665667043,-0.33942779900659076,-0.9660083634350058,-0.6857687064936282
0,3.1035197039278506,-1.2361532113365923,1.2873550796581832,-0.6086489057707307,1.1222598881364492,0.9300496236409047,-0.19737959431172755,0.16164793724986082,0.03036561977005847,0.5664967293834235
1,-4.06427059776545,-0.5609542217248037,2.1766848006616653,-1.3758683589728478,-0.19946516605448317,0.5647368412075554,0.2688823256407366,0.5164787907923796,-1.2350939334408848,0.02708702836919382
1,-2.7933306574629655,-1.0778881331158536,0.844542112861452,1.110207554004882,-0.004869669186305337,0.5656032856867755,0.46899165166560247,0.5743877041578643,-0.35708997519704005,0.28979804247043445
1,-1.4749199376087598,-1.591094201385499,0.3199914442578655,0.7988321509232843,-0.15805756198617446,-0.4380661524903639,-1.043826277847549,-0.760155998714485,-0.47959296557095704,-0.6401011110655171
1,-0.2293946370432841,1.5159034180090352,-2.216283005665623,-0.5555697413936209,-0.25120188359534035,-0.6025604899803593,0.41004321400569516,0.14166881432756132,-0.12681628841957515,-0.5512411827609013
1,-2.553258407613497,-0.7639004851777248,-1.6094031180159043,-0.059927868304773396,-0.5058450058054517,0.21379696121766864,0.09832558170207108,0.0073671671755119825,0.10062435849077218,-0.5824584439064231
0,3.715705103463405,-1.058686219514055,0.5219535630210227,-1.3970017644327648,-0.3686144020674828,-1.1046105008956237,0.6344600026623604,-0.05913909469200336,-0.287068603874395,0.39353576190328693
0,5.094841843796658,-2.0192078340507718,-0.7093696957160727,0.0827949536883837,-0.3838169003213496,-1.4479359134646612,-0.5734944798868189,-0.6501202849088152,-0.5360480952171802,0.25121174873156754
1,-0.6006161135559815,-0.8384546630132839,-0.6870419696538232,-1.1553338097876849,-0.9824326045999362,-0.8532305262770327,0.7055308873756612,-1.3469391166463973,-0.48894432700587187,0.4166663634269601
0,2.7903998294337904,3.3855607718235565,-0.7530763224958128,1.3331817382369098,1.5855316171887128,-0.5084176413480811,0.20716268823832595,0.08017000938598272,-0.05170478728874622,0.9756563266662601
1,-1.4087712143990503,1.5057705921465359,-0.35389601743282945,-1.1217407039016554,1.8116702921081085,-0.24214538295588778,-1.0461585228654775,0.21013104766670126,-0.03940270094190064,-0.1875736570121467
0,7.259178840793042,-5.495735719287875,1.910925881979443,-1.8957166564682644,-0.3963779211378637,0.06639142336844182,1.1539848648983235,0.9925676964538521,0.16752395628442757,-0.57008389504002
1,1.2988665487860724,7.729852801544615,-0.6889146563006576,-2.8927274038704387,2.015354876295844,-2.202856102982,1.0259971745694385,-2.030674722240546,-0.23681880565746327,1.1463569037676227
1,1.0766932756334766,8.294775448775123,0.4341924584367532,-1.9541898161094524,1.3958720225709917,-3.5118781935491152,0.6047923820505198,1.279625151553097,-1.8742044478132325,1.0210265805173488
1,-1.2497605247720476,1.5956838545110186,-1.3564745816389754,-0.12626747824587928,-0.023420074991680452,-0.4851495807085887,-0.13607018688739092,-0.6656294200600811,0.7785623250960123,0.9401240691668412
1,-1.2569284056190142,4.117186681519058,-0.41272977060668364,-1.0541736695540567,1.139526960223095,-1.9490429127323938,0.48862298994224657,0.25528902430262607,-0.9073260244356646,1.2766504770589862
1,-1.1665352144776255,-1.66569373571261,-0.7378780075700747,-1.7621671166061874,-0.7383522713562869,-0.83471136349994,-1.4101275750836444,0.298241579460553,-0.07379683327465221,0.6476682440245248
0,4.0941425572403745,2.8029272496079343,-0.5074334200447629,1.9773184078283685,-0.13282518062529375,-1.6035214836136147,-1.054296049473649,-0.35688234544996134,-0.4292822695002958,-0.7309530772986786
1,-1.8876392413595013,1.6721917387288334,0.11979761539481983,-1.218215196609674,-2.568069912701774,0.2538917898850694,0.547736649311943,0.5425307750059726,-0.6181942690085618,-0.09170947056679292
1,-2.767435702846048,-2.161048795022416,-0.021096169201025236,-1.610275734297003,-0.7163787006180011,0.0330089611932433,-0.8760672647958487,0.29592411837909516,-0.03344363802567095,0.3415772177669298
0,2.2269944892059645,1.9416347590165703,-2.285603498059421,0.33986068192841185,0.5368573156700087,-0.1368205043917337,0.3932633491567796,-0.6152759784756185,0.7154164229163938,0.12170012311383482
1,-1.131576890745016,-1.411001965420104,-0.5650531256557184,-1.9949607161439193,-0.5284875674651581,0.07255810834748397,-0.17596902698739442,-0.2553015200389124,0.31169531503616116,-0.2140980762791913
0,-0.7337724522411094,-1.943697183423244,-0.2752361999418968,0.33782314645503786,-0.6609911481959743,-0.7743052229101454,-0.14559667295883275,-0.5003656834787563,0.27076775363642136,-0.4086404369267492
1,-2.333670736811384,0.7901466072892575,-0.3500434071099429,-0.4408595584394544,1.4225501718393894,0.046649057546088196,-1.0014034552842868,0.30723229375703676,0.6561772346570542,-0.09081453996427505
0,2.697223754399566,-1.943709945767851,-0.9605644482176611,-0.4595086523698241,0.5844984180363689,-0.4917255087100625,-0.5172086090102784,-0.05007252817386525,-0.13147298544158148,0.2260774915229622
0,3.3790146677223887,-2.3334289449619283,-1.201932179440051,-0.5536129522146818,-0.5278808022106944,-1.0185728262732483,-0.026131464493667347,-0.4437455742297865,-0.6587459300829356,0.5304101910319098
1,-0.19987058014153083,1.0763600031270575,-0.673148831189976,-0.6284454996421653,0.8402504078527193,-1.2875018007427463,0.7487130684225449,-1.3765159124677082,-0.25776706931557625,-0.2082609538931106
1,-1.1760259132353266,1.011370177730234,-0.7117683065044712,-1.0660684567937784,1.4219009273235554,-0.2654395854290276,0.19444543344817034,-0.46271765110484697,0.35801675869148647,0.7947756028185744
1,-1.2926365392815615,4.964224702132634,0.34592702006925197,-2.2405348834052057,3.840529889481219,-0.5486177127702161,-0.8147889838808217,0.987977222514865,-0.07056944602015136,-0.05378347895229774
0,8.630755859096048,-3.45945191507608,-0.17905679264440294,-1.1771640700013277,0.022905287059541653,-0.006691028033916368,0.9620201295901394,-0.397971660699725,-1.2577443726786546,0.8494384926905697
1,-4.4294563710657835,-0.7860360357018048,-0.473419092821146,0.6966169884521302,-0.10380442443058496,0.09718106670790559,0.7225180039289694,-0.5085744383361542,0.06061108902514884,0.3882067341231245
1,-0.6198387404461237,0.6363492701040999,-0.4888512495026515,0.015154457556359666,0.10640665720497106,-0.6007163651402856,0.13930927835721582,-0.2954162240901615,-0.24398312372444902,0.002339793832609546
1,-3.2523157686120374,1.2859251612593723,-0.2184764878776054,-0.307808232554161,0.09942903763666662,-1.403199493120664,0.9536158271792413,0.30023545533770046,-0.5043360263523495,-0.7853137406131483
1,-3.3529270535365927,2.673300597719785,-1.7790870790675297,-1.3895859891178937,0.3544411029677074,-1.2112738742812055,0.816757141648359,0.37339289529321673,0.2932394679784542,-0.3613048664307484
1,-0.8598029860026032,0.09684852260130526,-2.8140447257800267,-0.18432389798722987,0.6300753849728882,-0.3650391865104507,-0.04625674343924948,0.12574861441624383,0.3125684886297137,-0.24714222432011235
1,-3.156621968682842,-0.8715426236404156,-2.195714787662343,-1.4498676230025351,-0.4314358754457896,0.32605711340453547,-0.09453354557089749,-0.1492816336917235,0.31918558710395994,-0.22905476827589277
1,0.34652811320840926,1.5412252758019382,2.8464540051599236,-1.90981147140409,0.5718343645736114,-1.6874945063371918,-1.7124115855904316,-2.4106600746852114,0.3332110434427231,-0.11772010529929065
1,-2.4614066509244985,0.6008479692253278,-1.171465136577612,-2.21105393219385,0.6919118933802619,-0.8526901430616959,-0.028873966144881736,0.2052789355725431,0.0324351461927606,-0.38984870450517634
1,-1.530100721587446,0.4052177892924562,0.6044647414844098,0.3471714846944468,0.7860472762929857,-1.1021305908391825,0.08702829372580276,-1.2965919861227304,0.1616580554705573,-0.9111215009259351
1,-1.7735850660605688,0.8042100123847655,-2.027918042469095,0.687333177443545,0.6160920316421171,-0.28932786875902233,0.47345286934071507,0.06968000367491933,0.5439414656391843,0.0572586005096246
1,-2.680441623965868,-1.4847089005284757,-1.74169338089122,-1.0234906130765558,-0.2974687520493359,-0.19807776439737718,0.43413126208399083,-0.1691221003252351,0.024851387059131248,0.3194083783965728
0,4.028435261074219,-2.9414300980113084,1.659485395420078,-0.22516730275648356,0.5135947396173907,1.9362225480912791,-0.7282261749645274,-0.7579855114725854,-0.17613517777982385,0.2704811811349238
1,-2.136351228598873,1.5185806390194996,0.178965233108532,0.5007767122095974,-0.6830474441393393,-1.5516758291544581,-0.7183276585745351,-0.13975252082968645,0.18845602182139887,-0.3705077366862522
0,5.165410948305194,-2.3822032315181296,-0.4222772813046215,-0.8834276167280725,0.20940815107843538,0.5792299830560974,-0.5434880084534303,-0.9527684477569548,-0.24802799655572028,0.5291530822122466
0,0.5359319494274819,0.38071514563631814,-0.44313478145025004,1.879371918687699,-0.22686941665112978,-0.5238389673502752,-1.1505709678411036,-1.0920921137086173,0.3242008081715712,-0.10397327910291662
1,0.3431233829428911,3.534481051993178,0.06966880121661496,1.5506703478482529,1.9569208590039604,-2.339517912280494,-0.48350659121710116,-0.5024245152644748,-0.06986580880971702,1.2799510510889576
1,-4.197079986345912,2.367392283022529,1.3271447307861728,2.0395039581265757,1.7619167368984887,0.04242900726182462,2.1687554096842594,1.4812173586625805,-0.3230884121500894,1.181155973694453
1,-1.1428318645966036,5.59945847026066,1.3010370177249917,2.188249659127564,-0.7655746716815656,-1.1592267478181417,0.19153519017868575,1.7981400085516481,0.8768383897735073,0.9493126092239688
1,-1.66547515321708,2.3896181248027215,1.5022494407304665,-0.8759511409652819,-0.4845455728032772,-1.1895181860481894,-0.6777554020434658,-0.14664333116348896,-0.2916477170817646,0.10273272557775508
1,1.0117124957300927,1.0923896495493217,-0.6326983810409983,1.758518422512995,-1.0468264439985517,0.4258947088701501,0.39828597261459125,0.8360360526547204,-0.38414681390041583,0.6196240079322964
1,-1.3009297119683694,-1.821415301819294,0.3733074981288236,1.8481689466301119,-0.19962707048541992,0.7657543373053445,-0.4667152033650218,-0.39857922035179144,0.3649914224677226,0.7948279739363683
1,-2.373428725009621,-1.6815762381895423,0.38452814071781427,3.0167286399481394,0.03824665554842738,0.06881354646928062,-0.41522251873748667,-0.5083930352534374,0.2782723262825256,0.28783453839521245
1,-1.665871011795419,-0.2139627400924961,-0.1480724220983095,0.19705174829186808,-0.5564802542524675,-0.9315821530159162,0.524319520089845,-0.3007019605234548,-0.356622238490778,0.4186023643829561
1,-1.9276781923709843,-1.1377399160440183,0.4782022974938405,1.1575004013591441,0.20234190850513672,0.1148982696112999,-0.11625493665615733,0.01363061945569373,0.05805705390219598,0.13243391698703624
1,-4.237216617940867,0.18427249696751283,-0.326418406550335,-0.588303331785516,0.7046267903380969,-0.1460912627924291,0.25985713468835253,-0.1495688640858105,0.5648535105107946,0.5751755023424053
1,-2.6778707208422863,2.315792822976007,-0.053848205919780415,-0.34044965333581284,-0.45064815663064933,-0.6783477095897288,0.06410094064588244,0.9709665978418912,-0.45527526875818963,0.09538363074481936
1,-3.8364978517958375,0.49624992855094563,0.9232396859792162,0.5518716714542058,-0.08003558329282841,-0.11266882128770346,0.4744866104899581,0.16984412142504207,0.4105491301133288,-0.21960512472919141
1,-2.551440295950188,0.22832995743667556,1.414178011794506,1.9707898183222883,1.4563251243801971,0.8555217746435473,1.0219210096335516,0.16049089970863512,0.4471424417587979,0.39907764642597765
1,-4.694923445156696,-0.7674779440649314,1.5439648405352395,0.779019018576016,0.7848969794154596,0.8513735571344744,0.7526680967058753,1.0704259196358583,-0.589318089836165,0.068910472632934
1,-2.0250371641270766,1.261241900236911,0.5049260938423037,1.135527391227697,0.11426263232775898,1.784776963627062,0.3904953244902975,-0.874423521957703,0.31124110547377515,0.36569422507751687
1,-2.895948205518771,-1.4516357644008568,0.7805459976049531,2.9704481982243185,0.35714995685807255,-0.5832026074026391,-0.6184118265391726,0.939222555073933,0.3625405131016014,0.4489162444524672
1,-3.502201040543786,1.8008324922228478,2.766456639692324,0.866307282520977,0.6253646906178608,0.4122696037577571,-0.30766602333976983,0.35790886347225,-0.14318164024231392,-0.4518803053290228
1,-2.1539036673959573,-0.8300688184730423,0.5647967241587197,3.0117559275365693,-0.5658252895799232,-0.5504027048454837,-0.48440544120127516,0.8931825973868924,0.4354863755975754,0.24413919643832735
1,-2.0550840679912508,1.6164592679963916,1.838959465089625,3.1135349753155874,-0.21104266363659122,-1.6418062316221815,-1.0888529250986698,0.350193395355099,0.5150640603423403,-0.004946559291174074
1,-3.8772895793977993,1.0842547444977897,1.859943909639658,0.4337396700655884,1.6874387933642656,-0.8148926835952709,-0.4710738985643933,0.07138474106258563,-0.7018808020483513,-0.0706438171514011
1,-4.063862114728078,0.12216843521676822,3.238772647175787,3.469182950984928,2.2419080731677,0.1749091483245269,1.0772541424198272,0.1294944623508125,-0.4270304804743509,-0.2772864478523912
1,-0.09866733268842773,-0.21355983833068432,0.3889294641594758,1.0127105250775015,-2.98906774999198,0.012452208093485333,-0.2902569712060382,-0.3123436689510385,-0.06786390718318329,-0.3257704431406214
1,-1.0893761900701344,1.2928478982612042,1.4293788856272927,3.372136457123796,-0.9473415671793637,-1.7258698723296009,-0.3539748191298643,-1.1643395019073224,-0.2074951295074381,-1.391708243146053
1,-0.48177096484745663,-0.1780196911167923,1.0321075823080115,2.0102801873798315,-0.3271031744572419,-0.992062285372544,-0.048545683079128814,-0.19522095860201352,-0.3258653322754613,0.42907220359792964
1,-4.870309518087025,-2.1311061074865663,3.4141887812790395,5.133988306252543,0.48892077687333346,-1.1107923351723838,0.4883712147859683,-1.2892843376701046,-1.3904785789233978,-1.7466626657300275
0,5.917612589142681,3.482636659061123,-3.2627916858890624,3.9175854449932777,-1.7163821624291846,1.0135989310390674,0.27144238695819,0.09196333570777801,0.37247597741163074,-0.6304233926442991
0,8.741338077267807,-0.5738546724065868,0.8970900979949545,-0.38514990846602337,-0.6790432787353593,-0.3007527735656934,0.09482438363989977,-0.7340818536235156,0.831093370962099,0.4506385932075636
0,6.439315483954051,-3.5768174440143508,2.4594865593921598,-1.1773140506057544,0.07482429488197011,-2.3751929340845837,-0.5961296776392162,-0.03547093016308598,0.9879290196995818,0.25698859124197404
0,3.793382370032731,-3.5840478639420876,2.088476389587589,2.5060277552601327,0.5107225246989121,-0.24671010941048,-0.7163263395813148,-1.113359562158203,-0.105207406755095,-0.10863249972698391
0,1.2561792761502506,-1.9022967130754462,0.5627305255654625,2.0892270222091365,-1.8099913310371103,-0.5344471888364399,-0.19275822828687655,0.34188703510941587,0.39391682191019284,0.520877383474359
0,10.374794059769844,1.6720101053366738,-1.8770293302249232,2.356031128193668,0.0337419315647065,0.5679364748431854,0.22308167182645836,-0.2802386097151599,-0.5420345423952887,-0.08929611696546229
1,-5.475243302544347,-0.6706367907573513,1.4904430808346572,2.2991571385252962,0.18470330897730097,1.6178373631443845,1.698951557019827,1.0463535156146868,0.37410111153381914,-0.04772557101109933
