target,x000,x001,x002,x003,x004,x005,x006,x007,x008,x009
0,2.5593284011747177,-4.397842314385034,-0.6414651028193173,0.3540307890837989,0.9640845302879554,-0.6420704235075475,-0.6717711989694249,0.02375174489082946,-0.5997295922915762,-0.2802315071314578
1,-0.06786325354705103,4.513501701151294,0.5549716585388375,-0.7160677275323316,-0.858963789265533,-0.8639986888617334,1.1112648102686247,0.9863742503706174,-0.3673032133414744,-0.05455024052870192
2,0.3749229736869287,2.3401893863299663,0.43887083582745456,-1.4106289836217663,-1.1442887104598336,-0.29187686170214705,-2.2183537041654176,2.864130389734875,0.5743661904932177,-0.6639360917527208
3,-3.1240924431805954,-0.7073072348380771,1.4120294416644013,-0.8870144450998342,-0.7780804223257242,1.564321894486214,2.4679632448860005,-0.8929699510791704,-0.5594284615575913,0.7585286436418728
4,3.967356302891462,1.6689969135001852,0.49151877710778263,-1.4073686005361894,-0.850216917463057,2.5922022911525424,0.7224562278635792,-1.6915145453397729,0.06480518995676207,-0.8388048280223782
0,3.598730583189987,-2.5594849440748257,-0.11760443153930036,0.1413769890243019,0.6118435641767778,-0.9957867084712928,-0.303485126846757,1.2652900258835131,-0.7372063842739793,-1.395529672561539
1,1.1748821425755487,3.4698493668512747,5.112546056591318,-0.9069301402086769,-1.6063931014611295,0.666901441548931,-0.10360969560419463,0.2879798994209844,0.6454075200064509,-1.2857605921477329
2,-2.3848998738644456,1.7416854399704291,-2.47528053172424,3.257898446682705,-1.6038352909213467,-0.038925719280924434,-1.7608743040852053,-0.28162619980615894,0.16715045439739967,0.6750955066196305
3,-3.3125031521479693,-1.045756302941904,4.196583893104382,-0.2793794371602014,2.069731461524055,0.27947322187000534,-1.0895391826947218,-0.8706131342291491,-0.12443510726438976,-0.994082944280474
4,5.2631852307640195,1.0970165882018001,0.4251768988725399,0.5827928528333239,-0.022163057936017704,0.35428289259537277,0.2570670812707781,-1.2773977350965608,-0.06181263615570203,-0.7306373767573034
0,2.522641189273464,-3.116981392084362,-0.32198065161313383,-0.3255835087378952,-0.8463200431219112,-1.5490952585035387,-0.1314027477675542,1.5361143167982974,-0.613855340909886,-1.2920878687730057
1,1.0395232269672685,2.944368122668071,5.219768438256437,-0.13859656281494018,-1.824864412415747,-0.040391410355493935,-0.34409010429776654,0.6635022420514897,1.3960106613572059,-1.283026578136112
2,-3.442759429042129,1.2400951126184396,-2.045420532827935,0.7201233103939491,-0.33806094683482873,-0.5902804745243895,-0.3827215699288929,0.6521812942582128,-0.21192075641933325,0.7205976863315148
3,-1.3555263396098527,-1.2297783331437424,4.503629894368636,1.3899720786466931,2.925629603089196,-1.545024493906699,-2.52301119308099,-0.5517675405120195,-0.47283506207422343,-0.010527416286463673
4,3.401776599969971,1.741898151108993,2.32757299746717,-0.6404859885222642,-1.5310071681259325,1.893160201937697,0.5412063453760873,-1.5552416322259082,0.7457704077296945,-0.9302276084424926
0,2.5493558460278316,-4.990624017206797,-1.2619324453376533,-0.2595420681573727,1.1628462609271086,-0.0209393012140836,-1.1301458262438204,-0.8635075023425374,0.3048134008260604,-0.16337680216415065
0,2.456299202995455,-2.699842676109208,-1.029130633823099,0.21759316265546524,0.927611494583606,-1.3268719929193136,-0.8810369423922286,0.6697985347621337,-1.5488958943399962,-1.2972421388961557
4,4.582093594676245,1.68487108486549,-0.6067425535837171,0.31618496124215956,-0.3792485456028075,-0.1136164301598979,0.3696780115716356,-0.9591539502258295,-0.32553214208265624,-0.258461852099279
1,1.3287337232028213,3.080809350516877,3.724678520356259,-0.9354377908501854,-1.7385130634517425,0.8738002642097361,0.49451784215602773,-0.43330352742715955,0.558608614943859,-0.38554329578287316
3,-2.769899010420475,-1.4681165820927415,2.7843598863387395,-0.9259417860558029,-1.0740592673387725,0.7480815387876325,1.0199786440908252,-0.4456114885090721,-1.2891646780732418,1.122206910540454
1,1.3138079319160103,3.0742501151317865,3.189456813692273,-0.28258185110979517,-1.838153374301648,-0.201847463650518,0.26462785008492273,0.15766525876285817,1.1601242217977135,-0.5071892281941285
0,1.8957395353870596,-3.4112073954344497,-1.8649149007882375,-0.70818615113017,-0.85391479899849,-0.5969298356464061,0.9786846168493547,1.2845783227576086,-0.7645083622448807,-0.7177390201033477
0,1.6831091139105294,-3.4839078620602772,-1.6804511738645453,-0.09983547916357835,-1.524994619283978,-0.5684760570927615,1.0152941791527927,1.5913514439522205,-0.3968577663694912,-1.0214248992089037
2,0.05510297000866581,0.7721209338113312,0.45693347032508574,-1.1535382224769277,0.7053073955462502,-1.1617761496699464,-2.4745357354492326,2.6507010300749054,0.5875097987547545,0.5920902908369097
2,1.236769753901014,1.412027757281829,1.8439534474254264,0.32537825071994536,-0.14816217575510884,-0.6899085324778365,-2.9238430650655207,1.7210454337097534,0.4384933791150576,-0.5860481159415744
2,2.012406596982915,1.866391647075372,2.9507549008197542,0.5095028514630406,0.5178121113946486,-0.6794760826475366,-2.533746514436795,1.319335169253607,1.274909414043595,-0.7571415553763077
0,3.1857440381560913,-2.2194210696554624,-0.7402749595624268,-0.7247844735656039,-0.5574185681968625,-1.5271259031993365,-0.27850476121940854,1.6011023832315472,-0.8263947004613416,-1.48181108301996
1,1.9066681305250628,3.199866996585761,4.2587573008268444,-0.2183984592388799,-1.7112172892214896,-0.2050305337282536,-0.20622225798208887,0.44309832947142946,1.2060268763513393,-1.3237104707565324
2,0.448558017927229,2.5235916925683197,1.0116280794107202,-1.8266668587201185,-0.8459553732689271,-0.019656757932574015,-2.392505259914851,2.151938915891409,0.9314604022440622,-0.6422773588993637
3,-3.177094521255778,0.32379861435098634,2.070935654721711,-0.3645325348564762,0.3333727259720567,0.03228813997930981,0.15529778043365428,-0.9888855304261315,-0.9661305243811135,0.7924723034936569
3,-2.86846855744494,-1.5967956245437125,3.18201127000331,-0.6690089626206079,-0.581499542978672,0.7335842912624561,0.060953242294035946,-0.3469014536269524,-0.892255704209073,1.2624469731163046
3,-2.7130246843361503,-1.486861450816035,3.2513225890200688,-0.3819853456598674,-0.44673929662844475,0.013146419638557094,-0.22496145141856583,-0.007825761822242639,-1.6410271668241032,0.827569906707997
3,-3.8190005598005445,-0.04465876654931355,2.5556411794919227,-1.2998662904902951,2.324890242808545,0.038911394258025186,-1.4808319188584718,-1.0795098639254739,-0.759497694338426,-0.9448989940125715
4,5.15657402498481,0.7820822863539975,-0.42459366573312984,-1.3089610837026255,-1.4758726874662194,1.3773881229311817,1.5642567249356334,-1.241857503696944,0.24938417286596826,-0.8372888071685877
4,2.885974184886975,2.639742934111584,-0.9056624090353391,1.3992312776848093,-0.8506596818782047,-0.5872646402686621,0.8082895711414587,-1.1558916009421332,1.1091894818361239,0.30786692286022393
1,1.563016465443718,3.6905020656257115,2.215957081476036,-0.2805554696496007,-1.820703960566418,-0.09549683617703313,0.5919584828725046,0.26813851376821857,1.215007742587843,-0.6637677113998376
0,2.0734794980065407,-2.8053124727070737,-1.7535584365714512,-0.2993437185857183,-1.196042284209897,-1.0422536323886085,0.6790191136631785,1.059526583714318,0.26995478161339165,-1.6785961336159367
2,0.49767973318568776,1.862649033119609,2.444381846626006,-0.7093491368631076,-1.491616744704252,-0.24608640772705517,-3.1487629722455415,1.233806829803084,1.541149094932051,-0.13667763966337904
2,1.9957392402773932,2.2653771024721374,4.468698444065231,0.36179275121928145,1.1161178389397273,0.12076464391827194,-3.9494663060142297,1.9014009781864165,1.5921459759553565,-1.7227990606886605
0,0.5182372770079894,-4.335304128198391,-2.023099904875222,0.023943096643336832,-1.2529260900426982,-0.38988734412402937,0.8140444085775141,0.5425522765818506,0.9481144273263373,-0.5108907922327458
0,1.3078664272802323,-4.666402395498648,-2.2292484986651253,-0.43532372323392454,-0.7808409336724026,-0.478827970817393,0.2649096848759471,1.1397181806370813,0.14127183600718793,-0.5302861659797811
1,0.8435676301350297,3.3935683816739113,4.305411017011817,0.10349261686597436,-1.5618499093218068,-1.0226916727001751,-0.41167751811532255,1.2444857507215379,1.926244184626902,-1.073509959903008
3,-2.2683347437483103,-0.8035148523724599,2.8339096614492183,-0.4295726059272277,2.033103772460114,-0.3913399224444385,-2.113017681392021,-1.9910628798323655,-0.31582529369722323,0.5839053996896023
2,-4.177089327733875,0.39123995479162316,-4.209568898548763,-0.6257458693040537,0.7368505582469703,1.5680856569923773,-0.24643328403604609,0.8547058557542015,1.5555990669016422,-1.6389073849264468
1,1.2447830612878623,4.355468032702511,2.384277674426548,-0.9260510089336933,-0.9156345904961364,-0.7218645136139747,0.5982117026123984,0.1884105702698053,0.7841137962029155,0.1963240280886568
4,2.2167552155361396,3.1555810624678546,-2.5287161568812424,1.3771048532340882,-0.5212941790884246,-4.598151614690432,6.252120301223721,1.4397219719025878,10.491880590877123,1.2131001897004567
3,-2.4249385375764585,-1.2605898625698588,3.439817047753068,0.7025244915876091,0.3486943625079222,-0.18751192256629426,-1.0335845910865158,-0.6208609019592732,-1.280357219807794,1.161718128743599
1,1.4200253784331747,3.478343047028009,4.171554973949488,-0.8019357179678613,-1.0585482974067164,-0.09051567443813874,0.120700565450268,-0.22840087046155244,0.3751925106249707,-0.2150273403612505
3,-4.207299421241466,0.24301600545814267,2.7846428753148897,-1.6550919442993253,4.0318073237060705,-0.20830386561407577,-2.4014851382305875,-2.0880248103179806,0.3770897415907963,-1.2970485291951621
1,1.0419269517947005,4.628126657453633,0.39000222424777287,-0.667188313557358,-0.8259642643330938,-0.8695693754831042,1.514031276927974,0.4460762166390346,0.3567743948889911,0.042927636658497324
4,3.8139117663292486,2.4159481014293545,0.9406717707899,-0.576719063210292,-1.50662753989469,1.482876880213575,1.078942085093186,-1.3117844813416009,0.31680467289328,-0.6048249832760171
3,-3.3287477369519585,-1.331467092625616,3.790379517290217,-0.8057044678765998,2.541254672766409,-0.5376500513732443,-2.6693372426760904,-0.5394766411561124,-0.6202288762974206,-0.3332086251888073
1,0.6901009164650151,4.665209878287903,-2.119183509433582,-1.4966344884032423,0.08686269286012857,-0.9537520898875048,1.445751907953982,0.7721494347340424,-1.3695649461259016,0.03229568181247776
4,4.081470818183557,1.7436772770342706,1.3409438464878012,-1.0966767268910969,-1.672129670216883,2.104918746971413,0.8245712458168475,-1.5958180962447452,0.36564260936128373,-0.7976394038750736
0,1.9606793960588889,-2.245273627089731,-1.472481912464451,-0.7359894745147335,-1.965397719598776,0.847437976575467,0.8345353472455368,1.103181856030379,-0.7859226070832112,-1.8098545088241789
3,-3.8302959004797716,1.5872808714055018,2.1590746338329705,-1.4616708710114519,4.5892876682054045,-1.578712359205822,-2.1860548392196093,-1.6594822093353063,0.8496719202580837,-1.1220548838016524
1,1.2112888181485568,2.793320808748869,4.974213753981706,-0.5445002478909728,-1.6141462797463373,0.5421029542009562,-0.5831941825234062,-0.8266604652503243,1.015385215552882,-0.5902331824825359
4,2.990858823196432,0.5722926637317455,-1.728855141745301,1.6314511751603005,0.02732679272449558,-1.6463196406457334,1.1180450349140925,-2.0785392045993096,1.2023834717717017,1.8622879650469368
4,3.337029227245341,1.0807146269289611,-1.0549333193915216,1.465403957480889,-0.18803219641985042,-0.3465350236881583,0.36852628788076425,-2.4679852992555382,0.24193021668610037,1.0199814181112588
2,-2.1103968165912628,1.6836340113806423,-1.5568668866829587,-1.9657679570917703,-0.025443222053878122,0.7128754941227567,-1.6520850940546994,2.6803057341132557,-0.24022984665943986,0.8351405476022121
2,0.39913372746291725,0.8581592412450927,0.7236965622976487,-0.6342655791750075,0.38289284151199354,-1.211190193259466,-2.213969021258983,2.4119925088231406,0.010034394544783923,0.7246352224597019
2,-1.0116068989084481,-0.05715756731850738,-0.08166807519288188,-0.7086865096175322,-0.0845225249145774,-1.6687007024263478,-1.527828155382233,2.5540108440469464,0.0689400299471283,1.3518435474933521
4,3.0602348313346117,2.4578410386362677,-1.4801374023470841,1.2374414588258524,0.08263117357550243,-2.2283172812526613,1.3129193976467124,-0.3353620034953994,0.8065214028671276,0.5237419483857683
4,4.416425563605389,1.6239872645317872,-1.0020095507156241,0.6446621634696381,-0.5527487750843356,-0.37607299999149274,0.4364290582474751,-1.382808970299012,0.22199424483949037,0.17101622522757132
0,2.3053044869584522,-2.83387856120615,-1.4897695281684091,-0.7533894901819104,-1.2561711788078147,-0.6345888447240033,0.6579380730359717,1.382908735111649,-0.7448791913839383,-1.8117778604618373
0,1.9248670159175152,-3.7554451290295234,-1.3567641976016565,-0.486338722736999,-0.6546931914853773,0.03312232565303368,0.1456072606508858,0.4059874965743214,-1.0897715669079404,-0.4803480968713201
1,3.042158978726106,0.21219997959713696,7.237553135749498,1.6213956812708097,-0.09749077887004903,0.11353216966778315,-1.7019281149677183,0.30368937778824767,1.8719129386937965,-3.381890867534161
2,-4.85894841790876,0.7727850479228617,-3.311438986840192,-1.244850194205414,1.8920086364601134,0.7078812599719487,0.37428593413708483,0.12402143933305333,0.5799000956401511,-1.6055012847753058
3,-2.858964462751077,-0.02181930086123482,4.136503106250911,0.10212872754430821,4.408178165958815,-1.435207014101748,-3.2985283760602173,-2.914750077324078,0.5873103415737243,-0.4722387061702647
4,3.4753029400011077,4.0371498792850335,0.6604005532113104,-0.45826238200543107,-0.5121364912225839,-0.05002950533665552,1.6709089797663508,-0.800067351580074,0.4939430244733276,-0.10961782420889601
0,2.5537755382217866,-3.282171362256505,-1.029652119961097,-0.4492749306513145,-0.3898724672954872,-0.5417378673915673,-0.6784157647518617,0.2352627226296589,-0.7631880248575392,-1.189767133380648
1,2.555593889104522,2.5571888986315296,6.577644565061171,0.1280527962068685,-0.30647297534139917,0.13088821783921079,-1.808266220945932,-0.42655685688766104,1.2906831354601507,-2.0560907009866947
2,-3.4205774109141083,0.7651602588001752,-1.82685485099963,-2.2587112630781623,1.6870041668046916,-0.512196138810196,-0.1401897780030906,1.2001887764726806,-0.7391594841715162,0.32719406778094046
3,-4.554762599181387,-2.2554663737325558,3.2773215967999967,-1.094059714833302,2.6486848817514144,0.9732831095513718,-1.3941126238294068,-2.5093168192686783,0.1646516137467931,-1.4027286434115045
4,2.926175030472778,3.594862414514019,-0.45925388619219465,-1.0203941713119467,-0.5805040935423946,0.11898518159164279,2.2734685211833887,-1.3690900749254755,-0.08722072606077966,0.513513148836302
0,1.564905880396204,-3.1869790251749035,-2.6446205041127153,-0.020213674095222615,-1.5240922489620714,-0.307224016603383,1.1442500343188462,1.274313150569098,-0.242402359262678,-2.066608576920494
1,2.039326738244179,1.4075041978301008,6.368996046270858,0.9913069059154959,-0.3062683614460317,0.08938839940927734,-1.643088951046875,-0.790003637287723,1.5854406856494605,-1.4725416283897068
2,-2.72412167597343,0.845725521254724,0.050402603416142035,-0.0009896555330600266,0.17035780692588381,-1.9665512912321543,-0.6531349184904739,0.7405286051818125,0.02827480328334889,1.4484873295765404
3,-1.9844315234139014,-0.511451810229112,3.7999710270991818,0.21421190813266533,3.297188524268369,-0.4181116005101904,-2.5060702904574956,-2.996805200634859,0.4518320181873744,0.23885685135383888
4,3.5652694100056506,3.264601251226915,1.482880350819337,-2.2278462560171404,-0.8652382248860025,0.35327417006324646,1.1305394651599823,-1.1059755053411189,0.2043370901248679,0.44382640745914836
0,3.553411054205709,-3.9476675206511276,-1.298038997474607,-0.6381554525532811,0.5001342410064752,-1.0018032390142964,-1.09055970490525,1.2080688415981453,-0.7851212775967769,-1.433148353432854
0,2.701639393599319,-4.1827346114188,-1.1218701713930277,-0.3525543758640877,-0.002547259610003613,-1.007751894388406,-0.4856617152737995,0.31697157661580005,-0.6378168187194713,-0.05612402637773118
4,2.383219063123978,4.044525412033496,-0.8927538845390588,-2.261362738547972,-0.5946731051009169,0.6027024162126445,1.9961253874273766,-0.6365361544062419,-0.9947071909613474,0.41379634585718467
1,2.5458212831004454,1.2080826362896948,7.569245051383487,0.5335464613188916,-0.7714766301928516,0.8104086074033923,-0.4739587503582809,0.7688660316583726,0.9900595615215089,-2.6533994682184523
3,-3.1426306124463856,-0.6373848829826643,3.6366514383607496,-0.537714834872984,1.337019980528388,-0.6259079223228943,-0.43925631182333924,-1.4121553509751257,-0.5206190226446934,0.9699163769625748
1,3.0081644361800493,0.1555478275788916,6.218378690515165,-0.25981316026896445,-0.9611587722811841,1.3095403356951265,0.21992698161009108,-0.30116451064376326,0.670539051838594,-1.6956359308844147
0,1.8500235866739572,-4.728844868324576,-2.002164224761399,-0.35165891177253245,-0.5326411302175845,-0.4225021731978705,0.1592589388902443,1.3324586903516547,-0.1606643898224566,-1.0922424354635991
0,2.810497605737906,-1.4697453643387175,-0.5056135373567907,-0.7397398081291554,-1.4434879858093097,-0.6367714955576225,-0.11299144866925186,1.353562805363003,-0.7849991113961443,-1.3289160633369776
2,-3.9901427977329833,0.8022394580199255,-1.7959349374218767,-0.3212557255939922,-0.054871733368023395,-1.0988585861295341,1.8026824310951408,1.705557999103435,0.1566927865950604,-0.11762224798685622
2,-3.9725392065397496,1.1090077632188764,-1.8820004487459856,-1.202935246057487,1.119895970978842,-0.6612407863707629,0.5414546391350714,0.603585458568067,-0.9003031380690679,0.08740142153024262
2,-3.009151677306489,1.158563039398317,-3.8281053575278263,0.12254929847815066,0.7147868736148721,-0.1709164790682886,0.8754588586407416,0.3559280046688371,-0.10079227429960642,-1.2503825453875366
0,3.067291336844961,-3.2600002177608136,-1.5707829164330818,-0.6296783947003657,-1.1452341714641137,-0.343070776466513,0.37739065448510856,1.1705380958482678,-0.9519791970108631,-1.341112952712245
1,2.2348853985687858,2.70805016148999,6.007969521805886,0.22339668848588806,-1.0310495800170207,-0.45043086144268646,-0.582536724631406,0.46827427082753476,1.2070875520346547,-2.1730206708152617
2,-3.224034445079151,1.5050019107218362,-2.889254342992514,-0.039101417712493,-0.1605485263692699,-0.6724624944683556,1.8117824276952526,1.0348440678525461,-0.17922709277807433,-0.9285203071547949
3,-3.3909935683946952,-2.7238011167596388,3.322828214295448,-0.7372946673760714,1.4823978403339673,0.6738619542317217,-0.8201710359420659,-2.8702743393517296,0.2627552515278105,0.029842299444228133
3,-3.024699190428731,-0.639428350545365,1.2822337086502593,-0.9991389496575496,1.602833427124964,0.889854292767745,-0.9268531590217732,-2.7131050128029393,-0.5500677113604391,-0.06313736337768511
3,-1.043887764982138,-2.7295667080486545,4.931654350205846,1.0836508732908852,2.549942109806185,-1.3788649983371164,-2.0282467706933582,-2.0109537460297853,-0.25366037346144676,0.9964128376908303
3,-3.2819035870648086,-1.1394535878552718,2.6666450330148592,-1.0138302138614363,1.2652998237802942,0.2276339498578011,0.10328230565416226,-2.606171044351996,-0.49043834176185996,1.1474268869210487
4,2.7751760717651464,3.6365385066546576,1.1504134605268372,-2.0733392465840037,-1.1403675048349988,0.9706303970372162,0.3651187085100262,-1.0327771073720606,0.9217331847877857,0.21310349011883242
4,1.790780375123774,3.6832977595378664,0.4576646785752851,-3.4401766951392427,-0.4814958103692974,1.9771402800256137,1.0165295791388427,-0.09690666544679437,-0.2726983694087708,0.35246830752066993
1,1.781411621525672,3.233313236516963,4.338436641681492,-1.5748927451709736,-1.4945663441763373,0.963567107415879,-0.1327611193185456,-0.5973178962145278,0.7110341540630598,-0.746363904103832
0,2.2449862826571647,-4.094434303293305,-1.9970469948810419,-0.6155544215192962,-0.925888133199606,-0.6192142298076495,0.1537449406802361,0.8496370974739694,-0.39045439051100966,-1.0713594834205782
2,-1.6094710080980899,0.9652026733235407,0.23575514880349172,0.44812467474808,-0.0476129869533297,-2.380922761957584,-0.8802181787247692,0.6721404884529292,-0.7579461844821208,1.880031668132594
2,-2.5156127767737733,1.9466106542747985,-1.9018545809964547,-0.4810050171496782,0.3931786038774252,-1.2348670294751258,0.8069230781533484,0.8987085129867658,-1.2485984294748382,0.5840740256357763
0,3.9193730648831866,-2.017260564373347,-1.5962494439455233,-0.8705619575722243,-0.7919679256207627,-0.43431597191038673,-0.2629322939584777,0.7975941983820917,-0.8729127871925059,-1.6321326824574498
0,2.601224557217722,-2.3091935753095574,-1.9409732328024834,-0.9421963765481173,-1.5610981079636972,0.34953067691640677,0.5869164439045327,0.6782329464722984,-0.6514947483507759,-1.4243336113675136
1,2.657295720452631,2.2146432807362784,7.0651117495986435,0.9663535258394625,-0.2323560494088425,-0.15882798072017343,-1.3800201352880395,0.1780884781336181,1.574586938428143,-2.9701462405597927
3,-2.7123413364828757,-0.7237581433074887,2.7680153485174626,-0.6336901418010784,2.1081326713638,-0.5386560464594297,-2.23571187738157,-2.2169014955510713,-0.26778523930325804,0.12926921997180618
2,-3.5033782727594893,1.3396372755325374,-2.91667143622284,-0.88391430084852,0.48437103593712083,-0.66635745521847,1.3331714471029068,1.3927308217060506,-0.9250410589660908,-0.2792713375609915
1,0.9950831269484934,2.3520410279433044,4.967838833826642,-0.892491754044488,-1.041454683119279,0.22485100319068796,-1.7325963844381937,-0.853457341326991,1.4672263121619233,-0.16381808429674427
3,-1.832223753568046,-0.4436977507585368,2.6537173001310173,0.025220976995563728,1.0620517985895281,-1.1745589559700795,-1.2799281116969055,-0.9509542883013802,-1.7638577142778744,1.3542942802985085
1,2.347673334299873,0.9386635605674608,6.85052651605727,0.4483572757411151,-0.1869986253515963,0.3529662028398814,-1.5259816441736667,-0.6395567115259354,1.4514606143935205,-2.3151394145284496
3,-2.730711322659373,-0.0819703940847487,3.1754659327344372,-1.0417337575573105,1.3409401214417311,-0.37844478117779623,-0.6533916782022827,-1.4157004267589541,-0.8923886986932575,0.3940860674797164
1,1.5721910103957732,3.246148978114149,4.936797146955852,0.49588975815989494,-0.8337489217737402,-0.17616954315942415,-0.752696924856228,1.2008198114782882,0.8094629643687185,-2.5560259788240804
4,3.2419836600134393,3.842480008772333,-0.8011066486144316,-2.383090812286158,-0.7144942511919625,0.5977307526520234,2.016175286681033,-0.6907637925703806,-0.3111434068457879,0.5788871291932521
3,-1.463807770878684,-0.9682039305595,3.907086997618363,0.8504103722423572,4.156792619751327,-1.5762347493764073,-3.230307160429466,-2.457247356296758,-0.1631562594415169,0.23728506829447943
1,1.843301507370058,2.869970661500488,5.335124443525472,-1.1132445417931742,-1.153296125498083,0.4562402052281225,-0.17280223125172037,-0.21059851979801358,0.4820164783911317,-0.44504898725215103
4,3.4294858473147505,4.083871567736301,0.6394029793693736,-2.3768740334200773,-0.9219540201244921,0.761795346547468,1.754056933702233,-0.9063891476087977,0.4612383002071221,0.1852792404050441
0,2.212902565406469,-4.891043179306474,-2.1410358195550794,-0.6897459806422166,-0.13512158225517712,-0.2514292745459461,-0.4735595556301057,0.7359471380821505,0.008909003483946376,-0.5615987547320571
3,0.0024129387378911426,-0.3196218064348475,5.304427095144268,2.6281262027425485,3.1547312416950524,-2.6875325956422533,-2.9735037668955786,0.2591145667738978,-0.4332056523812895,-0.055047307643278386
1,3.095366162902911,2.745957543459004,6.045415751095938,0.5404929062408141,0.2879784076860984,-0.15209412206489165,-1.271024192027069,0.8605255179127297,0.9140174688613685,-3.2621584388510656
4,1.8492036141205104,3.789387288011092,0.27806526984542845,-3.7398963260350633,-0.5661973470578258,2.2137077270423995,0.5358231780205087,0.2610404405557516,-0.14399117536116335,0.30614653179913615
4,2.9458446132732825,4.3787875359243325,1.5588923255441554,-2.7708109940848837,-0.9596644010049566,1.2221466356532213,1.0604863153925044,-0.591221732463953,0.3612706144369794,-0.04342752231014015
2,-3.954765323246466,0.3353646030098275,-4.6334398349100026,-0.03271051240443721,1.6164524023763829,0.8888967397380088,0.234948182922051,-0.5541250067268473,0.429101456419642,-3.047103586496355
2,-3.7469738837735496,0.1831837347476897,-4.232368871410821,-1.6455010699971948,2.1289746241799308,0.7567539887250039,0.22500873729578727,0.36221923004716466,0.4584445559247855,-3.0148957493177084
2,-2.499839261801631,1.7719438366395015,-1.6527184074662553,-0.2528637536769678,-0.40801113173584064,-1.8114201246753694,1.6000915710855286,2.329143818191158,0.12213074789376752,-0.1720710911715775
4,3.0795959216878472,3.221460407328591,2.745157071745748,-2.431234877889217,-1.5723166725860644,1.9525158006436547,0.7581998595928986,-0.9621627046690269,0.6113221889797148,-0.6716576977523326
4,3.3544124290462554,3.6147128252084513,-0.10260963852416885,-1.649027256758088,-0.6295209836044828,-0.10834676348220469,2.0691275898536396,-0.7658359033214183,-0.06535347601433952,0.3013913721365925
0,2.724799575073768,-3.4526873922364474,-1.557050145178459,-1.0850048562859107,-1.0543074253487488,-0.24714830182403805,0.1573913557958904,1.1902096005289842,-1.0975429213231036,-0.9698490710253426
0,3.143348253003964,-3.023497961900681,-0.7537153297108369,0.1510268938015945,0.8196968846498514,-0.5299856565453809,-0.28840303716784665,0.9360499661735447,-0.697700656540252,-1.229541947489492
1,-0.28495755634400965,4.0289582860626245,-0.5716311773557331,-2.2938964529759907,0.08660941787934893,-1.3138730555373246,0.6147963990082199,2.1555014187068484,-1.6100951930834546,-0.04394494005111707
2,-3.633788343387822,-0.0707287102389607,-1.9147636850904144,0.7462014743320049,-0.37385835167008463,-0.8033269296227503,0.8642815233527152,0.8326772167987251,1.4886074695151386,0.1940568624795584
3,-3.6200428480074316,-1.1700948772885054,0.8780477537549523,-0.711177507929624,-0.5337494713899569,1.1259942891627337,2.2698995713523886,-0.7819642248303491,-0.6073648701825769,0.8792589733783518
4,3.6609520380401355,1.4339606766183979,-1.5260933457250614,2.1726829506920966,0.6475329854077826,-0.9703177818233382,-0.2497386046885267,-2.5178469234349397,-0.006400618081488979,1.0297097411124847
0,2.526712949001558,-3.6400433540549835,-2.2103504408723436,-0.08393975984820003,-0.13221331304655387,-0.8095174714063795,0.16129368311820336,0.5086559270884927,-0.6602684075720293,-1.1407102162744795
1,0.6207662314444987,4.258208347054407,2.8608456842656995,-1.7634369708769535,-1.0849784293258902,0.5221991848432652,0.3075017023874916,0.1404819022490487,0.4847879166080631,-0.235143791624365
2,-4.264199585568265,0.10590529874738623,-2.427308554088637,0.6676520621520998,-0.268110833500824,-0.895973301246473,1.1485428475000112,1.1233156936550515,1.5206216016908733,-0.20778919450075164
3,-2.375688929036455,-0.2188499128783046,2.0792676643851378,-0.7291605258388666,-0.7756317668272875,0.2097494954181794,2.092463881911302,0.014623359291676385,-1.0759164979207945,0.5542854898380624
4,4.46105007834866,2.087344212333263,-2.1026437884734,0.9780462134184872,0.4992608017951218,-0.39225867556192234,0.7983565521110675,-1.6046402739247991,-0.5291523443403342,0.5931719432947468
0,1.7108868921321783,-3.537339496228198,-0.8577518117868584,0.2554348430885667,-0.03998835183864442,-0.9004885934316829,0.17597205518526204,0.9741022080543877,-0.6475363638222428,-0.9502848409770571
1,1.0761381952754603,4.018137307772258,1.7075710536020117,-2.4384912794586437,-0.6790247746391769,-0.31051179334364876,-0.6853134497413933,1.883377508862344,-0.04159174415658297,-0.9693447256673916
2,-4.6339931935742875,-0.6149812703996304,-1.3090835339112592,-1.0907859136531732,1.0460727745630833,0.2063373267133741,-0.702959226304346,1.1862559407824258,1.1918984577223333,0.0949487113923182
3,-3.3115302801349893,-1.4443779554037115,2.241360448702095,-0.5342944574291598,-0.1914455402102365,0.4705261836637742,2.18780294755409,-1.1816725627794364,-0.5062059891079306,1.8882925307299265
4,3.4837566071550765,1.071998496267838,-3.1974124990671995,2.1060837885415045,1.0066546816258997,-1.7297550460210824,-0.5961161845591457,-2.331321935432326,0.3962428994128964,1.3455887832096418
0,2.964169914148942,-3.2314855627879386,-0.03299964646777403,0.6816850660454097,0.9414330866277725,-1.415594200141557,-0.07702436069010503,0.9763378164887746,0.10262278262160317,-1.1744652349404294
0,1.982437301438516,-4.263361283360414,-0.5223888420864365,1.065848796508228,1.791663674706835,-1.3459952080958164,-0.686919765017764,-0.17697749641610325,0.19656573793725313,-0.5083031569874672
4,4.650762501708416,1.3587972861174382,-1.603829872792668,0.4729590946099244,-0.43529246541476474,0.30719118389937233,-0.3058151130038774,-1.6813591133665944,0.4869314961954482,0.376835860296031
1,-0.7617462092376551,4.284731441499422,-2.719405888986352,-1.3218855192935912,0.4527057968491326,-0.8851885275590425,0.6546203210690043,1.1202864235162389,-1.1316880684314348,-0.6230927658492637
3,-2.935380063232934,-1.1782556495293226,2.374251057077754,-0.2956998451595332,-0.8389780117648781,-0.15563412964232048,1.2066023673797643,0.39424799078974876,-1.158046472141928,1.1442274472932035
1,-0.35908779255171563,4.443098416586803,0.4594315593211451,-0.9204265973127308,-1.006523836956548,0.43795135046299233,-0.2417080491272272,0.7208005516883156,-0.6204353411492539,-0.6552208779608806
0,1.5728698924765545,-3.2982581540818448,-1.57877081363958,-0.24399412393676165,-0.4429061287642449,-0.07317319991594447,0.7805410937979647,0.7329138741790984,-0.865268494023678,-0.6599017778646806
0,1.7168602432389262,-4.7353155722949305,-1.338126987176262,-0.0826808229846298,-0.21696775759165385,-0.5453224318993295,0.35098031325880974,0.9908907410036998,-0.33224633969950756,-0.548665576701236
2,-5.445574285602588,-0.7091274742682263,-2.9830305191331408,-2.271954637633702,2.3736373181853274,2.041330946254013,0.0951515431397231,0.022126209232955812,2.041142774255568,-1.749946574868853
2,-3.300783141500481,0.27616141334362365,-1.285762471908184,-0.917785651971651,-0.00035790049521048446,-0.8560204116022245,1.682649252290495,1.5821046499843252,-0.39063583502704785,0.40646722520117773
2,-4.103367721439776,0.035861589043872204,-1.2938659260961556,0.15816797857690673,-0.03982857248178928,-1.3829714418135168,0.96675641848289,1.3497700342923085,0.9984451159354854,0.7335952641796469
0,2.086607992940332,-4.1681756427655205,-1.5674816355122727,0.3659952208737418,-0.03444294062183277,-1.2346068556618073,0.27224183207391267,1.180198419771201,-0.3065837154803248,-0.9679359154937511
1,1.6046133635663202,3.0729548438608028,5.44029089598459,-1.58433272301448,-1.019405636376615,0.588794456871237,-0.9784476461774444,-0.0049411239829655895,1.0734371754854792,-1.2609989750074353
2,-5.559478077425965,-0.5994006817186804,-2.864145788150406,-0.6289097475387497,1.0956189668364018,0.660984997359186,0.703579605571317,0.5561610815434249,2.4379187161748526,-1.7698081490752489
3,-4.93477782931166,-0.444054377271965,0.5165894875105749,-1.1657246873393954,0.6919670838839627,1.6417473496705648,2.3651914161750565,-1.507098775577202,-0.33676586949032417,-0.22137274872921786
3,-1.9549309434188302,-0.9605850398858985,3.114200644755468,-0.4537510785743372,-0.11383132457428141,-0.8160982149598832,0.3931834648818677,-0.1581269744826205,-1.4770747822387393,1.5185320035800145
3,-3.866398293310612,-2.1788775724788545,2.8799605834190247,-1.4558776075561304,0.5326820806685751,0.8931111919320535,1.6197125630758744,-1.5623046690144606,-0.5551757360470744,0.5190555743817602
3,-3.24771842193723,-1.2274581474037984,2.0140214561107213,-1.3898983582715347,0.4900889952220721,0.5664478017818175,1.8612062244148602,-1.2842493759176588,-1.3236255234176624,0.818226013088358
4,5.077899184193266,0.701283446165334,-3.128247110220174,1.2403814905305262,0.7000995572340875,-0.5334098219478401,0.23444400668558288,-2.0043708071646473,-0.009384585180894939,0.43873125551391484
4,3.7772035943313704,0.3423611424828287,-4.264295369340907,0.6910472879624335,0.9383677304038303,-1.5678630672765446,-0.6067528039451626,-2.3252228226894722,0.2574281481822343,1.3941008862848698
1,-0.4320879827031383,4.131018521502545,-1.5100985545325465,-1.4826298882864113,0.11241323027023895,-1.3543780448031821,1.1212155785280689,1.5486937947370674,-1.5829358837482745,0.15750954270239786
0,1.8464764794385384,-3.1014988319428327,-0.9117814985920153,-0.3377133772000021,-0.39717429833290985,-0.38609289249761525,0.41794674099544366,0.6506542517606876,-1.1274860370575073,-1.2373029601873144
2,-4.815757172156765,-0.42352696402390727,-1.7126989542641902,-0.36539151251418417,0.47371445889675534,-1.2302649941458519,0.6495851058084408,1.6013426397296329,0.8376821624583712,-0.5333727802055582
2,-5.275691788785131,-0.7361540694387079,-1.6646653499937787,-1.9208248164841097,1.8422745956679811,0.8725687238553977,0.05355206935217972,0.5127561397141438,1.0492949832631882,-1.2198737710418703
0,2.8577484856151467,-4.246541509542366,0.1342343998979043,-0.4649839156738582,0.266050881837557,0.27070470038316546,-0.6897621551322932,1.449528645846016,-0.7340573512263802,-0.9765795024420778
0,1.6779057515761566,-2.970438380243077,-1.3142292087005327,-0.34781019274786,0.11139381709173443,-0.8404596600205859,-0.39198528980984404,0.503450247772255,-1.0572249284540511,-0.826111642986895
1,-0.18807217209003332,4.706414693795848,1.4201757923371392,-2.0269684718752865,-0.4428916850610764,-0.8604433861694287,-0.012311242967304525,1.5619467764506287,-0.017647966117827096,-0.15686955922918797
3,-3.1003083170631713,-1.04007735617802,1.9132490621641847,-0.4527434041246834,-0.509591764079328,0.048218363099118436,1.965582437524307,-0.20753843482336268,-0.9839544163021069,1.271227217935725
2,-4.090536457461839,-0.3804079601913726,-0.47071245593705785,-1.128756783694254,0.44390374326391313,-1.0094891920639657,0.5987860197787447,1.6749706448513422,-0.6133089287111297,0.1425287457840901
1,-0.29331222996164075,4.125987379896621,2.3807048392885455,-2.0070813898286506,-0.7490752853625176,0.4776827863368822,-1.1247007578415125,1.0679207711762257,1.1025996603217003,-0.49413399669450847
4,4.021764962523316,1.742402614466216,-2.4234369994731755,1.0454970986213288,0.960992052571876,-0.8034504023370154,0.882393415160767,-1.7384020463783483,-0.6368806545073151,0.6970144799373238
3,-3.237913367025538,-1.4676366468994335,3.8476148091223985,-0.48186051140641,0.12046930183417454,-0.3866282159741632,0.7475990826877519,-0.38086101658471233,-1.2066675986956463,1.3863251755711261
1,-0.1662631404152594,4.461102352959269,-0.031801226989180635,-1.7896388905058458,-0.2599203022121412,-0.889929479548321,0.3191357146922566,1.4277942122225695,-1.1688367975346667,0.41273301684257185
3,-4.388813487507308,-0.3189050671140121,0.8761381936029627,-1.8089906981898405,1.2065408876734867,2.196515397182457,1.790110446046673,-1.9685926363150947,-0.2633055953158613,-0.3001828209463374
1,-1.0412982666377995,4.70844296343071,-1.753617819730492,-0.6517269450172583,-0.24866425162418535,-0.5052732862532737,1.2530542485828422,0.8428915943536976,-1.367826564101509,-0.1268329738609552
4,5.750257721318589,0.597062760567679,-2.150251758908927,0.14638298196253063,-0.027686319762141542,0.9782061418760742,-0.5116144688793166,-1.3853858107597288,0.043143581434403555,-0.24000001530583967
3,-4.07227515012482,-0.4512987995044174,0.10736813634402693,-1.371376138095822,0.9445026591339614,2.1784932326700157,1.915834682603087,-1.9013703232551151,-0.2813889743573837,-0.35662385820369075
1,-0.8352182845139411,4.21899529699139,-0.25807920483972596,-0.7704437795918602,0.22811094525260298,-1.277739024609094,0.2920386012035086,0.3958680611956457,-1.4922513856867472,1.3054062893465386
4,4.261378828732034,0.9961607271186543,-1.836644291975096,3.22546404494464,2.9170208717103883,-2.1375071419968092,-0.12955090754832174,-1.590896391539251,-0.16070929444240997,0.7173048701672406
0,1.7307707412534301,-3.0968691585087136,-1.9092045209999202,-0.32844648636693935,-1.2082857040682922,-0.16574507084873444,0.9866256643137602,1.2696029143617336,-0.43217921861215736,-1.4205745884888474
3,-2.738423517894571,-1.8492096449907844,3.0722360852275274,-0.4854317478192896,-0.6924154142374411,0.33409201276928563,1.365704453743691,-0.4162084451084047,-0.663409483359309,2.1277952467258814
1,-0.06735802589923243,2.504597956905183,-3.2037994764761466,-1.661266494772597,0.9850349265365737,-1.890440565773255,1.3621922893111282,1.266766642899604,-1.0905777171800257,-0.33489476708648597
4,4.862647093494879,0.5773316280248562,-2.84133291829319,-1.8453142189817142,-0.6289443661905668,1.4654388120369286,-0.23961421654661785,-0.512035875292674,-0.2782372028661305,0.07248863910325183
4,4.442869646705432,1.9267179177437956,-1.5665782927624718,0.5028950612321249,0.05603480700265518,0.025823477050211808,0.16757279579034115,-1.9810786706532932,0.3809627523906081,0.6257947824502148
2,-3.6285829454647187,-0.6477920098712101,-0.9208907412588484,0.008914903790726727,0.17612889456994654,-0.8893098829930277,0.4695407263294278,0.7304800245467222,1.6233036508515664,0.8059945816564482
2,-5.142839624378282,0.07878429674298222,-1.9756812038113731,-2.311129044838652,2.373321619606792,1.3594812509375913,-1.0185412070045679,0.03288073835220986,0.922759306018004,-1.369612515720526
2,-6.308897573402301,0.20997600836812758,-2.9826615794885103,-0.6788628757987506,1.9535043452064729,0.8457221682339953,-0.12308542955869273,-0.2927676688247818,2.1825399537898957,-1.2382976707755995
4,4.628105285652143,0.7504092602260204,-3.5687245153497047,1.0726680322610318,0.9091523985028974,-0.8191987179631287,-0.29657669550198423,-2.0622731363088596,-0.08772713992512551,1.1083442958547978
4,4.836011993778815,2.0380769567934505,-0.781591182779062,0.19819502079073076,-0.3580574922844679,0.1284713931906684,0.9553055194940698,-1.1175100332387375,0.05738507830882858,-0.30228774925011354
0,1.582156375698952,-3.847397686704906,-2.0816570166718993,0.030979306476257164,-1.0919720083549875,-0.2963959722004887,0.22257228935498374,1.2015421147241168,-0.5197751702061114,-1.6501553461588754
3,-3.4194343295555605,-1.4567184256129306,3.1342957280294046,-0.6027120958473767,0.6641651395076807,0.09950753176757374,0.2636544649211049,-1.1532528365286827,-0.2765715876635266,2.0720844743566893
0,0.8319436047204025,-4.826766198230298,-2.09113631619163,-0.18119673059714517,-0.8228222655823885,-0.2229806243615636,0.5684516597062119,0.04914636509411344,0.31727970205651085,-0.9626330154316628
1,1.7634112614157353,0.49774192670966066,5.945059647945081,1.4643279930971302,-1.8033908566946175,-0.0446928322942375,-0.9874053101986145,1.3077389694660673,1.8119468601003597,-2.6074192840607306
2,-3.9471022788744876,1.85275072723254,-2.4943346601630005,1.9391868407211852,-0.6919439041807582,-0.19335544713331485,-0.45126156436425174,0.2657479563245092,0.22951358085210188,0.5726233489628245
3,-1.7569105436286767,-1.7159436544248992,3.4787394254115944,-1.0443936925715434,0.7826285922854956,-0.3431546270700132,-0.5514335259221166,0.24640016489405828,-1.3033185290349796,0.20672161557794677
4,2.6522916890000907,2.6766824314514457,0.7319882993649811,-2.497356046424388,-1.1938150579593323,1.5447513060912026,-0.44821694735620976,-0.15946504319957827,0.186936547379547,-0.16199169967857524
0,2.5318183192554695,-4.835145672482649,-1.1813868667773977,-0.3174595100073232,-0.46678046196848927,-0.6323130583043371,0.15425331080447233,0.656780934505061,-0.2215309390700325,-0.8018508039071482
1,0.9109503469576161,2.9767047921381606,2.2544934743090406,-0.2864744307938309,-1.5822393165544768,-0.7445303913263198,0.2581281787187607,0.945304022393932,-0.20374302770245845,-0.5912601443671137
2,-2.7223047277298784,0.872722316371447,-1.741369772354712,2.746083919209714,-1.666365461818169,0.2748776063272419,-1.448272569680664,-0.3844206948192688,-0.6915834228416448,0.3479468992107611
3,-3.353941509802494,-1.9341717807086092,-0.35084709906190364,-0.9698787546349042,0.01563571882335209,0.9756899649940062,1.4542143149786926,-0.47973236109761946,-0.694259270384568,0.008977807975110661
4,2.8028615121456872,3.0799645085609377,-1.656900655255249,-0.5810841449240091,0.16524465933643318,-0.6917694940012782,-0.5160788019535986,-2.000221435923657,0.03266089143259576,1.615628522595218
0,2.39718806638825,-3.821413218111679,-1.3668044577321123,-0.3087374857159232,-1.0904241672468786,-0.7723482018859039,0.0785900977662625,0.9533326326564021,-0.7497885774119066,-0.7733067032427127
1,2.2343466251673147,2.3982466812116776,3.9440214442049735,0.031654460285543674,-1.2149985518177788,-0.5323072684801624,-0.21495162377824412,0.9893837762627621,0.09248572801758775,-1.4283696947972653
2,-3.3625812635579893,0.9934796722630683,-2.340617386378788,1.3565569585102246,-0.6051375411353334,-0.35241108922399056,0.3178846757846814,-0.015502698682215068,1.6264396526213722,-0.680737015328949
3,-0.012350893032443713,-2.5477688425013643,0.7463079405465489,-1.3375212103138037,-1.3772749917286995,0.5917332838989917,0.3470033670394203,0.4410048597490221,-1.409373971542775,0.8126971518844125
4,3.540490863697822,3.2922413576637006,0.7461014900473942,-2.0907697456291356,-0.989477262300186,0.7632842996221462,0.1599527403599749,-1.02411990339482,0.24867954989593594,0.1678716368724725
0,3.3971230435329307,-2.845005542304553,-1.7854516495948445,-0.01400924709476969,0.2992798867536577,-1.5165057091352723,-1.3766052440792376,0.45492041913753894,-0.3654091380895016,-0.5916087220758408
0,1.855390062581953,-4.1895803029112955,-1.630715712094632,-0.6763186937448329,0.07461160648148434,0.17773708090407578,-0.5597512252729591,-0.21539509437716525,-0.240422839437041,-0.6133554032646977
4,3.6227012508830536,2.3595809734694675,1.1147110740919421,-0.6870274868017949,-0.7159759712575113,-0.5668049479968701,0.10695147742527941,-1.1613398600536378,-0.014043984957146649,0.7035149185659186
1,1.4367317021350534,2.2194352100504426,4.431488164083758,-0.289606057776863,-2.4364924340462064,0.6012758350873456,0.15633595257376948,0.32052282543788624,0.45886192919522983,-0.931279151465397
3,-3.044170560333072,-2.10498067986203,0.9517983445928831,-1.8170205251991494,0.005615547188024733,1.4584390088121475,1.0936076083242037,0.6297025420442739,-0.19817217784120666,0.7995236302258014
1,0.5585902130214107,2.8741936250392253,2.2606543130507544,-0.08501243912149563,-2.0753789411024024,0.11173227395411917,0.7175354271458884,0.7718145810621782,0.3852513248000784,-0.6004481307748576
0,2.084073897780628,-4.576547541078802,-1.8886334491350942,-0.19442879815093883,-1.1061251424389071,-0.31094498026437584,0.4666504436107904,0.8625052524364678,0.2648919424479371,-0.5334016050033393
0,2.462425062715807,-3.235280432954238,-1.4059934578450473,0.04790998910032782,-1.2260366445905695,-0.8829294597877692,0.3777960804717821,0.8015903329710398,-0.1231731313046862,-1.1276565688639326
2,-4.287379892370082,1.3822535641726703,-2.146926632801041,3.456729141258496,-2.2416970588417766,1.5337176773106764,-1.6884884426376736,-0.3826661870654788,-1.2407555966403412,0.08613994229234986
2,-3.7751384707063256,0.7941463470318668,-1.4388705659531487,1.0914451618670986,-0.37014781303300476,-0.1667531996039103,-0.5172612149426311,-0.15649104283750995,0.8705590190475438,0.34094404065960704
2,-3.6259366648160385,0.1369165598599321,-1.6144531324717972,2.2456042290480163,-0.6378135703933246,-0.5232233220480298,-0.8168930600286161,-0.572623900896839,2.049207041020777,0.09836794083648015
0,1.4395849029614545,-5.251433130427737,-0.9310588884699095,-0.49056485280328227,-0.5437518181120125,-0.017078487346612846,0.06956599488048716,0.3247009381835345,-0.02312883730651928,0.16700847506476768
1,-2.259396463824203,2.5829901525956407,-1.5265607754262918,3.110378103917038,-1.8549529415167356,2.1287590768845517,-0.45476770125018007,-1.1578965761332523,-0.42643190939489506,-0.2253245515068536
2,-2.7338139426973966,-0.1608163375878878,-0.7710099463005474,1.733839371887956,-0.5728668708434951,-0.7378114676731329,-1.3226777293727772,-0.5708352170298606,-0.10947202674238221,0.8152371855531082
3,-1.235113905313997,-1.2570928508807844,1.323416281414049,-2.2821818274324497,-0.20787474099104705,1.1664083347044276,-0.4712513389920297,1.461623766290041,-0.5636686305093968,1.2047290769817212
3,-1.6187097393004373,-1.4450951510915586,0.3453539235427818,-0.7267193211635383,-1.3461203206805343,0.9131404513691702,2.73074539502098,0.33805409947288545,-0.722923490371726,0.3479325419230508
3,-1.4040066453324023,-1.957403692914765,0.9638815588247693,-0.7114008156408941,-0.7074933386367883,-0.15236724629167922,1.0356253799705377,0.16210006995792728,-0.8865789030190893,0.9578558313034848
3,-1.774653222153298,-0.9571335539130841,0.20184816196811542,-0.6074320348050687,-1.141245888989604,1.1938013245963948,2.2567166561421015,-0.059984745548026554,-1.2870493421787186,-0.05953468535991196
4,3.918266636553091,2.3772372102330728,-0.3911214786823215,-1.0876094274343568,-0.5463146787995785,-0.0289122060974571,-0.5913434232678505,-1.754007064999244,0.46180558153599527,1.0751618891215877
4,2.601891027012161,3.2386263644303854,0.7570824893935437,-1.4139624524446932,-1.20789857777088,1.5035821778856744,1.0394634035613028,-1.6028067762627967,0.10846549959088193,0.30511280490792053
1,0.9639145759722444,2.8934584987407743,5.242747709577615,0.5428500129835818,-2.129291268237796,0.10902591853494237,-0.619231095147332,1.203971514980313,1.495468326789081,-1.9697169244006216
0,2.5964183955671727,-3.7646010609860387,-0.6631375510361277,0.4638881750669966,0.19448518772581802,-1.376482743741038,-0.2897424102418726,0.19907313758189837,-0.33359590483600504,-0.4961915597634481
2,-3.435851207443015,2.121039821534607,-2.3635863590877313,1.517085717961851,-0.7277437237803649,0.2394710992598983,-1.4636137630492705,0.1314707970495261,-0.5098830673243038,-0.07441024089505077
2,-3.7423631312792716,0.9719684322663654,-2.8283364453308084,0.6612083742544869,0.16075286273886352,-0.6048106684424325,0.34826063886132147,0.49009750167533844,0.6765147985473426,-0.1118567491797646
0,2.672406216418299,-4.917629167450225,-1.0044837605976533,-0.6290567917503782,0.37727774767540795,-0.135943728100513,-0.6812257198081108,0.3237814797421301,-0.22829153809317942,0.007743128913662238
0,0.809476443547738,-4.276025264843033,-1.8272524097267708,0.162037387586408,-2.113980648473635,0.09873239010627324,1.0599494044484166,1.1503509842840762,0.3891225910983305,-1.2905791915025973
1,0.7868200451082716,3.892330485900803,1.8117955786534214,-0.48076289366347275,-1.5668270024548885,-0.11793765735790714,0.9971151943962379,0.7190306205790448,0.2661560082133258,-0.6541442249043921
3,-2.2603233065451582,-1.5151066779882554,0.039924508988241195,-1.5033365366829101,-0.7780092543801338,1.623590111504474,2.438080023866574,-0.2842946659965583,-0.8209070570187736,0.6486361019125956
2,-3.443183425240497,0.46362184243416443,-2.7524992953354586,0.5609764194193402,0.23285836658779469,0.10249584678446275,0.3139047870825491,-0.06230692268813983,0.2049001802275595,-0.8820452876906509
1,1.3976871103785151,4.0557371863106475,1.6716866687405274,-0.8346660566369613,-1.455173097480191,0.15877499383654622,1.0117340773101255,0.4527391124918199,0.023094232167958927,-1.0792191246890055
4,3.5446421672771824,1.621491880290423,2.6630494684292363,-0.9614338725340934,-1.3384134348568408,1.1598191222303675,-0.03451819923213305,-1.3060153143306912,0.7761799223846793,-0.7388004174773977
3,-2.4595182311183903,-0.9051460737534867,0.07588589626312366,-0.6726767930663115,-0.8901348070208074,1.4064782500639432,2.1316415380820253,-0.11216322164831427,-1.4651807625295414,0.21562139856234824
1,0.4932362860120658,3.372689244981962,4.202181930446708,-0.4979363299126394,-2.294363155793763,0.877034091501932,0.038396687887583325,0.34144655969407445,1.0070942532015106,-0.9136381150259719
3,-3.834071639353095,-0.8273722984787488,-0.3581314805378194,0.8579699019549794,-1.0875643520548175,1.450732155884476,1.9261743086334893,-0.8632264814264912,0.3287351519962772,0.5217993322908655
1,0.9493005219184805,2.9727509455327374,4.346049025718998,0.542396862023578,-0.970057476582431,-1.4227223953610149,-0.5003841905550727,2.1604230054576656,0.7057223965181494,-2.312009048106476
4,3.6607565840683143,2.259874299849642,-0.5999972042213327,-1.258755144382448,-0.6256103764300074,-0.30120732808344897,-0.9761477272117863,-0.9917918808528885,0.27029750180333595,0.707570952115693
3,-3.9927301483877864,-0.9611171697952473,-0.172418988073778,-1.507561458260478,1.0303843234250465,2.4542910377482294,1.5815146213893467,-1.7694159264859506,0.13771488686227437,-0.9374546996347718
1,0.6074306829225121,2.545738446505935,2.4844184160393215,0.18273771865055427,-2.301934174646937,-0.11738309576853403,0.9853808134127511,1.0458359468093452,0.6347169017789825,-1.1580713127537663
4,3.3154149373424087,2.835812575654873,-0.1099021936508719,-1.0198689757352721,-1.0052536404602808,0.078207005235983,0.517214961976253,-1.0690611997411006,0.12802260651299058,0.15826260810118045
0,2.061200086260438,-3.1997552335936033,-1.534803744911378,-0.924253621029305,-1.029129193907552,0.2633281502761846,-0.3052146863126895,0.4101493020410011,-0.5726759997352847,-0.6661126838558349
3,-1.1422170349750627,-1.5728160093851997,-0.5679900068821293,-1.6493062497184674,0.27091962937854625,1.0165072571404834,0.4230265824005975,-0.3825920908820577,-0.6513243752430601,0.6051227135033311
1,1.9717069958275826,2.2720018925899113,4.558598906513329,0.534169045154655,-2.0948301720456746,-0.34354884365881433,-0.22688966917714243,1.2166948154385175,1.0449588611266176,-2.169101529036538
4,3.492683695687404,2.477416409261708,2.8620823746069193,-1.1180088893552105,-1.600554012009089,0.983854159854722,0.47897362429253876,-1.0731164639413637,0.5007658385976167,-0.5033862100949521
4,3.4906605518169305,2.884524573442068,1.3379363971855516,-1.4817313846897824,-1.2096626301872047,1.721948396971548,0.40949129168610665,-1.661388355101081,0.409131220004982,0.4697314707887042
2,-4.00351019750178,0.5154238991506295,-3.484247906422021,0.8043118673973391,0.7891344218358555,0.06420043406107868,-0.2644784183992401,-0.11172785090480684,1.8488854732684106,-1.2793884810156118
2,-4.469081699741172,0.7055249289586277,-2.4955951481475287,1.07840330313474,0.4035414421729323,0.2181492748774041,-0.74771647861871,-0.5234612177768582,1.1964142162424518,-0.765852094284571
2,0.1723654102847313,1.6644788364422207,0.18824180260543621,-5.711977056439928,4.5087857901898545,4.730893361886033,-10.732089527740609,12.547981720277512,6.750933341706405,5.700508056901014
4,3.7439155625787217,2.35807351371013,1.7968577314309269,-0.6054537815944954,-1.2212963735440932,0.5040351297385107,-0.20336376753115223,-1.0300814524590003,0.8220645585395608,-0.33545793891069553
4,2.008646330702856,3.4816041147990724,0.09556131558384835,-2.568229759358811,-0.5126957304209464,1.4781070238085168,-0.33732930883486645,-0.3369047189439054,-0.3078216125680922,0.3389349717639423
0,2.518405803960143,-4.156249079468002,-0.481823187044244,0.10046419655438713,-0.700490636750163,-0.7555146129506711,0.24378461305859347,0.7914382395353434,-0.3379991213850193,-0.3474429359534123
0,1.827712679778802,-4.172978855023068,-0.0023339639579124404,-0.0772173420463023,-0.3897960318573267,-0.541104653196566,-0.7071982383518005,0.2670454387117634,-0.5749334091716469,-0.07938185853183441
1,-3.5759062925643734,3.3003193989194437,-1.717406578727944,4.435408077906291,-3.6517536314200005,3.792223998912045,-1.224258808371199,-0.5053819053720037,-1.6923637807505,-0.2560732370912385
2,-1.3406227501787265,1.4317614751405658,-0.5492553258399703,3.284703919110441,-2.495404658611563,-0.23312982087678089,-1.5372390069173238,0.7003384908819736,-0.1833343702223887,1.1020496886102213
3,-1.592346861735115,-2.4577166961583448,1.1875680844842498,1.7184602383829142,-2.3403042324495824,0.035796235845570575,0.27169452120902415,0.7284270693075524,0.5164658436782215,1.6805833172297024
4,3.207519130580067,1.2005740668728044,-2.7664334473052095,0.5176517502521345,0.7830520764916759,-2.3750125783253826,-0.6871981696296737,-2.3698320942796394,0.50436532052126,2.376371911240509
0,2.1354350195443432,-3.7663652587236167,0.08242065582363912,0.7544093845661474,-0.6862532017040942,-0.24213610945869618,0.23541168686146147,0.5395696542165038,-0.009200349262436805,0.18495896230750605
1,-2.888624069426333,2.54204993656652,-2.577887341028182,3.7238995491769042,-2.290332359152899,2.198640999272679,-1.1209790050481916,-0.28204064619637836,-0.9028087533610634,-0.3197436486905886
2,-2.1473680258407843,0.9239345682394,-1.6195290436145784,1.464050083026731,-1.1023155781779288,-1.7500058483357384,0.6870092258562217,1.2608794266102978,1.091596020703196,-0.1318093270005088
3,-2.5662343367181917,-1.834547114368017,1.8792154962648009,0.9281461745621326,-1.0558491179762037,-0.46399347506847394,0.7547309468177928,0.5242397658853313,1.0144465978545016,1.1817457117476784
4,2.4837469965503978,0.5100426327029257,-2.6338714267660244,1.1499323988631924,1.5995837041823668,-3.5090977400217223,-0.28542095622377445,-1.8177482005464496,0.6874987022638169,1.7832387980821105
0,1.8830785033795223,-4.391791402416561,0.35438251647760927,0.14497138889991862,0.4376293453155791,-1.412744372059778,-0.264161687243338,0.03679313379654427,0.18687794086785658,0.043047944775835636
1,-3.235840501343426,2.9354320487604713,-2.6758137623076483,3.082652693061241,-2.06272262418615,2.359705815200104,-0.8190126778961506,-0.1130131870950715,-1.3517638916871946,-0.8349853432515326
2,-2.4249010314631807,0.2605763581424345,-1.4142401993145313,4.3505737675364875,-3.3814097059278043,-0.5686904315981376,-0.6585198371415353,1.236526184229759,1.6766786489115348,0.2230805012867929
3,-2.256390104899462,-0.7758028582654014,0.2374151982740419,1.2222874203392877,-1.4761486451918717,-0.5617466715190503,1.526866607889741,0.47881053619576364,1.5247588199432522,0.8960731560869892
4,3.4888179346807995,1.0321268643303567,-2.4437037456434014,-0.8477351585676648,0.11039106850896759,-0.5927764564092038,-0.8013544373391575,-1.016906713594689,0.06531111304254208,1.9843146990621428
0,2.356791781753513,-3.9469873101719117,0.10179805674877035,0.13768604359055148,-0.30602255666520395,-1.4099080009467813,-0.5630488939305518,0.1202654095705367,-0.06762901776495632,0.022102071451126182
0,1.2096677815954824,-5.006041981981839,-0.13067040874423308,0.14807975867882134,-1.2308759922119463,-0.6611357660842335,0.7242471864080889,0.7437564293978642,0.4850816397208306,0.11869607770447824
4,3.710335866478663,0.94993671746008,-1.366473495119082,0.6730701636529391,0.4553943663286457,-1.8716156927607,-1.0094986373848647,-1.828020738965979,0.6120468770570364,2.277819208896711
1,-2.6305237266961123,3.3389361517812506,-3.2511377311383445,5.133783867911857,-3.585798921932166,2.98897987374772,-1.249877501332497,-0.2017599885026445,-1.2719526607089875,-0.9644559280880096
3,-2.928993178358499,-1.6500974000344057,1.7508139917217158,0.8497930704587217,-2.083429269599622,0.3500163711325071,0.8787597322734239,0.6327869396264469,0.4351625637986661,2.1573140210585113
1,-1.9491977600829662,3.309965264222872,-2.5801658377696746,2.8703148776650935,-3.2789684448053893,2.950559227593057,-0.8789210629029038,0.6230901185878718,-1.846444520338768,-1.4125459477379552
0,1.514678678220833,-3.7770728248917163,0.017284024613822044,0.20640632483176807,-1.2523970623019178,-0.08161597322341901,0.15618476666428618,0.43107440080762954,-0.4339095685708338,0.11110614844023979
0,1.8067864598151349,-6.33934031606533,-1.2391594782748898,0.22826753042360204,-1.157790590780937,0.0922391687134714,0.8247588372234048,0.8077578997671601,0.6642068956211751,-0.32546077565974013
2,-3.380096709254041,0.5656711208484176,-1.478256529861018,2.898271866091983,-1.7433646504787819,-2.0771304077580326,3.127271834389944,1.5664296619539728,7.392505927449138,2.0256154045973016
2,-2.9846602516917975,1.2635510385389892,-2.280667995879487,3.40501579094188,-2.7681458811531763,0.14570842369829623,0.47445887374699486,0.769345516352451,1.6642322642646064,0.5652198053141948
2,-3.605586075773284,0.11296869633554725,-0.9717265150090545,2.3356604421101914,-1.301889035589315,-0.76260843376583,-0.338697068000136,0.6603540006601212,0.9168801683943072,1.6180544735655666
0,3.334265703828546,-3.290742645081902,0.6564156203026604,0.43805793408637633,0.41028416708261295,-0.6297719605336796,-1.244119535724664,0.8799920365344179,-0.10299872525447996,-0.6234674092561983
1,-2.5269351832306914,2.9758339207717786,-3.7146914920444383,4.310329402309081,-2.557058360090928,2.593019533765688,-1.3506554494387504,-0.3239831308917536,-1.0232730314180774,-1.1980309655103238
2,-2.931439509879484,1.2927254430896393,-1.9149994669577086,3.1203535484481266,-2.196798282647394,0.039950349898682264,0.40483323957815187,0.22815350376397373,1.611402935011302,0.6322031870466355
3,-2.5739239484807577,-1.6822349670209311,0.5938997343333264,2.3315663445818324,-3.2763575320919913,0.45848442790618216,1.189361970149789,1.1714356347301225,1.8139816559231792,1.2206166100999212
3,-1.5929480601011388,-2.824647365267124,4.472836522235999,1.336379985482071,1.4367952844735865,-0.5104075670335949,-1.5525644823978704,0.9626390331351399,0.26160916439102433,0.5713081071195905
3,-1.1994224768490154,-1.9161068306302202,1.8823984575226684,1.9789974178051155,-2.0063915985029284,-0.948617808976526,-0.007425431090718448,2.1749152876960456,2.039890629670308,-0.5248476269705036
3,-1.450087875580872,-1.2828936336726915,1.4394196706721618,1.5449944882666282,-2.1939639986440187,-0.43199648592972756,1.098429158983769,0.6322324768602479,1.5306579852035496,1.5578860064550348
4,4.604032322917017,1.1299665000824965,-2.1888948975369336,0.7435559550971867,0.3419722006166394,-1.4535764425689313,-0.5753590984900849,-1.4209681379563892,0.15950528360294552,1.3487239974467864
4,2.247279724205584,1.2274016870789493,-2.8566977164059257,0.5606858191218335,1.15015323365504,-2.528269900435008,0.4890397669927493,-1.9381452808023556,0.5861513168027208,1.620097975386153
1,-1.709298185646191,3.3305400736873985,-2.9134937978556716,4.627734667920206,-4.429640406480858,3.7665100772580398,-1.1110917382342755,0.004050705183207937,-1.4909788916578288,-1.1062006624975003
0,1.9416919029958555,-2.116652853696972,-0.477504826894078,-0.27904240753267295,-1.4523628968385665,-0.9310547996435875,0.31672256091578355,0.6832358212414561,-0.3606996668176858,-0.8200115883433838
2,-4.079739652465531,0.8707269834451816,-1.7412647359031206,5.023772331899237,-3.5887226562999244,0.9584014341857399,-1.3578567839673337,0.5262741466757812,0.5589667123569775,0.41281904363381833
2,-4.4008054607170894,-0.32390851660488135,-2.008485616171358,1.3558064800125058,-0.7936801384654871,-0.24450598840399404,1.4887164689101857,0.691408014030549,1.7169176871310774,0.6454306254396586
0,1.398357055358694,-4.0320204735160345,0.7190803362521602,-0.2084781618869288,-0.48207906507135007,-0.9943454897212827,0.3074530508232223,-0.2709700276367979,-0.12668864876962668,0.9193760036615899
0,1.759516422671564,-3.4300436494539914,0.4309357519715677,0.524511530379991,-0.7704653243799182,-1.3428681796407782,-0.10285540054152399,0.42172445311766155,0.35092189318772127,0.3021759201818433
1,-2.6820610829878757,3.388065457742761,-2.9428212225033654,3.4176279194160584,-3.1431879288081706,3.0979974982141236,-1.0374342472495637,0.4908716155170391,-1.512101141956277,-1.4259795520771816
3,-3.009750958173991,-1.1321050840120288,0.03129492799662004,4.08084103281761,-4.1004982803129675,0.9860073322933469,0.27462861480427464,0.7361870897762948,2.0093945927838743,1.2069114294962655
2,-4.067954890716619,0.5096206786776409,-4.769585855291131,3.433412942503328,-1.7986409791559734,0.6545222933001724,0.5709481429199502,0.9661758640127639,1.243447394679852,-0.9873201541230952
1,-2.654941885411894,3.3672114482016005,-1.9310440866795733,3.23797359330954,-3.0605556115259023,2.9066579549439515,-0.21698621244130908,-0.07024966778056564,-1.5318062953739042,-1.0012391376684326
4,2.6956300407166394,0.9412617684986139,-2.5097398509336504,-0.15372023901358214,1.0767239200681555,-2.043253631926342,-0.6013221644998136,-1.3908968898564693,-0.20814736641841275,2.105582689081786
3,-1.5433693836624738,-0.13768666565244503,1.4489533136180366,0.8806536816584642,-1.5662463824815847,-0.24985978023522948,-0.24251029403504215,0.9116058458172274,0.19492079931857464,1.1014595364571351
1,-2.0858477068034027,2.6242959922300235,-3.33131547256437,2.1584451685941177,-1.9763159227429736,1.8365814660354276,-0.20583375374234125,0.8213495411766221,-1.5082622227261582,-1.1053306794559676
3,-0.8565455201373324,-0.7364561365752303,0.920500881063567,1.1468350162089123,-1.7885132889646158,-1.0473075675883332,0.5669897504709056,1.0596164738104914,1.7191316551279465,0.6015783292803446
1,-3.756548802579408,4.1370815277436925,-1.8716638178641178,5.140737345640173,-4.726326513907517,4.270878091748343,-1.4846022201581524,0.13372952780404135,-2.0935739908842317,-0.4679561334063195
4,4.318703743812298,0.2837230785823,-1.8691163520165621,0.3502261644366438,0.6222680273881912,-1.8726759760719445,-1.3570104394803155,-1.7675644305005023,0.40108203747196985,2.2668331932438655
3,-3.147071283777688,-1.4104384610332967,1.9484003803992407,0.41731664237740945,-1.9142464550319822,0.21057243695507571,1.4893829271610328,0.7493042831349809,1.0001935025783804,1.0885943218779204
1,-0.7856759275454802,3.067192509448665,-0.45454380404863004,-0.8495976797328345,-0.7316370868841252,-0.6163337949620062,0.3190693208855344,1.7341683638923489,-1.4242071525780373,-1.1432863756516767
4,4.217446919872725,0.42636029836554257,-1.2670334124527012,0.6136161099834045,1.1921095429980495,-2.427189820963755,-1.5914728251506034,-1.666336502662645,-0.0359435757104366,2.0504400938172873
0,1.692211222827923,-4.552052320783199,1.4062886886613406,0.9531292978990508,0.7697109533936264,-1.2754531977287364,-0.7585715910161993,-1.0866940571013983,0.8050265034468295,1.1694742807423537
3,-2.6544648730699327,-1.8206013119533264,1.1165287561461992,0.4789566526927181,-1.7138967848724052,-0.25654750185206737,1.2794723616715578,1.072462183776424,0.6432140301424666,1.0662928870864237
1,-2.5021561370163994,3.541152816144612,0.40048139315602194,2.8771143653040943,-4.162592979506554,3.4812335335395335,0.17340321572948936,0.2702152756891154,-1.205096999580308,0.08159309382732484
4,3.7322671981808955,-0.20002279067455142,-1.8629516765097383,-1.248193317151528,1.244704308153531,-0.4990917587215122,-2.85496645615373,-0.2984258975905451,0.3138151204220348,2.5309146680794963
4,5.181506611013254,0.8127795125882062,-1.6304318228352037,1.1646196776666495,1.1189953336606575,-1.0954962155243857,-1.4320477263205327,-1.0734101862021381,0.3702501271514846,1.0465023275644343
2,-4.380884025803821,1.3595055210394278,-3.06357211252177,4.5198464344258,-2.8770090495529734,0.21432557712529562,-0.18262550482434003,0.8771580707459059,1.8962947170304023,0.04106116659471093
2,-5.350307895669931,-0.3786863111393017,-1.0853286202544623,0.7363350347542676,0.04525095939321589,-0.9139124011870898,0.1425904604366632,1.0233140620850152,1.4983192806028638,0.3868509563235323
2,-3.1822941599797527,1.5888927505525658,-1.7077618547619817,3.9659242420470315,-3.208485330938185,0.7370872091968765,-0.24671484642598276,0.4464990842899998,0.934162400858074,1.0543409219429718
4,2.3883121513287207,0.06687503487237596,-2.9681398421549687,-0.11383890521246967,1.316756805023909,-2.48773246371655,-0.6646594190632851,-2.0519872848248997,0.6344591011625023,2.5788806957362227
4,3.350366065344217,-0.10488369273886193,-1.6616675020295557,1.6033218004489789,2.359363090738137,-3.1428752250961756,-1.385484061204542,-1.7070366996627837,0.5460900994150294,1.7767292132705481
0,2.241697541226535,-4.852176991234859,-0.18159888783958586,0.23373462363012198,-0.3734899312815305,-0.7916929769833815,0.007388906251427784,0.336672826482286,-0.27067757681430793,0.08057691516351145
0,2.951438487456444,-4.42161316505393,-1.4821192822297886,-0.5614352558414413,0.6997706427273619,0.19213285846861192,-0.6693320556881758,0.4598075283916745,-1.302737738104027,-0.5936005632301413
1,0.10622848410084797,4.51538236101229,-0.04817631270009329,-1.1442365114757609,0.5965965603779693,-2.4599137808499774,-0.39512790521189456,1.4282388895627698,-1.009294926183022,-0.4475803327665889
2,-4.299836647394623,-0.46559898111677794,-1.388955302382011,-2.172255731277706,1.5276521488708474,-0.06765669726537445,1.120498066245956,0.09951429989088549,-1.0275044795464614,-0.8138396069527608
3,-1.556096002934204,-0.9078048376118211,2.4573993010639295,-0.40788937148628923,-1.16545173529721,-0.6162575299647296,1.5465829994244489,0.5665953982568,-0.8760461462433385,1.1802975058109033
4,4.067471127901069,3.2416117895842396,1.0560608547181194,-1.7283064152567218,-1.055216633399094,0.47147699119095676,1.1848655592953157,-1.2771654807216606,1.1646876376580595,0.343453313015247
0,1.9883811632460893,-2.698065680089707,-0.6402342288990955,-0.05820296272924651,1.0083965005712898,-1.3549043496846025,-1.996774873920118,-0.4912344122703254,0.23225897308941307,0.6470711963745234
1,-0.2878249688536113,3.555581741350425,-1.9864742281514507,-1.156009692581713,0.26649239662858787,-1.627162220533274,0.9616100352188944,1.1757195524752737,-1.2846911010453266,-0.7231823115257833
2,-3.2687781373707585,-0.48419200503882104,-1.2780558875132693,-0.8861829994951635,-0.0830232544631184,-0.7435410292357117,1.9666202194383158,1.0556455136718284,-0.4832875331279315,0.030174862699424643
3,-1.5832794971011928,-2.7922697394238356,1.0810694664669238,0.19201751213105683,-1.5272759055994671,-0.5759420014232162,2.1278209144892877,0.5539765015881563,-0.002482314666406561,1.0241065275616874
4,4.798238432034393,3.2603222609839806,0.03468547784594826,-2.4360103228949472,-0.7919448666310094,1.166501466869345,0.7923497876121806,-1.2828080208625754,0.9986890773980837,0.3674920361596164
0,3.638418770879505,-3.7419221656670407,-1.5363131726305121,-0.22039760223722157,0.3153551589284189,-0.5044540824210328,0.13425447526428017,0.2226891660840677,-1.0211183642105457,-1.022585597215492
1,0.38772617410067367,3.339807490640834,-2.539114424583683,-1.5891508981335278,-0.021132061798308576,-1.0124094970602717,1.012240168406299,1.6183387369159692,-1.112251461931752,-1.0326228902346968
2,-3.7557887944382453,-0.9695972338353294,-0.5949060990417545,-0.2129032819148722,0.4501858625503632,-0.7031971481296776,0.4753795602717613,-0.11220094588484036,-0.08417302695022352,1.0224577789841378
3,-2.52871988712896,-0.7717363203773959,1.5443477841825342,-0.20548756272099597,-0.7016697742426281,-0.4829850172354347,2.038168754201122,-0.09891435364583614,-0.3563828754712013,0.8940877600213322
4,4.41181619888885,1.7013104466583613,3.633885388501432,-1.5643804056325419,-1.0845149262703835,0.21400166651985392,-0.8270128469117461,-1.0393601201552154,1.7381776528429378,-1.0119087705230692
0,2.3248418959942003,-2.4720753913633993,-0.741709373064067,-0.2587469995262356,-0.07386773209346012,-0.2294973132666879,-0.26693661703468996,0.10465492732037905,-1.321550622227839,-0.6608597793974437
0,2.3314015990531747,-4.578163014952269,-1.198691823990656,-0.06733053562363003,-0.7516226331215736,-0.6140439871106304,-0.1452021563941375,0.6980863132510507,-0.48913820607527525,-0.7241086213924292
4,4.151020704084046,2.5204549138612085,1.2677087770057371,-0.603681461441552,-0.7640992143622238,-1.1445272379581208,0.4646572168613356,-0.377288312386274,0.8034488673994019,0.016400586670202867
1,1.192173179888714,3.639145345893144,3.5186568647482663,-0.24040396959996882,2.3237390635179285,-3.3797267027154403,-1.6687651272501227,3.1187218075397025,-1.1745071195812204,-2.3049710735334505
3,0.050718919981691056,-1.70847491796448,3.3345185089835923,1.0530312728598554,-0.6414306151429957,-1.2268073124872128,-0.06800109257011501,-0.0007536645724382846,0.14542158387266002,1.191149245634007
1,1.375376897793117,3.3533915335555244,2.6427708095983085,-0.28910613849895944,2.030087338552756,-2.6843690690506556,-1.2689368114690933,2.8085864274845744,-1.01430419755847,-2.280252350473274
0,3.1338093805007046,-3.180365992793001,-1.187194810242655,-0.5598855916000097,-1.227196896466135,-0.2941245087107182,-0.20558678318226303,1.183323902176203,-1.1895945416488418,-0.9466400917026306
0,1.8084660740388105,-2.7605400429183278,-1.0542487651774135,-0.11039796339111566,0.5326439606543347,-1.507609320374721,-0.9533390933754642,0.5770535115487213,-1.0842911524406353,0.39748264319885024
2,-3.0397324149503167,-1.0908043562432612,0.41272492697362606,0.40784534275826456,-0.12226768774342972,-2.0143517356835634,-0.0721273481370407,1.0570621584550361,-0.08003766048823668,1.3764255629419817
2,-2.67978149571149,-0.19662284532448657,-0.5765147866434142,-0.45574749606075327,0.25087107370182743,-1.9031934023570578,0.9166268596229528,0.8365696296128188,-0.41958390297695375,0.976577122135245
2,-1.585058461132437,-0.10407912056032725,1.364825304410566,0.8654736253902128,0.05531714153543791,-3.241905097872517,-0.10244562326375171,2.5997935995994603,0.6388657579104426,-0.21074708518994315
0,3.8889711577784536,-0.6281567095960382,0.3335006427820715,-0.45845266527241,-1.2051782942814435,-0.6233753490955083,-0.7619845960988798,0.9247976110293652,-0.7309737871138294,-1.245361762691588
1,-0.7542362772385242,4.115756174986631,1.6280704511252477,-0.8687755600970559,-0.283384418885698,-1.1815008875710349,0.09281404962135799,1.122278263047973,-1.12163639700197,0.20333203393846738
2,-1.5354823052841733,-0.6640620536259507,0.8701868112179963,1.3870333296888004,-0.8619617378068479,-2.421250870719116,-0.0858939998835906,1.8020254422993718,0.4626577217712995,1.0767032372163812
3,-1.771975784015108,-2.904393056010257,3.423634838932102,-0.4527174809786008,-0.8132770881558757,-0.5245507574366837,0.7838356234986971,0.4424794201930827,-1.0366270907536321,0.9560959947726617
3,-3.0099219079007526,-1.71431118070987,2.6804485884867275,-0.7147255172977849,-0.33917129795103756,-0.17474934074103318,1.3771147418496623,-0.5897700790422609,-0.35556862641413695,0.8676766879132056
3,-2.357277204068012,-3.073620074555668,3.038899841303122,-0.07866599041144628,-1.0625721084893534,-0.12731834258040217,1.5559160543031028,-0.34102353573496463,0.033221672439263106,1.6710294071262626
3,-2.95745669042277,-1.2537020752884662,2.9368530037965423,-0.9081972244735498,0.6988593516841735,-0.21826039446483175,0.8146519152214864,-1.1883667593971026,-1.503233478388729,1.2203742418859589
4,4.564278838520865,1.1438668116103266,0.5420491034519033,1.067529213976229,0.07135399255795849,-2.034574709130673,0.08520678205274439,-1.0490922959961002,0.6592119588924648,0.7313326315912002
4,3.8924021302388123,2.8448842902005773,1.2106979318122402,-1.72577503574799,-1.4625527040400501,0.5955755871589297,0.8395727299831189,-1.1697629467950097,1.0452676799334262,-0.1148616040495429
1,1.1088031563554648,3.3636179472880583,-0.6849050686033096,-1.812137144985487,-0.20950394689466492,-2.0183975595766475,0.5294452961019293,2.3437716375238833,-0.49490787459934216,-1.23806352963374
0,3.521222487372644,-2.8549483585816966,-0.2749702640991353,-0.3656916975009852,-0.6766068544867698,-0.3915872425314682,-0.9677112243552936,0.8070478354554529,-1.1186031028094179,-0.8462751582284936
2,-2.4229814683118867,-0.5515568538457783,0.5756996360505571,-0.6424092008312112,0.6464052562930193,-2.5632284944571366,-0.46857261938044986,1.127836974892185,-1.0968007907980366,1.067307794809697
2,-2.5775737015188667,0.3954686998695527,-1.2499346407224898,-1.0047194636565153,-0.5155491164223198,-1.2338493812829743,2.326065449148459,2.2534727121701517,-0.3852689312123386,-0.5528026954909738
0,2.941828886814281,-3.596482551827991,-1.066719686297494,-0.026495100486041576,0.40797841562605147,-1.245591962440238,-0.8146901174740001,1.2709591741135389,-0.7376741914508645,-1.1489332832002959
0,2.2221701501687203,-3.463643914960874,-1.4076324676933076,-0.3987175294014453,-0.7928247482254486,-0.08546160249880463,0.41780718782507403,0.9547192988142542,-1.3305728449951169,-1.460437226338358
1,0.08615718027384096,4.227772663792315,2.7830382286652116,-0.7982601809483326,-0.14195506307159483,-1.7418415734158457,-0.1403471628825291,1.2209063040565151,-0.8429996012535501,0.6534824727954671
3,-1.8745686307132468,-2.287008993905987,3.11112516870502,-0.17333604429224558,-0.08304209623809897,-1.1032761909867645,0.6006270779281145,0.22443741908451856,-0.14541754559766967,0.30287922923026017
2,-3.936901013942808,-0.6117701646589767,-2.3547720652988766,-2.672603683367797,1.4817386239739903,1.7475927675437555,0.44623008300041656,0.7691239423834779,-0.48381569635875904,-0.9453683273318242
1,0.1442737719369921,2.1790371797234203,-0.9039557865615729,-1.287039454470986,1.529900585145569,-3.9203603851561026,0.23204941591414477,1.9849260969860993,-0.6646179197076043,-0.9834764361270129
4,4.592582510151225,2.6293785243176533,-0.01139671798599153,-1.6385734998202988,-1.0684111779639864,-0.12172917456769568,0.3462919339772499,-0.8877175619859158,0.7901770337548802,0.3857286757753045
3,-2.554260331210687,-2.194075587202132,2.088804155720547,-0.20881775592828627,-1.1148062147220905,0.10275120015449268,1.5157780434771266,-0.26934627556448315,0.3403529021336569,0.6216979586069945
1,-0.11134001488988812,2.462477560374946,-1.6532598655845223,-2.200455922873431,1.831320189505975,-2.467751185295555,-0.2068042612094912,1.466472372732891,-0.6894745289106708,-0.8892104248510452
3,-1.2031271276617512,0.4334193372342931,0.7094110297536149,-0.727372184340461,0.3978387324155626,0.2319298977207801,1.8183483655810935,-1.9107045664019346,-1.1696456285829921,1.4280901421930945
1,0.8166505337732572,3.511962118532984,-1.107922142335724,-1.51118385575382,0.45025967851703874,-2.525622517600078,0.15880753549896387,1.8059107386079671,-0.8972920010173986,-1.0111311873099764
4,4.057909968550929,0.6488392039566627,-1.3530335833922202,0.7801849348487705,1.0282424537447705,-3.2532107522786715,-1.044810809575205,-1.782458390425854,0.629634111388805,2.0179274988851597
3,-1.8672712786812387,-0.05111158490491798,0.7863310632058087,-0.5036330277514621,-0.26893377671656876,0.7304239540814087,2.7521171587670863,-1.4698332078825518,-1.0137709587079595,1.1076925960908999
1,1.679279845099215,3.5769161589656675,0.5130071120674268,-1.1797034139243414,1.1002444819115453,-3.0883645901077275,-0.5094595438486076,2.3938886410881834,0.24236645158881498,-1.7594672454405464
4,2.4143224171550295,1.029377394925123,-0.0596857126673597,1.4086831208265649,1.2134142505659822,-3.868717367362395,-0.34254437944440363,-0.6018207492415335,0.6736311011771382,1.0258409107775661
0,2.093938544582745,-3.373378337734911,-1.0490470397386733,-0.2991728179913957,-1.5314204700382679,-0.42863245366968394,1.2083989815339338,1.4096747079426253,-0.27048616259207714,-1.4019725212058702
3,-3.370435356907838,-0.21712547285666797,2.0943552206846925,-1.2422601781905303,0.4345975424758874,0.0724240816350563,1.718931874511566,-1.0848259296966318,-1.0692605945094005,0.7196518631098121
1,1.0408119799662643,3.4633946579731254,0.7901889190008964,-1.105831173956268,1.6938200968830712,-3.0069086216524,-0.8303132053275419,1.8703081380798614,-0.8981507639499103,-0.7036702130681468
4,3.2573295003622205,-0.20644138763059194,-2.295337212108274,-3.266939501373119,2.560787681211945,1.4337425965719555,-4.69645534551386,0.5952491859927891,2.157166462773973,3.149823863860487
4,5.37787483937877,2.1547184211708967,2.6666435837387037,11.89161778526994,14.692140288179845,1.1265305908130552,2.603050117561527,8.742844253123307,-1.4488561276754803,-0.451551313276128
2,-3.22538690270867,0.13987264283524484,-0.19541710245077928,-1.539204950180499,0.8225413327100689,-1.6089613652503691,0.7367539728053433,1.1950149127969916,-1.2540333799567727,0.3682717460522275
2,-3.163979798611903,-0.43178950619684653,-0.4684970549757993,-1.415668420415711,0.5857953417334703,-1.907526344267424,0.47269995384899466,2.001413982439441,-1.23687314079227,-0.07198592372980753
2,-3.688831391517669,-0.008470966889063352,-0.9194760737757642,-1.6584977504584133,1.2123065199203091,-0.9783745579371024,1.0803159147167176,0.3880502270092505,-1.042539328941803,0.5045079030118692
4,5.643173712552092,0.3329869057226859,0.7728426121079831,0.8795253455609539,2.982473849761347,-0.6868937536857821,-3.5474479400791266,0.21875681655567547,1.0587440049082508,-0.48705810400837385
4,3.749440606274888,1.4039148287736896,1.4256009944230648,3.476485749493387,3.3355590121231193,-4.397331701096021,-2.2394223664268846,-0.34579084322330317,1.169311912928302,-1.048418665630729
0,2.515416737625227,-2.883762615174191,-0.6853810147596665,-0.11270103717392169,-0.6280854065406001,-1.0755031252438174,-0.44046413084940206,0.9426878322339417,-0.7579845549563923,-0.3700323302941481
0,1.905121706267567,-4.375662968803993,-0.46947978541152524,0.4922947326462512,1.0110464658616343,-0.16620439374304877,0.5356289647822888,-0.1989042530159642,-0.08733237638425748,0.33858456316177893
1,-1.596893167154999,4.450361413226237,-0.7851202334735581,-0.9596393778948167,0.5336373504214906,-1.1557050563452953,1.1143900055666112,0.429836387103432,-1.5731001449568949,1.209768013331313
2,-5.228066845088932,0.6012292529320913,-1.9138092679345935,-1.269889911934863,1.4835790873300438,0.8269955995081656,0.9041075765394785,-0.34217548364088735,0.3685683304861876,-0.7934163626156062
3,-2.0936713847529087,-0.2717243884924317,0.7033627824511578,-0.9445090821973245,0.569593409201401,1.276421480685599,1.8524587709479994,-2.2479770518304547,-1.1785142792255283,0.4173561287631372
4,3.619118943383031,1.1724811249344174,-3.7286211007362744,-1.3202600113870349,0.25396854366102484,0.40246957853735754,-0.9969958789076611,-0.6978365708126855,0.305657519337644,1.0554507515624825
0,2.368138416475356,-6.200591243340428,-0.7786122285676899,0.035496619722898616,0.6113086026064313,-0.2791461918124371,0.16522798785986442,0.40768857651654217,0.5794195251152231,-0.11941420530624947
1,-1.3121381606847464,3.4103880558901,0.8675164929938259,-0.32860674430601966,-0.5375939489918061,-0.912828663759811,0.2379032493095666,0.5451483657466006,-0.9439261322578754,1.2249221680803373
2,-6.80070785788128,0.30516813649044616,-2.9134643634230866,-1.5167837755197104,2.447383388004382,1.6979738528045798,0.12517378114251398,-0.6613584138341961,1.8604481266826753,-1.933127612016971
3,-3.870524758052274,-1.0058529852462847,2.2287030359363933,-1.0912581697051138,0.33904190583239907,1.1085913775624097,1.966959469582667,-1.756552338544041,-1.0666275502501112,0.9893755540301463
4,4.197808334850382,2.7597508246003777,-1.3571333492931645,-1.1838710688680458,-0.42059768391595587,0.11246544841558515,0.61447948815799,-1.3600476810971156,0.03939310420745615,0.6568013445478783
0,2.451468102325399,-3.2559888655597353,-0.7944507490164344,0.21902334080320496,1.2902100401032892,-0.6735326736699762,-0.1467006206543042,0.7223104401593576,-0.881756665339115,-0.37702698618767333
1,-0.6584209725485418,4.4047962511394525,0.8500685387214642,-1.3172074936170692,0.044735255001721826,-1.294902397876822,0.483433838215834,0.9952899547821008,-1.3891460063904562,0.9465448784537331
2,-5.3333242358555415,0.19748015777748587,-2.877404420939286,-3.3405614806664476,3.3922939018333302,2.7250603342564452,-0.7368561903910021,-0.4831616842685602,0.5917763077631442,-2.149985679542612
3,-3.9271879686612357,-1.6629565879443322,2.126612644222326,-1.1729338073377122,0.6589510228743558,1.4660279386422328,1.2050405233237396,-1.9752271024500105,-0.24087246384843913,1.0863122936615432
4,5.209123226184888,0.8246976076789341,-3.274467229919059,-1.0513910762080374,1.164353463138796,1.4769535147820543,-3.232204632991428,-1.299686257893721,1.9531708131040548,4.80043013161042
0,2.6703926030506264,-4.347776012459975,-1.339950936928631,0.25941444756210325,-0.2848859879096236,-0.4127683114900461,0.13066384202294862,0.7190700258543408,-0.3878472140948013,-0.31679137192193374
0,2.7776952578763288,-4.1277331161641175,-0.925026346225768,-0.1115627475165471,-0.16106008068627004,-0.8863670398516448,-0.5038194165084129,1.0616104630920886,-0.3545490496483033,-0.46678006333774513
4,5.188681833757548,1.7887745422469215,-0.649857162067728,-1.3749068344717768,-0.859581847175621,0.9163600094942644,-0.671762277994295,-1.1302037757916217,0.8224094841849366,0.2871069786971726
1,0.7526531537863287,2.392683971892274,-1.2568408487697622,-1.5965930072918348,-0.20578185267276025,-1.1085163981104253,-0.3861052939153881,1.8500895326874525,-0.12691141295582636,-1.3309744719195034
3,-3.0236809004841594,-1.5497236289480742,2.4041894304796365,-1.3012919669219933,0.7669368540404665,0.7740926065384424,0.3303912741236311,-0.34195903946628703,-0.9008821041936504,1.1844012265824202
1,-0.7934362169643678,3.38915792214321,-1.3237454382765896,-1.3263653617977726,0.2814306028576966,-1.7997788380050275,0.49950222638959957,1.7704751974110415,-1.371109787866417,-0.32041654614991766
0,2.5413228277019324,-2.8322113060161933,-0.9128076072089414,-1.8845288808503446,0.13563740847402606,0.907580696913178,-0.4371032764993329,1.043525109230972,-1.2912310783715364,-1.1715858856577226
0,3.4675948208213643,-2.8625852354099437,0.6553814572622619,-0.5868950660762516,1.1360814155679821,-0.33776985445824276,-0.5329341711803457,1.5824959131113712,-1.1942346659313634,-1.5901298273821176
2,-3.9364651112101963,0.9961222453133216,-1.4848869676643839,-0.742225626351997,0.5694397213767577,-0.9059813799873181,0.9789538399455405,0.8001594067440847,-0.9197740826978759,0.8303092199330946
2,-3.947794791861185,-0.42679690413300364,-4.512605942339533,-2.3412772400856094,3.18216923294299,2.800272910836133,-1.3961351447500623,-0.6445947976784879,0.6015707791703815,-3.548921590123873
2,-4.650456787708537,0.3640554464549773,-1.9885444327893331,-3.2134240786664523,2.765160106106326,1.3952322443215481,-0.10938325927809546,0.0157200175602192,-0.3417321886614577,-1.7691599175337172
0,2.8161554461550335,-4.069080490174592,-0.24523645146941123,-0.7346623310625163,1.4337353858149295,0.21208797942425645,-1.2062809701770905,0.21740914922274018,-0.9326716315468917,-0.47677025913722515
1,-3.2034634108467626,1.649304011381819,-3.8324919989716864,3.7465611719323855,-1.4213788045756997,1.004720134883178,-0.5420271999810788,-0.17077824777008124,0.892792912984092,-1.255798000461581
2,-4.524041624842799,1.0542333347279669,-2.9536353114700216,-0.10756412341581474,1.4057394354851211,0.11919955279221753,0.10897069262001821,-0.5101124123744338,0.5784109856901511,-1.7503562392847445
3,-2.908371681183757,0.2927016423849236,1.3971155038653171,-1.8467520283945469,1.1042909506980985,1.0307777100445403,0.08880017397601074,-0.5804194074540084,-0.5806152641757004,0.8393534256495352
3,-2.6638903048773255,-0.2951889077097756,1.0290645009897599,-2.3163262023228866,1.582369845871432,0.6488533942252729,-0.40203382588957737,-0.5189833967384156,-1.3322707891271073,0.7169044401749382
3,-0.2661799345523783,-1.3345508797426817,6.66163706817092,2.4087391929331066,3.4669751199015137,-1.1898402882182857,-0.7145191756834505,0.8190473227014039,-1.4335948357843338,-0.5911371758274322
3,-1.4427448449714493,-0.2989273899045185,5.1652123339938925,0.731319183061419,1.298261653662345,-0.9199901795246525,-0.8445535948750792,0.21564353846521853,-1.291707435974734,0.5333245533884112
4,5.311231312005612,1.5703881135484734,-1.1259276295535827,-0.9738494080661932,-0.5425335262450987,-0.14481073807553518,-0.1747917219195125,-1.6332280770564709,0.4286270578314682,1.1529743522277043
4,4.186016228207608,1.8769273694889204,-2.35525148396133,-0.27790691960104696,-0.1461257518620474,-0.3911101981368736,-0.05289857663468571,-2.026698692050269,0.4595822249121294,1.3767098223938583
1,-0.49933709939722737,3.321716727945315,1.2265254045026601,-1.0909120846922413,0.4882868922961442,-1.5316701632791725,-0.6693552769191606,0.9044887061501515,-1.6026517855169204,-0.18153627721044255
0,3.086245429356895,-3.3281488396277212,-0.6872389707843398,-0.5687706422722925,-0.40915888745679685,-0.8186221064068621,-0.5218621159854613,1.3853416024730578,-1.300266653278472,-0.817205078782482
2,-5.170435428628868,0.5730157600641075,-3.695475503383594,-4.448618338763097,4.4830284458655365,3.98434574871167,-2.02904386101223,-0.5982305493657522,1.3251416720613192,-3.6720665163347395
2,-4.9952955674325406,0.6479577402148288,-4.003762137303377,-1.452002836263204,2.8670941380473347,2.2442996313213834,-0.8135449641418785,-1.1251311527762726,0.2379999980881954,-3.2597092658993567
0,3.8116899551242764,-1.8777187196180722,-0.6229099501606524,-0.042330392973964084,0.17798563758812666,-1.5067210398245598,-0.9376699324355702,1.2607462272354018,-0.8044280935364186,-1.5650442167664145
0,1.5794806559067391,-4.396616406501962,-1.2970811011291115,-0.44082203760143185,0.19723062003212632,0.36536948117727586,-0.3199056672324469,-0.1104667399949552,-0.21823951020906984,0.035457134516340014
1,-1.6673206970368972,3.0123172228575994,-3.3753574681315452,-1.5895907505177282,1.167348978454625,-0.5443068731871489,0.7944970674939683,0.6279676055853107,-1.410419060987838,-1.511223203153505
3,-2.946096042418467,-1.1023120274169724,3.1681213238802153,-0.40564388978248933,-0.6855482542230709,0.07395816158402077,1.208819970645055,-0.5251381808963411,-0.6486022252042616,1.8688010231531613
2,-1.8955530441950235,0.07196149291133086,1.7939064298203917,0.018920103825396932,1.4567346818104752,-2.029008642167878,-2.170540868652038,2.0156477734010227,-0.8176882983346584,0.6538122742591795
1,-0.24342277821199693,3.2280628734260572,-1.0241188799717909,-2.676610399714203,0.8580586266004645,-1.348492335527845,0.21355455653026337,1.943537777340471,-1.498122416240157,0.6014344094144768
4,5.681003282207938,0.24202914418947147,0.2861070383465684,-0.9795266514470861,-1.467506419982219,2.2219531029639756,-0.6400577562999359,-0.6277101094557711,0.8499170668117004,-1.3482546958844939
3,-3.9101748767087896,-0.27584243422153576,1.475711503457028,-1.404466298562717,0.8759734417278542,1.9118685524684793,1.2916602018381662,-2.101384073762373,-0.4767203496447241,-0.020737937532987704
1,-0.6432879118525461,4.402030728972749,-0.7528657236642431,-1.7014701154582734,0.741680188268284,-1.7231609538116717,0.7819029226442694,1.0605834077210725,-1.3703771507841596,0.5297990601253763
3,-2.628840050241185,-0.8958441079276868,2.870480832554442,-1.0248312339677825,-0.4343807240679668,0.8134672239738493,1.5479787590290124,-0.8044837641589953,-1.5775980939822118,1.575028635650573
1,-0.809443265734526,4.279135364628246,-0.814103340735303,-1.4614054239280094,0.16425472095449314,-1.2663084499172104,1.0831577955988823,1.4301506337246006,-1.553314828701633,-0.03267742302520792
4,5.078539623073765,1.7023699927402023,-3.3720224969001884,-3.9524055057508214,1.5078683649595965,6.532006152050011,-5.336464717006753,3.2031541853344816,4.261676991300103,7.771785977433786
3,-2.279872646498027,-0.5191408327614275,1.294182267333661,-1.7045209222814335,-0.04893325015634796,1.121501484132828,1.097861201662573,-0.34224703979374227,-1.438065532271892,1.7221107307953671
1,-1.2406703075865522,4.311367546786863,-0.5927397826145597,-1.337568857785559,0.46631852297729853,-1.3459345288066265,0.6346901550277425,0.8621806230281435,-1.4708335983882928,0.7037308114031717
4,3.513377206925568,1.7021966455551565,-1.6573152061386278,-2.574169602496547,-0.45976306517291315,2.1022072319836393,-1.549704809272937,0.14688213889336693,0.40343651240987416,0.2026611430024962
0,1.7726994224885775,-4.584066228761327,-0.9347815585339356,-0.0776950879784646,0.6316755465768337,0.06510877606676145,-0.5489985823550162,0.02428259103123338,-0.18218771139193746,-0.4570389322103743
3,-2.295053064670756,-0.30530966934294274,2.46721855172988,-0.3918084081895418,-0.6031062934404027,-0.3468117439042205,0.6611219685010107,0.5995624902296387,-1.1197060100065952,0.8971376734082199
1,0.8262777799126195,4.098554078270604,2.5617416966712776,-0.41858345272048275,1.4041020889810754,-2.5088138732176186,-1.4237723414904881,1.4729461841685045,-0.7932497034865368,-0.6477449811822041
4,4.291648175866914,1.7976215805843678,-2.013148073018304,-0.48918054060395355,0.12115556274261553,-0.4189148241058604,-0.9165114199916158,-1.8941190724477797,0.415339720791781,1.9830959768715526
4,4.393341939736221,2.8042578158444904,-0.301232728824992,-1.0041618147394231,-1.0036979936108958,1.3028413717818783,0.43177950232873513,-1.6216865220968935,0.829207358378215,0.03525350672588754
2,-5.57480943534036,0.43061322779615563,-3.8694558625516096,-3.836140558264315,5.219271374238519,4.124274087974402,-2.1624953299711662,-1.9906790278844226,2.002115030837872,-4.117424766504873
2,0.4993275798009531,-0.6801410135790209,3.6392084201516925,2.424943328120335,2.7302321840907524,-2.215002784633402,-2.730454209643377,0.8158026712164496,-0.06872661587032602,0.4873267491361057
2,-3.306749777618861,-0.6140640341206328,-1.1444825905926124,-1.4354757591753473,1.3549832233985446,-0.8830011738938622,0.33999083500394006,0.6535230915322892,-0.41905000238799933,1.1063455518217702
4,4.378200405235696,1.5356152365595603,-2.8886178578435358,-2.326816292068539,-0.02774673293918013,2.370017438704417,-1.553783565644629,-0.1543251619814016,1.099360324614877,2.533971226026389
4,4.8391762683555655,0.7334555334313224,-1.3879057071912624,-3.824310681254354,-0.3023801438298294,4.2028289936319405,-2.0844124658528114,0.5110224421856894,1.389955895521631,1.5523885474434918
0,3.0753324130860955,-2.770254017293088,0.20535820781654804,-0.6994980735247687,-0.5879699363790367,0.4787462153872435,0.03324031626576675,0.3184121171009267,-0.8706134498458109,-0.43353225951912716
1,-2.7339871093300117,2.611126062038537,-3.5114739246115194,3.7296596398660347,-1.546378082069728,1.2797283754801962,-0.8943302743637321,-0.36987865387507374,-0.6114919447256635,-0.3980685352235849
2,-5.228774134262634,0.8722985144454739,-2.2586298573284327,-0.29452303442849903,0.9704170584918743,0.2801589869381576,-0.3114154775529484,0.39624566068979433,0.5719491977570834,-0.13595855357256753
3,-2.502202853960905,-2.253291643373705,1.9136111353908545,-0.713551234925904,-1.2009924754167218,0.938016362240422,0.735376282668508,0.07683096875468753,-0.6540614418254648,1.7013082550200087
4,6.1024296227538475,0.4068868954444453,0.12755337519481696,-0.6461966011548832,-0.7125761293049627,2.293708721398128,0.11225355980871399,-1.585818811415912,0.27187462944513807,-0.6530644628528769
0,1.1749210035030624,-4.897619743468322,-0.7269150452025456,0.48038545999471743,-0.5850202073294688,-0.47102423259627185,0.9263964446277718,0.7634346462985366,-0.0302748225924648,0.15104451871002061
1,-3.751629170388121,2.602600414020428,-3.141086442315945,4.0826996116888905,-1.8199717838796332,2.0051513918081754,-1.1397205863128526,-0.7757520942881478,-0.18067408440768082,-0.8124891848821477
2,-5.966021990256567,-0.4935094943987958,-3.6929195972293045,-0.737407148155248,2.3859007484112893,2.7175799080768868,-0.18389246804827833,-1.6639534147236383,1.2969418141980706,-2.987036780854456
3,-2.140116524703682,-1.6739202563690136,1.4469887123711311,-2.461216235008203,-0.04198322618288329,2.4408204762572265,0.9622813387615935,-0.5559235551841648,-1.1623321511284166,1.3138687840642724
4,7.222738243137114,0.8196818622118056,0.03577096191390163,-2.469257596348091,0.19815531818018983,5.84261419647433,-2.0932204314420306,0.23381615461597896,2.184263994279552,2.776093162694296
0,1.0061759240271622,-4.628840506549113,-0.8266855376080913,0.14497236092017074,-0.5014330587929141,-0.7069985393411258,0.5870796817030626,0.4972118761786155,-0.2673116013521031,0.29766009477652633
1,-1.167790181374414,2.487071926122559,-3.755541571248215,3.464320819196569,-1.207280035559995,0.2497687158216821,0.04890387331179416,-0.7070842468807191,0.9715287513131703,-0.9230919414511287
2,-5.943374470854054,0.2744457417132423,-2.0507989634681665,0.705601625735337,0.6752217330660486,0.3018183822264041,-0.5185869091844809,-0.03468093993809227,1.9714604477663535,-0.21680709687368724
3,-3.495710701531426,-1.8600011214577503,1.3011809924820545,-2.017618026495048,0.5777775558291124,2.37646237791766,1.861413596921583,-1.566473402593005,-0.9065384671715151,-0.09105191928735394
4,5.7554200330687335,0.6268563477587471,2.4256971860308902,0.09728001628265923,0.10774017839514018,2.5646836026668867,0.9572953257608603,-1.5450220872677563,0.13734261912113924,-1.4209587314915733
0,1.848165828498155,-4.026074837860714,-0.9956868602866966,0.0208701603238658,-0.7823496905546801,-0.5703872996120161,0.37884700909179586,0.20936491277684538,-0.3996629711439532,-0.13570802672935464
0,1.4467883378725501,-4.8468537258105915,-0.760975821386114,0.1287538802411945,-0.07811129699494496,-0.40566304440664014,0.4996047305031567,-0.47508258645282725,0.32188127040271003,0.6710703825589659
4,5.427225249151267,1.0199789301732671,0.1984633339896489,3.2037232141605014,2.8683691308487305,1.9295932972806462,1.482084790981457,-2.574733868473991,-0.7137305503985915,0.13178312807614967
1,-3.209674569644164,2.2215794680235685,-0.0489535825913007,4.139450384965099,-4.598845358512586,4.2418949163552355,-0.8197520939515961,-0.4029548080408415,-1.7225395526367149,0.14913397387504937
3,-2.499446874081927,-1.2847860405117633,0.28384845697276423,-3.4444516032170713,0.7768527317341524,3.58514687472041,0.21638996613082892,0.011406043357699491,-0.6843635613932308,1.1425110666069707
1,-3.26393134640695,1.8572583458218035,-1.8921461634105485,4.425751053007056,-3.3167859107910833,3.3716432432449124,-1.275268502195793,-0.5914590080825785,-1.2132110947740344,-0.25082820626357527
2,-6.29229120216659,1.0894330557324157,-2.2768020783313903,0.7559279206193991,1.12465765359211,1.013281928565359,-0.7158742593122965,-1.1106259098936384,2.3158769559557704,-1.077783261642822
2,-4.560176068409662,1.1107147892638516,-1.389513467407458,4.177976693050982,-2.749698987054541,1.6906581763922224,-2.779506081998455,-0.30377015432472604,-0.28755202753021536,0.4445295233143364
0,1.7383079771263399,-4.536089126899536,-1.0901532536831384,-0.3352339023907121,-0.16960648708449788,0.42057699985963204,-0.10574816695486987,0.1977062720815761,-0.39248686358756985,0.2630864453101719
1,-2.774624008733547,2.5777450703149296,-1.7814952237095347,4.68449150310029,-3.2499861895596136,3.5062650888863383,-1.4967240992869926,-1.0966344094811427,-0.7507381591915153,-0.40778892929814886
2,-4.189669809388964,1.6176668159670768,-2.032666632036481,2.2990850929423097,-1.1660140840458508,-0.10304561850235615,-1.0854539617356624,0.44115042855708564,-0.019519107600228996,0.5605383396656063
3,-3.1538587217507565,-1.2503074182972698,1.5805934011195608,-1.1099661937441052,-0.5707092112646559,1.8667184160519292,1.1961611966157468,-0.3112857559377836,-0.8177431671132456,1.8344320320316743
3,-2.163322985343292,-2.3621454918639038,1.8833580310714,-2.578013458980195,0.23990739227305485,2.3581284838404573,0.4059722073176449,-0.5488842425504514,-0.32619750042445944,2.020751641586881
3,-1.3450902710454606,-2.3668682642806456,2.2834267707050637,-0.2992068171633448,-1.8993715709705612,0.4885177939276314,0.4743376145494421,0.8671783396992064,-0.7721864181316337,1.6778659792956239
3,-2.1928646251940127,-2.7772832960319778,0.586111857814041,-1.809477420825354,-1.4146917702208446,2.2057765214006677,1.1097751950115586,0.9350939371138229,-1.3854122866150032,0.6966489516674982
4,4.3851048352924025,0.9757164923799236,2.305413503203496,1.1694091016928325,0.38858674763803797,2.6083793880588133,1.4745851830543368,-2.033296402647397,0.3145103102606234,-1.1427383045482673
4,5.315787326058216,1.4743113972285868,2.743505347467025,0.33125262410970446,0.787123947010771,2.018942385367479,0.4810956025493383,-1.6181087809592445,-0.08274553260549214,-1.036471663372803
1,-3.1845415158519197,2.937994208214574,-0.9040271607782242,4.007403885316031,-3.6825195815503435,3.5521467396790003,-0.8945955278371944,-0.4428119076113114,-1.6267097814596367,0.0295424130067028
0,0.3098136241121764,-5.608631495263572,-0.6325453470393881,0.3782996400018458,-0.1262556814850586,-0.15423239703651043,1.1562339655854912,-0.529774481918036,0.6337456738439963,0.39401682210902217
2,-4.55835530920714,-0.27893794820202095,-1.0493962921023263,2.0947351995114256,-1.2061818656409253,0.8177476711608133,-2.094622971285814,0.21495244972982883,0.17117949056200707,0.7285664363459496
2,-4.320619043730621,1.8352137053886208,-1.4888070585704285,3.9637626079546027,-2.8195783166083674,0.9560915078496495,-2.465454240708365,0.6649597262698727,-0.6671745365271622,0.582527384799397
0,1.33504304546718,-4.268396557523618,-0.39358994942997866,0.7207967895529489,0.8830915201111739,0.133838825286265,0.08610084613054694,-0.3849752065659154,0.3463556209954371,0.1723585012619458
0,0.30084634725658704,-4.581953095609456,-1.5642605118682316,-0.06220722953196163,-1.0258722817794657,0.5874368871193136,0.8349855987100842,-0.13497187997360496,0.2702157371144227,-0.45547026854591927
1,-3.186254136983433,3.0124210218797933,-1.9833830001904227,5.070057246983192,-3.970323908782055,3.4943345606143583,-1.8851360607636187,-0.41790026671659597,-1.2843684247194376,-0.36863141742600564
3,-0.1311782040223663,-3.134354102914734,1.9768368901910207,0.8132984094858282,-0.8576549074139947,0.914199799648348,-1.2010999377588352,0.9059919764568383,-1.0712313032948388,1.0217507342656562
2,-6.399903325747129,1.1727539348918896,-3.1213258567244564,0.16276925913826445,2.3932343228900295,1.3502660824717452,-1.1681146693310565,-1.6958668918989581,2.0313590060941307,-2.10636890548777
1,-2.6327343336985694,2.7225194635816155,-3.3610814345108824,3.8369488327643517,-1.8092426930156231,1.7729703527873426,-1.1072694671086507,-0.597841190383892,-0.45203410603509575,-0.8702543320463909
4,6.654699110817588,-0.4334680578858947,-2.128294448576285,-3.5020228811343825,8.586190987665667,17.074438706934416,-4.887738196205632,15.808451579151525,4.622559940099623,11.894194025961012
3,-2.927337650513064,-2.5506780430341007,2.2433427242021726,-0.4130446811102464,-0.9247585232809753,1.1610431236963363,0.5745525146632267,-0.3067554957365734,-0.39709877052159653,2.5036985097245803
1,-3.33221953376065,3.0240085009607354,-2.178898811463659,4.620271466425041,-3.1725569143592875,2.9791699516398293,-1.8669323010389025,-0.6316139544540285,-1.2881437693293254,-0.25330633884005826
3,-0.38377211931896804,-2.681998467225942,1.7303979086223646,-2.4814507232102487,-1.134166393706081,1.0995603677598562,0.039470447818131624,1.1517563773300392,-1.422808133623287,1.6557280894314894
1,-2.4663187801480904,3.0262836989433453,-0.6913373831070797,2.858013416797093,-2.605361890130838,2.5016259847994484,-0.8496201903204005,-0.6475416138821687,-1.0033039124441643,0.17482794263930082
4,5.954237626342108,0.7476566729240929,3.9472826949048674,5.353712775017028,5.824533508108234,6.320504913752823,6.4390837519313555,0.03953073874956349,-1.6811456861893288,-1.6911701418763554
3,-2.3239702224404564,-1.6517516556544634,1.6208194405422662,-2.0813242824290183,0.530329223780165,2.0361374739144398,0.052349641701147906,-0.18577262167513928,-0.621765119283725,2.6309216206093913
1,-2.8903392306838223,2.571133897272561,-1.1505918748028559,3.9706307810037247,-3.6194715681392933,3.173958132615628,-1.712658315779997,-0.20205646534955762,-1.2155565095304228,0.23676472756494585
4,5.300472709758427,1.782307124226822,2.111414189455482,0.2119657879121355,2.080200405753396,4.6197238105741905,2.268345291870757,-1.4938457335271702,-0.3185007636512093,-0.6028505945279902
0,1.5167109725422523,-5.1920205021605925,-1.1804948484496254,-0.348864535042321,0.59640269989963,-0.29496347302743064,0.23016721419726102,-0.15828796797549394,0.16421367901506204,0.23355591850009744
3,-2.532443731749606,-2.982197244089751,1.1904434532725254,-2.7209868412270084,-0.5700456590011775,2.9579929883076477,0.6724694914025301,-0.07878664647411934,-0.9937373098694149,0.8909392990742154
1,-2.9249974395970324,2.447429539156209,-2.4442273287404666,4.458264419746334,-2.746812835257984,2.718524354038119,-1.3261819026363564,-0.8378288590266056,-0.8350457287394755,-0.482481831294874
4,5.761993392562684,1.1965555545207653,0.11918710181495788,-0.4075322919237091,0.33996190081990996,2.2076059158475343,0.39701519677188657,-1.7416885494371268,-0.36520063586709156,-0.38685098099414383
4,6.600812774563031,0.6650819557466497,0.9860660346790782,4.469297835557113,4.178936286772862,3.055472087143631,3.364685514259246,-1.2077572662337301,-1.3737596862077595,-0.6617236742958023
2,-3.7652237272440026,0.5626790755613894,-1.4653052068634114,1.703691406270899,-0.5511030017695531,-0.3003578772087094,-0.37478462664911777,-0.1921627936420516,0.361520137590994,1.2419955502110722
2,-3.263273756290379,1.435859457021235,-0.9251426231518649,2.7005867907718715,-1.9029611781261937,0.43629679213328965,-2.0142603775031755,0.18639550840632824,-0.6510306318858807,0.6763224565639562
2,-6.216381927807066,0.6174414280217362,-2.792752979463025,0.23178311912181765,1.8279713373643909,0.8000768688387065,-1.4842914386447603,-0.8798060758696363,2.3888150924211553,-2.1055034511832003
4,6.00354396693899,2.1439963453880293,3.5955060779740617,10.597488859538357,11.154009013873186,2.366586059068303,4.615352381264624,3.045891621595186,-2.2395282171499074,-2.3013705265872506
4,5.936411388183953,1.9162877409509351,0.19001759351377115,6.397970068312878,6.2979930999710625,1.8238881314088156,2.589935090476184,-0.8537160629706723,-1.2350186004040808,-0.11978500650648485
0,-0.1877180032639739,-5.070499311391026,-0.3261720550699278,0.33368221905632395,-0.43472512324114276,0.1538804198750077,0.7229619306801884,-0.46190237772626874,1.0020467077787025,1.1231497338463288
0,2.333700772057589,-3.841996232183965,-0.5944719801039229,-0.32834817694781593,0.297906271696085,-0.3738741758645883,-0.18214141484287164,-0.3690514397621414,-1.0750788931583133,0.2657710250611928
1,0.4806826843821608,3.0351796591943048,1.854806616873135,-0.6771797195828105,0.5441956138160144,-1.8737873633499917,-0.7232379012113944,1.3170096513390075,-1.229970359092664,-1.3925499792312366
2,-5.388832759695378,-0.008705737322047392,-3.5401467228286454,0.5012971933636332,0.21046891865294212,0.8104894095214863,0.6223469172066893,0.7098142300623125,1.642550673040102,-1.149609663377008
3,-2.7753354437065374,-2.1097090308779376,3.0258018022209874,0.11077244504676237,-0.6310218818637242,0.15435613185265473,1.6089208510621231,-0.5490352459567921,0.45313094891527994,1.2754983229549153
4,5.545954490268956,1.3619320052446655,1.3039853463480322,5.82261833493144,4.951499496527035,1.2119111448307431,2.9486184441907644,-0.09691628612336715,-0.9912583816652172,-0.6517498213899307
0,2.211146656627264,-4.48203666938419,-1.572468385807241,0.13165969486999296,-0.8603050364603059,-0.4989849734188095,0.6968931626257723,0.442680657169697,-0.5174137407335991,-0.5882233055372184
1,-0.2246906168151059,3.9113613965801757,-0.2970931894511336,-0.8337444558708397,-0.3657185342959507,-0.6170577407049528,-0.014171902126124628,0.8167698827307464,-0.940702807223603,-0.8144246412750967
2,-3.0017051891983053,0.5119634073116739,-1.470192922680044,0.6302808265770786,-0.49660706927897275,-0.4162868783950975,-2.230685527990721,2.125189942437997,0.6826140526109719,0.7611060894180293
3,-3.4651457770179928,-2.507659451646246,1.9385533744144077,0.5851022415355296,-1.236362175362117,0.11585103674725222,1.9489690845657905,-0.18424159015780514,0.9088065369735868,2.004833069375681
4,6.843305343499501,1.322055727338232,2.101466832141334,9.755399706939578,10.630393989033939,6.495884443358655,6.802527520695041,5.209901211185886,-1.866588948425708,0.7998168151539191
0,0.6017214558771247,-3.71700336547054,-1.7668839371348475,0.1886113301710975,-1.7150964503609147,0.18772225451856564,0.8931857708488412,0.8551698576579863,-0.5029298460514372,-0.4447412794386029
1,-1.0219916517876173,4.928246560368549,-1.0777646395927412,-1.1216009656669224,0.0691381706018589,-0.6673547751135048,1.059350526627083,0.7885912193154216,-1.4732346068845124,0.35462238040215516
2,-4.2181058875393385,0.00636015268358439,-0.9069988219372581,3.1837234665118164,-1.905835718884057,0.421008798922232,-1.7799478438157639,0.08225307879681154,0.10587575656111041,0.8371735938330964
3,-3.0437997549973717,-2.372956693290816,3.49689818161867,1.0137956792292853,-0.219249568423904,-0.39454213261373133,1.294153909251312,-0.49038266767990585,0.2965023913164983,1.7442154768473344
4,4.934805488983299,1.3757815570445429,-0.13797832562321397,2.0445130678547967,1.1774184844994302,0.5069964513882026,1.3310262794818786,-1.7668029169828743,-0.3642484133719481,0.1912397765680263
0,0.7413674755044175,-4.805563221483724,-1.3193205647378468,-0.2799904876491994,-0.8188347493790458,-0.3954888779105152,0.9401356555106408,0.3286324336933272,-0.19824430904348359,0.03850573890221793
0,2.264721513425849,-3.413318083133123,-1.6662394595159835,0.12239091352502388,-2.0027725239333614,0.07399986979628508,1.1153758742197752,0.9169608299128141,0.09836770665179591,-1.1700193431092387
4,8.212966396623429,0.8300384516159421,3.4968998549152532,11.867104214171398,13.252279615686529,9.671974540550421,9.703936827846942,5.846962885321538,-2.4465244934363524,0.0424480795201633
1,-0.1849619864909585,3.1148451324365185,-1.182899871786482,-2.188550295737683,1.0685582231046717,-1.4813066627910632,-0.6406422862672787,1.6515747673503964,-1.590528968074105,-0.04181409971056503
3,-2.4233624420822535,-2.600404036507735,2.861983052325612,0.5268946903847556,0.3001886944373863,-1.265629162667904,0.8181007075807438,-0.6269325361562761,0.577402685052253,1.5099008308197277
1,-0.33937783718623704,4.691108990773041,-1.4652906834063024,-1.0140139273862196,0.01883783277264549,-1.1603467375025827,1.1969824721780289,0.8939619644939167,-1.4107818181545633,0.3003518039178075
0,1.363508416014672,-2.4533086437571687,-0.9518834373619154,0.21990499171155026,-2.1951159471407626,0.7150357482789642,1.2914868679211418,1.007560541335343,0.31228006898709454,-0.6359463533180085
0,-0.7268413724728232,-3.7011169463774647,-1.7817890905868883,0.6162209354907904,-1.4830803471588199,1.0091055367959882,1.5266936486475697,0.10380089196177679,2.5482856487513414,-1.0949570616397446
2,-3.2664700252233208,-0.09091194901788317,-0.43710286150711536,2.684975281107318,-0.6879982291054559,-1.476656628026746,-2.945610551583103,0.40197063691939067,0.13373818567109472,1.250253060217748
0,1.377741275551882,-5.986096128818546,-1.3328162860328179,-0.18282055791304763,-0.24728384246234505,0.3579716518515777,-0.2058470920291809,1.01374082248278,-0.08303974301902438,-0.2810746886226479
1,1.0199055223249318,2.788889973554732,-2.188446119138598,-2.3340618241988786,0.41277995003981127,-1.8437957042753097,0.9877564732726744,1.9365718821494475,-1.0844571968976076,-0.5414294277225864
2,-3.6729745289278304,0.27430103636916725,-0.7563872649250357,2.5444352355282187,-1.426184210940705,-0.166282582410208,-2.0745529040693778,0.4091052114308805,-0.33627417361675327,1.3692855827626027
3,-4.87569466175495,-4.16963831455374,2.8136751537349034,0.7246460303452368,-1.1779265787211135,-0.7835837324212561,5.226258290620556,0.47770343551989897,8.124936347698782,2.4174931118135707
3,-2.828336836105443,-2.927068063827137,4.972281771958351,0.6121495044990195,1.2930016302492695,-0.956674817984285,0.4014485688688801,-0.15667018667490518,-0.1529122283881586,0.42684452301954184
3,-4.3850794781035285,-3.437686703460721,2.2203020941333036,-0.837805520502354,-0.4596171450558902,0.7961921993041297,1.4873919265863094,-0.4566717147460234,0.0374736994732367,0.49259055497479226
3,-4.058962656918728,-3.4716817588770605,2.9469819869496243,0.09587981229551462,0.18984792284599894,0.03485363237737259,1.7154315738750632,-0.8389727747648079,0.6757284038550858,0.9015704508092524
4,4.6162641888563565,0.5296738687582786,-0.8196910305072534,4.022314207863281,2.7525768371108232,-0.2586754629576446,1.233224263110508,-1.5812204184765914,-0.6118976123291678,0.6211936504570836
4,1.9663817471081506,0.4204387213741223,-0.47513535970992227,3.856944565335395,2.7430842018719073,-3.029776080350904,-0.5586475826110208,-1.775649725322252,0.8843500458477763,1.0751796588903941
1,-0.9664387104233118,4.69529428973972,-0.8423663574249453,-1.0337525077300596,0.06908589801875371,-1.1030795607765655,1.2998200154955009,0.9489010027513719,-1.6753364719021921,0.6710046916032446
0,1.3700957401731362,-4.164417831599716,-0.8683013221489142,-0.15779744561196773,-0.4922328343679038,-0.3537088640726309,0.20180793982244694,-0.34897522289625893,-0.3068602511974001,0.11527231089659201
2,-3.5514098037169286,0.05127422811970368,-1.0230697320440723,2.2673947551370843,-1.2500178982394872,0.12780646095544143,-1.4176062894121504,-0.41119340109647745,-0.8651231179591263,0.7515872990310596
2,-3.286543908813076,-1.6321640350754343,0.9209468229324022,2.861823887764555,-0.38710242339558965,-1.0013134296687605,-2.5315404384045705,-0.2533032992612698,0.8779411057262576,0.7370211735122743
0,2.3791054824464983,-5.178336582817077,-1.0392202457272341,0.07756775626381515,-1.1849047616769859,0.48745336301469033,-0.1661704933571232,1.2825262476115864,-0.6987016943105165,-0.66604336541063
0,1.7738546436575524,-6.138768871598088,-1.9162995409424424,0.04911772319856356,-1.0763832123693127,0.390784748681267,0.7095264057480415,0.8319232870309241,0.30676463641004115,-0.15390466550455606
1,-0.3915150893614374,4.046201567099038,-2.3340438877200897,-1.1095996707984086,0.6402079062196786,-1.5482159016897672,1.055363814461638,0.8548338396594712,-1.3402928732212591,0.05174127006445649
3,-3.9064171297147725,-2.702134807697228,2.3596201538858446,-0.40979016422443404,-0.24370536340794727,0.9286428000137394,2.869095212989248,-1.687429119249138,0.7222461325389948,1.244844356240861
2,-6.187346791611035,0.6722903215176915,-2.171666397489067,2.39212374419976,-1.061106111871166,1.2765789096416817,-1.1857437537009732,-0.009960213045507635,0.4261941023850477,-0.2934034930190189
1,-1.1545235422407467,4.53907552723258,-0.48526008239943885,-0.8677761971135248,-0.0065448291208064086,-0.7435626763590742,0.9565767493503147,0.755169749882863,-1.6306478210689554,0.40531581207839285
4,4.4084123508493125,1.4058771782620167,-0.3049488117429059,2.9829454963018556,1.6092723133828395,-0.24915264395733178,0.9711257709082757,-1.7006205686687772,-0.0360065511161173,0.41350628790700683
3,-3.5895720878046156,-2.9686902422800165,2.9713069757258124,-0.7422378228261325,0.07759732783152648,0.4401470543495667,1.9608138252628715,-1.4163080508921542,0.4420084821415072,1.4535690414167768
1,-0.8250919752881817,2.6780804691663387,-0.4359701521267568,-1.6825601866135713,1.5400779651812515,-1.5162470804137782,-0.9077734644195337,0.8938763488592731,-1.9290214346520145,0.013208299069322854
3,0.018615946879501452,0.6691176592791226,2.7526812044381064,2.0804003776779467,4.066700743067483,-2.458336765783876,-2.112797933482728,-1.52150174532126,0.7619157097622827,0.025090928992107773
1,-0.5100875386621343,4.4446724545259375,0.05535762742081195,-1.3671159360688463,-0.29969822592726664,-1.1884523629298387,0.6000288008234465,1.6113016325000291,-1.1707884500670174,0.2259944590604031
4,4.343474327455641,1.6187583100895255,-1.0585536923559375,3.2234617628285376,2.1121502842018383,-1.539927326387782,0.2076112135876394,-1.312004678086978,0.31758175202594,0.7736095320358711
3,-3.6066950391241304,-3.1859717678290385,2.973288842760408,0.4459280766319062,-0.002954576594324062,0.29585926149491965,1.3765970177536448,-1.7313484323598292,1.4319035426506592,1.4555199648588897
1,-0.05506120008491558,3.7236623820276966,-1.9079830921291046,-1.9598052709855598,0.24732370138816676,-0.9902058188270502,1.4596715516962058,1.4248564817153235,-1.337270086107323,-0.31126310265786644
4,4.78851990529021,0.6784567731209564,-1.4375037485541702,2.240850595440117,0.7533653568790881,-0.5390667094942765,0.0033251594047707545,-2.4302447842224133,0.6512817651752559,0.8608081867385037
0,1.9035962143831766,-3.979385811578163,-0.45709692268672175,-0.30581010656463553,0.022957225188499453,-0.29771248698033836,-0.4159898864713133,-0.7362604113243507,-0.6799006774698436,0.5080981858742594
3,-4.320975087154491,-2.5790503548285897,3.2801413205213192,-0.4214227461436986,0.2708751951012352,0.4221689968413266,2.0170676485986756,-0.771348900814326,1.2913930502164015,-0.614082617442003
1,-0.7751185888538615,4.434006998458291,-1.872638803236948,-1.2358866704110298,0.2926144757666968,-1.215596470825482,1.460338328361511,1.0817839182128102,-1.5017127431806863,0.29132093543457144
4,5.334621995770303,0.3865371061228331,-0.6996350719995201,0.18794406673209763,-0.2581589328422523,1.4930663977622793,0.6581373703568096,-2.5141075046581305,0.46949692722718595,0.3954904824307268
4,4.605881237572322,0.6839236478751263,0.06685658685840223,4.571358835722005,3.2353569877085038,0.9566945507534014,2.012721832439584,-1.7329371680032062,-0.5557498151532585,0.32531138550591965
2,-6.177064365154855,0.1758790637447653,-2.8926108388513065,1.5106758902601276,0.5570371618870854,0.9036482177982785,-0.9052900793481349,-1.0979041876386704,1.5683555362305257,-1.1205031200091788
2,-3.0158890049155542,1.6992397817131046,-1.29396073673293,1.6538653462590545,-1.763978730048659,-0.06338383151455419,-2.269865579510491,1.9167766195417464,-0.04541153319477847,0.38050918872282297
2,-2.7676168502163696,1.1497780847827124,-1.100757692531464,4.529129732613492,-3.351280553995661,0.7448610125184701,-2.8352726845046017,0.9097434723840668,-1.1742994493859857,1.0128840132078787
4,5.047374617872867,0.40213485530597576,-1.235493272445681,1.477080734290859,0.47584815569504313,-0.42371561136424074,0.4616418282426669,-1.9915761841708581,0.33071674475700424,0.5843593072303911
4,3.9679049138282174,1.3111710762646474,-0.3869780326004393,2.1227251999079035,1.4980320340211386,-2.6187216148413355,-0.5572955387842858,-1.056752307494934,0.7014634258669615,0.9260768945305426
0,1.4404491550464296,-4.855113157293414,-1.5947649772876658,0.42182454169817857,-1.3697165055691902,-0.1914132168717323,1.0064106921131286,0.6420977268822315,0.6763270418082079,-0.22782270751567274
0,1.8284093568206912,-3.8703820428433673,-0.8014822427824765,0.18208167590075008,-0.5916307771890393,-0.8256471341617443,0.7898884178109576,-0.07127247697024765,0.337242616418988,0.025331844953964528
1,1.300067944676352,3.5577896556130097,2.073319632319699,-0.0550882482224419,-1.6305141178666034,-1.4360079929571508,0.3320691209497795,1.5367968268479404,1.0928834273350383,-0.8538732331077599
2,-5.915071059165301,0.1362991860507638,-2.9131331396087554,-0.8472855424192771,1.6695199703525376,0.990650313960188,1.0191902484604813,-0.30370441715765895,1.4670150812668443,-1.834849608086391
3,-4.435350416053007,-2.775678284690567,2.1320215870502777,-0.6050361536618509,-0.8864119705849071,1.2543710093653078,2.068381930919285,-0.5294743257744497,0.22156033234005634,0.8621411834613475
4,4.94625333205943,1.0093359920294802,-1.1397038031825095,1.0045013873603061,0.4516207127192759,-0.6802200812147788,-0.10301324533323807,-1.9020331722572363,0.027543747936572625,0.6885172579914738
0,2.8984701140175972,-3.4924109603811715,-1.1590066649097357,0.3140837034848799,0.6651329780367935,-1.2459060950863585,-0.888485386444734,-0.737047487159665,-0.40367586625246976,0.1875601483557975
1,2.0500102392074617,3.2883589779408084,2.7981171182564757,-0.22616972435441415,-2.0391562069997278,-0.5551607958830284,0.43953936579167435,0.637962012079334,1.7390527698027156,-1.0308462060533738
2,-4.947862648288995,0.9356322868637408,-1.032999267794595,1.5351118234854557,-0.9859276142797445,-0.17926797761420907,-0.6173685576896547,0.8898623487610537,-0.3853038107137272,1.3447659534640295
3,-3.035207295593648,-2.2850245602037993,4.36228518514664,0.5854183866694203,-0.08865816107673125,-0.4226234058363715,0.12170994246598107,0.07833050621813804,0.13461777555160073,1.0921047527143064
4,6.204481940946874,0.6081786234562452,0.5930748172512542,-1.3800608180812377,-1.1737314726651693,2.442195601697807,-0.09719664945868749,-1.0911069963511262,1.1333222959643883,-1.263085174104063
0,2.476185859847558,-2.7262876735102126,-1.7523148729054396,0.05373601629977757,0.40906166241532604,-0.03334413114735275,-0.4841912316804334,-0.6819304373555282,-0.31194264773658226,-0.7859017026571181
1,0.08576963921765265,3.1006701401037535,-1.7008427530542816,-0.3364077603440266,-0.595933512797379,-2.235508763297813,2.1697867490630753,1.9186468022642502,1.312783962390327,-0.6765072812011919
2,-4.682363970516824,-0.1320615703369392,0.5714892074518025,-1.4031215378788122,2.215492229780658,-1.1849791938837595,-0.8647357601609051,-0.4098084550311623,0.2618930143871845,0.07846505907356167
3,-3.0999330741421063,-3.865986284351993,3.446055693463655,0.2816695036843166,-0.13596752275956547,0.51139635583727,0.5444295406497278,-1.4353572185369212,0.8674692241171246,1.3061803925346114
4,4.371180508892722,0.5191083799314176,-1.6714436871865426,0.8707995158561767,-0.28479281762295944,-1.7948720171240116,-0.22343122383298408,-2.009834708103445,1.0049739158483726,1.5517867230377267
0,1.5609784335295174,-2.569163444772924,-0.6341678983656648,0.5013534517260361,1.1579257920051436,-1.6384389606670997,-0.9965689666958869,-1.1061732382397615,0.04324446661275547,0.9344172723084997
0,3.3721191748003725,-4.8783589326762264,-0.23831107341029303,0.3378896302211476,1.8556171688140868,-0.566751568648409,-1.5236894449869136,0.09636117238645972,-0.012026823945139757,-0.522706724185937
4,6.0939518154328365,0.4597253699396349,0.48073911185823265,-0.6828962895706275,-0.6762409210692092,2.7815890571419617,0.30952653878994374,-1.505739890940399,0.516070509745162,-1.0808751457743555
1,-0.857070973945507,3.831015982211822,-0.15830388539125456,-1.3539149638892878,0.2613257931862018,-1.2472520449541593,0.3267369781808,0.9556151728141619,-1.5650677614088266,0.32131481557481584
3,-2.7497623790954804,2.1306928607183977,4.565696218530584,0.2598133879580584,5.063891737853564,-3.1349574562583866,-2.405909199068819,-0.5133370374723403,0.7785427031253881,-2.124744798134392
1,0.7890314736792962,3.3943821472508406,0.7296603772777358,0.19878368068662544,-1.4622411083774076,-1.8509366100310534,1.3336518175303347,1.4955304201676531,1.926818093363765,-0.5624413547298124
0,2.1122743451598507,-5.429027923034858,-0.6853189134406218,-0.11621590470962873,1.5377564405120694,-0.8169010301691674,-0.8089111522941858,-1.2249959762769604,1.8808734238334195,-0.6297723188847368
0,2.9569770845548633,-4.487375371203503,-0.3878160225883542,0.49053563357800584,1.4789687628592074,-1.0300768010009433,-1.3790914397337857,-0.7815160697194024,0.5518437280604729,0.33649221743858937
2,-5.058344539257639,-0.4749073357137978,-0.309849163613905,0.9693189581617404,0.2134891809479109,-1.2369374669905848,-0.6194711497610047,0.36333580796312015,0.7107037615506345,0.8861195695817412
2,-4.200716071351731,0.16033963432072218,-0.25016586002867996,-1.2702312611914375,0.7043729984148782,-0.7154937601429254,1.225844587414633,0.3348636826159981,-0.7636712103273335,1.022796127529415
2,-6.270049738164511,0.02745474881083525,-2.0179947008081562,-2.670596647176533,3.0595849897005007,2.0239062885577654,-0.5880208058748327,-0.664898418663995,1.2987221894774128,-2.133094116270235
0,2.1303281415764417,-3.2893233996766797,-1.084693748338109,0.6279708184003575,0.6006073893913852,-1.9953532982413602,-1.0482237832235113,-1.3183225786568733,0.30816734386501116,0.9579783070003713
1,-1.0180826387319666,4.974689636658777,-0.7473720549033425,-0.7938400037053952,0.31773840222265426,-0.9234863617166665,1.520222436845373,0.06643944837694721,-1.2105596314810287,1.238098227943539
2,-5.69308545867684,-0.7232560318721948,-0.9384422550991985,-0.055293439963209554,0.7867435432584675,-0.4533350930622067,0.6660170337843854,0.5250441287790052,1.7325564994613682,-0.1515327215660589
3,-2.6197777393780752,-4.506529271653028,4.030535152732261,-0.5349097947804355,0.5021467438619825,0.4463024090897163,0.16009523540959505,-1.257280599558967,0.15364804150566744,0.3451908290905719
3,-3.3924539261006665,-1.0410631416539826,4.0667578595832685,-0.05686607024763039,0.7689124482807647,-0.5259883879820882,0.31075925572707586,-1.1776356704446769,0.030644980638578394,1.5025259127050372
3,-2.3288623634729424,-1.8969109633415746,3.990135453725861,0.6471057444866831,2.0301136385928347,-1.5584896494048643,-1.4576558826254413,-0.5011620509611092,-0.3943353978759275,1.3539641316281277
3,-3.320566810288422,-3.7159056416893907,5.456925383418144,0.7382279125317911,2.6127431638066034,0.24478725854773353,-1.2618009958425442,-1.3234464856282566,0.1633682666292312,-0.648730646206473
4,5.2674314460027105,-0.16804536591401914,-1.2677107185811243,-2.3706742595836716,-1.1540160971785278,2.4524230084834757,-0.6952529632715104,-1.0349270258114631,1.1242003548217192,0.09333695266314111
4,6.089920857211028,0.8084326764733121,-0.340726340750016,0.8942572070427836,0.12465233342741373,0.4340256831330007,0.25871909447061087,-1.8269164467240138,1.0159567935858451,-0.22016175206676025
1,-0.930657511061784,3.475994345466142,-2.2395814985264177,-1.4549474316702822,0.48458218594673225,-1.3763660701442928,1.5108253051727716,1.2747841174987427,-1.699924792932912,-0.014698720173253261
0,2.713630129199828,-2.5099397253027425,-0.6375865759692925,0.4353993261288199,0.9943736484917574,-1.0452926722655513,-1.1805847015380175,-0.6647244810064041,0.6162068685977565,0.10137704924156951
2,-5.771997780932414,-0.5003613931520745,-0.32878886013492686,-0.40650221417439814,1.4529256732302962,-0.18927732125790508,-0.6897485021383516,-0.007009154017712645,1.8980296767808524,0.2662458206588878
2,-3.831582301377556,-0.7536813998926186,0.906872425373184,0.7617457227033799,0.9516997270516641,-0.9797915994016064,-1.7954526714144534,0.45129796882506973,-0.1456278924806467,1.0465858357085547
0,1.7384346919782956,-3.0731096046979114,-0.37065566117483967,0.25433457537817716,1.6100925810802937,-1.0750453130035116,-2.0212982260244505,-1.1774632649448222,0.4217246877714598,0.7962615884583465
0,2.174396222291303,-3.5623860585913736,0.11348530331535696,0.8128461976545748,0.8413870785634459,-1.6791073063819912,-1.1559649556909732,-0.9152886470849719,-0.17001499721925198,0.9907976338396205
1,-1.1274442063843566,4.565473963817396,-0.9155700749961276,-1.0667832821291623,0.5139634460894044,-1.4527363337845536,0.9416246315706109,0.7578756991089747,-1.7460185991675177,0.9978678733373962
3,-3.853032786879283,-0.5951485988639498,3.7647789150564415,-0.30961453947820927,3.3643307169236745,-0.9830429184279581,-2.0610238288749354,-1.6181791094646154,0.455465471331409,-0.9002490886507032
2,-4.682748792075525,-0.7757594018890359,0.5549998448646901,-1.2587471689228382,1.4372261581135346,-0.2666793801717954,0.37863746857167374,-0.4495300781091472,0.21427969041356645,1.0942905466391377
1,-0.4714180458357008,2.477575029891284,-0.6845000814160627,0.5253464051595793,-0.294416658989383,-3.583041351749041,1.4018620000514288,1.559956420347181,1.4751653574664336,0.6485626309999182
4,5.015820070318551,2.175411898758663,-0.01711636533060263,-0.9409968223265982,-0.8270997411095807,1.5524291662683483,0.37200194259031805,-1.557476085467417,0.42174269160564265,-0.2544867109166524
3,-2.3206050588746217,-1.3579703246049828,3.617163062042306,0.20051066818274793,0.2008927231620044,-0.8009440859589095,-0.7903286798094418,-0.6525936467515019,-0.9192460794734004,1.9477553480935286
1,-0.6413996691319832,4.151198236407746,-1.4747569177511959,-1.5343029768627432,0.657403808818233,-1.6265801285155372,1.145914157977447,0.9662489440704383,-1.5088440512329777,0.34136963971605894
3,-5.314831139864665,-1.51905680827964,2.7226077765561705,-0.09942604360657283,-1.2346341532202443,1.6989407253694397,3.2433463533277163,-0.6208966788352983,2.280168981383375,0.932144177865886
1,-0.4980152710919802,4.066169354697155,-1.4859013223507829,-1.6583291198758532,0.30029792974985053,-1.2189439285168253,1.2857607393761696,1.2666822590910147,-1.308096402469144,-0.10909603099036987
4,5.5030706844837,0.7774883107906067,-0.4838450850688789,-0.09273558623206725,-0.8858129533982037,0.36848828433798264,0.18853617815851853,-1.2917198839904978,0.749056722955321,-0.36241562329880445
3,-3.517852786969971,-1.3364997474777933,3.5183771381969113,-0.3552371133023912,-1.0797839936214464,0.8335474886845904,1.9477129476687323,-0.8949791639307839,0.020212336802917775,2.0699715301306902
1,-0.029368382480463223,2.3009760115031668,-3.145729971132397,-1.749092445611583,0.7218933725437671,-1.7108536644701484,1.921994559964035,1.4168679514950349,-1.379470989058126,-0.28471325088595695
4,5.870906882294168,0.6061141106181184,-2.0035832446517086,-0.5277154299094519,0.019846346884055028,0.6258456619861428,-0.7619435375022555,-1.324438326622587,0.08530013827888681,0.1497969184403349
0,1.735733368082323,-2.20057969762684,-0.9469833389217319,-0.3955541136341765,-0.7315200378726917,-0.15917273174346816,0.5371302949115551,0.06377308246772942,-0.8020650047606105,-1.6009897503742663
3,-4.522278612636946,-0.5709902335445022,3.76774329454017,-1.230000830205779,5.017643879120448,0.3060977162882009,-3.178690154200758,-2.1383682121007337,1.5209093451369327,-1.5702765200658784
1,0.2281977094351329,1.5015131751212287,-5.202152401984676,1.4949432779267424,-0.7081189078614016,-6.393790706131153,12.46395105441917,4.565709612993951,19.762303195568737,1.6483066075134618
4,5.150483257029768,0.8454426811337334,0.019013605222895778,-1.2426052615081349,-0.4799719689682685,1.4789946122182418,-1.2101508565658203,-0.3454898380776662,0.5748036671449787,-0.3653323624292848
4,6.82881075680046,0.058618794547639366,-1.8295861072902113,2.022675772791881,2.017971446541301,1.8138119745617796,1.395098401863373,-1.9700682484043543,-0.02676442904318696,0.5346623685858779
2,-4.808489974930743,-0.31641405369471515,-2.0513327364971174,-2.6862850524450463,2.123679686278813,2.2951752535387517,0.635356931909367,-0.5543139140949103,-0.03458358792329177,-1.8032668628367836
2,-5.396591880644174,-0.37779253881103547,-0.9745819639431432,-2.499879534406699,2.5370683410949586,1.5563973495960133,-0.6831191254141132,-0.5557403766596372,0.9247456545864522,-0.40963179504147473
2,-6.7890596683332225,-1.1862836838057789,0.6555239837701502,-0.5012557020459453,1.6739597913907893,-0.2605037572675738,0.703216874906283,-0.3614688337465075,4.897324646243529,0.996606616857284
4,5.4318950031102275,0.2882178415250444,-0.5955474628825372,-0.8313561806519176,-1.2449868401870139,1.241535913076133,0.6589768197890552,-1.8041069219713342,1.287590940628196,-0.13684136721918333
4,3.4308450921542817,-0.4039477053423967,-2.1123130014632845,1.674825436037785,0.3983365724786374,-2.3947489139737996,0.1283212196102346,-2.2681041840479157,0.7735682264296019,1.96192627349813
0,1.8013304086324315,-2.7185945386621566,-0.5198028285020222,0.5395639951614547,2.859941646974266,-1.0875768004513455,-2.710572014895953,-1.427269727469987,0.8343876164107767,1.0350730415647889
0,1.2041249861781274,-3.926643539510843,-1.2330516144142722,0.4510331455106357,-1.7215889162226254,-0.04151679326325774,1.2862041327991545,0.8163821095377857,-0.10072877703380474,0.08879078706889819
1,2.0506385471562223,0.2688225951818469,2.9682043878979347,0.8541707909598183,-2.2509709286844717,-1.0949630771411332,-0.14487823042458367,0.6645292706552016,2.2544384352895803,-0.4513344303104024
2,-1.987164250138673,0.07698618439402463,0.6095666139944214,2.3774495600856667,-1.4041160662758452,-1.3703186397343408,-3.027552826113417,1.1629147493734966,0.4661274050232862,1.2697285563838534
3,-5.659431428771167,-2.5703940207717997,4.385762480878452,-1.4465637775524762,3.1836638846659735,1.4210254132432043,5.099704851770258e-05,-2.88094229825602,1.4054509892952676,-0.8132005164087615
4,3.8958236528995807,0.6442463912350841,-0.9761355800423888,-2.5355771840636963,-0.8912047781066162,3.0634026101268383,-0.5988321344254705,0.20174245544750807,-0.13590320572772607,-0.7282609149533746
0,3.074953769929211,-2.71070327993949,-0.676837938369959,0.1092985329653233,-1.2992520638251799,-0.1884427177315454,0.48962020125210753,0.3758998076485962,-0.41817487994703817,-0.7702898919584986
1,0.37795800152957526,3.5965699656237295,-0.6798433738121529,0.12261919869820945,-0.8923889009178546,-1.8182290596245654,1.7582901558009556,1.1316663350448155,0.8746947385986532,0.1414575164759649
2,-2.69893970621512,1.2277214830218521,-0.4589564388848361,4.2496875013885544,-3.800397561829599,2.2740637601242883,-2.2880073399980856,0.013026572371363681,-1.109305561671493,0.5829041869725459
3,-1.8972177346625232,-3.241607743435113,4.300728403839148,0.22950802694540529,0.6778541486832343,-0.48237991516050405,0.06931728813381427,-1.0029005025860147,-0.9405361879031092,1.8527085951495599
4,3.9207074433207394,-0.7345175599079585,-1.7011981918232844,-2.3743773833845467,-0.7059396989684076,3.314699529070536,-0.9030179010249848,0.5772045295886301,-0.13665960458953025,-0.9455781017777728
0,2.2720866432572855,-4.013073511234321,-1.2655019177628941,-0.12503347641765922,-1.6343049879216687,0.19547758879727023,0.9486877530450671,1.004518465540295,-0.713125988424841,-0.7808815826136387
1,2.2558940192242027,0.14609343050605958,5.40391442504138,-0.1573370521326585,-1.5447991298010402,0.6858913712516028,-0.780464916516862,-0.9252049037277732,1.5521507774744299,-1.3362673069504385
2,-1.4489723029684705,0.19439659845962767,0.5887411273287158,1.8927195828936603,-0.44774253839525585,-1.783420287048127,-1.991224589115147,-0.06175686484417374,-0.4158928414394412,1.9376472904894275
3,-4.1143351309679534,-2.801990182143629,1.3526913603176918,-2.2680642172899894,0.4479477657584263,2.1232361901218164,2.289087570639639,-0.692629109964395,0.47717535758802576,0.3016132422772472
4,2.8914324875189235,0.5203130730782498,-0.938635004900422,-3.438832939928265,0.32375856008334475,3.508937939147371,-1.4053194306665515,0.7287162063072283,0.19191522088718105,-0.6640456278942145
0,1.8045423053295098,-6.072530741784652,-2.127047923634258,-0.7147129646372031,-0.6980896915037638,0.4869821227025244,0.9430827096744414,0.6758472382798215,0.061841187563860284,-0.6356367941917277
0,2.609254354122925,-1.4712261074227477,-0.5530008623903695,-0.8651614230619673,-0.2904928597901533,-0.5712185591774703,-0.2629467216529627,1.0981512614048268,-2.1938471321119306,-1.239087356914201
4,4.706830047262149,0.05633972363557295,-0.8524040254741165,-1.7549844576272486,-1.2591024129048238,1.8531117548355163,-0.44579430739549064,0.14912722416144855,-0.0630382331757126,-1.0719750240712562
1,-0.7511700526324216,4.805664889025835,-1.216955252568792,-1.0548982889379024,0.12950133467795083,-0.6780378861074249,1.5990226832546182,0.5785459485328077,-1.397955693948627,0.9049065366701526
3,-3.681128573044506,-2.742423835112461,2.927256579828087,-0.05707931448678256,-1.3317206349855741,0.2355744302647954,1.7748205552970833,0.2266139509835264,-0.7815379697503817,1.8645092933060854
1,-1.372476223308864,4.947293211500704,-0.6265383793756388,-1.0165148845781402,0.06393894734876744,-0.6895003799383215,1.2080707786722424,0.547977471563704,-1.269894642405934,1.2015039013222124
0,3.173597049542514,-4.152085169655164,-1.4851517461582682,-0.37874161009022583,-1.031417094471762,-0.05128209510008678,0.9587543994881916,0.772722703806635,-0.6391377665842967,-1.1387632630158528
0,3.1874136350263043,-3.861445251173713,-1.4293729919360143,-0.31861913086315036,-1.0708725092038505,-0.2507252352796188,0.622833434717207,0.9344165982514845,-1.0444939680077412,-1.2078755351774366
2,-2.363112840021123,-1.4894729751949631,1.5863070483708472,3.4845888307815267,-0.35290030225657126,-0.9759082777977841,-3.2029572114567446,-0.8666263597223767,-0.05413541004189416,1.7957000973457409
2,-1.1705152440105677,-2.2510497963541165,1.257600710149267,3.976515216947365,-0.9830263994848288,0.6079870350332565,-2.8527046155498295,-0.6900431018437019,-0.7207364354576588,0.7427775022605445
2,-2.185129352447524,-0.07408212554724562,0.31217062802148166,4.413902217978583,-3.099651096959714,0.9943583568874305,-3.755141357191977,0.05761023731063239,-1.7009454440271046,1.0166325093914939
0,2.6120295313344064,-5.32465672349954,-1.2283211715009705,-0.7660096657256668,0.836189789884997,0.05269695577179477,-0.6405663562456428,-0.32810423463285165,-0.22876869828028523,0.05515813567877599
1,2.4817094076053583,1.5785915492262106,3.8155225615221116,-0.17499907279027432,-2.5582172095109157,0.1702514141885151,0.4161709083343792,0.4001224363121364,1.243177700050648,-1.200561848173268
2,-2.1005805202451633,-0.8755708884247124,0.9126076982316726,3.6014547176841876,-1.910353787523743,-0.13550519915422982,-2.612906498861573,0.23536283857090703,-0.4974631113242895,1.0698650441567545
3,-2.2869403132718658,-0.6437562729276809,2.0958045702498898,-1.009687849102177,0.17928645672808954,-0.4578593347280242,-0.1910136051308274,0.5147447868232387,-1.5129293401356707,1.374843284561967
3,-1.5962262014284387,-2.5916553705755816,3.0267611759796504,-0.7027262280958434,-0.5043241367406783,-0.34681519351027507,0.8240001458742608,-0.03708247348761383,-1.5681018003510585,1.1931984653925811
3,-2.864442047013951,-4.148780131922196,2.9101521871535474,0.7172408344373629,-0.8760767761345779,-0.6893919493834835,1.4611165543544575,1.0175837625633335,0.7316182647691056,0.7416450089858921
3,-3.191670636479312,-4.322541018488859,2.586994005313141,0.17223202813436544,-1.0083709405926011,0.47152793682743444,0.6018750421930555,0.7610889211087544,-0.8216228634217018,1.153320893530316
4,3.9159569564704206,0.711419170771292,-0.15498209853115016,-2.7259241524031905,-1.4290729101713429,3.1266783599214265,-0.09546978432639135,0.1742704762203199,0.1978490512918828,-1.4576732570627235
4,5.523037521936446,0.6033175335450799,-1.7742665055514573,-1.0332283145683605,0.5298556011524101,1.4924310827868803,-1.5007815452096156,-0.942674094546069,0.06922553186417434,0.16216554211580683
1,-1.3671861136997632,4.215507181161648,-0.23848925115937533,-1.3996963570853407,-0.000997949177361387,-1.0515853904726769,1.0897582794033844,1.2503448289166414,-1.3103428057612663,1.056206568429383
0,2.5782955897308515,-2.7251315758718677,-0.5622445860798071,-0.005745640392393137,-0.1848647309806591,-0.8863495894567439,-0.42489313716449817,-0.12067399010346422,-0.7621331854853696,0.2811848746417971
2,-4.844326219763197,-0.3121974079751054,-1.0343287960909313,1.7360936947836716,0.24236196796092765,-0.42417481290211734,-1.4023806488358672,-0.8371613508934426,1.3656385085572067,-0.055096101594003494
2,-0.9390757293547113,-2.2827627747511507,1.0958417851070956,2.5437395806793686,-1.565935513130148,0.9117879574958059,-2.115445884040884,-0.1287230189241242,-1.3093346296910124,0.44778192144159146
0,1.9895800843570601,-4.518710973992718,-1.389530470952817,-0.0447183782504537,0.42210205758351027,-0.9414644790962473,-0.30776279452727745,-0.5430540700072175,-0.0902830854782608,0.2851284970694623
0,1.389852236906861,-4.0912182036452815,-1.2157383759076201,-0.08050025419318196,-1.0011349937399292,-0.20412096251313538,1.6802607433708847,0.7932113751647051,-0.051037965225595484,-0.7814408858983269
1,1.8159997808556978,2.7963291225717213,2.389344242245676,0.14748048372081773,-2.1453699136471087,-0.47415217136011967,0.8612523250742146,0.4690829411795253,1.7799279407152222,-0.4653047728722282
3,-3.8562448713703934,-2.1027622152311687,2.5633573128105165,-0.3426931944126511,-0.4910692099547252,0.182271877334727,1.39536057689642,-0.32272333940489867,-1.1364808208679824,1.9291729529665305
2,-3.270773662760081,0.9517546466315971,-1.2693098664663214,3.453572917553428,-2.101694524528573,0.08801969954313807,-1.965519550027855,0.2350347851654372,-0.21328323840269622,1.4432089971134645
1,-1.320026464577604,4.044741093565591,0.7360901972588171,-0.5978218939380833,-0.6692522595591363,0.08858805254562563,1.0054084026386634,0.2399733947704011,-1.1000264456357867,0.8347646145714814
4,5.171874124551195,0.018290593578492376,-1.286448511571284,-0.7421083139572022,0.6815007209665693,1.729706233212874,-1.8653775174887144,-0.2975684273862253,-0.34066975787094456,-0.013437766977263153
3,-3.2444601090309027,-0.27767091117869375,2.4118149894004115,-0.5391780314684202,0.9158696940018028,-0.6691504729610799,0.7335139200975087,-1.2854796603952519,-0.683214303842438,1.8406981926469368
1,-1.1738772906058244,4.266231112998132,-0.44908556635607133,-0.685523673950299,0.33076491267487634,-1.3136681773677648,0.9205339933220515,0.3054187349175473,-1.2624790802219206,1.6317303853664253
3,-4.085992330201585,-2.618343473729352,1.884107160584148,-1.0512445769289371,0.19483721779563093,1.3810502592858125,2.341654413617801,-1.8176656229571804,-0.4405248330743182,1.4937839367778931
1,-1.38802694084898,4.875088219291951,-1.4044112729615643,-0.5160031981860012,-0.2716559830855945,-0.5159368516464695,1.3315460534322114,0.8376856960041135,-1.3239046347606678,0.4254378556450029
4,4.093903004801263,-0.08932223084230356,-0.027840692139089677,-2.7440266668112243,-1.329886364665453,2.842712193413998,-0.6890238389517155,0.6554768743541596,0.10434047042812085,-1.69596629653369
3,-2.379274450746339,-2.8781333032855176,1.999180830244616,-0.34405735958711225,-1.5027990068704082,-0.1655284294692452,1.5211894418477567,0.8292857610949974,-1.2723363225718185,1.0552279655979093
1,-0.8312747246529193,4.282104570378508,-1.9981809001467272,-1.388209663494031,0.5614689586463224,-1.1382478760439603,1.417608616991614,0.8310725553033473,-1.6783295396424198,0.5194383021150435
4,5.171833911414307,1.551175268083276,-1.03837185201216,0.1597503893811028,-0.38188901185413593,-0.03213634404484456,0.1915619255521593,-1.394710840522743,0.537172355688594,0.04381547675076404
0,2.4029311931203265,-3.854273238797427,-1.1735116318848713,-0.11216682848198113,-1.069220391625551,-0.3107871895285303,0.6775073514406914,0.49253231207979964,-0.74533630321419,-0.8502980702873695
3,-4.450262617525477,-2.4388841972509336,2.7211676278037333,-0.16591220696527037,-0.8278996677623431,0.5083342181404772,2.412110571989176,-0.5229333529062253,0.15937524628681435,1.6075396486231142
1,-0.5789273328674337,3.911635174426577,-1.9059804450512037,-1.2456417325090294,0.2928234720143082,-0.9140954481738118,1.8254483265226968,0.8632124729219237,-1.4545830160334305,0.5231461991737211
4,4.694072071162498,0.6187787868298062,0.6933763942207952,-2.626040484058843,-1.7328791998936577,3.4354195407089776,0.05620123766072742,-1.254937419390117,1.4090496897194429,-0.43307540933019156
4,4.891097398812595,0.49976576510338444,0.09107510758272638,-1.9695605003898025,-1.5306862357622744,2.654270215572691,0.306006167139817,-1.4674602593042325,1.1140264262099948,-0.01387679407662262
2,-2.2731081252366954,-1.6580858088778678,-0.25954923118912215,3.4233589043954717,-1.6207295027047837,-0.42036422260584844,-1.0816644708665535,-0.4436404279735146,1.8213795733736695,1.1137247082890798
2,-3.3018640960763945,-0.06932076319978571,-0.7018142034670791,2.340462309921427,-1.248206514326081,0.05519786259453627,-2.639246388245685,0.14803966333286459,-0.1344820292760761,0.647904894665456
2,-3.6638843006553876,-0.28696324002054785,-0.7007430721621531,3.9445722238002126,-2.126978092806542,-0.007343627760813731,-1.632642232665207,-0.034918200439708696,1.19585576630039,1.3006926223493267
4,4.868852761563895,0.8936687196914774,0.4004083909884155,-1.3449436038622162,-1.419311813097494,2.2169219559703905,1.091712472620652,-2.189232493583748,0.8813175089028094,0.038026627093951694
4,5.812311163574944,-0.044753252685553475,-2.103341222927219,-0.7713434473433062,0.7458911880846252,1.834697868899922,-1.8783229944577078,-0.6531090571307762,0.4172902199984391,0.3351492025329724
0,2.8251447340444344,-2.191793574272724,-0.6993361241335533,-1.3190980566516237,-0.17641861432901312,0.34121562053078336,0.5152198455487791,1.0229194658692153,-2.3608939431410105,-1.447556731983022
0,0.966254845252218,-4.514990381462253,-0.39566312194277653,-0.3111497737140563,-0.32335701918909465,-0.4699463836237146,0.3541020840151544,0.4374118139689381,-0.7117892230422792,0.818118875790937
1,0.8497272100460156,1.3411747540702303,4.188841991404389,0.37491146896112065,-2.4568487268342243,-0.17887335712352329,-0.4794211395880437,0.8877014113249638,0.9872804514760408,-0.7817172367640507
2,-4.654718469478699,0.4017330876968447,-3.0732181795708393,1.0054179321948271,0.08982379304543264,0.18322052280118456,0.770124171553145,0.07988956859443744,0.5851017754802799,-0.8555088821131338
3,-2.6877619784232727,-1.4100047038316907,0.4080665029791714,-0.281627157586133,-0.4430563582838016,0.4486607947361373,1.56795148062249,-0.742786056626979,-1.030590917755986,1.3495482089081368
4,3.321074138675779,0.36683168867820914,-3.2204813500382152,0.21743933442174285,0.9581484350428341,-1.319135166199731,-0.5696112070464303,-2.9173573354453586,0.6339306583468135,2.5611576928893567
0,1.127120860893545,-4.0281244573754815,-0.8292271226386901,-0.4255783225837614,-0.9536294699136441,-1.2393748618974525,0.4669389880639891,1.4899610126580813,-0.30267919033442403,-0.48893139529432594
1,1.2805652464988193,0.48598404880775004,4.605463915244431,0.738661506606772,-2.705885593523492,-0.006875778684143035,-1.1336457811888405,0.40536741868786486,1.9338200395122127,-1.2653403801467484
2,-5.291626564732428,0.013576518277793393,-3.663650529448393,0.15571201739491894,1.881848457717877,0.9498775441779517,0.2274405970315305,-1.5144760304971239,1.6232578296110618,-2.5416201657253508
3,-3.0943434160958647,-2.372072870571509,1.0730574334587595,-1.3176080089091897,-0.484672187081203,1.146287212677367,1.4160322428053118,-0.023527731351379356,-1.5503981030314888,1.0637634470717916
4,4.276548275329075,1.199414077472059,-2.514291284184977,-0.6738254538080513,0.3011412173573834,-0.11674636788227662,-0.6852023842637988,-1.9975025590183488,0.3507041957495665,2.4892349182245326
0,1.5340215699470174,-3.685389417831632,-0.5145916542723717,-0.00013612420344127308,-0.7023485699963139,-0.6184757064615181,0.5157799017133438,1.6454048139751132,-0.10952403431260259,-0.5287064042457754
1,1.4902061826492432,1.6242157953295775,5.052114196401426,0.9296647363490064,-2.698745034189953,-0.043840664909642224,-0.7029730324532523,0.41635792263360133,2.38096528142204,-1.6366474752370082
2,-6.956655568435439,0.3036605484869522,-3.452382669337851,0.18836485201287007,2.431214482113973,1.6721618153256848,-0.6088698989600778,-1.8999658621365776,2.1570372277084484,-2.748003446357619
3,-3.622237496310921,-0.9378127115311293,0.6386617111651361,-1.5675794278577817,1.1861411890660747,1.9068072228007973,1.0593965900738367,-1.9795886364602113,-0.6123542228344488,0.31512792036945253
4,4.680999756462927,1.4488336886285886,-2.2873116272835508,0.2674150250184073,0.34513001738815713,-1.0093323574328659,-0.630147237809422,-2.5790697076888947,0.5464192744807274,1.767251370637054
0,1.3593052425415046,-3.696314071273078,-1.746648898663651,0.10305045841323365,-1.264218335043305,-0.6652076782651051,0.7835685078105669,0.948935306613244,0.17818285676561277,-0.46899539475935254
0,1.604441216636493,-3.9063534480837316,-1.738804459337896,-0.11178257196443175,-0.9401600821580848,-0.42002721898287604,0.47907966092305215,0.9524981580161952,-0.672892770194329,-0.7614610604197615
4,5.654897102520121,1.460412942113721,-0.17114282755683433,-0.616833837232016,-0.8118637028288053,0.3021766100576612,-0.052247351567415515,-1.556627016389302,0.6309422927737427,0.3041752892754064
1,2.4539714778279724,-0.6440910068699119,6.043788944437497,1.4005835639074966,-1.9403931770252327,0.5683075457600465,-0.537902005896763,0.7437631048965686,2.310600000658836,-3.234303196833265
3,-3.323003549011908,-1.873940231820601,2.3136939352922066,-0.27354661617700105,-0.3533908731019685,0.5578239140111455,1.2762408391446922,-1.0224222702252157,-0.7221557028061166,1.9469602356902413
1,1.9559408587263196,-0.7466016965061391,5.725145710838778,1.070415400022923,-1.7482136366191166,0.6158286842980676,-1.1201014232931399,-0.03834191649099123,1.9733711282390902,-2.3651833021262614
0,1.9372148610183069,-4.170407476447257,-1.3502033886739024,-0.09927172668824358,-0.7822654630061359,-0.5167135601539392,0.04384932773179537,1.2389639819919476,-0.5059214011824045,-0.9359948070934361
0,1.1390281901768882,-3.962192916549797,-1.2706336181743032,-0.04175178533330802,-0.7760832188730473,-0.4558602524783978,0.045828226357782484,1.1438645602216118,-0.6726928623394653,-0.5301597670065575
2,-5.9166395877572135,0.6322494227345951,-1.5174015465176252,-0.6008807668140742,2.6088132520044494,0.9375175549665282,-1.4796778483135753,-2.303877681792991,1.1617728565858039,-1.3230259404687938
2,-4.736518048619276,0.6723815597203012,-2.449606458683156,0.8647946874995763,0.752822965129263,-0.09188438832972295,0.25897966690108415,-0.7232244506927291,0.6370287942456786,-0.71939219866078
2,-6.320010864334822,0.25931106638026946,-2.6655628023659377,-0.8210681411905995,3.824965897687985,0.9235731206733624,-1.331022954078992,-3.0774807911728512,2.400292568259069,-2.816724791622454
0,1.198176888721927,-6.083548205021088,-1.8431876505063984,-0.2501873713503135,-0.9210791265538022,0.1475622960923241,0.8150928630536923,0.8416956659161868,-0.10358885223697491,-0.7260313740999508
1,0.9185143666902662,-0.887696971184883,4.1724525416851455,1.304453552829002,-3.2461611504319716,0.08642976464526278,-0.42393640174504255,0.9442632815083267,2.7038090285346064,-1.8168640966734095
2,-5.086890905313462,0.7385236974462307,-2.20085016533113,-0.686086963193987,1.9154048377235173,0.49737974832085363,-0.1807190399700995,-1.3953277299790734,0.8640173950322984,-1.4516059091342643
3,-4.440040242904474,-1.3987537242136987,0.5995102447604423,-1.3496844935047785,-0.024313270816620446,1.6003211089733562,2.210844150866051,-0.5529270075730756,-0.4954344718035425,-0.0913313656845869
3,-3.575572943349263,-1.891383835612004,1.242632366028688,-0.3153173200920427,-1.0857780846622695,1.6367600812189995,1.3328002328761075,-0.4783611618067694,-0.6515528037031902,1.6461386308082837
3,-3.76503388613946,-2.013660250165774,1.548285598165439,-2.4098777898506545,0.48418120504464546,1.8132181980884763,0.700885508550456,-0.17789390055039803,-1.102772819753246,0.27581861902590016
3,-3.552058677414779,-2.9679854290581447,2.6917344778275054,-1.6931012510980414,0.31626135747815287,1.138874980141518,0.5973677396474635,-0.46488837996622717,-0.9397130187378283,1.5591613205084425
4,4.003578758781436,1.1025471356234389,-3.060143621225805,-0.7693283089986928,0.6472737937703378,-0.2020185846252005,-0.7698663861840377,-1.74941076623753,0.6473272432027187,2.4181188323303924
4,4.954422840524484,1.474224677159518,-1.5616971891736144,-0.03219443462879866,-0.12592406160062802,-0.4149302101768566,-0.0003464480341117803,-2.253284943519514,0.7936195779494278,1.7000330079263573
1,1.3847365930316693,-0.9395106065023429,5.231117592491002,1.725341809909902,-2.41444403462895,0.033912584566445844,-0.9657626531294171,1.359876612699299,2.4927720436410463,-2.672460141099251
0,2.0323051977961573,-5.937439065777792,-1.711618820076672,-0.6282550277522979,0.007603339923400912,-0.2776554765210892,0.4188989850208026,0.21554236630559143,0.4999833697165381,-0.11411345064008971
2,-5.85123131416532,0.7358422625525444,-3.0244785091557915,0.3736567366668345,2.3126786074368706,0.4479604310134636,-0.6564388990396892,-1.9397386800808187,1.8981493841694113,-1.6002166817186674
2,-6.512500609595336,0.030699058681271398,-2.6780544674456443,-0.16881950976008145,2.7066880635263804,0.5833015291727791,-0.6784485851098782,-2.3851572530017866,2.099808535969139,-2.0158570430714393
0,1.2780634104027668,-5.944777240726979,-2.4410911000758384,-0.09974930839438603,-0.5007373461126478,0.5653803384705822,0.30504084097116435,0.641450024443138,0.4361151537278788,-0.89423068985146
0,2.0281785111541186,-3.8269695710891796,-0.8605768035911752,-0.3744343566700091,-0.45669241610044436,-0.48654105935626535,-0.3004097375407287,0.815655573978852,-0.8205954060222407,0.002687406771021547
1,2.0344164989258164,-2.1411594552890474,5.494052622522835,2.609464041395302,-1.415502130638583,0.13032755951163316,-1.062640025496425,1.286957518457969,2.9290045657218036,-3.6395168101197606
3,-3.526028778906591,-1.33097051488925,1.8079961919246184,-1.0512187007110725,-0.19099049425514117,1.4214709621351107,1.9967113895202822,-1.2460454637000091,-0.8187569390622385,1.3638830023283277
2,-5.775410897555682,-0.19963755207866188,-4.173834891427445,-0.7154501167552693,3.76896964574598,1.6990114054491365,-1.2391831491116452,-2.369934908706509,2.1287166902503967,-4.265506200580724
1,0.900034206078942,0.600869443534982,4.342611727163538,0.9445175315957092,-2.1030567171254617,-0.37522701044023,-0.926399429419788,0.7222626502906494,1.1019006847873523,-0.5642560175502176
4,4.768772307366236,1.2549332159884594,-1.6311145992793248,-1.1499863682143563,-0.18921118140041543,0.5319633650501701,-0.8209812866555133,-1.6008749857849465,0.28192526246660154,1.5124291821266727
3,-3.2192972271533415,-1.5901376521805792,2.7479506403674914,-1.0590841480312483,-0.15936743181982072,0.9132815589518787,2.1997932730528422,-1.373665176170609,-1.424887044579185,1.4049566862561196
1,1.2414839928242878,1.6615638864977038,5.472497950267579,1.260335453539508,-2.7735313794595426,0.3813487707461544,-0.6055255628525502,0.5948389566683945,2.5708020283988,-2.2933273934882843
3,-3.3437201966440853,-2.6469036489276387,1.7027877741596351,-0.6115515941721852,0.31700982189333154,0.6958359345858982,-0.16882909554284134,-0.6688351926766936,-0.5989259573795958,1.5023156947447804
1,1.1415850664665863,0.1914743498975114,5.6790273398419195,0.939096921480436,-2.0778474113630643,0.22689816531657214,-1.3331519534249805,0.33856352011132196,2.044836713698768,-2.006789805917112
4,5.009742385184457,1.3619713511020655,-2.1533703782211653,0.1626739011547304,0.35934769310780607,-1.205203575255137,-0.9834673903886438,-2.3799890647000437,0.5797056117463847,1.8687561346898012
3,-2.574872222570727,-2.588020963116005,1.7583663698268133,0.42382758425324657,-0.9984820894856137,0.30701219546073555,1.1300570368934413,-0.49319759646265254,-0.4250460863112023,2.0839187171412736
1,2.2986264819985784,-1.3053727523041945,5.641121611223246,1.3750477145499396,-1.616485183265861,0.2246176219587277,-1.4031106569167897,0.5133517632442361,2.2756852658062434,-2.909799175674818
4,4.101130907500229,1.7829899267954272,-2.482345278310331,0.1676893954089746,0.21131290866172525,-0.9340340325953298,-0.24655817662443763,-1.9849108786478264,0.11981155511505685,1.8721096133502753
0,1.0915621345659972,-3.930459808547685,-1.435123256870705,-0.17550615113006932,-1.4680107173324433,-0.13162950416547567,0.3185608754805808,0.9036113417987013,-0.2930383499999571,-0.317214042177208
3,-3.69833600529217,-1.051708429910814,1.92973667967921,-0.9294840469566469,0.07176477880201833,0.9812095716790404,2.0072495468379827,-1.257024008423453,-0.9876737463583924,1.613472962985305
1,1.5385563361351224,-0.26509882715751126,5.995706228197392,2.8663524977466337,-0.6411365048828958,-0.80052414975665,-2.174887383523076,1.5147091016747396,2.581563795862594,-3.121174336262583
4,4.969883908091566,1.3677554032192898,-2.0582605740190143,-0.7508862846809394,-0.11275150626038338,0.46494624702768483,-0.8523866316366453,-1.955464460483568,0.5305188646997806,1.7754351382214033
4,3.5644029654432394,1.3425842975402142,-2.6604911406973626,1.3080515871926972,1.1273873711778741,-2.0420577981910903,0.04134091833792633,-2.457656720637123,0.1282104679381489,1.7477810239615181
2,-6.711597210522304,0.38461831564236976,-1.7607490211278374,-0.17710871196867423,1.5621670685107152,1.0163975083848584,-0.13432725111169247,-1.3448945367215348,1.4188444456480138,-1.2959507400901888
2,-4.232158240597038,-0.3826875217171585,0.14934802997572613,0.31268208621675536,0.5831931811090387,-1.0227898444627719,-1.2263962109980042,0.03684083917038158,0.19299131324456212,0.389328714078398
2,-4.78616134837271,0.5801966326816549,-2.4709909886170474,-0.2562483482670553,1.8908694531436634,-0.40310253386922057,-0.2939496969847162,-1.2039377741873676,1.2940034889339134,-1.8045776629154415
4,4.401607455088909,1.5626863109798357,-2.420730634887634,-0.5676434163999701,0.17664593855933403,-0.42554233116832885,-0.3416587326400573,-2.3877924391484737,0.10469685448366654,2.014400646732489
4,4.57412826129049,2.617899765596657,-0.8113726842704455,-1.076353582225657,-0.5323685830741158,0.1692616558289283,0.5288771919953276,-1.3791868395333668,0.07598765412887008,0.9309609964361474
0,1.9227380433725156,-4.139548498768877,-1.4870418708199824,-0.2273231135456533,0.13732183582767055,-0.7439922001900636,-0.4245546233288925,0.2566526408072877,-0.49186033737029855,-0.11449629639568423
0,3.1944032098963557,-3.6685420504169572,-1.1855752036389735,-0.6778234067104472,-0.800258725460929,-0.5159769381303796,0.3508727262519413,0.9460141906727354,-1.3429609116157883,-0.9702011552969368
1,0.11231636150891093,4.871407709110985,-0.49303151911456533,-0.377665610229673,-0.0008891426784561751,-1.5199884280504974,1.0154806822282978,0.20292263750721828,-0.9228368805451397,0.7479923638640634
2,-2.6732135448889855,1.4056410906486052,-1.8848733920002885,1.6917611941129094,-1.3849452447581514,-0.4513192891679636,-1.030098985169742,1.0412604224763302,0.04701116016748966,0.7081539837819566
3,-1.9402355203152748,0.5278288588531426,3.258683258715039,-0.46922596378039644,-0.7138284582943261,-0.39579146024975137,-0.34573516902256185,0.7603900340790062,-1.2168029477333395,1.078523194548572
4,3.9586447400485025,1.42339381971717,-1.8842783342039031,1.8304510742825633,0.6576927967771025,-1.0952446326268817,0.19027538426212318,-2.1931522706249083,-0.4849660155790779,0.6852213885206501
0,2.443028767707836,-3.129754704444659,-0.7323573899299709,-0.521862706382232,-1.1670620323117424,-0.08749065872600598,1.2514045214183527,0.8472890235748202,-1.41240685693403,-1.1947949905425521
1,-0.44663608550493805,3.4659339347524343,-2.2665358386131427,-0.4513416055256387,0.41074001061829446,-2.5826538682535745,1.9311061294980043,1.137522352346519,-0.3706164363536983,0.3068479534673554
2,-0.7698495395295416,-0.09325366449906287,0.04169180234393148,2.0334783743512035,-1.8657411116973304,-0.31761547765154063,-2.267356351472033,0.6735532293579188,-0.8951014875256657,0.1920756495761395
3,-1.006668945849244,-0.5523550888863517,3.729671132741178,0.7817965985459198,0.7981908189438429,-2.3280528014440507,-1.573646945094518,0.9673273801373876,-0.279214445724901,0.5514652126176953
4,3.7233002659806065,1.4545710798597824,-1.6952032603461185,1.7037201830937485,0.7390797320343028,-1.0211671957050565,-0.3265561637514546,-2.5400090713862338,0.062211735024524345,1.0067795026463595
0,2.1712655120338114,-2.4082312348595174,-1.457516727143095,-0.441695818995476,-0.3480515917627277,-0.9222519036794501,-0.2623286335398375,0.5995456850474059,-1.301123378988461,-0.5556603784613068
1,0.9727996190895949,3.0177031021932437,-3.032341376958547,-1.048206960200985,0.5064477900412698,-2.5160445599493055,1.9775755626985152,0.8376628861526261,-0.13298800078856107,0.1122324400068681
2,-1.657400507472167,0.8803801352217093,-1.1471766451408085,3.078001712539432,-1.4435520661797703,-1.4434660313789018,-2.2609030519448416,0.02319058155174308,-0.3037051694364348,1.0868852583460402
3,-3.292758851098875,-0.49388599516530657,2.9392828522681564,0.015171507832318276,0.1031095093657853,-0.5866371598714187,0.994967944069189,-0.6596711967472627,-0.03610655231168649,0.9716225594135287
4,3.4996993121749678,0.24352468139456485,-3.597841198393142,2.553394834339528,1.50241634945277,-2.879463474865346,-0.678592191858535,-2.2235889914121283,1.2345930469297253,1.1044300832705445
0,2.966502835829847,1.069456503208357,-0.9898683376115649,-0.20072801575500648,-0.38155929807956623,-1.0591980283362001,-0.7831846375009262,0.040519505786915,-1.129702926381872,-0.6289288226983222
0,1.8664541102923116,-3.6447374580874397,-1.197207818030589,-0.5130634007097897,-0.9193593552908015,-0.2747402526494411,0.37152507472952256,0.8158649025322022,-1.0666156589273594,-0.41247279526874064
4,4.620336508870714,1.027387718350954,-2.5831663277654653,1.1109799494478347,1.0548248596184646,-1.0091509854807428,-1.1911613140737363,-1.849333352133883,-0.20363500079075153,0.852139380949123
1,-0.9576771959778293,4.963357282125128,-0.5639147001082481,-0.5767711249882503,-0.09991471820201486,-0.5656854948637813,0.9343964610707798,0.004318732195172347,-1.07407693948714,1.3065119805036178
3,-3.4557593999367495,1.999769944200795,2.3874320786100918,-1.0763203734900948,2.469354154337522,-1.4321778734527078,-0.6672161642477568,-1.0937682569686413,-0.8170711559871502,0.5157360581806615
1,-0.6177339731396541,4.372941200930727,-0.943117755448698,-1.5270330108701733,0.40157971879456766,-1.3024213193543845,1.279937321871998,0.8302901551043187,-1.1147933619265584,0.844170394189047
0,2.2406366975570857,-0.11273599853829017,-1.1906832438111459,-0.9986808455382691,-1.0476103287993126,-0.17225764116545114,0.4417159345875686,1.3358903845517889,-1.9184018652102353,-1.6122823569446214
0,1.427213090856087,-2.271337338112318,0.39717914776787333,-1.2236815812511785,0.8748836868013206,0.46448031439924253,-0.7769206083062723,-0.683590303398762,-1.384840743555128,-0.09014814427458336
2,-0.719919979291369,-2.3059363709332246,-0.013324954068214087,1.9772010919437661,-1.505018476983318,0.8454983904688343,-2.801605125718819,0.7111393026466182,-1.845635284246427,0.191552402417221
2,-6.430619169397907,0.21190580032370496,-2.0988632211943887,1.3435491979136522,0.9249512179290176,0.5329768758753126,-0.8285832589572738,-1.148753677384865,2.4729770483393465,-0.38740701194698407
2,-0.5782256633923334,-0.1544446868426684,1.0935361237389942,2.042122099411784,-2.2620068747394617,0.8043262530221753,-2.5199618481677333,0.3907183080279022,-0.650246789267475,0.9429168944378321
0,2.157539013795966,-1.907217495860646,-0.8205287576271629,-0.8096960603904986,-1.7083865106394824,0.6448322802935279,0.867941246874159,1.2362822038136632,-1.1694578207147477,-1.4517834729168335
1,0.7925724022163525,4.358064686542782,-1.9650407247430925,-0.5885025798178707,0.6063266322550414,-2.180302313114743,1.4546287420499155,-0.0255773783860759,-0.7113059813562687,0.6140225221508276
2,-5.147667984257008,-0.3308666649854138,-2.4233740699703157,-1.5018956342050522,0.7704598814295744,1.1869924976842592,0.6972100615363258,0.7442670622672463,-1.884688186322076,-0.8426997793367889
3,-2.946967469912676,1.8135900012892678,0.9611137260989292,-0.9280460765095675,1.067344057978179,-1.7800043309097826,1.0649777514236636,0.08512083960901246,-0.303876058471952,0.43630779374792533
3,-3.1211470717163023,2.0837168934952093,1.476484117866084,-0.7230325914222028,3.1256346853864025,-2.6347399529265814,-1.1513094551642598,-1.3766519626780023,0.04049876398752114,0.9165921573187306
3,-1.4377478275862015,1.5802625301691813,1.748253546002363,-0.30832873580152276,1.2555604041974404,-2.24515046428583,-0.9699711987006846,-0.9569369476694041,-0.9257978825710181,2.411523483940813
3,-2.4197732572634285,1.637002846742538,1.9672393924412404,-1.2224228500624144,1.1295436054484418,-1.1067525830467126,-0.07022809371362553,0.671357701665991,-1.2550987052105973,1.2622122173466055
4,2.8622581072643904,1.1586259444545415,-2.401290064628107,2.654137288429176,1.7908836841209144,-2.33160704605758,-0.5433858716729683,-3.017332480690815,0.37372711689976673,1.3548278029306713
4,-1.7867120673897328,1.7388111848344148,-1.0908804882262415,1.0940324902215373,1.8667056793757932,-3.1138619307855766,-0.7348736682795309,-1.2976030654064998,-0.14506952357807995,1.6327848380646235
1,-0.2968873704547398,4.997929134202607,-1.6059829750373968,-1.092654150646258,0.17174517870506473,-0.7445674667917423,0.9565610136996029,0.46762272267775645,-1.437528629252156,0.005451529868637735
0,3.3415279096891295,-0.6181769827813973,-1.1187845759988102,-0.692926391506345,-1.7174917764581932,-0.24162017767319746,0.5817633142856429,1.2288035415648515,-0.3292635387998743,-2.363177043446095
2,-2.5931860071368016,0.4621288690736975,-0.10547264430884871,4.1812346470274235,-3.707184438504291,1.8202199952193905,-3.200229675731022,0.43287159553235743,-3.7341670793167716,1.0221115739461022
0,2.8881994626867047,-5.539402868204828,-1.3404032800488626,-0.16760761171763286,-0.7915864307918866,-0.22409486539038762,0.555676235341056,0.6974256981780117,0.4028783302245074,-0.41173669014477693
1,-0.6056797360150153,4.767995500808834,-1.4332900952707812,-1.1033950948922786,0.09346339191502491,-0.8614125525266951,1.5470884269438305,0.7000549454756317,-1.1125081448537508,0.4665175800219548
3,-3.198252570983423,-0.1361568611667373,2.904326771570578,-0.6747365811971727,0.7583389828937194,-0.9141533712907084,0.03815742044516306,-0.18423256725203668,-0.905210192898324,0.3120412688278667
2,-5.117109022665692,1.036239909649498,-2.8188035400766274,-0.8696182867079111,1.6363535455119318,0.7383390027395781,-0.09926036126023281,-0.30565975544896784,0.19389249178607074,-1.6299827088673926
1,-0.879521864050097,4.42981470196995,-0.20452796609308563,-0.6945292688579447,0.11742063641327317,-0.4502755655202245,1.3475881009454211,-0.33286283358325175,-0.5824445632158572,1.2697906289239909
4,-0.8660310266598463,2.115651956454385,-1.108533743149924,1.0524003142784508,1.3430567514093157,-3.4762930081578394,-0.5021855762864066,-0.8122251834757452,-0.2944720699660095,1.5446696642090694
3,-1.66538240191957,-0.1346686489063395,2.712485004821527,-0.2266244321815911,-0.7845863510960026,-0.25501687745430535,-0.44068558922249434,0.1903321731495191,-1.4319455256454512,1.3443891176986245
1,-0.7895929019545768,5.442228065835155,-0.33537765626045885,-0.6499386758221045,-0.35190981732826854,-0.13065220087650262,1.0671259258705472,0.09891737708816938,-0.790355937023798,0.6990946551056988
3,-1.7541016330470547,0.17944175894592465,1.095799914252366,-0.026621360214092185,-0.5229532750664966,-1.3728802632638377,0.44827993226231605,0.6391770356808164,-0.5911651665617116,0.2853766805918148
1,-0.7378812169461568,5.035224737190779,-0.8875528036467245,-0.8765911042923741,-0.054601070471163346,-1.0410813600395443,1.2215255854351934,0.7861841222278103,-1.443809906260624,0.7602553222391456
4,4.744912789689553,0.7123662455745768,-3.33510674826289,0.2793459534856372,0.8486087223525649,-0.1194883978112327,-1.3170846097817077,-1.760914107874874,-0.2936624656265081,0.7916062721424166
3,-2.4717822645560283,-0.09777901370085965,2.898827303376264,-0.44244181214621603,-0.34799614958580916,-0.6210823475889586,-0.3697390334928574,0.4806748649980951,-1.4998312365221225,1.0401650015185828
1,-0.773062090672687,4.942707393845492,-0.5028831128412117,-0.39574509227515137,0.2676599744011209,-0.9150370764147391,0.6549582950093655,-0.32976657346961474,-1.2090743482944726,1.556433973453964
4,4.1690395323707605,1.8534486526066487,-2.199980903688788,0.931107361674005,0.37626489622390774,-0.9065184458338779,0.07410743182442192,-1.697784009175556,-0.6782987177117947,0.19661143229819647
0,3.5487195638217184,-2.176980363342597,-0.6437618642878961,-0.2700371340661661,-1.3206209500911665,-0.5531928095404273,-0.3530693391789063,0.9765134440860579,-0.6724905539980781,-1.4121752986609002
3,-2.2356203999496493,-0.6476048853916827,2.2330227030405414,-0.6365337257424146,-0.5520427135981961,-0.19210371484456587,0.4123529781132189,0.04501638221416701,-1.4773376418578614,1.2500773165853936
1,-0.742030105572288,4.765972164257058,-0.10284159265214315,-0.5740677753838719,-0.21331695660624192,-0.48851284541710327,0.8490310465810612,-0.04208839342647396,-1.0150262113670465,1.2150053652955004
4,4.030614788658303,1.5960396291842796,-1.1469795229917705,0.9997244489192135,0.19295755541711787,-0.1971973805563502,0.007439891216103682,-2.2359924343565067,-0.47559573569485214,0.8992237901405877
4,2.5615166471809627,1.4394431327116628,-2.649358245228374,2.2029103216438437,1.8754498486542694,-3.4257179116018417,-0.9941008153812093,-1.9566871197165459,0.5068000626145946,1.1392943059897425
2,-3.9029406219455107,1.7292798608497346,-3.165545654938283,0.8821472374214121,-1.6585281684751925,1.455409641850488,0.21817235122515902,1.3823597839167354,-3.7825815614970044,-0.5412692091954486
2,-2.251934156478403,-1.0196622779118536,1.0143445309824681,2.3081417622494977,-0.4184205722030051,-1.2782358897782506,-2.6715618266219447,1.2363673855674981,-0.4917226908102735,1.1355017469588378
4,-1.6618225061837864,0.4991139722479009,-0.7629633739586582,1.040963379362421,2.1013681910619746,-3.6095809335346147,-0.04489242607304962,-1.126552997156519,2.018906924390523,0.6640078204446231
4,4.773338908009989,1.1002050822322642,-2.175420252767041,1.3860638918955719,1.0960449453052832,-0.8320189819994255,-0.7464073068615207,-2.5910739714964985,0.21561343616724443,1.1687951460792887
0,2.717166649915717,-3.420095981135297,-0.132047753699497,-0.00852383612007237,-0.5533734773374697,-1.3936393796020141,-0.5999790798999952,0.6257574231528474,-0.4487443438004848,0.017786705979226457
0,1.3261261134356455,-4.255631579416966,-1.8847240838003463,-0.08431088074401946,-0.6028442220680765,-0.6099424734693922,0.3681607299996255,0.6488778289679372,-0.029379339676633573,-0.7411726237539324
1,-0.507604709273435,2.655374009986108,-1.119338089788168,-0.6702353227364541,-0.9429551796391791,-1.1398778704068362,0.4225161250013598,2.6293501651241153,0.18114425828409678,-2.0481667417343177
2,-4.734465895403704,0.3258615821318985,-2.49163026538737,0.6084084456695391,0.5698665417103588,-0.3529590291474628,0.3166796793097065,-0.13808835875565637,0.7075607718810932,0.07917722374054069
3,-2.0728347647376064,0.08503357058862968,1.2631683148375914,-0.9410111485136061,-0.4446414103876974,1.3125220375443984,2.565525269470946,-0.9450638001462176,-0.872585713443542,-0.02245200716331448
4,3.1186301033270927,1.628781718929319,2.6163411390500393,-2.364988657756735,-0.5483134209000091,2.7952786330222525,-0.5133455975280145,-1.9809220222294015,1.4400252628173797,0.09499627613367331
0,1.3660717845354335,-3.9414924344999447,-1.9406328942472786,0.01678231796510827,-1.1638563124957275,-0.809512975047138,0.4784617054452522,1.033956482435644,-0.41726987996191645,-0.9960621524280395
1,1.4847653577210393,3.8772483589115168,0.576591241251339,-1.1604650560350749,0.08633894100715234,-2.018880227675344,-0.32921031292863834,2.014543577289043,-0.5253436419138422,-1.6220588426670064
2,-2.094082169106428,1.3408138199297939,-2.1478210420633737,-2.1813509421408073,1.271415954965396,-0.21102701763700626,-0.6568126457344843,0.9264449485745853,-1.5481072290704128,0.15792888869829275
3,-2.3287452340229136,1.4768917540573938,1.968404770913153,-1.3040518872965592,0.45219843495453055,-0.36091553048165964,0.5368469109866852,-0.20750461918497218,-0.9785426234676013,-0.3461900221079421
4,5.180431223451392,1.0772504295802423,-1.8986381585667413,0.1912061398229467,0.3080347688391321,0.23615387182847136,-1.2852011011322237,-1.4290783146605996,0.7502246976266376,0.4094324956541976
0,1.7523258283416563,-3.2043359806003027,-2.7546926056462864,-0.49832140131269165,-0.5782511738460905,-0.3839259195535726,-0.5911476680640771,0.27572159429952947,-0.603514792545428,-1.2819050667768956
1,-0.4019475635292551,3.2094911736871503,-2.1617669034046463,-0.9285547117488961,-0.11024077937533566,-0.5932763469951533,0.77553831079778,1.0754386508835052,-1.1837489747432541,-1.3540426865471265
2,-2.454182126586658,0.5723985241029816,-1.5691151355911577,-1.4514775905413098,1.866841834668817,-0.6533715214136223,-2.8167762256328506,0.7053415688326546,-0.2179832592014416,0.45091253900881023
3,-3.317930417971355,0.6899698797718706,0.27497889149786126,-1.5223053107328888,1.5124543948732718,0.8656170422079023,0.7979468753925091,-1.4852862914729552,0.21705014658903002,-2.5712311416723415
4,5.177768123151008,1.1706310763080157,-0.15412566411043957,-0.15422061880817145,-0.424520707234592,0.9053396476871479,-0.5012367710372341,-1.6981558693416687,0.9292803006413917,0.09433664458334791
0,1.8706348714613625,-4.3954543366445264,-1.5273377391928897,-0.5860985972817772,-0.13898320670105374,-0.22657849546316283,-0.48609003900681197,0.5021054057100232,-0.7198130913530908,-0.2335562502009669
0,3.4049409364274585,-2.9849342139790616,-1.6757552417371322,-1.083589686742346,-0.09296652897951493,-0.07173079777340635,-1.0284594891181567,0.7265492985221428,-1.1146158621554725,-0.9832391654197244
4,6.642636531858616,1.209499300339169,1.9539395612411607,5.619414674393575,6.520605257916431,2.0835906779166935,1.247544650986489,0.055110284627639075,-0.7942504000139162,-1.285535188795467
1,-0.6600292710298569,3.2022330458907926,-0.2416293571909672,-0.9292231922299632,-1.1437501182848204,-0.6376539873006281,0.6905041107395822,2.0484715610849493,-0.7686602784574678,-1.3461496562149717
3,-0.4121944241983898,2.326260358801304,5.328001771560084,1.9215600258161585,4.931474349668876,-3.100056313290637,-2.2871503513050655,0.9974112967430762,-0.27101180912727535,-1.8860709163644664
1,0.031914857447689474,4.1842192968133745,-0.626346356397508,-1.310540335652075,-0.2717427219054526,-1.6481274057528308,-0.01645671286686427,1.915093718569123,-0.8440769484827737,-0.6780983635464561
0,2.253468934606822,-4.108184520380813,-2.4289257551651766,-1.6395996359604375,0.5224605054460798,-0.6176938063230328,-1.538930271694936,1.1323773574730203,-0.11126898828144227,-0.42406453354578694
0,2.2627865262782243,-3.6980445066898633,-1.2626253903728797,0.6093473929190936,0.010281662211054352,-0.74357610352092,-1.3149813115806999,-0.1126739650119018,-0.6811222306225858,-0.8758673596685077
2,-3.746666424854456,-0.5190564490336094,-3.642363410026903,0.8757172399664038,0.4097757294861687,0.6359202859715737,0.8189226087820846,-0.02514885862768686,0.608169323508738,-1.0073957470719213
2,-6.790593578441203,0.7860583225868525,-3.412744417337825,-1.0978067768368616,3.611539639466157,1.4062558372976801,-0.678740460459847,-2.152580948411092,1.9963325306780841,-3.477398286381533
2,-5.371184201204283,0.24293668774359511,-3.7769775181091623,-1.101967074186756,3.3690828715690246,1.861660528451125,-1.1903055501461828,-1.9242223226648167,1.3583984009244032,-3.2401573332881006
0,2.5419913279010586,-2.1897903725112164,-2.5975291907473896,-0.831474768210168,0.4763344447449503,-1.6696231136132136,-1.4505230758725862,0.680880591898947,-0.49832060374333964,-0.7145294909216969
1,-0.4834842680670287,3.465671178941648,-0.8261311268188358,-0.7575598846559768,0.6072150309727622,-0.887006242710132,0.048119733435248724,-0.16961050965821803,-0.7495620915479216,0.14921681581644763
2,-4.694886566121045,0.5181295589985979,-3.2862629528807723,0.6847181137260192,0.9418937434726047,2.099872464061776,-1.5097419831840693,-1.5181120524103089,0.49717479465151776,-1.8925264498999184
3,-1.3414916832378352,0.7927180293314956,2.909036640629726,-0.04622541703173945,1.114392474936017,-1.278680489254011,0.034601074964388995,0.6267724449435645,-0.818510729689102,-0.31125284986350826
3,-0.6894752243566078,1.0837491535910322,3.031057654346627,0.14371989322732642,2.471295275256191,-2.803329592667341,-1.5173185191863883,1.7943861530450373,-0.738632101000488,-1.379189851574784
3,0.18340859583375693,-0.003332579805110209,0.8075481939097765,-0.2751013037155548,-1.9077231302012705,1.4589030369954772,2.967961620914994,-0.6695223903598706,-1.1371636820496804,-0.23580084428803372
3,-1.3416680435597026,1.0026226679372068,3.074627517761248,-0.08366811772716791,2.385558315679762,-1.7875086401174254,-0.9662703762117767,-0.1466467157251811,-1.0849061590993294,-0.2547828260533306
4,5.977361288356621,2.13089691756861,0.2365884590947794,2.560750493037408,3.3019656024145645,3.2745885644308927,2.5293164553214917,-1.5086369474500338,-0.6460050314840544,-0.328823760613654
4,5.076621198021471,1.5850949525149491,0.40833788865787213,-3.064901454081586,0.1325941883162164,4.621433595248556,-0.45176861713637717,-0.7906335993179835,0.9519562051244577,1.0146217875305565
1,0.08235870531336538,3.0435243743098535,-1.695281769892258,-1.3200862235083466,1.0619372863431278,-2.2037464251119836,-0.10088024172992709,1.1440836688965315,-1.7338664535117874,-0.2131075762664542
0,2.138849910155606,-3.4816896633442753,-2.33896533815392,-0.3363900282916594,0.12927040203742562,-1.1652670663002922,-0.6015341817315702,0.03497192020759627,-0.05835664793129169,-1.0270033564305174
2,-4.720975267628664,0.18430273301214,-1.7411463731524934,-2.661085224536506,5.028586046585267,0.771317576817117,-3.499429991355487,-3.056576440098353,1.5632187519542053,-1.699455630389489
2,-4.638560494507844,-0.5453187705674383,-1.4150029590030344,-1.48720991414795,2.354956902737381,-0.7175353958949728,-0.8104395460786614,-0.2267545284889817,0.9497079754705067,-0.5182794042694561
0,2.1248901468507824,-3.440871999653573,-1.9951208193787562,-0.2617646408932708,0.4345435562275888,-1.7626573670844965,-0.844375671210642,0.4310188108763467,-0.24613230139010156,-0.9885859598037369
0,1.0812140413818192,-3.402008235130349,-2.4953433100803752,-0.6429922677570349,-0.12534391217460966,-0.90661340797394,-0.6405234641922571,0.6588536010393004,-0.4546482773569619,-0.9330548769730943
1,1.159511474564409,2.5699914373785524,-0.9233797478609234,-1.2832080704754585,0.4058709930454312,-1.7773810374428356,-0.3716576570625394,0.6888584475914125,-0.6958867100811672,-1.0242556546782433
3,-1.6779418660942937,1.1551502796319373,5.144851837529907,0.4980407232317616,2.3471929463169157,-2.3294058369703885,-1.0364762423793128,0.852497610089046,-1.1876458731313178,-0.8704585502950322
2,-2.805830627602351,0.17094737313614408,-1.1769841426485983,-0.4126427048350861,0.7376484707047425,-1.3459266612073242,-1.4477864472027195,0.32581258379009936,-1.0387616311882832,0.49902663884234805
1,0.19772799953620485,3.3881108857579822,1.590754120599486,-0.7886565564081216,-0.37890459008087396,-1.4192858002417272,-0.05018611466463328,0.5564003305042425,-1.1533227856470274,-0.04951626130046517
4,5.820749525412986,0.5042805593518062,1.0333926685314072,-3.0928332334947433,-0.2861461573056546,4.951491038208242,-0.785536101493646,-0.5817259634920227,1.6157456223396267,0.421710409503847
3,-2.281766158425473,0.03207181498182021,5.158718606604991,0.4772851180097997,1.0142698959537,-0.8113532957895809,-0.4437347331654522,-0.20597164267784956,-0.5088097498454373,0.5766324291845827
1,-0.28654468396206995,3.2400825592689033,0.25037624462593977,-2.0486464715533,0.9033146568937201,-1.8018447501029204,-0.8148019142075517,1.8270719985312207,-1.5342678351803205,0.3500524685049255
3,-2.2131761038024234,-0.05070040568489325,2.376737001671065,-0.9116165797534476,-1.0070843497126298,1.040473461464927,2.338152069305102,-0.5706230824236858,-1.0235674699392276,0.6903742668915586
1,0.4154488139452242,4.17430406086253,-1.3869173882106178,-1.3701135743242108,-0.42550837681504483,-0.894817055771657,0.5880991047127667,1.4467507145495737,-0.9385702680311205,-1.1179859331295927
4,6.1293781673613426,-0.07556368864666346,-1.244392609752504,-1.5779198279457995,-0.6979591976796052,2.144200724810562,-1.4504627645848651,-0.6136903602672288,1.1439863684557017,-0.4447144599760595
3,-1.4233212712269334,0.8542252064846321,1.0925196161791548,-0.6936723053750264,0.006015130547866246,-0.04616847056307353,1.2794369362156666,-0.3759970187869276,-0.573526698969832,-1.2504715461331501
1,1.047557530476613,2.7552618995399643,-0.46239597414684286,-1.3886084260034846,0.3593531194707255,-1.4851319914763907,-0.4757653320432523,1.2968525910205273,-0.8071012254291979,-1.0769450833622412
4,4.384367733915048,1.7200285353009113,1.0504294748804242,-0.9906746547279379,-1.3756490419355136,2.591039598112012,1.9498555658800423,-1.982904260560039,0.2712345012250261,-0.7633973521443308
0,1.198460761067054,-1.9352848222853343,-2.4351379392183485,-1.3411734615513558,-0.9813588226910661,0.36284979050139815,0.8596564722994342,1.6687739877631969,-1.94838135934687,-1.7035608786172656
3,-3.29926885281317,-0.09350314814786108,3.415286565667092,-1.437386183706841,0.8402672172316447,1.1893025535849961,0.624536464648673,-2.1670663579396523,-0.10767146829249548,-0.1996350844027336
1,0.5964897170044379,2.9454285924577692,-0.35297579995383305,-1.5755649072571867,0.15173724762956062,-1.5241109967134328,-0.32541415625862097,1.0890742740989225,-1.4050667511884922,-0.5867423966087851
4,4.504533952191502,1.46709663459766,1.6397445493767513,-1.5642665930846478,-0.5804406849789513,2.516458565964187,0.7138767737543772,-2.0435603701374143,0.43845764656450203,-0.23397155357958951
4,5.060109983050023,1.9550372071615312,-0.2642573512262144,-3.6678966696435835,-0.38599839261064217,4.050841050782823,-2.33805303644303,0.64543811565357,1.6920826935049793,0.5494461810088863
2,-5.029345477015919,0.6301960112138038,-2.254339024314183,-1.381018622203935,2.82863784018132,1.042223397382019,-1.9644403242563484,-1.4280681133191238,1.0525379470443716,-1.5994385740069812
2,-4.585877653016101,1.5798850940687725,-2.7820551194544327,0.9144525351556393,0.15524826291712304,0.08150220437617063,-0.03036839097924358,-0.11398092900082536,1.014161131766024,-1.0096433036099635
2,-3.62360175375225,0.9504580891927137,-2.096909267339123,0.5110218150626087,0.4181928222739168,0.36875571080724967,-0.3734162767244943,-0.8743631392559879,-1.0725157618022674,0.2583323386779429
4,5.6247290889004145,1.2454870222745078,0.12997336318620054,-1.738907955313129,-1.3135827845064767,2.529050225379204,-0.4069455799234142,-1.1194457858998694,1.1080428425762614,-1.2347591089637397
4,5.86064397467326,1.8909118644685645,-0.798427551413171,-0.8478450969062926,-0.7027027624648146,1.1784991682395713,-0.2135997477669172,-1.2793558624530017,0.9997728215678447,-0.4705164964822304
0,2.981166400513301,-3.819992703345076,-0.9174821437662533,-0.2910981100165663,0.19558305485005714,-0.9875128350573331,-1.369482147208154,0.9759945342421381,-0.9075716581110824,-1.1323295779265699
