target,x000,x001,x002,x003,x004,x005,x006,x007,x008,x009
3,0.3302819743441607,0.21448509800797508,0.9972807435646439,-0.17198982641672375,0.08265395577769333,0.7268955788059215,-0.9151539982131898,0.40045108104085747,-0.8745829386865818,-0.09754687114653356
3,-1.5941659965240065,0.4221327181221367,-0.36887575144089013,-0.23228409676024775,0.6923128346610038,0.5286436210715226,0.3566714372322581,-0.25115452004539746,0.13006041552852768,0.08960709135476695
2,3.761281169769376,-0.18800416165982523,0.0886791145609267,-1.2011723738255498,0.7192305614978111,-0.7047781955604803,-0.010315309235710123,-0.46691201873936733,-0.3172332803602331,0.47077403505855636
3,-1.7426899715281028,2.8233701614395943,0.11252546679091621,-0.3740800827295761,-0.3683661610615536,0.5068007268924285,0.4514469305379579,0.01849694833235773,-0.03524207744470885,-0.45941635704243505
0,0.5513230319340804,-4.768797134586149,11.686256359758639,-0.1665337173948149,3.2440404140285257,0.2987810940079515,2.662625891986366,0.4043814456657786,2.1017496426850046,0.36274350758035695
0,6.40232083385096,-3.928016883503574,-2.069175232284748,0.38426831538994205,-0.5715646032761094,-0.899727521610208,0.7777657442313415,0.1843413155555191,0.9691657883415811,0.42705315670435545
0,-0.7771549528277447,2.2045390994579925,-0.123103685782756,-2.1108966519085213,-0.2122698383584965,-0.7782408968645033,-0.12210314915468873,0.4066662960228589,0.34178085786651874,0.06649644182797838
3,-2.142323934005032,1.1669594631674494,0.6518411127177514,-0.818738179145073,-1.2429996445006943,0.6579506284441833,-0.1604379705375181,0.42339479601307023,0.004867161734147444,0.059212495201296164
3,-4.459216681471725,3.08862909444937,0.10497109385946869,0.5508646973726294,-0.5716049995765464,0.30447506366023797,0.2688697753962044,0.3784219655546022,0.4191413060282782,-0.20623577972157836
2,1.170709836217337,1.9979059894165012,0.17589979536798678,0.6793380109666712,-0.44556540986730586,0.14098740485352942,0.48884879366695577,-0.9932945905885849,0.19356013322187174,-0.27414133202374236
3,-3.496844808534501,1.7599927880677435,0.29143014230339753,0.422483834971057,-0.6851702958435115,0.3250334282944595,0.47640068032033794,-0.28338790304912137,0.13989897452002514,-0.02592695342920549
2,-4.385799952672195,2.425849441895785,-0.7745607881779113,1.3065569467452978,0.8507769570627379,0.05329701975071227,0.32686865607268406,0.3986643884150312,0.09861528001993149,0.5061459454705444
0,-0.8259434969803446,-0.0292266262141957,0.4458056449791942,-0.29592440348592564,-0.5705614583343849,0.03177185304547061,-1.3189045189757151,0.20122562988475695,-0.054362615679426185,0.24637455502923303
3,-1.4131143424112296,0.01844148305110236,-0.11925354456493256,-0.14380863734806085,0.5061764009364398,0.6430123727023768,0.2688636613064014,-0.5388835289385173,0.06708736431268704,0.0810331083823959
0,1.199345616921085,0.8615858190714075,0.5366885262125651,-1.1858146681467707,-1.4000048486266723,-0.8286608849628707,-1.1732502947482237,0.5063018694595997,0.39459531238596207,0.004516875400796993
1,3.799287896748315,-1.296206667316379,0.17224817572989518,-1.0256599701815414,-1.11976766483954,0.13265107397095516,-0.7060390040677316,-0.4840849764274523,0.20187100494281146,0.5506736256660406
3,-5.28060035615774,-1.7386335746697446,-0.5498805152190477,0.860719305127662,0.15906189601538614,0.1048673818616897,0.7871441803094426,0.8717390063719105,-0.5984044738073458,0.04356036267006011
0,0.3460933775598023,1.5943748460618428,0.5009524418197918,0.40900094824142635,-0.7987343226981746,-1.698277101585136,0.2575194040508847,0.4724399280832911,0.165320773051181,-0.3443673054838477
2,4.161044480444033,-1.156617703763006,-0.4052711829602394,-0.11060151964078545,-0.49009829735601573,0.5288506494031036,0.2052063206745094,0.21493791633191905,-0.1749819814871955,-0.11081075520768659
1,4.213259822317271,-1.060256204001632,0.5937284661835656,-0.7285961657955141,-0.8644161183666853,-0.11110327209106542,-0.4290510969676497,-0.07480554155640937,-0.43538556753440816,-0.03299051307381354
0,-1.3778328933435267,-1.1889047824312677,0.32849293770124693,-0.06764924699413945,-1.6649410142614687,0.24074438600400036,-0.80503007810537,-0.19967802826589473,0.08124568473213098,0.09070463140143226
3,-5.10781517512198,-2.261368637637842,0.07075922837427491,-0.587184603308707,-0.07528532994659333,-0.8962664664244137,0.2976864820410373,-0.03182088490296275,-0.6448557111965454,-0.12497806521233093
0,-1.1594043433634416,2.0515836792185467,0.5961839455969071,-1.7026918490742433,-0.7710428173374416,-0.5568948047594593,-0.42316401384474694,0.6790343647326673,0.48674301829951866,0.01200820086701623
0,-2.758446419962274,0.8542493362809926,0.14694410925815926,-0.07876041712924402,-1.502138000001539,-0.016539775609458025,0.34978260834534186,-0.2235564638841639,0.15587729994042837,-0.13649615150479313
2,3.859414555420873,0.40132800460857265,0.5555388393923008,0.0031822016053504173,-1.7985410758887437,0.5865728025573729,-0.24793713250627425,-0.30349503970302055,0.004825134182319323,0.47258908062013205
3,-1.447582917954513,0.016471565954659952,0.6075946316689319,-0.2506452909403539,-1.384061971145059,0.9012118872468297,-0.3898653311493207,-0.33518285484601035,0.09208509271353406,0.040948767101340815
2,-4.83141740672093,-2.3530814995762017,-0.04113783440139534,-0.22024154549563596,-0.05393472919604099,-0.7561826308155286,0.4409583716055654,-0.21244250692674843,-0.35833817136247365,-0.06906875330338241
2,4.598461766917022,-0.14014654898544526,0.01817098842152315,1.6979121667094863,0.029202980801511295,0.6629371810903115,-0.15987490872358517,0.8201850925609949,-0.319610134474768,0.12541012708682603
0,1.5421796343937595,0.2902523621343171,-0.08971925984943867,0.015047024697691404,-0.6267266533475728,-1.7556255373846712,0.6510186846926987,0.3726076609162452,0.2127594296672564,-0.39104855812700934
2,-3.212758253278567,-2.205831307696724,-0.3236221263606079,0.7916611683105036,1.4096547696155448,-0.47904998723958647,-0.2515474364830182,-0.4774075068880805,0.5111572937553984,-0.07018027523850343
3,-0.8921833103183233,-0.3062768580791125,0.677070158671893,-0.2178959459363783,-0.2564001151998652,0.7778619189781231,-0.0805335863874765,-0.5066869382300075,-0.33906258369059944,0.08931909753851583
2,-2.0207055201118758,2.1742890207727017,-0.4304279755974734,-0.9668647118304243,0.22051522769974224,0.6273330065341611,-0.17917152391393276,-0.10878332076065923,0.6804871923273248,0.09492831614996818
1,-3.0135625846732967,2.40571053790284,-0.46969311589146484,0.3871497720958201,-0.24150487844226398,-0.5511489813354714,0.6234477657335228,0.14378228516843078,0.021651423710250806,-0.10729495821664572
1,3.9160219917207333,1.1156152168930635,0.2872131693450288,2.300405530993797,1.2559864842523905,-0.007732953039968488,-0.7963866376830785,-0.0015543509003567478,-0.14473949365847433,0.43635809034804446
1,-1.1687862218656706,2.773322970760756,-0.09986782850425886,2.0527668894941526,-0.15907202341496438,-0.13248816077628794,0.03350098634761116,-0.7068578775475048,0.5995936998780594,-0.09667428783079554
3,0.1628237751234361,1.2066729651204307,0.08232593055308457,-2.209534211541728,1.0702292120676027,-0.046357240875254994,-0.21959821179048075,-0.029534904965931908,-0.7098206268984156,0.30093992758543797
0,-2.2437785525099163,-2.9141390883838425,-0.5484094867808248,-0.11093178122891247,-0.9957794599572402,0.4939187406638293,0.20954751342215905,-0.3899005585016922,0.5523392203436094,-0.08905209229008423
3,3.061765081064628,-2.235196608482428,13.759045719931613,0.8829989013765469,1.4200926060407,-0.09869292030219963,0.6645418354836281,0.8747063934311516,0.6434515810045598,0.5679725859934069
2,4.024073568073383,-1.0231236173503484,-0.9316721327157443,0.28769504360557463,-1.169657534484945,0.7259326363675022,0.9602401208301649,0.46234504534421744,0.3388966681944463,0.12754928831913254
0,-1.5723783381994767,-1.3628564326660073,1.1334848505181028,-1.129346885761217,-0.8714638738271195,-0.5748094110167736,-1.5207977848154761,-0.5592437429313011,-0.3475592955338946,-0.23762496293334212
1,2.9585643421964343,-0.6426615539625717,0.5027623337868031,0.3229806561561157,-0.5932887558472627,-0.8437664693112927,-0.2078566688789536,-1.03032260200808,-0.17357685124723576,0.24389861946551797
3,-5.329564967582161,-2.4013970853896565,-0.6506843507289786,0.3564604306958137,1.2776661769599553,-0.3424734001745975,0.5433376380899386,0.8824188439380911,-0.48620309149060653,-0.20737120365044134
3,-0.2181056417574298,-1.4058792898158148,-0.37547996035711345,-0.7902214270335433,-0.4429495837457821,1.5962315388262622,0.5878688126449747,0.04553822649468339,-0.13498168901899468,0.060168902314647235
2,-1.1040616708801003,1.2147951904424497,0.23421615744480861,0.361675191509843,-0.7441131465567536,-1.0306407998457454,0.6883753933529527,-0.6228108394855724,-0.1872049773815734,-0.10320941377875847
2,5.236132631468019,1.0131013538384688,-0.29730536071435043,-3.066255848066631,0.914818736656853,-0.4919767802131691,0.809084899020573,0.22078620645874064,-0.8699439238712244,0.6636465254827227
3,-0.3999076627532633,-1.4649898440579816,0.21526515086419598,-0.386638818039582,-0.9287651493248341,1.215740314626294,0.49179867470206307,0.17233778961693855,-0.08524314060881281,0.10662967635077751
3,-2.7672034665190197,-0.007225223004343383,-0.38522692957513416,-0.06871916765768842,-0.9490243872563994,1.0679822333120108,0.38456476316165344,0.6152351397283696,-0.09988278760477003,0.25143653944097233
0,-2.5800729181261723,-3.115102728063691,-0.42867307163025853,0.4122099736871868,0.5580515844500964,-0.23185107175720981,-0.08069967069597654,0.3439899797964059,0.470804473020494,-0.0028743592570110743
3,-0.48910587492860685,-1.187411659711536,0.5734610847889141,-0.35034062838438607,0.15868780897948295,1.306085524742886,-0.5118112697200426,0.19834869454978118,-0.17888595374671232,-0.25450662623940684
2,-0.13797897020910574,2.3094698869908017,-0.1579065863512409,0.18918116270131766,-1.5507225940797411,0.9137502157022598,-0.09379441181333076,0.09009746115221064,0.8846269832254826,0.24436157068899989
2,-3.858846117812805,-2.1011200735333513,-0.7654378715966564,0.44201372505764336,-0.8233168417301602,-0.1177052169792426,0.42771194603976453,-0.9420726447318668,0.4304076034477328,-0.1630711682110705
2,-1.8006405937481864,0.9167789173909136,0.3757612666335243,1.567079843272186,0.49613141980880965,-0.7131772001742823,-0.14957500959795064,0.06587394025929737,-0.5630463641562069,-0.2261351038697667
1,4.526695971831996,-0.5913998097029669,0.7327087456436362,-0.09798324540411338,-1.7497374834037682,0.011296986851324938,-0.9664623777604862,-0.11671664361387359,0.006831845723617714,0.4636320888562806
0,-1.1111388322973452,3.051820097806839,0.12158750547927766,-0.723893813615512,-0.44980334673078,-0.5190273906490405,-0.17775151929315564,1.4299774292788696,0.2509654615904393,0.168569621873852
0,6.0351530822705195,-3.3042964200892793,-1.8127368306396496,1.9319595808442107,0.5426512245842219,-0.742441829649343,0.06918485726734756,-0.08643292992109253,0.725197620329019,-0.4080658075852735
3,-3.1073811178698096,3.216041044082306,-0.08422566493308657,-1.2448712010647418,-0.35167597677759843,-0.15837650201722003,0.9059548234790474,0.2499762964914435,0.14154402778729727,-0.350324938457849
2,1.206264019529104,1.0585828111826479,0.005390032809916732,0.2654219885431792,-0.8142530587442595,-0.41908152289445405,0.532561344530007,-0.8344653997687856,-0.36078478513544104,0.07612063167332878
3,-0.8386826291528943,-1.4736473497835607,-0.3046153123918482,-0.35418770839237596,-0.15015986666275907,1.6228300843958483,0.2867883257315013,-0.2814752415828113,-0.16603420339225472,-0.21516492117678607
1,4.170337780144787,0.6399546286244656,0.3697084716352752,-0.29947712151530426,-2.095799225655607,0.19044448578316697,0.53909378209278,-0.034719413178316706,-0.5789427787599877,0.4076287094801789
3,-4.025770312834153,-1.3979769147781302,-1.0070176428975905,-0.3761515497761763,0.32828622566480237,0.1184090445876429,0.24681398189981318,-0.3079555222971756,-0.418005513861384,-0.01577732864298722
1,2.816682279452863,1.8969045742293638,-0.10455707391904757,-0.6771867623388277,-1.2280416831265357,0.024237889162275088,0.34262114006292743,0.06606700261841009,0.027775053589686814,-0.05586940234233393
1,-4.200080719593243,-1.2003480501350958,-0.25144933586067775,0.153915385124577,1.8948608254397767,-0.4721756522327072,-0.9652599479181802,-0.4842649217245651,0.037810106462083964,-0.4568053259688638
3,-3.0351106261376906,-1.7797538101594175,-0.9090667848093547,-0.2653701508060061,1.2316086870246534,0.003858840604074712,1.2086048424747635,0.5537176921069163,-0.5244485027500786,0.04021709524762274
0,-2.177483996775905,-1.6211507943577463,0.8622815980505741,-0.3135886921347096,-0.8843769784705936,-0.4733690100450599,-0.46783025470620015,-0.3890211640133473,-0.2948647360420781,-0.5113569502961451
0,1.1423828690926958,0.5569961414549801,0.6958104633551437,0.32859316360199464,-1.856434558774022,-0.9845794464501865,-0.23476915072142954,-0.20683919067503675,0.2739636589660236,-0.029202397608183654
1,-2.2221712489078618,-1.1052780614416047,-0.649017972710126,-1.7646857876003992,1.5257635413287467,-0.7793846978321279,0.29427850962006824,-0.7594103084178778,-0.1848552622840944,-0.08873924927633028
0,-2.4041282053635316,-2.71499310329589,-0.08631072900907001,0.6063515685309103,0.7569419056204132,0.4637408649407008,-0.5255134766918617,-0.0990322437009349,0.3006538709312371,-0.2394279038581419
1,4.912668279700038,-0.8093068000115116,0.5755653506909093,0.07172750345637882,-0.30894881290147347,0.2013816641224901,-0.6154106190130469,-0.15277824452044023,-0.0690917206384803,-0.7634382681238678
3,-1.5997057974764084,0.7081833312801348,1.008760527552311,0.17935239514439633,-0.9674395107671647,0.8556954217497702,-0.7995228535680271,0.043274352790994,-0.04217068241594115,0.1378321370244862
0,2.291304153155703,0.3530954858237789,1.041531791314603,-0.31329751970361835,-1.2045310019349376,-1.1735937087064834,-0.913142834747039,0.5653876204573969,0.09206162348069924,0.10052858937956112
1,3.5990294263556355,-1.9502343434686187,-0.9069332193302333,-0.20278613260242667,-1.0942361347752627,1.0226394362273648,0.37264185485885654,-0.18569816538487396,0.7564197627780243,-0.36515151785727507
1,5.496490250631024,-0.2830053143806317,0.3604862752569292,0.13760116432259628,0.8613232832497077,0.9914849918666664,-1.4933506216173995,-0.23250959947470848,-0.43523034114974024,-0.9802541855102088
1,0.0988402812980091,1.5249747752230578,-0.06517992020495061,1.7301817717651455,0.10169151936391473,-0.44169145422100325,0.06653083324560866,-0.736533787267546,-0.006881591783825826,0.04299117760143259
1,-5.273423858522843,-2.7625071667206664,-0.18889145040023278,1.2499068654612115,-0.007174512526949517,0.3962353135889846,-0.4580374666636618,-0.397061014257025,0.07262581236192492,-0.13578896172407667
3,-1.1657954059429478,0.4057241643552329,0.12059096142876637,0.1761957896802541,1.6479106060190554,0.8622759513732213,-0.18619137907998173,-0.48001165498501625,-0.0289219091868728,0.08964259220662367
1,3.029240316924671,0.3001770374985673,-0.11357447021806621,-0.718280572775879,-1.0920164886913808,0.30707349469115297,-0.10010830821543729,-0.17428864780569064,-0.26514002992701663,0.3640114863721877
2,-0.6351979376246146,0.018382541774911366,0.008144171718800256,1.2415091422947038,-0.998628338458072,-0.7070258190699255,0.7076364957461806,-0.7556842397747541,0.06692209163889491,0.07629821615474353
2,-2.6815802661404824,-2.3654823431537766,0.4601657335264412,0.1334123042740221,-0.8816727904587955,-0.6676984805887439,0.03543615579424946,-0.09691023763965491,-0.13383626578463137,0.23598461663415524
0,3.7272505623481953,-0.5561697802949941,-0.3901827908862003,-1.2550068574356343,-0.38055149066477634,-1.5647071177691287,-0.3267512174385144,0.4050126679956805,0.1332137145534615,-0.07902022392302326
0,-2.155783991535473,-3.5598826687580067,-0.7447164534440094,-0.48034662151718044,-0.004765696082133562,0.17495998293372506,0.48549383648649197,0.43773474584248,0.4574632255896781,0.2306393578258836
0,-1.3731976712047684,-1.055822317700731,0.4256261032440887,-0.6459116185719839,-1.6129018613064177,-0.07869540753245856,-0.78237748863886,-0.014506502104917354,-0.19936933739845497,0.2401208305355897
0,3.3783534397542097,-1.059374343158306,-0.2744939160285618,0.2136555289770315,-0.7189494870436272,-1.2890240388543717,-0.5270137919161191,0.36356219525215344,0.4006735254393046,-0.11074113446899442
3,-3.8383304408345844,1.2740055281353535,-0.6597661362566742,-0.0886624653242341,-1.302869338567743,0.07298276326055425,1.507624088293656,0.31367280764009237,-0.20819701405559612,0.06072664829708457
1,-2.6465809846639976,-0.8656313809220278,-0.6060621131259519,1.5881943354231194,1.7755332458138964,0.5388433982162467,-0.6070019943685585,-0.8784010833991209,0.20541112577989248,-0.22226304192244015
0,-1.5346404851589315,1.0970427335757957,1.5652702198963286,0.19418332741365538,-0.9130324705448782,-1.0532296047647474,-0.6449702651682375,-0.0437355327527828,-0.4311612183603677,-0.2053026607307931
0,6.771029065181158,-3.6698839454547216,-2.2205417861532055,0.17245203305246073,0.24629629835468622,-1.0619833911654382,0.68775324630821,0.26763143029814485,0.5647293391603282,0.2006022108004255
3,-1.5700472078337095,0.34420301866704883,-0.17314806411343311,0.6669074116040702,0.2002477085760403,0.9449198693084989,0.07995839729474108,-0.12817509401326732,0.17107512147692241,0.14646660819873017
3,-4.868342888971783,-0.5132497270092016,-0.6915172623570043,0.23621162565300588,-0.6126531773667826,0.31157718837350573,0.41091149964600043,0.27585165278763873,-0.4162045118727002,0.03965983187685588
0,0.05030915861569514,1.83358274951587,1.141538076220361,0.5488831932024221,-0.9392214326271175,-1.2169725127170492,-0.8931990601427583,-0.21173518942311692,-0.12160100197808621,-0.14368692840980596
1,-4.9856060654149035,-2.3008497627880695,-0.2722111536406084,-0.28540265263317716,0.3812733659489231,-0.4908582675266534,0.315845216955799,-0.5735406438629639,-0.31410903728548856,-0.24158197427353367
2,4.957209041696929,-0.20274472807117366,0.5159482212482013,-0.04643591457968821,-1.0333275889227869,0.4171495655739569,-0.26745044242310356,0.05673312341077933,-0.36552845243218907,0.18411382561619286
1,-0.8325911622106705,0.6060581722064792,-0.7028452690882814,0.4069577430363532,0.7286653391347887,-0.6877965429514482,0.9457193868601507,-0.8397774658981202,0.2711504198597699,0.46601746484616363
2,3.3590574215763396,0.05539586878943539,-0.7158227625315026,-0.9628512284869448,0.05093567797898771,0.06450168195466426,-0.019657038388310785,0.07376045751320995,0.23931393271510693,0.9042524247216913
3,0.061550784858211936,-0.7914235748421917,0.4766428125905254,0.09148225372937852,-0.05445290686143096,1.1646059939607687,-0.3940383818219201,0.3814137912960834,-0.5659195013964082,0.0328256540836805
0,-2.078904480711738,-1.3067868036314692,0.3821825068791231,-0.3233291846928861,-1.3241213284839644,0.015425341855688267,-0.8558957113176545,-0.12665585433970514,-0.31937045254729846,0.020399845745425037
1,4.001056659088752,0.011591596801297992,0.004365014270910269,1.384775994620248,0.9596936716861221,-0.05893443398122598,-0.7616086740706159,-0.5191549262248377,0.19639914580659623,0.4132582406862003
2,-1.8286064821153887,-0.6639220774425996,-0.3694551817376892,-1.2396630998397038,1.7374165620469357,-0.5973796178345426,-0.6446367231189465,-0.5128556634975465,-0.4712681659933166,0.16658672858064572
0,-1.8528686566654247,-0.5997292605895139,0.22129181345049728,0.049575801583818344,-0.5462496823296028,-0.15830045681949498,-0.3318432681181813,0.037520283013383414,0.3047888083925572,-0.14880673787557974
1,3.0156866966675175,1.321373375228648,0.2881677058909199,2.3592492645948884,1.1982059835714347,-0.11006017034347465,-1.1867215957703268,-0.38399688864737175,0.12131271485630211,0.4980543737437403
0,-2.4019044752384264,-3.1657310338480587,-0.2699930100832273,0.40704631003685854,0.09021663507374814,-0.06538577072074668,-0.07922434417750114,0.5440112103196374,0.09200260376800075,-0.1317962970398736
0,0.8757182620820192,-3.685557057107386,13.977720848401617,-0.08470965088313641,0.9722459115118435,-0.2613246746491676,1.3957775773971284,0.13996116681194065,0.8664401125588296,0.11783959186617719
3,-0.9344937954463742,2.162338727572471,0.34305227377845493,-1.3647925878008405,0.03033588082733632,-0.09626281836340356,0.20392956738270837,-0.2599979826480138,-0.30130438358434103,-0.14432931097200305
3,-2.5778561545318412,0.7977829699088581,0.03311789441948826,-1.9946525102738346,0.6367991723412763,-0.13053853049300418,-0.19253415994940132,0.5119723995734716,-0.5318733588474833,0.10245107744184383
3,-4.424437125035386,0.47145799507087865,-0.21669139774793925,-1.7834668630665143,0.8526859240744571,-0.49928722887521004,0.0409602813160842,0.6348811927819905,-0.7257494223333579,0.040769209945556904
0,1.7153005880179513,-0.025663077481837198,-0.013144924311698324,2.3363035212159615,-0.13547657384977912,-1.4568874389025226,-0.06087990011613718,1.1365813821511321,0.15736451285526692,-0.1839196499359291
2,4.651136429330787,-0.20325034979008444,-0.3030018975784886,-0.8326160385961264,0.27339163790716187,-0.2235063084541354,0.3594121048004016,0.09109728573800913,-0.31297433406123637,-0.20382126092797734
1,2.5430605120973544,2.14711186548677,0.15821270215508143,2.5834646785416004,0.22090080562090253,0.577074262350787,0.0827459717752287,-0.18781776768585184,-0.1831765813212101,-0.1613748498294327
1,-2.4088084661308566,-0.36928007264548435,0.10382199410772915,1.5516153977780578,-0.4071308677107007,0.11709889500336741,0.2739775470279137,-0.6596984317711365,-0.2437566838148549,-0.16614026092159215
0,-2.2371757471093026,-2.382261351067401,0.07602454470340239,-0.004573309478310355,0.36533550101963025,0.2676010861149744,-0.6322874912768273,-0.45085975829655595,0.24125225549093846,-0.2702229862590772
0,1.4082469839366918,0.46755561085909264,0.3049489965166682,-0.17524358483480718,-0.8771249675559076,-1.1332887574788606,-0.18397971059314217,0.6766072914532996,0.03879632462722054,-0.6228794323239597
3,-2.0324878436383003,0.7909939744743771,0.7517392672725763,0.25071777090673164,-1.3461224044379374,0.28353863103732285,0.3313877409058444,-0.20383943224591594,-0.25795212479515456,-0.16638837313953272
3,-0.31313236266614214,-0.511158285858186,0.521559692184108,0.014194893943954715,-0.14158161780746326,0.9566656936393351,-0.3846186155472611,0.37567632838494086,-0.4367685997166419,0.34565305454011797
1,-2.9924595016926494,-1.4119893493228362,-0.2538798103872239,0.06627947029783285,2.3107528083740654,-0.8438886613308069,-0.656828940146009,-1.3269238479115053,0.11723723464904207,-0.710245948107353
1,-5.327137764844086,-0.8839231407411592,-0.6248698469668983,-2.33845449824211,2.0817799190602715,-1.1527511714551977,0.12449768333035299,-0.16999602879941905,-0.8888257096474257,0.14175227520633782
3,-1.101554262385008,-0.655510733487287,-0.6134559287842778,-0.74232716954766,1.219463836120892,0.890380766087988,0.5749482335326853,-0.22439867086441537,-0.07533017051696375,-0.11652822363542113
3,0.12455264393207169,0.26842915809833057,0.2823989569047979,-1.1129614027735062,0.906692702332088,0.8053682549331477,-0.24407646212328363,0.06284401608776836,-0.26375669382888395,0.062233864369820084
1,2.621644695168543,0.023945201233167776,0.14537346866745718,0.10390526385064634,-0.8762469360827185,-1.2965847480652133,0.4888647203100995,-0.7660590548408523,-0.18576190008561116,0.2813813919026593
2,5.195011892325607,0.5020935006938478,0.2670482874098733,0.2453775967348563,1.8308101368360012,0.08865563227900695,-0.2863918242513264,0.2727763914597446,-0.6707070772357854,-0.10843328575944877
0,-2.355931860214225,-2.5290029507882354,-0.2645627700794713,-0.11632229649492577,0.9216906024256248,0.11568442197675982,-0.20633542942583277,0.052917627736034305,0.19178773508639568,-0.1328663044058779
0,0.9337639518089379,1.0636471099113758,0.06350544096674247,-0.5077378257461017,-0.8793965567109211,0.20890895930048556,-0.78340190985045,0.6019439265879936,0.7384496021511695,-0.2879364951487976
2,-4.033561551798979,-1.3796212908525864,-1.0609881742958356,-0.7974753940032735,1.9718499753469603,-1.0164803873104453,0.2560704972179602,0.2245582874969057,-0.005499321733257675,-0.00655475337058901
3,-0.4940834435459028,-1.4265141596617694,0.013707268656037972,-0.9082406408650749,0.659569655992141,1.1082685542206265,-0.14476553762149535,0.005958188965722259,-0.02666549751926104,-0.294299609909617
3,-1.6922653650664146,2.5542449097803765,0.19414445279607026,-1.4143587481036448,-0.597124418378395,-0.06832394194951236,0.6406522293997207,-0.44029575456087217,0.18172130770025463,-0.2863662910311611
2,-4.402878668507343,1.1213100288371247,-0.9647583540601333,-1.2376343073157228,3.2511568023623836,-0.43447636057082023,-0.2803346236516838,0.24280430901312863,-0.3944269919093673,0.010166344165354356
3,-1.7864257309567515,-0.4545336317741409,0.43028611121956994,-0.478833592954356,-1.3073157375308593,0.6411499989158923,-0.49263670995317466,-0.07965827906485268,0.14565135123821504,0.09228725626560506
3,-0.5795467435276612,-0.884002440283795,0.07270540576376057,-2.049390699368662,1.3761925118050176,0.5159996078720319,-0.20856382922108885,-0.4342387383164335,-0.04826338736155738,-0.2696982678264852
0,-2.067965657687485,-0.9934512506897138,0.2621954148456917,0.15808479073309395,-0.9029493316291579,-0.2101855780574504,0.1363749866739716,0.12471923657506254,-0.2166991657127832,-0.2056645633530858
0,-1.871905925069132,-0.7644821819668075,2.3524146638509817,0.40049450921405677,1.0276524277258254,1.1110779240695636,0.9468492497116169,-0.6859218931198371,0.2673995112512612,0.11552576494760425
3,-0.0950229776278877,1.2521656602520916,0.46611252004512504,-0.5913688896915309,0.13012599832185834,0.5985894593411514,-0.011758586218745214,0.16532738078236595,-0.723821817005074,-0.3658388323253795
0,2.7080850889643675,0.15697359905989974,0.17230078831712597,-0.02066441054827661,-0.34809128723485233,-1.2344754112186918,-0.3206711796743206,-0.08766663603405393,-0.06240943822139365,0.1605904735593654
2,2.4621928476805737,0.05711141606362076,-0.5423275232854746,-0.4606007046105398,0.9737801376037835,-0.7404412552826867,0.4249825183877748,-0.7433095222594132,0.1953945991863834,0.45456805974916464
2,-2.2921026164625884,2.33092448824023,-0.15010086887170926,2.597801623393632,0.304814023670664,0.1153465038251884,-0.2884926315196622,-0.0925314912137252,0.4904135385241429,0.08846419433894746
2,1.3884365130642078,2.2294759988252784,-0.6544218862927209,2.439519766297382,1.894449310886824,0.14582324390997334,-0.15825101111815154,-0.24911880097350905,0.39990990073167143,0.46420165913243744
3,-3.2339069199082684,-1.147842191776532,-1.0289244980288772,-0.5145583335582631,-0.6252654521046194,0.0734026542020429,1.7469539025566683,0.6179683899582212,-0.6024113032303429,0.11305903700294911
1,3.7179403712417693,-0.9485914562020366,-1.409641049527975,0.3015371277498015,1.7302233862297987,0.8829918938102838,0.21395613348029305,0.3609974909076913,0.4696868382441588,-0.6055860884457842
3,2.90227783145229,-0.6241673408421798,13.432068045938259,0.6293106267507383,0.8576093352575025,0.4430373874262273,-0.0961842355424692,-0.0513844318157182,-1.2256590729351386,-0.25537695564831703
3,-0.8457738855521646,-1.7238780130074975,0.019333814521035532,-0.8148916806767441,-1.1547728876868746,1.3781033276245345,-0.03549287872585953,-0.15137647487034656,0.15950395403870757,-0.477427565939426
3,-2.680788794810981,1.1010291128599659,0.6512776585476558,-1.3974221958702642,-0.6885864753289991,0.5342616914015735,-0.042933308895987385,0.035666272494192824,0.18829153430425244,-0.011152314031957902
2,-4.04757531506055,-0.5893275225494359,-0.7005788191787278,-0.28163409510089354,1.9849424683405676,-0.4004796087472233,-0.3916123499976356,0.13507488687863864,-0.683696539561215,0.1430208507695797
3,-1.4984629149553428,0.6322904688658011,0.5628940140328735,-0.17917825490998437,-0.9885000092480103,0.1405864602513473,0.10290307506239957,-0.19544704362187124,-0.5001802410445607,-0.2862684829997724
2,-1.640318047075928,3.524401473161635,-0.3245465044229937,1.1044361138824215,-0.3223246210168204,0.11941053568340036,0.7376238959917848,-0.5293805874474893,0.5587343666277175,-0.4280032869481826
0,-2.7141871638062574,-3.2171312826145875,-0.05782476073979997,-0.28155550214887703,0.24180481509457896,0.009781051522489098,-0.027250366979618797,-0.18537446489466938,0.48281279469583194,-0.33587308553959105
1,3.775985128124662,1.6116418578859517,-0.8033533251307371,2.95828165724439,0.667106904085944,1.1114939953036402,0.5540273237755726,0.4355353198517743,-0.011189153657446506,-0.1769723341663643
0,-2.511207795168898,-3.193552381752336,-0.16956040984951845,0.16103459931121397,-0.17092500502165262,0.34709155595067454,-0.05325617646486894,-0.3095894639446486,0.6219163551932912,-0.16399907162209001
1,0.16608742032801826,2.255419883740346,-0.3743732047047173,-0.4804591189950267,0.6113658274642402,-0.17767183594697827,-0.5926054931931429,0.30549385842518184,0.5409639097043537,0.1843533818879411
1,4.780572933668814,0.387281572179657,0.0950794651693321,1.1087605430892695,-0.9163221473539236,0.9621035657754111,0.12718758445635878,-0.0931967847770224,-0.46193411437389625,-0.4455216153501356
3,0.24716118508799134,0.14567774074077672,0.17737079666321626,-2.7939797876129537,0.9540417031679727,0.14555194731893883,0.5230947876491429,-0.03994857257807114,-0.672312736781463,-0.5232696466737822
0,-1.7226137951527478,1.4707307638604303,0.4316568854047631,0.7150807123409498,-0.126192337844794,-0.28753933505511664,-0.3416499005214766,0.004209145540779765,-0.36385907555940156,-0.040646896328996034
2,-1.0206020281825536,3.160964664518145,-0.5242540572263278,-1.748455437079768,0.5497203275768944,0.021934630472625262,-0.20875484363337665,-0.14369615968780114,1.0849996320147917,-0.34228391179831824
3,-2.719621560753728,2.276098066464238,0.7883578065085355,1.7387345991768715,0.5083514881871181,0.1697727602180191,-0.3728462683230589,0.9146086720459291,-0.5560658582122953,-0.17345249516617264
2,2.5923054348017343,1.7548355016312343,0.2790857728965716,-0.340678494115295,-1.268566437889639,0.2687246746907521,0.2405708051540492,0.21335343714571026,-0.22178901233138015,0.3950516518605119
0,1.2066809906204545,1.330387271931835,0.9289022444303009,1.3628344461934956,-0.08955143740665084,-1.4857585357956573,-0.8270375614851032,0.25245603709285297,0.009581520532323657,-0.7103697558101516
1,-2.1243402271184997,4.0024937070262165,-0.21732969962643814,1.6524882749521785,0.7391285871027276,-0.4037969981232689,0.029289586154914365,0.378574817798862,0.573665078567965,0.08076560673509096
2,3.681970487100525,1.046772078958898,-0.1998949339420853,1.7077036057795143,-0.28489203918266304,0.1246041970995106,0.23934533065808863,0.14656506246768378,-0.5957287592412925,0.053289721808148824
3,-1.999537262181555,0.3964193778215525,0.4349180070667644,-0.5342722615964828,0.050180874829889595,-0.04962860373035707,0.1838492162768972,-0.5340405078357842,-0.32035307263161833,-0.07350077615508867
0,6.483943255333019,-2.9613611494598278,-0.5131247094740695,0.3189904820013153,-1.0876540096991185,-2.060425120736295,0.2723449188046054,0.5326412065236302,-0.0069470363158143445,-0.05465393270431607
1,-2.5223788113665497,2.3745937646545037,-0.9200812914943126,0.6901734096986132,1.2280268231899345,-0.04871358736823817,-0.0015460720056778962,-0.6997676151170488,0.8063976875980112,-0.017133869227147124
3,-3.0372218979239385,-0.5540277776238529,-0.373486993369217,-0.7837391803891541,-0.5058747595476389,0.4269445911634765,0.5530551870589632,0.7136373719123381,-0.3654997460591643,0.16103892872899747
2,-2.1355795335949534,0.5102588490210366,-0.5306357123507939,2.527499725033665,0.6577189939231695,0.38451383832335667,-0.4939304508530464,0.04223866690635587,-0.09898829423893907,-0.08008806583729904
1,-1.2269083902098958,0.7927745829809797,-0.9667163254056367,-2.3871205961179367,0.43829226668883475,-0.06670187902839858,-0.30315822981407475,-0.3002233048871117,0.28955137572413764,0.10699470802828961
1,-4.463778400730849,-3.058064255884328,0.3679271153737269,0.32595480510576474,-1.1667531077365862,-0.7872192621993207,0.26860916845364763,0.06743780289880033,-0.2315653096295942,-0.16092802309503965
1,3.7887222097325006,1.9375881811845899,-0.10652623548193084,-2.4357996141311773,0.41804101198510935,-0.35548975668973803,0.5538904454190873,-0.22695636849502318,-0.05372603799531545,-0.26455639696077204
2,-0.44231672603328437,2.919268166529579,0.055756163639497563,0.47887844418197073,0.5006504180414146,-0.4777641643235826,0.46855032571171673,-0.1533172498820047,-0.30915143712120036,-0.2676528928560886
2,-3.1955445327232583,0.5259434198331763,-0.424170232917969,0.07876546843562719,-0.7760969974051489,0.18970537712306895,-0.29443009607327986,-0.1347972332763465,0.011141134699699184,0.19629103871388398
1,3.9174743474545815,-0.9045103966982951,-0.5340643929682046,1.553214607281113,-0.10500778006994163,1.2128011406646422,-0.4310330419736542,0.1686218022111376,0.16435783336329837,-0.04816908387327756
1,3.924923946679238,-0.4950390095757735,-0.8044297173291721,2.0809122063429637,0.36700867226686945,1.245814985265524,0.13170690573314767,0.7615337375300503,0.11116640154356813,-0.5166482399907946
2,-1.9695368689300374,3.8806042827381813,-0.552862758398578,0.9295034273031367,-0.14315295383420507,0.018407531581377173,0.675771270147013,-0.18205335563062397,0.7457331838294357,0.0010350650181463938
2,3.9684435189502216,0.49929296565055437,-0.8865256996996818,-2.195503286346889,0.8986459193148437,-0.4121020167693124,1.5284219364457676,-0.5580076851203283,-0.17855806905745364,-0.19054080124578646
0,-2.258602918769596,-2.534253377280878,0.48864027808374516,-0.09048435851452312,-1.5492753951217038,-0.04754600297094341,-0.704756222723521,-0.12175970342255507,-0.07030852365222287,0.100002560040187
3,-3.417584870199701,-0.8785220467012426,-0.6443756226663234,0.8790465380337613,-0.3371809666242577,0.4329442606758948,1.3969388401242964,0.902217962336006,-0.9186186751299092,0.4019169893491363
1,3.7155836677338274,0.5334641460811134,-0.4614111915777691,-0.7258963300550396,-0.7395878040074142,-0.0737350745393696,1.2639501223631828,-0.3712038470479084,-0.43717918567825426,-0.08277347043112732
0,5.277440016967635,-3.7370058336037193,-2.5033418238093743,0.7740569027811293,-0.5481572480158666,-0.9212033833172669,0.9147476592824264,0.2510717589933362,0.8295916132558506,0.1679726577980195
3,-0.8852671249072777,1.5901665760373997,0.3412605147263274,-1.0434147429653293,0.6094289611093543,0.51673632773439,-0.6905309172938978,0.30422971192142045,-0.2511616416727822,0.34621115023340027
0,3.0987883109431396,-1.0647304310134305,-1.0010611202763138,1.3811959045720383,1.0575825964035035,-0.793779536979464,-0.6230521784465044,-0.1408118298591869,0.5699428225688328,0.12771810572793207
3,-0.12073123387612178,-0.6690508669798525,0.2760283724119199,-0.5711305700913879,0.5268259858453386,1.4666777729322202,-0.4278833457843042,0.3425655097867418,-0.41838559984538093,-0.15189337822941723
0,-1.1441693696127047,0.9440652557522288,1.1554648464178645,0.8862723064200101,-1.0463305414401438,-1.1874810048062288,-0.5631845397648526,-0.17745228426372645,-0.06015968207753716,-0.2583878869758116
1,-0.2763239200840117,1.002964627464832,-0.3064349264951455,3.044517744520404,1.3286072626663388,-0.47887098775962483,-0.6043101778287564,-0.9743643400431938,0.6681709078885611,-0.12391051571537717
0,-1.5955527375858622,0.5768333671626604,0.2748233605210673,-1.7977762515794766,-0.25778074157654873,-0.09757998725300285,-0.527189137842967,-0.11455538945720362,-0.1322406783758598,-0.21451046324492923
0,-1.75573080373928,2.4044610047579154,0.5982325223847353,1.5694074965792773,-0.2597929860496385,-0.49226549520696283,-0.11377770607215956,0.4154214251682536,-0.011304000300051086,-0.04355894488772901
3,-2.486943623651986,-1.4274647474122062,-0.28755401651447543,-1.3577075746079104,0.10139449042914003,-0.13670686783140634,-0.07489509811935445,0.26895046882450596,-0.08688656726886478,-0.016393371594497212
2,4.5074959006256385,0.18118078067901885,0.5627472240260897,1.5067398429592525,-0.37689608899534,0.7418630193821197,-0.9030052100409868,0.4037335998418775,-0.11391397000928127,0.8296005450822288
1,-5.3009836311112775,-1.809062823040816,-0.18031982495361912,1.1983932387487983,0.3606818803398595,0.04625784109577712,-0.031730095459082626,-0.5207224131787525,-0.503644239808432,-0.16899760160815655
0,-1.669185642247081,2.3517344976268544,0.5091370324430935,-1.0315772624554325,-1.561207903510965,-0.2887188800156645,-0.06625071329525739,0.5072857170286839,0.7373731699016025,-0.15583034014498848
2,-5.350401919909559,-0.5227815964490032,-0.6135228293645563,0.8500757466150116,1.9686953163724215,-0.24283613511466245,-0.5620007898828194,0.4954323197972735,-0.5212386325917112,0.04177792766127002
2,3.1157892462352694,0.6730243327145394,0.18086614388558153,-0.3553363259747911,0.04261303706658935,-0.7509382418714682,0.24942250594386497,-0.5806349207102198,-0.20729972522418333,0.7377825159075386
0,0.4433178214819249,1.6128463330984915,0.4473154124098261,0.7426680481510203,0.2160387624057548,-1.9819441033673655,-0.2663975276924734,0.6726888194176386,-0.1164322859702796,-0.3357996183981119
0,-0.2560568527069664,2.307987222429453,0.3020845953265576,1.3203223446421353,-0.24310842657079612,-0.7279696240960375,-0.9561737138911232,0.1990993458252841,0.32088416580976686,-0.1961466711563537
1,-0.28286067416224836,0.36788616966042287,-0.5785750849041194,-1.309163812527373,0.6768759686817257,-0.2082212004229336,-0.14979956769631148,0.295922762068663,-0.21297690585930218,0.3386014372119311
1,4.0025386274428705,-0.455481176153779,0.3350946099861728,0.956875763306899,0.29272934822622276,0.06435985439203246,-0.6958581109573025,-0.04912771728735636,-0.4211744130845876,0.4234793880039339
1,-1.719375110460746,1.5798588766111286,0.34417044741676595,1.6979780723801343,-0.2826989963982316,-0.6119476730879466,0.07805371733564208,-0.5310408027928547,-0.162557189799229,0.41587825223987906
1,1.8246521632730197,2.126591146612171,-0.4008930641415915,-2.146253185659408,1.4190475073101856,-0.37248145818800654,-0.4204312479488116,-0.467599804430719,0.47000820662668297,-0.09499107747080045
3,-1.816699648560319,0.7153985657565446,1.0705094293363593,0.8337805300854041,-0.7827802042838408,0.46839406490508,-0.23034266546304916,-0.32007951206229557,-0.27507766050511634,0.20075074025045914
2,-1.4339865523367714,-0.0012244949868847538,-0.7375524149721234,-2.068920628644878,0.2662010369750092,-0.25558587546450506,0.22727001787188,-0.39471834353084073,-0.078362586632021,0.28642266756051715
0,5.477663415136775,-2.6672823401546033,-0.8400127844039074,-0.21324564514053104,-1.5597921649177602,-1.1870734058173338,0.5706046158931487,0.3193642411206787,0.36470189785305984,0.23197389419315212
2,-1.323364018124895,1.0788342732233016,-0.4635063254595533,0.8047461050953707,1.0376073914129975,-0.6761549573106502,0.18307619578898107,-0.7303498852350232,-0.28648769711073685,0.20224350880773026
0,-2.1191944599418777,-2.304682049484628,-0.37051192852664827,0.32615529289524836,0.38772447873158594,-0.013376181199269256,-0.16397430710040295,0.08155448695867346,0.2626815388822287,0.004869357655994643
2,5.2224868819303465,0.043999148336841105,0.3540815325889133,-1.919865004741198,1.3912474100789656,-0.6381028488410403,-0.44184511043044994,-0.14298242624174004,-0.7230279701310278,-0.4162025506603021
0,-1.7043840243073631,-1.8337352391572763,0.5672220693846631,1.161295974451495,-0.5426356124214581,0.12457870479459587,-0.9240494331818554,0.017398522570233294,0.2180383739413726,-0.0003453867927672639
0,-1.8159006298636247,-2.6344562186673413,-0.2951894357985677,0.47245200911618945,-0.1701944780172335,0.7640500754243504,-0.7910063181889767,-0.07487018306496404,0.47126315377972,0.04743818038496605
0,-2.075966148976658,-2.260542636570533,0.11843541945639585,0.4322371014294659,0.5278759122278913,0.18177758856868115,-0.9391868025126335,-0.09082825761351508,0.17861799037533657,0.1414022328563147
3,-0.24349637029548193,-0.6586517050582594,0.7069195373924638,-0.21237277905768695,0.4580881481768609,1.023111426466875,-0.3934562425284037,0.09801045166207947,-0.780805488545613,-0.11376874681594408
2,-1.9246305693623513,2.8423905122910464,-0.3027954568450431,1.0486361466539769,0.37020678064634094,-0.3954435890096032,0.3232906958711976,-0.5523069980863939,0.24848678729188323,-0.1563028706581264
1,4.48476332330979,-0.17552100821826133,-1.8339839595891123,-1.6789213949467787,0.6721270146006977,0.37563104916555967,1.5996477996134577,-0.05086878051365406,0.15670504037864827,-0.3776968387666384
1,4.212824860711943,-0.849896263499967,-0.2945492045571124,-0.6349230276931148,0.4101488762568653,0.5377947705664436,-0.10744520641622712,0.14871766684545826,-0.15888728488057793,-0.2782445350629189
3,-3.6242957481262,2.3191450205411575,-0.3523577972531699,-1.3870496281588385,-0.6706214444242138,0.724680116976331,0.0380761839126185,0.7069777418335124,0.5160480161593083,0.07348085870983521
3,-1.1766952454219235,-0.25113625498421344,0.39194922905138957,-0.11977140406713241,-1.391828188625853,1.2272088865839963,-0.369045984540143,0.03700337354334359,0.13801849045397357,0.15015420667740062
1,-0.2233839653102936,0.6534896296436268,0.19198080529385245,0.10229575646059358,-1.0576445413737598,0.37834451833599714,-0.4190932596550974,0.05331616725301376,-0.11325047112726734,0.12923802265994286
0,-2.6341293237272603,-3.1985505229976776,-0.17103816713224362,0.33938237608348243,-0.7421959822006919,0.17889246179394747,0.21817176257843873,0.24658025303448755,0.17210740610107292,-0.1301855979735187
0,-1.610109016336427,-1.653010451031928,0.5456760598653793,-0.6284899579457981,-0.35955718453679325,0.1108847527399418,-0.71109062176842,-0.036517622532468375,-0.17142536731743435,0.08559527843950625
1,3.8506432376570823,-1.8303651732846777,-0.767887013492357,-0.4319673330833927,-1.4205254680550963,1.0970959484764111,0.6579384780726716,-0.01697785280503904,0.23051559958215795,-0.07769356790410792
1,-0.13283898329826574,3.505446905531354,0.007646303023847202,1.4876139601427087,0.11768658162046555,-0.3585922657113531,0.5558868117501335,-0.41400836439210686,0.4174688379405222,-0.47479145585081944
3,-3.2428160316573784,0.42430305742245095,0.559846205969365,0.4433010005822638,-1.0149574194904338,-0.179423129724435,0.4509419705092754,-0.34027407789727543,-0.265589622416533,-0.3350493885327327
0,-1.6078483046067091,0.8812273468080433,0.6261551792772961,0.8186459756562702,-0.21049483030206953,-0.32014744349101454,-0.6192413713038222,0.3764864088962371,-0.07244413706981742,0.019095352308958757
0,2.8738151030998855,-1.152364780008375,-1.6296058344628839,1.8438762277875553,-0.30978337917383286,-0.8607730984205637,0.3817182661354604,0.9390855721179243,0.6338376140173264,0.09855772415753666
1,-3.4734911370089283,-0.15279567710453834,-0.19975789016510212,0.24129228770256245,-1.2185759091211736,-0.4680850220316311,1.1233573530530747,-0.5483322711173138,-0.3105412117691418,0.2570310143224858
1,-1.1511954879339257,-0.2773213844662125,0.10094981871223739,2.0513134438487906,0.0660620335844813,-0.6316516921757211,0.07408405459295758,-0.5766708764210912,-0.3859223021354097,0.2702060402497961
2,-1.7567400584184816,-1.7336526745652463,-0.3299346100000006,-0.8780332472677331,-0.3965513502775325,-0.39305910107107855,-0.4946087239791014,-0.6703248368592148,-0.012634697149055603,0.008670118355976413
1,4.97155271469554,-0.8691953897096222,0.587618095007414,-0.6515014372682209,-1.3142060336045454,0.21886782137184613,-0.029897942149982506,-0.0012945691164991658,-0.5660389328153453,-0.3932220320823374
0,-2.0824618413979388,-1.2335985144978696,0.32048445893336736,-0.31137045136605285,-1.489601967301643,0.3703764709711075,-0.31412468488611806,-0.3187353667402307,0.25655129530410564,0.15087579514405267
3,-4.450177385311709,1.917293031199877,-0.854922785698192,-2.2996811546788636,1.11174354180255,0.34069788906247245,-0.31225636115020255,0.22860087690487021,0.46292769634612907,-0.06826130750596733
1,4.601083746019585,-0.9707652170222338,0.23023642356123278,-0.3287456618106348,-1.5276382424877428,0.9300154365437925,0.40305043885275454,-0.44726250230161385,-0.049109177940986605,-0.6316254940586392
3,-0.8398797884144168,-0.9801627589618744,-0.10401511833809556,0.3502504466051388,0.3476753636082247,1.3149928766643828,0.1726597982791408,-0.2419665554684175,0.24523529695459576,-0.09646441021771182
0,1.9767265693760023,0.5083296687317413,0.19034756897931712,-1.12949890897031,-1.333037673528639,-0.9116646904642954,-0.2613745872423721,0.801986006742825,0.4778330624514053,-0.27890739542254017
0,-1.8806650672220337,-2.2164149699123206,0.051832940648943844,0.9753833107301944,-0.44875341516713846,0.23501153662222213,-0.840261234475998,-0.04244963653590949,0.3830159488682074,-0.08959980147040497
2,-3.1692919940292628,-1.1128581790935541,-0.5398910695462376,0.292615179047094,0.1406703587899332,0.2896527214498137,-0.29622873040229264,0.014117653285140688,-0.257465788383048,0.2989711653766462
3,-1.670883977365288,1.7610850993896447,0.16800075130143916,-0.19256692499774772,-0.6675834572830659,0.5064755976139736,0.31894676786097287,0.28076499927337,-0.23478641680006193,-0.5787745052394441
2,4.435019791939651,-0.2987149899390845,0.05852237166066317,-2.094664974027249,0.0037921070813536273,-0.43217009994541555,0.3661124479240831,-0.1854895784293272,-0.4724441762165179,-0.23923159943474498
3,-3.4142771587507355,2.147950084237553,0.2276808480675922,-0.5085428827152629,0.05957713391150388,-0.5212613768124871,1.0786579397616913,0.08589273698876831,-0.19409050062464442,-0.06510411245092197
2,4.410125764569558,0.504921152090555,-0.05075727208624652,-0.4301101635737981,1.4669948280792262,0.0791143653884226,-0.773684859443002,0.04075576090843107,-0.5945852241385451,0.10632236502128697
2,-2.407944237994377,-1.972482991512386,-0.01806843257597275,0.028304356371091112,-0.29943608055134147,-0.6822571165802176,-0.46940822067288857,0.03141620204738418,-0.16588082537167564,0.04100569910571669
3,-5.65468151745997,-2.553663688411702,-0.3016459525005314,0.27229139692071413,0.2724642453820913,-0.9704486268449304,0.25403991923242164,0.8827994947113894,-0.11477081501084524,0.061673636617340315
2,-6.144995673027945,-1.9086796440151057,-0.38590862552405153,0.31263031939773667,2.1151755739224147,-1.2428420758595329,-0.22417728636052991,1.0453221010724236,-0.3939506243987243,-0.11496391501650777
0,-2.442026399434319,-3.3461709033552975,-0.47640215091326205,-0.11148093070097351,-0.4606020495690537,0.20038885160839703,-0.1274168012243108,-0.13647750236269712,0.5742118580418435,-0.2527128528108809
2,3.469175752060598,-0.14895501080832013,-0.5382335151381062,1.4374641133487804,-0.34633700131169043,0.8465160491468647,0.11038646365118947,-0.1274021759226978,-0.09936861996555967,-0.03621410706783556
3,-2.127217708334824,1.0380060487885112,0.8661798311268777,-0.5363921359282469,0.1527827170778341,0.26289827657208503,-0.47831038523349595,0.9110521885226975,-0.12271860861987832,0.30538874217436673
3,-0.5607462569252405,-1.713394351392234,-0.12529944307421087,0.3434524736015431,-0.44926905584137194,1.9879545403060117,-0.00021855559416472832,0.43244913265265766,-0.05828175975636896,-0.3156715031950921
0,-0.9786126072213891,1.7386817488243582,1.1426328430148065,0.4510254948977191,-1.62829673852905,-2.1735557976303754,0.25607816273000283,0.09385466382671055,-0.3165694899872748,-0.24382077128467847
0,-2.1246615972408214,-2.833557069009205,-0.12170872238298408,0.46123673317200603,-0.5958109861832852,0.5759728226694315,-0.2032283417670332,0.17405623403652046,0.15069983741572085,0.23445863733639496
1,4.4771965885991865,-0.5852971991507997,-0.943531634890909,0.12332641909602439,0.054003208384579365,0.8498835752134121,0.01222164231242316,-0.05834987199305187,0.31848567537526656,-0.6479245788740603
0,-1.433861651030555,-1.870033196050539,0.03406463418761764,-0.3326939977512687,-0.2258864493984107,0.5596963963474362,-1.281833370256856,-0.46467240228681206,0.5661372597205642,0.07044311493694533
1,-1.9275988306662202,2.9202499500266894,-0.03403702114750296,1.2648630776592722,0.3019234936129695,-0.47794084424686156,0.17220155005937565,-0.5260084641282922,0.39352149762283545,-0.04693051679869348
1,-0.4428085954036919,1.3613742986243076,-0.7200495601244409,-0.7899433015835662,0.5029673003168448,0.19163928679861422,-0.5651734415684799,0.26091322940783074,0.5335198826455366,0.3070880928496438
0,-2.6140134587543455,-2.912723346178667,-0.039677589590195676,-0.6952201792794249,0.08071762286498158,-0.3708154353977865,-0.06614806011743496,-0.006038915133595088,-0.011258555399637249,-0.26927323298805417
2,4.671171594255069,0.026291637910303502,0.8244165928430168,0.6793793421333063,-0.7128128835428568,0.47984825441192236,-0.3909308571724077,-0.17217844817926864,-0.3727294978317641,0.041386036655699655
3,-1.2752308792487526,-2.053836623063691,-0.525482755554361,-0.036252454052433845,-0.9561533756039945,1.741943505144362,0.09749518561298032,0.07011257690643286,0.31269561596733225,-0.6468897249846912
3,-2.767378787146425,-1.4583534276435817,-0.9348667814335306,0.4471691325013197,0.4330325449570731,0.3589945678800229,0.7127430074667581,0.38964332041973965,-0.39824008684355483,0.27409348188120863
0,-1.5101281192535387,2.6767994983882777,1.0953260557223832,1.4354524895319434,-0.3579975355877088,-1.6051535280175575,-0.03265043131796078,0.5122443818453839,-0.00010311529754265094,-0.23841888894455088
2,-0.8608156258245071,1.4007822340214162,-0.357566822382063,2.1566438790341227,-0.24416050043140933,-0.2890582560657156,0.1639887939929489,-0.4175539503711743,0.11186679704344668,0.10917614483435126
1,4.62220103159783,-0.5629082769839295,0.1546286370422599,0.10857592072237139,-0.2858132207958964,0.3712864660604138,-0.5501585324579958,0.1760267328472542,0.04235299656555331,0.8489131313853502
2,-5.3460823184039326,-0.11041201336500027,-0.2521883899324069,1.173423480936216,0.419333507888069,-0.018367192536761796,-0.053174136601331225,0.27011945054497793,-0.6922132620960806,0.3909083514602943
3,-3.3839041737762825,-1.531286778069364,-0.6859062778113277,-0.7957664381397556,1.0002677421099075,-0.25082533444171307,1.1698947253932297,0.416940039174692,-0.6145812533061856,0.06800096270118017
1,5.443123458059892,-0.725686012469345,0.5187684365185214,-1.1447513603854602,-0.9416936152174237,0.1682958658905706,-0.5480869706610134,-0.03334643318339607,-0.41937771477654306,0.16070552223315288
3,-1.1799149735861738,-1.1170077838074883,0.04307786430413651,0.3545324094379154,0.34624101805965235,1.4843708111872633,-0.32190831800192066,-0.3961888783118491,0.11438155338401162,-0.29961362256154134
0,-1.547792808164776,2.074716587100005,0.15066256948025034,-1.3917115862238718,-0.1624663670240924,-0.2322612067354224,-0.7773385732309377,0.685827313243841,0.08248652199669658,0.33569168432330887
3,-0.3635851085854766,-0.778410371815233,1.0402878799209507,-0.040987280443923184,-0.6184225226662797,1.1416356229692544,0.0693832978825253,0.18633841268369059,-0.44776360408550936,0.0749145706083163
2,4.337004770345188,0.8365461064736693,-1.263027673480594,-0.2961293394981638,2.6331010063433187,-0.06165446983261014,0.8183250654661085,0.14187580209586406,0.06911750154548225,0.34432244879193014
2,-2.1482470323094898,2.0394737312023437,-0.7498913118770721,0.4697082701727526,0.40234766640581304,-0.6799265827611451,0.7829790128006221,-0.6895262071086513,0.3007212314366361,-0.09442978455444384
1,-1.3660370756209699,2.127668891942687,-1.0168768212525559,-0.954859999422168,1.1643563989311576,0.26517790265865815,-0.4044776732938576,0.2943584761821691,0.6839190855925298,0.07851472591224752
2,2.7874838447963373,-0.21603260681751973,0.08169036031301985,-0.5896165551735623,-0.414282332852433,-0.5452412403921163,0.5074254067428596,-0.8548597799243463,-0.004418445310509327,0.2579731122019741
1,4.901598125561992,-1.1081894001219452,0.2508729530251497,-1.059737848552842,-1.1881357672940664,0.7351520395775885,-0.06609455415603062,-0.5647626421649543,-0.18448446306951902,-0.8981644259200244
2,-4.650021788310979,-2.093097261474922,-0.5548100504311376,0.728968881894428,0.17183199814828978,-0.4900445237812557,-0.022919216189862413,0.17543640403445487,-0.22866277352972456,-0.09108692604750974
2,-0.14423150379760766,1.1068409028598556,0.3064370022835256,2.1499269650961144,-0.2283208936047363,-0.4681045418446242,0.1189879373262249,-0.653278372529974,0.08577838133187005,0.3364078152836379
3,-3.9371893377058633,1.209123563661663,-0.7439227965116834,-1.3111431852745004,0.21661321217331658,0.5618921029471846,-0.13157330108654036,0.49325970725159646,-0.03970376249694855,0.32035309954901625
3,-3.9869403162756747,2.999803906660917,-0.3457246892754351,0.7269940697498634,0.11633023803149284,0.4281504428648797,0.4249575974707407,0.3358825100037024,0.26304948267075257,-0.050912516035135906
2,2.3861922180860873,2.43263492388033,-0.591016438953339,-1.512495217343177,0.24573797128479083,0.3531615269355424,0.4962550363476118,-0.23954549612317427,0.09089804534113777,-0.18576334215449805
0,-2.122220516156102,-2.2045110992324743,-0.3468808901579204,0.7118934773620704,-0.03913184633484747,0.7730528001170239,-0.704792986432012,-0.2079687786365561,0.4294778614733006,-0.15997035993725395
0,-2.560320297575417,-3.1260679551654467,-0.596527682198892,-0.18761078212044635,-0.3019900860300909,-0.25728044986144055,0.38683935509627737,0.009816968045760389,0.34421528602260015,-0.03663673629804049
2,0.6246475367754081,2.3999978242780844,-0.32159936798079625,-1.5812823885826448,0.3591459513115141,0.18859686815245472,0.10727897409398958,0.3038758086282158,0.18209141553957753,-0.03351828932860961
3,-3.986221984074696,2.82148191899932,-0.19684429585423285,-0.9849327936313886,-0.42669732445102443,0.6655774847102544,-0.23127054544872253,0.3994837806375518,0.4753626842528933,0.06889974695928634
3,-4.955229864710762,-1.8991160991181246,-0.3572519168293317,0.6523897694579686,-0.7132050905706709,0.19767100031074786,0.540052738667174,-0.011706109555032972,-0.32023878748777124,0.17777021467082216
0,-2.0318307271132885,-2.3581630740567174,0.7365833461987688,-0.7839893568717878,-0.9830569406894061,-0.6070427696810283,-1.1629927296165679,-0.2638352094674608,-0.31780943441728615,-0.14431650208307828
2,1.071210161558787,1.1790982662319314,0.3343414179583771,-0.2559616745061483,-2.099769129978721,0.05209357922556904,-0.6345373496631548,-0.09702470735961093,0.26153550648308777,0.5455050728445318
3,-1.0372677944163209,2.447014480089263,-0.10240998518513557,1.266272322204069,-0.07825593618562197,1.720176748813636,-0.27353587413674,0.4699310568241992,0.07355527962904014,-0.5282005272191799
3,-1.0541850429634834,2.451490275282429,0.09539350818578061,-0.6527343035358099,-0.6192531823297497,0.8888334360788093,0.03843670732544777,0.6630669876108417,0.07500630906904361,0.09339113135520015
0,6.327214425266044,-3.3665576084480504,-1.7500711059038763,1.6856520694483514,-0.18885546056740637,-0.35610641149434363,0.900858754191603,0.3073468070132186,0.5916706829347816,-0.19130828110952386
0,-1.4239196558365759,1.1903717630136768,1.1889899464056994,-1.199791055243526,-1.2079388945936929,-0.5666507857590194,-1.2517046047618874,0.07481096303818928,-0.03530863030332967,-0.014705027336546248
0,-1.8917635496902154,-1.3553478288140772,-0.31890121882994377,-1.3316386999087666,-0.6082408553056455,0.20807899191615906,-0.5751743388243021,-0.4603321084505369,0.3027275236607601,-0.062402838185680425
1,-3.354709353478272,-1.7394247760886623,-0.4003693729214603,-0.1889873552503128,-0.7095112307390022,0.39158333869688633,0.17440122122520757,-0.29893116896880984,-0.4928325057130905,0.45380986697001163
2,5.024602390293747,0.9894234021636259,0.037967111737186025,0.6443271501685883,1.6560532962242305,0.42984038664167445,-0.6310063000963256,0.4020716713286973,-0.7991707253927213,0.12479229025402293
0,-1.706910908227566,2.6273831898231723,0.9645240565598868,0.4435776531918749,-1.115989085810626,-1.1236071967296346,0.22198150883931447,0.013704346150692274,-0.2095957402053576,-0.09689273162684149
1,1.135342265853458,1.103451665618442,-0.11852626642534586,0.3188662062018956,-1.860071743673522,-0.5625869971428785,1.0467728179839229,-0.4686181773306385,-0.4515356554446387,-0.25023108470389954
0,-1.8757351618789646,-1.0706028416889448,0.49546088649677167,0.21482926458231622,-0.21797923297711702,-0.20239547516522727,-0.7322650162789974,-0.4499513354575354,0.04253428843453235,-0.3666000271508742
0,-1.8094611115970998,-2.698774654403365,-0.5317358892529332,-0.4979772776248882,0.5651048205526684,0.17012455891392714,-0.5702691202372124,0.049614151432859126,0.08478199165888609,0.08289663671747702
2,5.475737871333936,1.7091558793813495,-0.07612556964902277,-0.3573624320282239,2.148643211698997,0.0077968002566002215,-0.06640715160713509,0.5802225554654191,-0.7134469196606866,0.6052645422108545
3,-1.0721595783382007,-1.6944562393947828,-0.6722114914503016,0.025544993751300364,0.7252530572323111,1.4585384802905847,0.15321781511845517,0.26270874056932436,0.31825203880248637,-0.32900225164598834
2,0.5652012130478599,1.3882218211355197,-0.12849877324047768,-2.154576235973882,0.4187666873845954,-0.07441141385640603,-0.9156481209431198,-0.7656314105290524,0.410779467757387,-0.139097062315804
0,-2.3524650465514156,0.14124676703228434,0.42266951326364477,0.3284695224254272,-0.38408332460093764,0.04699465101007471,-0.5942614450538889,-0.3340235117685271,-0.06000598101341189,-0.44633667147084743
3,-1.4220797864259886,-0.6798485858912471,-0.13684209155533977,-0.7789632896812919,-0.45663151053283246,0.9863318196313493,0.7790763481928096,-0.74081394209236,0.16859508070605086,-0.07080940218337661
1,2.6760227796706624,-0.3090900888122048,0.8013382027063269,-0.05819783300062704,-0.6000283998037639,-0.9747687565304938,-0.037589069392707404,-1.0876334182883274,-0.30233524022460284,0.3825243500385298
2,-3.8670292163271727,-1.8017411253019269,0.03894836170082799,-0.5071212230068665,2.2438687673229714,-1.3574214109857492,-0.16663643703717917,0.07056342619661699,-0.5457038499704644,-0.09977273695055679
3,-3.26977147120883,0.6789422700000192,-0.6734432116831399,0.33307403920923717,-0.2580874323801865,0.22300888051684775,1.1584261151918849,0.8873360448254717,-0.6084108736455144,0.020761816606648928
3,1.393391512509012,-1.0307048513188224,9.11341120943976,-0.2685290247664063,2.3698688084406077,1.4375194589582827,0.9020369756460812,-0.4907289253253934,-0.429739125024792,-0.03280676523655068
0,-1.5346330144232054,-0.21873595654081243,0.17791100399094745,0.23725231969790236,-0.12359140477402536,-0.8060501503953061,-0.5497368877711029,-0.13742619677049864,0.1731436335025303,-0.22166649067789462
3,-3.295733930588812,1.7606889451879855,-0.39285858891240205,1.4952208097695225,0.65840310489891,0.600756192620349,0.44026898166646145,0.8377110812000103,-0.11896831071117975,-0.1366248718425559
0,5.415940217374381,-3.201374391091586,-2.0055093094278025,-0.19765443809334465,0.3376625673400824,-1.158451620789505,0.8063004252258424,0.42430219029888283,0.7760645991529055,0.3909130192480248
0,-2.0889770325543746,1.8692893656919591,0.32959419297866366,0.01883828482488098,-1.9156277328100617,-0.4420035780892654,0.5439026356031094,-0.42743477715278927,0.08913838182777237,-0.038819065386450614
0,2.6267723985703424,-0.15226190068845263,0.26753695915384784,-0.547541906992463,-1.3817635579199299,-0.7786772838188399,-1.059519236775133,0.7457219688212576,0.3395403758151243,0.06075669248768674
2,-4.116485016339614,-0.9170481071363813,-0.8001548965411631,-1.4131253430588533,1.6043086226834207,-0.497944999622268,0.1607680720722669,-1.1617270561915398,-0.21315020008228994,0.012988876116979915
2,0.5186996268147741,2.4109569477782067,-0.037110692899671054,1.7105046546011782,1.7339463856972466,-0.16770346717069784,-0.6281519832729117,-0.7273502775461077,0.36088237206736706,0.34588845365030546
0,-0.2259017771392673,1.7489553423333009,-0.35237394778009906,0.9464707482169862,-0.22967575386037603,-1.0431349932256355,0.6238779244434958,0.6154208580846512,0.6584525943470458,-0.4449528208843752
2,4.191071308139541,-0.3924649584891872,-0.6118113275875211,0.2614796326466792,0.5924521496851644,0.381501578304951,0.04303882826753115,0.528790812957099,-0.007522521905020306,0.026631700031983105
1,-1.0915404906325636,0.8126737289410101,-0.4852285022905868,-2.0335669513518946,0.43144935126179845,-0.561919557161604,0.059385797063071066,-0.3705612383692203,0.17895521355513588,0.3227324643579595
0,-1.3508949578162261,2.6106862083203994,1.0714127699596119,1.1700209121632261,-1.0837512863321246,-1.3214830622185771,-0.000767095791797686,0.5553078690753004,0.11379615438713517,-0.4323473503139179
3,-3.2100285917485643,3.379054823236359,-0.16668831577943194,0.3048389576706755,0.19355922441310153,0.41795178484303247,0.2594979513523371,0.2793194916500815,0.47742339094944675,-0.33036872713648185
0,-1.9392847819071273,-2.391535583482277,-0.005374645648615221,-0.09827834713308618,-0.8724329711540356,0.508277869957038,-0.18511950768985247,-0.06319494208309528,0.1470051963799767,0.23703201580030533
0,-1.593639002271565,-0.13050485062259579,0.009983099090792853,-1.0569248052139057,-0.9998193676914515,0.06042359355650345,-0.5825800099877917,-0.2448825363296838,0.1671751684575445,-0.06858247230161561
2,3.6743271218774547,0.9527790631093294,-0.4291025826752906,1.52076109988838,0.6950302669996037,0.11749665422389954,0.28599699360247127,0.08556600199102739,-0.11188505694550825,0.5517564309819875
1,3.655727774297215,0.21027274469641352,-0.8618849639994038,-0.4931737089075724,-0.7503703335388434,0.32514578137864725,1.2555987982210335,-0.3938379586049082,-0.4063117134323157,-0.10445817103147002
1,3.007390045067599,1.5340274010269355,-0.7379129363251833,-2.064448974644137,0.12092824233668426,-0.029232135327803083,0.8104700368798549,0.04025962148972666,-0.21921571366062043,0.2517933805417173
1,3.6367820457349995,2.3773898596744902,-0.5071454923402505,1.2263602199687131,1.4065040131632727,0.0987264745865486,0.3613061462714553,0.27815639900307926,-0.43571614237979234,-0.1311513477735488
2,1.79361198153988,0.25534676538685785,-0.00613087252499183,0.17731649287138695,0.04769669596073513,0.834380911297021,-1.0054721505096675,-0.22143769165421628,0.8086151483804126,0.5248117465958646
3,-0.4898305955682698,-0.7708819119158177,-0.25934121160705303,1.0581168515676067,0.013986877195936463,1.532530973536084,0.03184808663175456,0.461155245017534,0.05431388644702401,0.37891583076471425
0,-2.227930370884431,0.013026943135829397,0.30257442154638475,0.671649069435498,0.12373832625462715,-0.01045849309523231,-0.7662127536617775,-0.4167945493267967,0.12705858137323875,-0.31424691292465473
1,3.6642230363925807,0.9221048448342465,0.05996763430019447,-0.4448366897214776,0.7890207988779243,0.1494804936817418,-1.348124379003724,-0.4486450919189884,0.11345467262332264,0.3149221155839194
0,-2.2793635482921286,-2.481601602657989,-0.39942353196004343,1.1182671594927047,-0.35153731380371994,0.22969351417239053,0.19422776654771962,0.6100311493048874,-0.0599979439763833,0.2533261290007403
3,-3.3598705889761895,-1.8500040874215165,-1.0174355056157227,-0.7921755074654502,0.2997961675541115,0.248845726280348,0.9292638684228963,0.6768501467653636,-0.20285062161185974,0.1600285454313252
3,-3.090210330646232,0.054483232428832136,-0.11421679054291897,-0.14755267568822,-0.40331472210361646,0.8819988066041661,0.4708882847397616,0.8045554218940537,0.08705151490863415,0.2821798826490358
2,1.925880116669354,3.1131230494782836,0.033129639180827834,1.4802743815009896,1.0544062413218445,0.4824640714081732,-0.36768694480390746,-0.4175174086129653,0.30334540216233435,-0.28037213829499585
3,-5.0384848025890445,-2.2037430378435867,-0.5071778950581504,-0.588402641745127,0.14970729177610945,-0.5743210453484531,0.5778469708770541,0.6473423226279547,-0.45742311217422715,0.32001292738161163
0,3.8556126717022754,-1.863365075387588,-0.7186800939262286,-0.11116509346409019,-0.508017051129007,-1.447721986213909,0.34040653106858615,0.1920124309298132,0.42796537184771005,-0.33214928523888715
2,4.69700527434074,-0.23739600385720655,0.5499284603494824,0.8388252755028742,-1.2174971977454214,0.048858711610757284,0.024619136590215467,0.3283840677531195,-0.5472801887133018,-0.4567611913965934
0,7.293862365807206,-3.339303274606793,-1.7550514251168914,0.4767687062996473,1.0772649287250031,-1.2908192125147948,0.28801591715159824,0.7112652718493303,0.3903162101070951,0.2460880084503912
0,-2.4419559845541774,-3.007195614041138,-0.030743235894699433,-0.5165457377471047,-0.17136525448919096,-0.1929577269623321,0.39351323344250816,0.10522736625320893,0.1289774246998858,-0.07269834235485917
2,2.650354577828732,0.3102130505052427,0.28996841649343535,-1.7316798714356552,-0.6146749393213514,-0.03159463282994141,-0.45606566470388094,-0.4447568410371271,0.05741348492244711,0.7447310914615093
2,-0.444142936096741,2.266823044672861,-0.44891587818057577,2.175470409368131,0.2723079697217245,-0.33336680046484324,0.18871945590397746,-0.25910235854797653,0.1754181624196113,0.18767627296113532
0,-2.4486244205032044,-3.1317715182072874,-0.41401630485892904,-0.19851716398174746,-0.7484021656401182,0.39134880805817496,-0.18377251610463338,-0.14961073355009816,0.3180961933576846,-0.021661171102986296
1,2.2864937383493107,3.15213061293672,-0.6019000206492753,-1.923888895973366,1.5517475054888719,0.06877657564362565,0.18355229848994015,0.2954285191808673,0.20804525050145098,-0.04068903227220827
1,-1.6275806126754842,-0.0713005165472106,-1.2417211837631195,-0.4612930464433857,0.6033839774339246,0.5102893468937644,-0.23701477846626648,-0.38616854720543387,-0.014072382623976034,0.2025035108786189
3,-1.0380123878273018,2.346771384257827,0.46554933889290834,0.5917632003423718,-0.4971093021456468,0.8608100113085339,-0.13631392159926592,0.2050269536880042,-0.3073775041680938,-0.19619937166510273
2,-1.450952560694242,1.1247216651799514,-0.32675859626764636,0.8795445458475303,-0.04691298521238054,-0.6893880443346141,0.36419341667760935,-0.7515997299887975,0.1765342622317423,-0.0990572057397105
3,-1.1858920568995057,2.744493320732058,-0.3044628599691985,-3.1491558408056504,0.83030423961005,0.07182060680225348,-0.047390242870915755,0.40467045275784597,0.16139875649795352,0.14655406851960026
1,2.60716849022704,0.7531880669716131,-0.7156801189649044,-1.3461452106294907,0.029665448453491543,0.2979705093123493,0.17997777690072483,0.17541075989311658,-0.033823004737539096,0.2963721486334179
1,5.422662210623393,-0.03204499256769025,-0.008283224634763605,0.1847204888948429,0.906128055405587,0.7738438367117143,-1.1581003579045936,-0.20420111267029664,0.10232559456019812,-0.09280497449190248
0,-2.554041934899101,-3.0046805631049707,-0.27445078759790986,0.4597042843871174,-0.4524767558796479,-0.10350666349078101,0.30231359285454584,0.18757469571724772,0.29365456119972466,0.10652094668797563
0,5.232074091300099,-2.0212016495247185,-1.550691654951402,-0.11541029242999433,-0.31608764295552794,-0.40609300236160084,0.43222548519880244,0.38467779337438657,0.2862809422909404,-0.1351961123749485
2,4.9737686233777465,-0.16032825665751918,-0.24844224660307235,-0.014473802692871981,-0.20545351401665657,0.4903850914133506,0.40777578508205975,0.35123786945619495,-0.47470502929144603,-0.249502923509594
3,-1.3870361709220635,-1.181676030152382,-0.6385112221311561,-0.8753232126579901,1.112730991324458,0.8563093909776331,0.24482675125274286,-0.19747981582854301,0.28153491025810007,-0.20251231653880197
0,2.9086120197228134,-0.7883041093562945,-0.7833686738505806,0.78009179010476,0.7555646631147563,-0.7076098892454358,-1.0215838894840403,0.8076873501972752,0.553329108355653,0.12235277502080304
3,-0.39998773205568255,2.3296058850473207,-0.2345742574499742,-1.437852569720549,2.090109377676503,0.6177099943730745,-0.3353369859596295,0.1441976712090652,-0.02433366914132971,0.2509692090172299
0,-1.9310707541115193,0.08651522564170579,0.38495596743050503,0.22034270313722912,-0.7760280476643152,-0.38172894520952816,-0.11868261296678657,-0.170702758294276,0.09851814770170618,-0.1592903784272753
0,-2.1525421506361297,0.6070772470895559,0.23824019570376526,0.2436890468992663,-0.47791967809035885,-0.44157016224363954,0.0971190934935052,0.012938738678596394,0.15449256964838196,-0.09330075103967815
1,-2.7172496728012785,-0.6118770586349275,-0.0743999927813486,1.1516454928173825,0.25214780993676744,0.2543348474309708,-0.7749195480277926,-0.16518530906032713,-0.6605657446966161,0.4511875486433247
2,-4.308124113607692,-2.4021075369425,0.23218023654118813,0.4300081624317044,-0.44757433610143266,-1.1523379441977777,-0.048925726405056956,0.1488328084467345,-0.2638454791986609,-0.2701026613106103
1,4.310031864125684,-0.3347558754821618,-0.904945860582252,-1.3345555268723963,0.23646531526219614,0.0548432801844125,0.5185178278316189,-0.464985379004097,0.24255519935176834,-0.7286489516173763
1,4.922014443041457,-0.5632460859431098,0.19605728394555502,-0.10550731318390057,0.8051711320880005,0.08237549921529987,-0.8656803943320479,-0.06939851758950283,-0.1306916989910516,-0.8930599128629061
0,5.219263653800072,-2.6601028434549496,-1.1341675126842625,0.4755107062140064,-0.17558924010288962,-0.7853447868727877,-0.08138782769970444,-0.108390043257591,0.788334805097845,0.5020946940031827
2,5.266575830030537,1.9308032863491726,-0.3782285770796853,-1.2105897267946537,2.689346262662052,-0.3038589296512424,0.16408660845703688,0.4155841247789043,-0.6135576391954023,0.6418024574362546
1,-1.0308404096460626,2.60030922470503,-0.577550195839887,-0.8782501831172649,-0.1735123808396465,0.3663863152228582,-0.731973729445743,0.18953890077818436,1.2030899311202614,0.11418994064834341
3,-1.027908390779863,2.331388671590032,0.029738469748348626,-1.5422174459707525,-0.08146425531976291,0.7388725036714435,0.21248506546384377,0.18573415893817322,0.2252150321525579,0.17944974686193976
1,-2.731208788564922,3.2204755726616754,-0.8217440689039496,-2.1978709085799135,0.6070804373749493,0.03759817841980121,-0.16761082601814517,0.05014396779091137,0.8726475113124259,-0.045631070951786756
1,2.0638479174978253,1.4352490794413906,0.04341610591471616,2.351442581656982,0.21162788055107015,0.16866897224782465,-0.6356644255532589,-0.1655151566485091,-0.5257727447605832,0.0016518798054263755
2,-3.1111954189095705,-2.561280010328624,-0.024239332470341934,-1.1437664648518044,0.4797691533035329,-1.6884087818766822,0.3134828401355945,-0.11111659137346318,-0.16588427106429396,-0.25954225218719007
3,-0.8772207780160635,0.2702181213170365,-0.1723974486465056,-1.5430016933706947,0.8148479322200198,0.875950970606309,-0.6680773322529256,0.11065625768421192,0.1899399674467098,0.3983406806272522
0,-1.6782500263371727,-1.826071388896301,0.2224873110207741,-0.9926626552747679,-1.125144608285371,0.1154492902176334,-1.1245684476393014,-0.4396834456221346,0.12762760455517166,0.03564689900424865
2,1.5282744699480013,1.024469653424346,-0.1088216698285899,-1.7261815732088928,-0.6286066564349179,0.11423688419450104,-0.09844378029978627,-0.3053372440450262,-0.08444169753105424,0.2328339624569877
1,0.6253935104780016,0.4264469083390298,0.28368465900042933,0.8165545497620494,-0.5295613069975394,-0.43733094420373836,0.4530977876825638,-0.7936469371515321,0.11865518255271826,0.1700645942167916
0,-0.9758313745754323,1.2329424812474499,0.5129994908500426,-1.993833763959931,-0.23953183765447236,-0.4364641756837519,-0.693675427340507,0.010489214533676608,0.12557371922234348,0.03380886709082098
2,3.9977964147896214,0.9519358725092358,-0.9580216840924113,0.5669870510227059,2.0710908928950786,0.08731637162144378,0.1705285261651905,0.24063166249781406,-0.019504962877095827,0.6956945981395569
1,-1.0243562449420285,0.04990898021406298,0.09372103891467365,-0.34392127805398953,-1.4525980821569737,0.30181809890897315,-0.07195360926039715,-0.5364487543413795,0.28141688241234025,0.22915104207410503
1,2.0926585327705176,2.064069654542961,-0.07396349670375568,-0.37670724680160916,-1.501590466776217,0.23825147040070938,0.29466126152567756,-0.2049416706690297,-0.09870028864176426,-0.07669634303711664
2,4.509627569218329,0.12961248767743924,-1.0312404421821488,0.562882825132283,1.503015162277409,1.023395381872322,0.5457671249379417,0.3767460011282326,0.22650732459605066,0.17713451692820606
2,2.8120262482140608,1.7457366955110891,-0.5655407909160252,1.9299615528800673,1.5919642995164838,0.5378207338908153,-0.3483916671486188,-0.06439811605531019,0.06588516419164285,0.5776049990331943
2,0.30357470453569,0.4456232510902653,-0.4332910886703329,-0.591527504873262,-1.2220423088660188,0.19753245714878273,-0.010137855911848674,-0.010750422369877034,0.06058955997498012,0.21923084779584365
3,-0.7750787887338736,-0.5376185793979957,-0.1462031051427636,-1.5513868866515348,0.7488876769403138,0.7829198632793398,-0.13824366795801446,-0.457767402765094,0.2337016405786086,0.15319381957992972
1,-1.2895740311845183,-1.0850640701278222,-0.42022970414873284,-0.9284254030448826,1.4852927202378212,-0.200313935021601,-0.6104930730494351,-0.48679430217183967,-0.04082021971985989,-0.0972722882339383
2,4.043805455778177,0.25651357641915146,-0.29710378515313274,-1.895522269046208,-0.10907260692290686,0.24260978218604234,0.2631841289576342,-0.0726576546961157,-0.3179312388925873,0.8171318192259912
3,-0.6500526557441455,-0.914034539223439,0.33393246963673007,-0.21541433608944605,-1.1521342691988936,1.1885173137486122,0.049763622053656,-0.028150504607098382,0.020911986879859637,0.23358974088292772
2,-3.9561835072202287,-1.7754903111624525,0.3672166190649325,0.7223721427610919,2.0357875133267385,-0.6229864480415486,-0.6653642399069921,-0.09937910852902135,-0.39942475420560325,-0.2020816472845207
0,-2.101726516334242,-1.6371482662630361,0.253331524190951,-0.7845099316889854,-0.9366819743553807,-0.18828679185999267,-0.7341748609585639,-0.305833837935605,-0.2414197205814593,0.08202399062584993
1,-0.28533438370107805,-0.6412002665649972,-0.5639620105506903,-0.3430901028885706,0.49848922321086214,0.49507543586201985,-0.587393235195877,-0.21797537584961457,0.3882737005991748,0.39376974659562375
0,-0.176763795889142,0.905627469654949,0.06927019978931355,0.6397217326632902,-1.7094452074043618,-1.6232142948817352,0.6964875141793834,0.17970259855939172,0.5226090197913762,-0.2710266987550223
0,-0.09902566392116978,1.516857806011425,0.46375788736715035,-0.8694224443706797,-0.7322148878811037,-0.8309680524329708,-0.8305085655516286,0.8026863771433634,0.002894188974041086,0.11080207856667228
3,-0.14528672934683862,1.0312865620035114,0.20909152165235165,0.23373888936282208,-0.8845735893554829,0.9552885850217853,-0.15042762267917792,0.5357902594734051,-0.29405267864686374,0.502058822076831
0,0.6666872404012669,1.9790969759132506,0.6803731161669373,-0.11330128674863317,-0.38655946284298226,-0.5512636922273687,-1.1929554592484541,0.9086475041670756,0.1968225577928471,-0.1164383092266369
3,-5.159538124384876,-2.1368817414686014,-0.2302509493036605,0.1414586917333017,1.2243397928774835,-0.8445833641274687,-0.044021135777539515,0.7327463127673305,-0.5984106483139232,0.08935548136659627
0,4.424326533846296,-2.016824860183335,-1.1890255323180767,1.7315704630343123,-0.7181386047027946,-1.3716493171637243,0.3998231454161181,1.104070746078289,0.28913266337516524,0.29717145210325796
2,4.229114945190076,0.3958127727241102,-0.7243003853000777,-0.26793153492848465,1.763556577773218,0.04189567703543107,0.3331527678990288,-0.29556237485895337,0.31116602365670637,-0.10147451769327048
2,-4.0712073188965485,-0.13546774255062613,-0.3403272598868112,0.9677678851511113,-0.4091137315758375,0.0753644475721795,0.25455486303063957,0.184933719834786,-0.3795787226460095,0.1086496361955381
2,-5.031879416335655,-1.989286052851456,-0.24898424488109477,0.5489960357624758,-0.6621831045813253,-0.11573219149699876,0.7733941574349752,-0.2617952576686145,-0.2840394456993162,-0.06364504176603537
1,4.566880878982051,-0.23662740402356286,0.08867448683850127,0.7268610305820137,-0.5167690105600428,0.7888420561703392,-0.1607358883262849,0.6567469174979673,-0.20593511819075438,-0.13246008495443107
1,-4.098115380959155,-2.2290481629116035,-0.10899194557976125,0.6387258117354548,-0.9806307570457187,-0.05402441826288585,0.18967350009131598,-0.4179114621011774,-0.09339835627294715,-0.24427763518415757
0,6.258134923827869,-3.3795141523266916,-0.24904304523121423,0.6523278799119686,-0.5934596301482651,-2.4634539150577757,-0.5113383828587196,0.44647415271215846,0.22341841055461167,0.44402711909673503
0,-1.6410980583348571,-2.202195048709724,0.22845916690468465,0.7024606087116205,-0.5600629203193941,0.5461543343323029,-1.0301163676994014,0.030177587977735728,0.4065383930879354,0.06372340760609213
1,4.398753396385956,0.22463190969990457,0.20783284918751782,0.6687526742462692,-0.0351398572007696,-0.3898932894207466,-0.3967218936139046,-0.45699803841721404,-0.09073148532506616,-0.05404676459823696
1,-2.0279816910781165,0.25514959392399333,-0.5957651568209775,-0.0031776961395921072,0.4777250934624965,1.0107855331791011,-0.4864767948252255,0.11243244318798475,0.04873185146068994,0.33982329916213483
3,0.05762508803465519,-1.284224635802606,0.5521974655344686,-1.1031185739843432,-1.076582895282925,0.9036231364007871,-0.11595340662329136,0.024833036748673293,-0.528486854476251,0.42637228559745344
2,1.2655334711431223,1.017021651135066,-0.1374220690621615,0.4373991731573005,-0.19192203787227757,-0.7884779981815906,0.4158817530415717,-0.3974563533282811,-0.2174435480386422,-0.005625689630973374
3,-0.8399461102780524,-0.6550116602598378,-0.08866502341154105,-0.8677720184022767,-0.9848845583843534,1.131056206670496,0.08523157379738266,-0.16120911464662416,0.03386297067295145,0.1656178383922285
3,3.9345025533150704,-2.4768043035041356,15.42418071562341,-0.7038786084291178,3.007983498188216,-2.4523080272728723,0.8515263169701522,1.3939031968921465,1.2860511235850063,-0.1186057160002239
1,5.10643805608781,-0.5772748539356997,-0.17218598970185325,0.44738631482917696,0.060954756592804527,0.8615319521117873,-0.26062720324789695,-0.17289585944341615,-0.11221555155498146,-0.8560128730716264
0,-2.576824327170493,-3.0185981180539057,-0.6929400576189091,0.8093903691778889,0.4787946612520186,0.37009462594158316,0.37935073496669247,0.238256902862819,0.4789857355903781,0.07929409067410163
3,-2.1695501568724302,1.6022224388243815,2.73881361581359,0.043724067979880224,0.36405331141628267,1.6449731186081764,1.942039265457456,-0.5085936664846791,0.10883245930817427,0.12206738727483839
3,-0.6273809755030274,1.826260530704537,0.2980304150580698,-0.3075889837986452,0.6026528316075818,0.9043096270502546,-0.128969308219255,-0.03602198261026127,-0.36094074694174216,-0.5929436092077911
0,-0.9949358142064064,-0.5238712422410613,0.5310599849298556,-1.072649094908372,-0.7463413504136589,-0.23627339710446482,-1.132924283869902,-0.13025654338883058,0.07634261907554278,0.05853797587294524
2,1.1032884487152321,-0.507069698471973,0.09329209118824443,-0.4153233792806373,-1.9002946132353182,0.13434177363870228,-0.8153909233013206,-0.24001598059998752,0.4118061480233819,0.6132943338699419
1,-1.4717265690154817,0.021306665118252122,0.15341256895273261,0.46011651640582746,-1.5275384148226374,-1.1404106003183128,1.5218640850957001,-0.382989336821386,-0.533797174780392,0.14186950807347087
0,6.5191055916655225,-4.086265823624206,-2.103010425019162,-0.8358938529215553,-0.1805686325714233,-1.6564141060043454,0.8771247270862925,0.053579497310664775,0.9768619604699648,0.17007071907141857
0,-1.8154909069143814,0.023204101352931064,0.32272372867453647,-0.1983399966256465,-1.5519362802103107,-0.7698938075985184,-0.07970227921826524,-0.36514991021940324,-0.3499872747423424,-0.07480784940314736
0,-0.8399434822919419,2.3966604817766166,0.48147824545029216,1.0275174439250536,-0.4106803938440063,-1.3626161389886735,0.3173673414343088,0.8555858891201543,0.24671742104359037,-0.5646941972846943
3,-2.704924814079644,1.0947533655796928,0.6602011371212861,-1.4586909127032406,-0.7523910082834361,0.48174335696730847,-0.0018176002725444403,-0.005228891652337781,0.19278424265812094,0.01756551722540996
2,4.2347491776857185,1.8494776835325477,-0.3618891042201832,-1.4231028376457104,2.446309562345478,0.13207883449987215,-0.14445827078057275,-0.23664124199363,-0.22462964281404388,0.026702009758379244
1,-2.225419369666829,1.0627529941601455,-0.1561050868709504,1.20734921279243,0.6458876070514087,-0.3823320220524914,0.10134055576585588,-0.8867069613563493,0.33638416849048963,0.11497797172924867
1,3.455072434360261,-1.1084388734441233,-1.3362052403628575,-0.663339246421959,0.6979401018040821,0.24380479209341327,0.8142708443444567,-0.5871869741169541,0.40184614230731375,-0.12989325384729006
3,-1.9099073182115387,3.1926358610778465,-0.22162148646875865,-2.16963717474741,0.4169451671030637,0.03142148295171036,0.6276534679585929,0.11784164753103686,-0.06298684881642072,-0.7883356444956146
1,2.903034783783571,1.4717782211778827,-0.08297693850785864,0.649552564149074,0.7360266414705136,0.2705193036674114,0.6024197146955522,-0.2841712499811954,-0.33538696321508715,-0.38868544695066126
0,-1.663710812656342,1.6664199043344459,0.6409413210764796,1.0976923821778377,-0.3281578812631345,-0.2539228512789068,-0.6921778266842705,0.2995821279726251,0.26428820225629496,-0.07434647033127685
1,-4.089321634465654,-1.3403249522444391,0.19204987921578573,1.9032442730365768,0.446316093669958,0.3495617053011688,-0.27561486958549286,-0.43639489354150374,-0.416266706012813,0.05191719617428692
2,-2.7840070994244486,-0.3027416329344939,-0.9339586613490144,0.5351066014212212,-0.9450904295647503,-0.008626484029288665,0.7917405853978478,-0.3848707669706042,-0.4070077148529046,0.5272411129838094
0,-1.676528861038511,-0.06648061517448445,0.4546248011770199,-0.6011708518821592,-0.7527058980355986,0.15947032593190913,-0.7922272445213244,0.017093383655462133,0.08612152387171569,-0.01745872353730096
2,-0.7881612978061769,1.2586628883854105,-0.026245719038526523,2.471681127978028,0.27898859183444114,-0.03634537598727206,0.048064044169134214,-0.8874595526572948,0.34835717145712525,-0.20516448583421504
2,-0.22664844718421695,1.140347722309153,0.49785544259521897,-0.744415413339829,-1.3696886189900779,0.18596865375625593,-0.2351973592155508,-0.32507464928204594,0.3364529770965472,-0.13582373634552036
1,-5.663728064915348,-2.552251606919095,-0.09838665480197512,1.0537513746680731,-0.19003412342613463,-0.2556170853029613,-0.23009754459483756,0.112193966387249,-0.325808784783618,-0.07859589000155302
0,-2.2094533021919185,-2.475326152558541,0.03316244214912705,0.37043779744991645,0.40593024267091987,0.21735437383407336,-0.836046796951655,-0.340012700010662,0.188056867128787,-0.20915910208415028
1,-2.87030899737595,2.334599674412312,-0.21230459206227237,2.252798284781478,1.1662604267778411,-0.03273319540823835,-0.5753294484487566,0.015593613455515664,-0.09449153133031729,0.34160212427562264
3,-0.9871553670460615,-1.1877048932646048,-0.2909940039106347,0.09320991862809043,1.4110751210912775,1.335815546510184,-0.26153838274516716,-0.4025326342416292,0.3142490920901765,-0.41681025564467983
1,3.9511097952550274,0.3991793943845615,-0.963277666778845,1.1105973462891539,0.22979517598499688,1.4608996571666857,0.5785604098416125,-0.16836438398827655,0.25620446904926386,-0.5066727270263586
0,-1.8934754565332905,1.128500895999492,-0.10536366526231458,-0.9091063309073859,0.011435598250586858,0.2063138220983698,-0.9340833255373494,0.24299234332231034,0.0009756172635667255,0.20219833884147667
0,-1.7774461072987455,2.934888078686489,0.80273333016339,1.3626000749788603,-0.8080134663931371,-1.18714002591888,0.19168861021141567,0.7006344687087576,0.07892873001130234,-0.004005660758692538
0,-1.4541165700177312,-1.109034082487627,1.0659458585727424,0.02962728000218823,-0.034696031142706404,-0.5960644746458743,-1.0854977909331502,0.012852076051133211,-0.6230362952650559,-0.16741594390280104
2,-3.3689641707597304,3.1036088288485972,-0.8088219137149039,0.8099601469865844,0.2660261514856683,-0.1180693162107968,0.5937012191303058,0.32227053466326366,0.3450836890284341,0.4222970988495018
3,-3.693980876822085,-2.7131311537760485,-0.6285880474491071,-0.7757235790970061,-0.1884766024083925,-0.500888872671929,1.3589951617852067,1.0240791445651396,-0.46153910898967504,0.09666591290469675
1,2.9116720254471966,-0.12306266763380372,-0.013972925458811507,0.09559974367766506,-0.6789715743411546,-0.36281881845997915,0.6947385060378898,-0.8932633273402407,0.24673050905826224,0.146169683584682
2,-3.2733393195110327,3.173074230234502,-0.1338371456435245,0.12750093021377784,-1.5891343883505153,-0.4800387030987213,1.0044995670462016,-0.2179960079248829,0.4976087775515317,-0.0020765794887793883
0,-2.1431999808760236,-2.7043010158813106,-0.6004771086673198,-0.8714565639436942,-0.010338674618387469,0.2027619749832505,-0.06364267565964997,-0.17758700057696686,0.358993342054685,0.1331182273736321
1,0.6317877037520583,1.7690456098805534,0.08074492306052403,0.794689296402587,1.286154719021576,-0.7867492859158102,-0.26378435702319675,-1.1128113605366818,0.10638684228343256,-0.15511410452169136
1,-3.366076300327805,2.119759093483985,-0.5766751595069486,2.300763121228505,1.197382608519589,0.5976774373453493,-0.19067102698782246,0.4479625315676646,0.0739696868623899,0.27352022241637536
1,4.5925580834638735,-0.1003241384739655,-0.3723139803452202,0.3529146661781556,1.0678916259201088,0.13752674664857523,-0.06671429147063863,0.27934388190423615,-0.15916304742515364,-0.11113607529625978
1,-0.7122067436849832,1.840452618609507,-0.27233473446926676,1.9785236698468245,1.4417812947915878,-0.03534660389566244,-0.29935047767275164,-0.9543252692221765,0.6310867757202091,0.08790312218287065
2,3.889202938493349,1.2020533756227516,-0.9812112483625608,-0.33082817666038905,1.7807121083649622,-0.03624920531929732,0.9169892172902343,0.10191968488168703,-0.45333401996691414,0.053941066008869415
3,-3.045893363582152,1.5608974463322107,0.24844298703333717,-0.8331623826385505,0.5149369146936638,-0.031975850287241064,0.041721326415009995,-0.5697951199592683,0.5115041580279359,-0.23474832415240826
2,4.331276844684694,0.18900590602629647,-0.2199455998962116,0.4341702321805019,-1.4803804681203172,0.7922812939008479,0.5047254384742732,-0.2923337728319862,-0.3442944336889753,0.14313131670022414
0,2.725734311228663,-0.24937200715653055,0.8850966319065888,0.6516604724827617,-0.7914229003616832,-2.254327542070563,-0.5397242958256294,0.22068498820678797,-0.07901554322834695,-0.23183918165990924
2,-2.3216136077836804,-0.42382808105031705,-0.7429590826408979,1.791756093217231,1.3648163037944736,0.15549111157129383,-0.1861319898134365,-0.6783613233649504,0.20808384327068918,0.2666292556574919
0,-2.1227335715028484,-2.3123793712100587,-0.40315995632950513,-0.15817962532273325,1.0158423736682967,-0.08256648131061184,-0.23029394535659675,-0.12137351136115891,0.28153250372762856,-0.13903476456788522
2,3.573660920807148,-0.5411430044738869,-1.2969685273612879,0.18054200439099338,0.8077729187166542,0.6517284254122785,0.43461150555564293,-0.03567388148049572,0.25226941528956875,0.496127636368662
3,-3.6982501430859136,2.060891776029456,-0.20699234637819816,0.562424733790203,-0.4474067593963446,0.21477671570312454,-0.01362967159673835,-0.08311777438430779,0.11449455105849715,-0.25249232436665664
3,-2.922838514859702,-1.4835566999148264,-1.06994744521122,-1.348204123903554,1.818032445509458,-0.07455704040992439,0.47241183726462804,0.5517062824904219,-0.12392073870538214,-0.030711488666829666
1,-2.658503864767447,-2.181954008189806,-0.465802521048984,-1.1556683893715156,0.4876958244304923,-0.6521376913034013,0.3304333450978828,-0.9858531634078649,0.11497989946591061,0.00388874679382415
1,1.2662089840867574,0.4727141552873588,0.011456795634812222,-0.9220227348072568,-0.8497931423886074,0.08633447422408211,-0.6729757339687282,-0.4489962341931137,0.33811222913343625,0.10643154424287207
2,2.6555089532993534,2.453707544684197,-0.5008547128386232,2.346472723740388,0.285765563068279,1.177743593555997,0.11066147806082367,-0.507100096466714,-0.051856034877997906,-0.050602555073465075
2,2.9287636932998655,0.5348245090436917,-0.21269742487678522,0.25325671813827244,-1.4633855894279402,0.7843645277834578,0.09817076186057533,0.15626169430604836,0.24606214998059983,0.7397910052876088
3,-0.806042047848789,-1.5905846572508173,-0.06780363166614796,-1.1334692354500302,0.6582108625064409,0.686365319877126,0.11001239450223985,-0.0906084292332307,0.17965156743540533,-0.18152187730052202
3,-4.572316237659497,1.3291171949310652,-0.650168065707537,0.05976277243414922,0.2575214839604925,0.25917674428587667,0.5178845090560419,0.5903053035413742,-0.4081968419569522,-0.01378073128721636
1,2.274143458473444,1.2178004440327963,0.019108777395486255,-1.1217723910047988,0.33524886236534523,-0.02332008057325843,-0.24348438921084425,-0.06646222568920786,0.10563831889776823,-0.10794618827221072
0,5.668557700713012,-2.376407981713468,0.19665098459586342,1.1543465796285197,0.3456099275649477,-2.2243151832830086,-1.3415163211817092,0.37396586871283377,-0.06217542072966938,0.039965361492716
3,-1.0759237955830634,-1.643573036580231,-0.10377435871402221,-1.6435414223181555,0.4185526012589642,0.4334383875455242,0.05028953653643955,-0.008420668922268022,0.1428074025876961,-0.5992920141270633
2,2.8137432512526326,1.1063252468895746,-0.48276498807758356,-1.1551955647027219,0.8981981478800828,0.31507013840197867,-0.40953799502467797,-0.08099346420268051,-0.023057413374972663,0.12323257147259258
1,4.4351702978114815,-1.1395590553208028,1.2822588361607126,-0.07900099391696233,-1.9521640789562515,0.21359020798440534,-1.0297300199763737,-0.3322720880775434,-0.45034190961157516,-0.3798175892103781
0,3.282087830583784,-0.7563755974978311,-0.18115897403565664,0.1921189626076323,-0.49004245222429377,-0.7699130666464031,-0.5205620451937321,0.8220811953909013,0.47745417143626057,-0.01814491415279261
3,-1.6811697930987675,1.3815031374075872,0.7067519568705378,-1.1432196767633473,0.8407314383115296,-0.22082354975915186,-0.07616257068288071,-0.6037594409553756,-0.3743534366342402,0.18735828928870288
0,-0.40153820032773385,0.6934919417574799,1.209163450072968,-0.9741351010594558,-0.3703763644819679,-0.4538091926471372,-1.366335130922535,0.36458772783662463,-0.1354933986479884,0.15067357127756315
1,-1.4654241011104596,2.483673894112281,-0.48107414074630206,-0.15588278453491278,-0.6902061051840909,-0.7582280987735927,0.9187837412094219,-0.39554967966193494,0.27254571979832753,-0.31502516583887924
1,-1.1026054397847733,2.881791816620914,-0.0789462905053336,1.379911533927592,1.046241794753267,-0.09529409173724934,-0.004589510330761216,-0.06513638017480339,0.30362308600618204,-0.31736467849677025
0,-1.476466277112043,1.3134595688653088,-0.12314865937191197,-1.222102834568566,-0.5780715352032456,-0.29377547000140247,-0.17918697327268684,0.460875152799409,-0.03316027182249489,0.2672664538836726
2,3.4769735947055307,1.148985855869846,0.1749894821790165,-0.3490669064583693,-1.5694295041541757,0.33451416935685835,0.5467351352477203,-0.06137440938074978,-0.41979760396865334,0.47678706014967515
0,-2.323688030863943,-2.5739009628310185,0.4675673467758659,0.9422172736949127,-0.3572200148149151,0.1562667946551884,-0.7118050609678297,0.02979043834820599,0.08236052293214377,-0.21007541925489753
3,-2.5873638103667123,-1.907606353558784,-0.8919345903835729,0.426817029234852,0.2546294312368284,0.5151727763121341,0.11208767500100915,0.7948972392469338,-0.1992115353859061,0.4880625383094824
3,-1.7685766075106073,0.4415199523043147,0.7931828340809797,-1.5547707010722944,-0.2645153194109426,0.10093638532815337,-1.0417510429454284,-0.363590017309515,0.3690230884817117,-0.0054902562020521795
1,5.102638344456979,-0.9225278481499888,0.5159392546159004,-1.6531079141315193,-0.5618282868718559,-0.033660109400077104,-0.5465934331240265,-0.21214129076819122,-0.26551123417260897,0.3154906392139445
2,0.47739928231199447,2.950051081096098,-0.18017409580795435,0.2151456481277683,-1.1260865380593386,-0.10016161042458734,0.926923722571127,-0.4273360595742491,0.032982652865779324,-0.38391002554749826
3,-2.8969359349212502,2.8493177414487523,-0.561673916828238,-2.1645791447676013,0.02742556769950855,0.30758167135616177,-0.3182925465188605,0.4802551538729605,0.5336233712290528,-0.04192526073765321
1,3.6565102128464537,1.2288076162340589,-0.6080660029342334,-0.1942878701574521,0.24667578820866615,-0.01747901242625371,-0.08769403502994946,0.16035584090073385,-0.2875594300944257,0.23955614788507326
1,0.4494231432092106,0.5749736550501978,0.09932172842841736,-1.6034284750147245,-0.24396831704330874,-0.46301304541286176,-0.020388472642637958,-0.003610753761628823,-0.046482870212327894,0.036455882697378844
1,-2.8531634369380754,-2.910485557214665,-0.9763579916962083,-1.0018399287512705,0.7974991745802373,-1.2471397121086367,0.3297117996762036,-0.424727443942431,0.47962685576491965,-0.2272466224850714
0,1.8279437761002377,1.025956111242792,0.5257338430421921,0.09146106593004419,-1.0022333020783827,-0.7140308618688442,-0.8056267779867667,1.2202050048796282,0.35969030402794805,-0.009679057529654866
0,-1.9506892720655484,-1.7775397092727117,0.7456980996553632,-0.07526217878738577,0.16006761629235108,-0.3267859351073019,-1.0902560901692646,-0.4505422926104167,-0.3497770423773605,-0.19202727855286805
0,-2.3217525744429244,-1.8958799533393937,0.7494277209157661,0.7363323498312235,-0.6248881137472239,0.3756104008732585,-0.9649188013515444,-0.5181505137944841,-0.08415576357743634,-0.2638746928549615
1,3.9891502491801316,-1.1787583966184676,-0.8984854435354791,-0.17414408981011287,1.4783095658289314,0.7865258756532165,-0.570052624399611,-0.2736574867881764,0.5311221080863223,-0.4353423704086921
2,4.490312433444052,0.199622806213478,-0.38236250573789604,-0.2634515580225187,0.9038979409091289,-0.2104019923180248,0.4961434789063535,-0.3906446190861756,-0.0014351251141981136,-0.1953685709221514
3,-3.0953804471344504,3.252354000795647,-0.29872329975291506,-2.417382298605155,-0.05948518579952553,0.32473027242625163,0.2926293224437639,0.6153795254678013,0.827862832348311,0.044043284532154586
3,-2.2041406691919447,-0.21038878138712833,0.3038636602987854,0.02812413953207331,-1.0066735461046912,0.4922132341870853,-0.3515378764200489,0.7453539166411604,-0.3397178538961405,0.18736171275946154
1,5.265864899897949,0.8176397718286182,0.26210255869391286,0.1512563477842144,0.4160686240260197,0.6877967044855275,-0.6353965038069314,0.01790481556341435,-0.21814679356146577,0.11691526265420939
0,3.636628279987612,-2.452375138351814,-1.540136267220546,0.8171777510057852,-0.48953415749371876,-1.4309756940471277,0.7616098980951056,0.5750663737867324,0.506214583174471,-0.11225100386833688
1,5.074381095373093,-0.5652783079468855,-0.5025916358895309,-2.1514456086116405,0.21075913498936158,-0.04890905500656495,0.643519475166626,-0.2003162695394608,-0.13153547321657857,-0.6340574635074302
1,-2.463635960535122,-1.4643350682079237,-0.2960291225687263,-0.3445001143469621,0.7885461221849817,-0.44388380459773114,0.049433103825569084,-1.2881610784953108,-0.0008230021864504297,-0.12966646531338183
2,4.281125780072305,-0.6131533958900451,0.6606166232433842,1.3435704669654074,-0.4115022309150657,0.5257562565460195,-1.3870847140284834,0.20121932397794165,-0.3612299602574255,-0.10370229467668288
1,4.451956558867319,-0.7969902591832141,-0.5214032575676056,-0.10437328384636435,-0.5185805907456204,1.1472980007598208,0.7586488751409892,-0.3100373713924271,0.1965914491747995,-0.7053194739901336
3,-0.6458953338209659,-0.7974616123141693,0.4687197320778004,-0.4079968041752449,-0.3108757719911703,1.1209097484435573,-0.16986574516492375,-0.049779897125150595,-0.19795578424285787,-0.42017352097157995
0,1.455928344697789,1.0860192565656546,0.46603897676127026,0.5170577656827828,-0.802946925645226,-1.2993936961790131,-0.8736421370480921,-0.08375314643741764,0.06412469431997936,-0.09892140233701843
0,-2.702852805059753,-3.3358618387093397,-0.2710717722790557,0.1873133628364738,-0.92691717132069,-0.14679676011435122,0.3862937431113378,0.30052516652060374,0.22763910856077266,-0.05896914952018937
2,4.240469190519231,-1.2743971280130002,0.2993617626216494,-0.40676693357100563,-1.8154290592079174,0.26717509122847954,0.19988038645838505,0.14828174510711056,-0.5118003365861176,-0.08832348799183835
1,4.089168232853934,-0.42869353112151753,0.3928390907959288,0.8634439240066115,0.011938284121219068,0.20806172130130285,-0.12633293261004047,0.6401759585571499,-0.3787388165993293,-0.6394951357311531
1,0.2818940399652607,0.75274953326932,-0.27109629230320076,-0.7824487241274979,0.7389626505196751,-0.0349819334360222,-0.662928487099336,-0.06236107635880885,0.07475141241958366,0.3571546203425958
3,-2.8805017906856887,0.42773830121220513,-0.007111374447971759,0.2486423361650876,-0.14785402366790248,-0.06792728093495974,0.3776139360931531,-0.602494756510874,0.0758175599801971,0.07092339314566995
3,-0.5885672307247001,-1.396222516848288,0.3280696741982906,-0.6165790536889078,-1.1761419177377554,1.2462340462076282,0.19282443576644115,0.044646282353421086,-0.03949909488594974,-0.1339146460012284
0,-1.4175897976902008,-2.157562801707208,0.8985906087684117,0.1636067278737215,-0.5576145059811738,-0.09316802756302461,-1.58876811296725,0.08957714140692812,-0.2368119531708877,0.16179934096337265
1,5.180314098009607,-0.5906660152369877,0.7064693483325275,-0.8763429063127546,0.33069195980543153,0.10065068076741013,-0.5188636368769107,-0.06736799146821917,-0.7621375401213054,-0.5690187400658362
2,-0.15058618997336817,0.7534915220218088,-0.0424091331968561,-0.9558240893595324,0.3467262654024871,-0.2026040506078852,-0.6632906059672875,0.01626432108547965,0.08819703963893769,0.21716264813797892
1,-2.356493184930515,-0.6429148331142752,-0.9078435592879529,0.4149694155291196,1.3301633391983247,-0.05957995402229811,0.005176978901803135,-1.5324609912631502,-0.14204216968346864,-0.14977178136104186
1,3.6590016933684057,0.8825606332897089,-0.9886229911849039,0.6626670129726149,0.3758942748790265,0.560099368462366,0.4283821298676409,-0.45046628787541515,-0.02432238569961853,-0.26644617997440007
2,4.907999832776532,0.1846811481245366,-1.1013281630002585,-0.10815101298056896,1.3110463279044606,0.8124669951018069,0.3570981092958961,0.20818484885452815,-0.0012001755517982696,-0.13027147074166673
2,-0.17379770840305422,2.3898324058635936,-0.4731809424634292,-1.7009462142203473,1.067767587406301,0.15750584550376698,-0.033284314796535326,0.2054337758100924,0.3416530360888341,-0.09432199102264956
0,-2.3752455939657433,-2.9212509265002082,-0.12576467619744308,0.27203741091812883,-0.16921203856779174,-0.2674744241335804,-0.07995935810724239,0.2084422842801574,0.22111334518728615,-0.23571610466119522
1,4.103869354972225,-0.9743646338427026,-1.044771194322945,0.3561438423645342,-0.12533400189698163,0.8895311591854476,0.16841937725611966,0.1604516655241803,0.2243405977599171,-0.09625413958272924
0,5.384210753510369,-3.756835271224315,-2.416986908645288,-0.945761058281332,-0.01357154787295997,-1.4509994738769567,1.1590708099178755,-0.3911397993277667,0.778005434430587,0.10846010169879512
0,-0.5373376894836771,0.7786690610718334,0.4811937568573441,-0.7706264093598574,-1.060858177956924,-0.4861282335892912,-0.7958899532788843,0.4568112242112237,-0.07142370047809095,0.4258874068499513
1,4.659743147580994,0.6303280133053967,0.3217315003609624,1.4541916621577389,0.05450655712854778,0.790696174390379,-0.6944261635126677,0.7626747253043402,-0.5778072401291212,0.0345561349703139
3,-1.2554111032866524,-0.49474120067259636,-0.3058553045520421,0.12740764615312214,-0.9267628778152932,0.986870127676897,1.0750390407235384,0.03761639607003413,0.012461761558808834,0.10597557534331177
3,-5.191282327100349,-2.39865235201354,-0.3212803676091771,0.3075084473685273,0.8831952251952445,-0.8272274837895883,0.07905377009517114,1.0586786804413646,-0.5443119980660951,-0.060785050693672106
1,4.047634127041787,-0.717192767556388,-1.2895085174989058,1.9366204902211461,0.07978864699335855,1.6725726884270362,-0.04233432079766045,0.7723079610343832,0.5776372447163617,0.0928758963916941
1,4.753346496496,-0.8993491372801756,0.10270034038290497,0.6134313292301868,-1.274044446146296,0.8745213236694316,0.3557104376076249,0.030913022548553284,-0.03653142327509874,-0.7533212162436582
1,4.28264785145119,-1.1031849305912598,-0.7603752387003084,0.07297389820574196,-0.4118638360188486,0.31488381526537473,0.5768139252571511,0.3802064963731349,0.26596994733948454,-0.16288633991444987
1,-3.9815576580908068,-0.8782419691686808,-0.19022111125742885,1.5895852849313634,1.339974568223942,0.14386122868734702,0.005800306912081602,0.09014123732901017,-0.4091746820746341,0.3248327277698319
2,-2.545686405666869,-0.946996269785454,-0.6604259531025651,0.4462424862123035,1.1779205697964972,-0.3678605703557018,0.4290208514580011,-0.05155832773434856,-0.14522563848690712,0.18319851655900923
1,2.1988061742024123,0.23081879941008943,0.6807504872041688,1.178836100749318,-0.9884605127395188,-0.386144737503339,-0.032969578963709174,-0.45292377636993914,-0.18671811337753644,0.5271227520084397
2,4.982235010046619,0.2589230646476883,-0.5458594026584423,-2.0679492982970475,1.8611552172067625,-0.7601661511604341,0.6612450024415786,0.24003690309496284,-0.5736163449628933,-0.07238571560882208
2,4.002472299592905,1.3514619508107388,-0.6071355235225256,2.596042424559164,0.35095807226672887,1.415805979456488,-0.13593361294785483,-0.11921260731806776,-0.03262762711844503,0.16540512620069425
1,-2.170384571925441,1.6052192925400346,-0.20348281611655417,2.5034438443867746,0.9135243315106653,-0.114243087704999,0.15120983571226285,0.026403184484124216,-0.3168232394512805,0.5802778262686711
3,0.08609572311064868,0.6310832606025454,0.19334331982697803,0.22886545541309258,0.730895934923247,1.237441375991074,-0.1553153051358915,0.14850022430153656,-0.34392124823313025,-0.051768225371447166
1,4.353322841803689,-0.9154867155435357,-0.8751998511832808,0.057004326441655234,1.5147607772400087,0.9120214086480155,-0.5358034535534164,0.16338017136145394,0.12319847914106659,-0.2878715336018799
0,-2.406839185173685,-3.076018181799684,-0.3147847934867822,-0.041834392847156524,0.17645344270850552,-0.11009428315643509,-0.06366586674797617,0.1542418306028335,-0.007125825824224917,-0.15436461143693309
1,-1.7406815967019302,0.9799565647935717,-0.5557749046790728,0.913643180283259,-1.0468679634684852,-0.43676391098423445,0.7265447629043478,-0.8131923345835304,0.4408525721088015,0.02497021193133798
1,4.567702394629014,-0.05788186679599985,-0.8968017585317353,2.0010298557934005,-0.04983681604020642,1.513665150475041,0.2576674306430348,0.2405982234498047,0.0291585556054772,-0.38845958008498627
2,-1.37228660085088,3.1359600967293972,-0.2386404090918078,2.436171504879312,1.5888779221909022,0.2925904512655472,0.01268269784837735,0.5249192656622121,0.08253881372540078,-0.22987752515422488
3,-3.1380678778768214,0.19685819467043025,-0.1602366230739824,-0.2455893621838122,-0.009813491171515355,-0.36606335997505324,0.6200101949565924,-0.3117666805036895,-0.23928997956758133,-0.12492514349208576
1,-4.460250560051824,-2.762299287174944,0.1882768422012188,1.9866208148825666,0.22632908479762961,-0.20533215721061016,-0.6532594074482606,-0.01936435818149728,0.1334894135486473,-0.18321505977099822
1,-1.1137169765869017,3.699100561544949,-0.5306275930358172,-2.633479535294151,1.6857780947685994,-0.32489910721108883,-0.23650624054305602,-0.015565661706958937,1.206401582852421,-0.18995243033727344
2,5.2766712429316325,1.076414169597084,0.12220071064529175,-0.18999102870019252,1.4276974751413303,0.4093585353253179,-0.5772911401638634,0.05450570902383664,-0.49273423734743876,0.10091802265104068
2,-2.311848741588469,-1.4198307347765693,-0.5178128232787242,0.5917828943881649,0.6515233783521545,-0.1907204460920593,-0.05027355419671759,-0.6685739014206672,-0.005097534413477714,0.17726275204969943
3,-2.7059097542395296,3.067030874148142,0.1869831370084451,-0.27311796049378984,-1.1324021686022654,0.4230610091901262,0.3752845093825319,-0.07353664978881096,0.4526773597599625,-0.3730446300064632
2,-0.19654718566355792,0.5084987216976048,-0.4440514603876143,1.0048780290844248,0.48852961131639533,-0.6950134994061405,0.2854716019426054,-1.1908382957714547,0.3510517209670479,0.06830393221481851
3,-2.960321867321636,-0.6716463177349566,-0.21074512240959867,-0.03924880088823148,-1.5205476219355123,-0.2005373068562434,0.8819431175069643,0.1762921999911109,-0.7088665564837152,0.11771000232736502
2,-2.8081026278306185,2.346673932319415,-0.04617927138696223,2.7303719974069565,0.8836763511783269,0.32218336311076295,-0.6896074818974035,0.5805117606241963,-0.17444598361925262,-0.025127050736693003
3,0.6300072381492412,-0.606861455732768,9.287561130837371,-0.2522390264591656,1.4966896749281722,1.6035349027147177,2.217234519900881,-0.6109923351344071,0.173176141239753,0.3644093600440084
1,4.256069382693935,0.9298600511420493,-0.4170774598453839,1.2781164795652085,-0.765965994278399,0.9316995004806792,0.419596444671081,0.07346163912388891,-0.21952019590094632,-0.02648465607669607
2,-0.6158343060356909,0.13806734101905538,-0.6667102897047169,-0.5304108816967705,-0.07457446965596722,0.09190853170647022,-0.123445725485997,-0.07227424703354178,0.18979437382139924,0.10675168368205173
2,1.6600172970357125,0.58364909193455,0.23528743025042773,-0.7816238875329062,1.0923764429213816,-1.3211180279678132,0.1252374584576766,-0.8916765181205605,-0.08869821197872649,-0.04408549638310588
1,3.269093424506018,1.2662922370101997,-1.0656884692979998,-0.06699057843764875,1.2410188372148987,0.22343383267068712,0.8715771209663778,-0.05607649836567547,-0.3003176569686161,0.20763895189948098
0,0.5901726644174774,2.214681674567618,0.5097206483113209,-0.3730571764225522,0.2694752560729883,-0.2323176651736985,-1.2186357457596764,1.0097158291376602,0.6095133983535026,-0.25950261244162837
0,-2.558322028718346,-3.144987901322806,-0.41030536750954794,-0.39334977832985407,0.48130708511043524,0.010914926655452467,0.2993291895963131,0.1627505426655579,0.3288255524506539,-0.1653673611803267
2,0.9426929148807928,0.6161099073991013,-0.5043354410560371,-0.7396425106948247,0.8696922045471362,0.22873395981956962,-0.9288801370753829,-0.6928498682462032,0.7276649308179296,0.09077199346940217
0,5.958813862000141,-3.304162234938812,-2.2314495972255353,2.0121505928989603,0.9606820034174504,-0.07824665508553594,0.5084981965796114,0.5274475606368325,0.5916672785868502,-0.049423374191238115
2,3.37957361705614,1.8832941187364383,-0.21477020396218538,1.4296249168666644,-0.7879620580470617,0.5754861165224365,0.7825547260699908,-0.2162707889193247,-0.2808891411540465,-0.2306854886667875
3,-3.828197679968334,-0.9135053907155086,-0.16493848543831816,-1.6028428309389657,0.5103540420809973,-0.3042157683815665,0.024812663895752804,0.3183888635245991,-0.5073708902883485,0.0830906809958401
3,-3.744420715069417,-2.466168642949369,-0.9373068624641477,-0.8934761711685139,1.1904075098052227,-0.3498348174777852,0.9301640931390561,0.5969948050149806,0.2552920652689703,-0.12364073889923194
3,-0.18956410531207102,1.7996654952521545,0.34964408457383506,-1.464355043644283,0.806296569587439,-0.025937052643208586,0.17515582642912894,-0.15277553619947318,-0.587291772195008,-0.25877138489593393
2,4.884136324602986,-0.22609279701122686,0.3985106465931177,0.9832659679762797,-0.38740563405965434,0.902847430648535,-0.36186350413627005,0.25539100047245494,-0.2832470329802582,-0.4834143832988911
3,-3.5524393157460996,2.8986063130136692,-0.2757917989020205,-0.8156699186642175,-0.2491172954632291,0.8728818376259239,-0.283099186273394,0.5602251372443608,0.7964811721769982,-0.04192049094752805
1,2.873663236130081,0.41027052612905,0.398880681329436,0.4091947751403747,-0.6354847508359319,-0.33850089052544896,0.30855182627896355,-0.5231139635331968,-0.7421039608413202,-0.2315382608996753
0,5.526658489765683,-3.0675669292256584,-1.189465243077286,-0.1656275262655136,-0.15743019015359083,-1.3657517003315995,0.5028973018262132,0.7433705788656696,0.47334511180966776,0.030556819861130697
0,-0.4540383504299992,1.3138455165832081,1.0853080872820349,-1.0453828035933834,-0.5610321704598435,-0.7040214000013716,-1.0357568752177826,0.2902275011558415,0.04615315107128267,0.1022999912231738
3,-4.121135138300718,2.795028348728578,-0.34111158033712863,0.06873533443122797,-0.6100464461346747,-0.02627151482148872,0.48155270577221587,0.3246464305332287,0.34095435096627574,-0.4189805952455856
2,-0.7143194232785857,2.5785217703010272,-0.2930794566665,0.7553156380317837,0.11874393628707942,-0.30610186319726784,0.6874360163932605,-0.7101280876518075,0.2297247525560988,-0.2048468440835118
2,-1.2216044249515752,1.2181074525921483,0.6960601895150605,1.1052819366248934,-0.19202146728658984,-0.9634666035439934,0.3390039856432638,-0.012993761730404245,-0.7908921257207774,-0.12673588548626302
0,-1.1488564788584805,-0.7966823725383989,2.991606033016728,0.34390523999335276,-0.4559870881037605,0.4715675698384071,0.3504598085804471,-0.2107051850785362,-0.2081862026540406,0.25102796234800867
3,-1.011738703495733,-1.043409965166433,-0.10357346816529972,-0.2675219940485833,0.37803543874151063,1.4230998420013903,0.551848265660356,-0.472533579023663,0.10197955821702441,-0.40385632749258904
3,-3.142016335573043,-2.3200213710295965,-1.1768665315699933,0.011282103730041983,1.965450679720949,-0.05241697337626233,0.7947742719371005,0.6681789669204784,0.05534564725816931,-0.13320687716650506
0,-1.8889249050705479,1.3780501215226555,0.016438587059733258,-0.9249602731341205,-0.41396461428033116,0.552818117419717,-0.4188069684516163,0.3004333560186353,0.7188074642797169,0.15973489381335734
0,-1.3715651025793842,1.3656426127292565,1.1764714542883252,-0.07992624762395317,-0.8844665977866184,-1.0410864662036596,0.12685932780094145,-0.13058697044565407,-0.5433481011967574,-0.03851506425172733
2,3.8113862124531654,-0.5412473596554525,-0.6484633714012209,-0.11568490123014623,-1.3028757589761526,0.379121019991549,1.2485232985647148,-0.01021506960020984,0.10377967687885946,0.5170070339093071
3,-4.800698988739253,-1.471405412036061,-0.5424107373781891,-1.1213131488133394,0.07785362737255809,-0.5106139343330837,0.06243715263675713,0.2628735253574131,-0.34984989470559447,0.32891130685167996
1,-3.1696507569037426,-1.4211773909876324,-0.3944363407916267,0.9983367835588975,1.1740658789350642,0.5241134011777312,0.015266716094810426,-0.8525693412081451,0.3099874579933992,-0.2037504423033527
2,-0.2393664259036555,0.6004429768062739,-0.12454484371207328,0.2922764583466075,0.8876770626618483,-1.1833290837217136,0.18782099051309709,-1.310516629139016,0.043239421066966606,0.029895119320751302
0,-2.227897861676972,-3.3287947515871608,0.17608851550349935,0.3813261270823204,-0.8218883314799682,0.34858250498514576,-0.0018497223522060085,0.44699454521881105,0.19220023510067766,0.24480363386467252
2,3.3926671041871828,2.1295871878129775,-0.9316304812429014,-0.07534611957067709,2.390306420937946,-0.5547155324300618,0.2834124002692512,0.3705356756471213,-0.7147650325909316,0.2694162618370989
1,1.1263212843563264,0.5266911746276269,0.11961701726848266,-1.289045309777575,-0.11367294585867886,0.13832841049661418,-1.0331936098575347,-0.8225306453724995,0.6569477545031026,0.15240304672717045
0,6.1157365697086705,-1.8549897647784284,0.5755765691995856,0.0429662637901153,0.021966291427922124,-2.2446014263455876,-0.7460974943861439,0.4934506267623261,-0.6008020200693017,-0.2648740670641623
2,-3.218795331317417,-0.5876138508644075,-0.49925356210095506,0.285047836078391,0.16119787850950032,-0.36203629008203114,-0.458856065884888,0.0811367734767022,-0.17833316641710112,0.07320983568058924
0,-2.502914464888249,-3.414360400766175,-0.1605692648883144,0.36933458325870383,-0.9316085943393834,0.2576596201383362,0.2820897290860348,0.3283160834142302,0.30421172317962875,-0.09075630198572421
2,4.653269291013609,-0.44812935806840154,0.9504386674899551,-0.11113577942939735,-1.5100022366949564,-0.04802406743423881,-0.5291788616474815,-0.06175557744947232,-0.542817496006085,-0.2580681416499579
1,4.307926408357537,-1.3116006567577945,-0.9795298673969325,-0.40548684096231996,-1.1157856955796137,0.3819508445509392,0.6969505948228525,0.3457437638023744,0.18796306363471338,-0.3673398321513275
1,-0.5862087489135439,0.06380018498161849,0.949098620127508,1.812099689168735,0.2717793733856117,-0.9939070324108937,-0.44307977269075494,-0.8334590311488347,-0.45348262402579764,0.11208469060280245
2,4.164073234684036,0.16167250759666288,-0.37080704488490346,0.8691249574425927,0.6674903527397527,0.2820373790265442,0.578174854751517,1.0948756650381142,-0.5832713480748725,-0.11474427035661304
1,-1.869153029567007,0.6925469564418453,-1.1252996862659022,-0.1686449245031153,2.175462045414439,0.1950529939975276,-0.605621973965548,0.12304672926990609,0.5130901673158947,0.1434403398604059
0,-1.7202824727207116,3.05756372492359,0.4322005310412351,1.5488820986037029,-0.016834830977145436,-1.706711456714657,0.3470761588172025,0.9186829416263621,0.3070244340733645,-0.24147884572304917
2,1.413061978215155,2.5601361320680622,-0.2090004960979129,0.367475134476108,0.08074509301252618,1.095504048471747,-0.02119311848990532,0.6031867409980736,0.2772435581931148,0.40044143097231694
2,4.431155218824612,-0.3156149892346722,0.14843070589036814,-1.572390976156554,-0.7223417476813235,-0.27996955407568996,0.31794171408451016,-0.038126910051760825,-0.28681547264466545,0.8500282334605126
2,-1.175318219195772,-0.34541224689823574,-0.020853375387370494,0.2475804716739795,-0.38448385109509403,-0.729106344906805,0.555996626752378,-0.8809964428388414,-0.2910508915161152,0.2901276455189772
0,-2.364163534451126,-3.219650341443946,-0.37330144761817574,0.18873131125231213,-0.39564231745691936,-0.08200388255867096,0.15180375977855715,0.29280169425321445,0.3413186026288505,0.06114913734604396
3,-3.5714315521071076,2.0263362138095604,0.34437236476498717,-0.719550818739592,-0.5728180303077279,-0.5889597807837257,1.174160134644745,0.3429686925487212,-0.8047619649428662,-0.09644981810163485
2,4.848360801274167,0.754766448814689,-0.4062603408978271,0.6047353363684006,2.5992433215039523,0.4935604616799172,-0.26829641383668856,0.060924390069306555,-0.08556626426744894,-0.4028436972189077
2,-1.0858230930309425,0.8988013040674374,-0.5886661646850461,-1.1756259238981475,0.5223813862414515,-0.10757040946722685,-0.3505683086706089,0.286796433271422,0.28196910182731394,0.4767670171650594
3,-0.474876393168014,1.2339523276839304,0.515373265947222,-1.1062449085238528,0.011846955206290522,0.4821040452708321,-0.14404083052311492,0.016571601123843923,-0.5323515981248303,0.2589056992239808
3,-0.7912189677280603,-1.7466318096851718,-0.17435491497185782,0.01934764186681858,-0.8461579869377533,1.7056723425967428,0.5352475424032517,0.0324910109418536,0.12448105762068332,-0.4135322797242003
1,4.225366307535786,0.004573394886848379,0.3848689652984741,-0.24206525064466822,0.4576024478239106,0.2893340753305584,-0.5450934204049414,0.1805514663309616,-0.5190315068580693,0.12995543960925854
2,4.679385780001732,0.37993866538355736,0.24018970412689258,1.2659700184810305,-0.3607453302763424,0.5677331038860014,-0.03689538976071163,0.6597758824351344,-0.6545050374771096,0.28500609878319555
2,4.771251562109033,-0.21100658614640339,-0.09349125806656133,-0.7798735403531739,-0.9390137984459516,0.05359413391904686,0.8031990411499379,0.05103036415688029,-0.4616994488517674,-0.1589669658869281
1,3.598376425365568,-0.4082142634746535,-0.16143618114813804,-0.2920056504249347,-1.4424749952067248,0.6440842899767015,-0.4827519931577249,0.017035254750779216,0.2244755474586758,0.7133167942517666
1,-0.10374732968647607,2.6201528655476394,-0.6809475294648313,-0.6984558919607201,-0.3456862445592011,0.6200730125130819,-0.08958549410515203,-0.11373584318851468,0.7709087288416465,-0.2336811215042402
1,-4.050719091004519,-0.34128172696370424,0.0702875827556062,-0.0462613842001137,-0.4940099454561154,-0.003337538468456904,-0.20148504255182492,-0.32529376766844875,-0.7719596012923916,0.040768826742083604
0,-2.590032578105132,-3.0645568255200994,-0.41274496495233653,-0.20346605757273273,-0.27522576092918033,-0.10106310183381782,0.47758403084034573,-0.03911769586530197,0.34107851727535177,-0.32013723706528896
3,-3.26094068306243,0.32088331008691623,0.10001889836564408,-0.5957247437000898,-0.3640609143644365,-0.6384756717770388,1.0172268818517105,-0.45523565768169993,0.0014018897881335497,-0.20662079043116852
2,4.496576816621422,-0.12908893294900198,-1.1885277512702725,-0.7399331335118419,1.5065235464391782,0.25566210894370334,0.6622450380713297,0.08425496040696058,0.2024434561173321,-0.056595315421858826
2,4.239888037865321,-0.7745952544262739,-0.08362616360616429,-1.8318058295908268,0.3498395315788679,-0.030351273164846437,0.15402484223715537,-0.18034662884349673,-0.17319403353234042,-0.2409789594709374
0,2.8576333344098663,-0.26994105823224135,-0.21258141955839382,-0.4254620043144471,-0.8791908847995713,-0.9343458062088085,-0.3188813319303861,0.3819650781564306,0.27531672151442466,-0.17172059986988308
3,-4.773051737175893,2.237185688356846,-0.44497199673649057,1.33956759748109,-0.007345115335451995,0.7171795995090184,-0.09012753294659713,0.5046781046355736,0.21328596806344785,0.27826361906265934
1,4.608047773069477,-0.78075154624953,-1.3666264457818034,1.0126674514322072,1.2164872031054146,1.5315053306970277,-0.11373333597182761,-0.06345717443129066,0.812416807923775,-0.47697632489179315
1,-3.410238099635552,-0.3185418549666,-0.3129198551130899,0.7067333210630243,1.3138825794756184,-0.03267028702577975,0.11618776061906705,-0.8741946445098445,-0.41358690557098526,-0.0452013777214482
1,-2.5663177586241597,0.2895072299556739,0.024905139670623144,0.9010966722139069,-0.9988807818297082,-0.27626279723026603,0.3988400851979519,-0.6064201701639983,-0.5352043860635087,0.39449586122517694
1,5.289461552063004,-0.5225628443298078,0.3654277642271422,-1.1759333322245034,0.671036884776589,-0.4939222937252549,-0.43918573788040105,-0.04924378973563644,-0.3084179386532753,-0.6446177166668684
0,-2.3196260556345285,-2.923405003993273,-0.14084045599430337,0.59668029117765,-0.47653232145069413,0.6231826724287673,-0.10287580992749713,0.18030194217287343,0.14201859724621085,-0.05616175976482669
1,-4.379376748489897,-0.3406982877338334,-0.3879250529600634,1.5598116467359067,0.3156189213124961,0.47144410165537143,-0.1472748699156046,-0.7075968706486055,-0.3431001106569105,0.28387686090804626
0,-2.0691123119418857,-1.9050217418056885,0.5002113647551856,0.5961507249510164,-1.0426657107351187,0.3600011574989129,-0.5750411958181946,-0.5645131785777311,0.3161573431310636,-0.11608928148041822
2,-1.6661802869635034,1.2321290603122128,-0.9511218312617635,-1.8094131092855217,0.3041620881837839,0.6617138678047093,0.008787181204129841,-0.42266695753171807,0.48580207585423396,0.1972452667983555
3,-4.0289113541290815,-2.9122015118444584,-0.44749376684358805,-1.0056521657905682,1.0466752880886112,-0.09710977353506865,0.1692784434990272,-0.20226894109484236,-0.15390128226483868,-0.18026216358496713
1,1.1966348492337502,-0.4974649450477225,0.2008462161385331,-0.04622248703047448,-1.685707825593989,-0.027216231445273523,-1.1258940189911135,-0.13695485402698457,0.2661561581311835,0.20181050064296271
1,-0.3559629935369881,-0.020146415771750588,0.023272276468726108,1.459821517009183,-0.6343226732401225,-0.7987361969534285,0.34843544541506477,-0.9173354900443058,0.0007092458035018096,0.1629337879873615
3,-3.3940476677101072,0.8725968497038189,-0.5974034799298154,-1.445176213368244,-0.4175901830961855,0.771003460515927,-0.23806781914587316,0.39178975734629123,0.016807385151786362,0.19847590475844915
0,0.5073562728151246,0.1769834009149321,-0.9311990801308891,0.7800593308352176,-1.5541943910536697,-1.0552582592628859,1.0039528383141372,0.12421509722443957,1.0510717950198707,-0.21659868263021176
2,-3.0824404401457968,2.265259026200188,-0.5150838953147961,-1.2308501115164445,-0.11804595107381137,0.22799416669891662,0.1733053261979995,0.5573202657375599,0.23050447339520344,0.5015516149500767
0,0.556983306733138,2.0779368298732073,0.5671568048967917,-1.5358445494194128,0.26080469130251077,-0.8760932172231728,-0.7311405054638959,0.68583182547427,0.21104964470833196,-0.20395425898379574
3,-2.2651116032317664,3.1094943550000322,0.4937110727046693,-0.3876483147490251,-0.9011639381808859,0.15897227810304615,0.3537799741119754,0.312638811329474,-0.020149446217594864,-0.3307068297762024
1,4.764930023137676,0.19781272105484507,0.6115365723025747,0.16210703086306807,0.8538627265986625,-0.6350949839291468,-0.4142696256331739,-0.6342107926094075,-0.12491030250260925,-0.2732706169185972
2,-1.1570388353891046,2.5043611708025284,-0.200338789792124,1.6099048615915925,1.4867784283030172,-0.9728209573202307,-0.4741809692108429,-0.5981234710876445,0.13911923863228204,0.1524418686454689
1,-0.3083370551137646,1.1104539558612776,-0.17562101797983892,2.5436379421597577,-0.005775158902229844,-0.1299938462897193,-0.47074050987927646,-0.5200872475386915,0.06351748114509455,-0.18950402548684034
2,4.538864898040652,0.08768712574629017,0.8715620150780466,1.0968230299198902,-0.295046791978104,0.38169310487241165,-0.5997031523276549,-0.6049889947595917,-0.4004109426554368,-0.49695005823899635
3,-3.1163196477982353,2.3801622081367517,-0.029700048975536457,1.5282635582698763,-0.35942362044173864,0.8455424743480795,-0.3245221761306651,0.14646853273298127,0.2661425081410585,-0.5515292551671297
3,-4.205039375443142,2.244304051407216,-0.39830981188099185,-0.9245767128675412,-0.2823911079806295,0.6786064962158621,-0.2885954352878359,0.6047086429299919,0.4522166255843842,0.1493057304995705
1,-3.677972100767071,0.9723505867495938,-0.6377789821975987,1.6453758478888316,0.25303017415644175,1.291724550982191,0.3367430363667706,-0.3220249812783248,-0.2213569015135551,0.020320300543143367
0,-2.7657873851670915,-3.1976566713819823,-0.7665431066492346,0.8922655166796061,-0.0284335961850994,0.13588180821567386,0.22101373947789682,0.5170251495296044,0.21474795522183412,0.06077114544370046
1,4.183316986542812,-0.4793843972825415,-0.9161847181825478,-0.4438254118319862,1.3582785986772923,0.7853021541368105,-0.32310148437228575,0.18473285694575495,0.009477537759101737,-0.17032775438938996
3,-0.2915515994403735,-1.6351798662207453,-0.018917478894308115,0.12172787389504454,-0.6827466286948354,1.9609960102212591,-0.013582900504454376,0.14298086674104463,-0.22691106724830262,-0.19104446090550659
1,-6.364362206586546,-2.5190332295983997,-0.04415325498573357,0.39155142913180957,-0.012018380778661256,-1.0570319768566976,0.14402629322083033,0.46838871887347827,-0.2550038668155377,-0.34552473744050516
0,-1.2838538936381918,2.028703194382225,0.8400058727757652,1.2278115439821284,-0.8710800860519914,-1.337729230956384,-0.11325919502453659,-0.11063291846456266,-0.18289467731932374,-0.20963575050915143
2,-5.911426832915475,-1.8284610674052575,-0.6488074382985896,2.451128153268831,1.1596029595720532,-0.12613470418813108,0.03577667873877122,0.9651699074197004,-0.4382955425163429,0.3728920211183675
1,-3.2831639380720525,3.98300465165891,-0.9223925945009572,1.019123880941579,1.241081046424579,-0.3022609209532026,-0.1592619361485628,0.2190081988623341,0.9855349469442517,-0.031877743423041824
1,-2.1282487865260697,2.5851913643804556,-0.49949763506387995,-0.23257793690097264,0.9225929709349464,0.5456063078481913,-0.19659831086401733,0.603709042447116,0.5957871385396,0.1494912881857905
3,-5.036470954956382,-2.3341011100986613,-0.3349680205583534,0.2982368849249809,1.1053336761704362,-0.4240683223958196,-0.14642580746003328,0.5994168692183616,0.025774439478603008,-0.004625978573218333
3,-3.0417156572766504,-0.5648067811974234,-0.3791055215861745,0.03591144645296589,-0.08668327280245376,0.2773413070324988,1.0480111858862082,0.772792853408881,-1.1051228234321144,0.09843673130346041
1,3.50567676802478,-1.931274076222275,-0.8043501937809214,0.04277136467925999,-1.672491062002634,1.0354569865712693,0.49196919972566283,-0.1699454819100545,0.44528232865655837,-0.3047757769422665
2,5.265341811959356,-0.3802987298750132,0.7958630870886546,-1.083496546113989,-0.7785798591476327,-0.5416791967217606,-0.11479171662154851,0.12861973794596035,-0.9490016622518538,-0.44659059982924487
3,-0.8239221982898752,-1.1850259071382159,0.19546383826870878,-0.9098871714483466,-1.4168578646525327,1.1566923524341386,-0.15847833800198663,0.1359762986007212,0.04685055796900422,0.4025982126591237
2,0.6028924380787688,1.6664115699560273,-0.6978030247540202,2.314586764077983,1.225552990487496,-0.15334835569607314,0.1623309531246751,-0.4860422681432125,0.18019799505792036,0.5560129252698736
2,4.95602608338266,1.0393399231547378,-0.4156003983287038,-0.019959615232364003,3.866669056087497,0.11092561417079913,-0.3706001611241874,0.10003074932787852,0.08157709425075231,-0.5596601320680159
2,-3.257367354142444,0.6714671206612695,-0.7795616659839729,2.465297532013593,1.448910158822987,0.22328836325209422,-0.4214329760811934,-0.1451478548886318,0.3193052784592317,0.37723037733315773
2,3.8975695132559856,-0.1712404040413706,-0.4154492190788973,-0.2519561783217938,1.3795560123556052,0.08087487831153102,-0.06805245282049613,0.17745936924261804,-0.11748342255088016,-0.3836596168852961
0,-2.0741542551081653,0.00847769520123922,0.4782055832492002,-0.7890052189458224,-0.5974381075706217,-0.24964219926945563,-1.4005512051010574,-0.3497392534728699,-0.3380620940452705,-0.1185168757403096
0,-1.7584908541574071,-0.12258123672488837,0.8499780400005438,-0.5518200604509016,-1.0022974313013837,-0.23915575750634485,-0.7654144622279497,-0.012871330508289956,-0.48474970142576473,0.13250563829966314
0,2.058063865059096,0.9079866024863137,0.6423527808611011,-0.8990615518936479,-0.2553811430260939,-0.5377626999197495,-1.0927461528608378,0.728956472602421,0.10399096411699288,-0.3496243399169925
3,-2.6596911534564818,1.8499086202703372,-0.4896976288233357,-2.3778777563720364,0.4245154656749569,0.20286341757140894,-0.1708158292986237,0.2834411284739771,0.49050285241213704,-0.04374713203303014
2,-3.3793704127409883,-0.46208708047242847,-0.7509557945851392,-1.23550430903901,-0.2661568241344559,-0.15833958854979108,-0.168905781640967,-0.241810542311983,-0.07901097598313753,0.31282841403426453
1,3.12973333062739,0.5883627824297624,-0.8557705195744542,0.76280975356293,-0.9251278352037596,0.8654200395509686,1.3698503677501734,-0.49920016129405914,0.06406830189160241,0.06359694173678027
0,-1.946666427295938,-2.5492507021121567,0.26009493496249103,-1.3148194072410606,-0.0011761636302344983,-0.6340552185363356,-0.5765678054228571,-0.15508520159615868,-0.19767747758650986,-0.028870539571904025
1,3.2622654023085844,1.4090110669460356,0.029485642419008626,1.1836748866388391,-0.9068694048022541,0.5069157742008576,-0.00393514150710992,0.06479347499067423,-0.273722440534912,0.06998312733912045
1,-4.380726182970449,-2.5745898851895648,-0.03222844355073135,-0.5297154516788039,0.67829820680039,-0.735297427930641,-0.06728010791950756,-0.3745254713794599,-0.22742471839292125,-0.2519234118337958
3,-3.0413459168679795,-1.4713978338425238,-0.3028698823064267,-0.4290726597019194,-0.11972956306121715,0.060803845204767164,0.6957006526597022,1.1067111652671877,-0.7582174507102265,0.3261865262534548
2,-1.8656650420209577,3.01212085427498,-0.893871763055975,-1.5560363101585195,0.025517751551443514,0.3894067045101742,0.18157720921135825,0.6460408407155719,0.7015249510410868,0.46777477027206904
0,-2.138565027737458,-2.9806717382377848,-0.40983509254128064,0.3761455331028295,0.03159647579683999,0.3119880259176844,-0.3809075044070844,0.35029329322329383,-0.09270276468185255,-0.212785264638823
0,1.2816980893689551,1.025478590839054,1.04694522177546,-0.02144442482914794,-1.8238921613783197,-0.4428663234285482,-0.7378705877601116,1.034956777009061,0.15404148910451732,-0.3887888679437747
1,4.979733564664327,0.24389065114413158,0.24148667803158205,-1.7892611304627375,0.16935080013533538,-0.5005830681181611,0.14186796285506292,-0.24711146226107455,-0.6983670360678089,-0.27055229909715606
1,2.7328951839271087,-0.28834141697679466,0.026938447427565793,-0.8368897878475404,-1.7464631352696984,0.5753684544396374,-0.7685816818461588,-0.6741997233717297,0.727257776366025,0.79064213168644
0,-1.1884372837560078,-0.8007716819059166,1.4817161062405846,0.23389010852608025,-0.24101690959300556,-0.7097069748261097,-1.3799947615706003,-0.3000028272255061,-0.42070824024201187,-0.16548361457250377
2,1.9617785179133305,1.1413178738942233,0.3175462227706213,2.2752878734218673,-0.09724714708615788,0.1577903258382679,-0.41834972771747053,-0.48977734946841595,-0.3742869875329598,0.0910810179215128
0,0.372550134618872,1.4261009462058443,0.3439678411201068,-0.39819175153066616,-1.0141827807397021,-1.410029969556133,-0.12909337731927398,-0.329604051514674,-0.08011839913732273,-0.18795576656610857
3,-0.43298877850388284,0.8454878920076405,0.017452520218734755,-1.6313155042779148,1.1304270392401488,0.22253182947451605,-0.30330364576198093,0.07074001152751136,-0.18907020643957784,0.36755491577545585
1,-1.700164965699057,-0.5194777148501711,-0.12723089710682622,-1.2048773430987678,-0.4324216401654633,-0.2847202241580624,-0.05457755889176196,-0.7860854119284545,-0.01042753949994636,-0.15356030606904608
0,-1.2402145393988264,2.6221705264159576,0.5194404323311327,0.9915620364749267,-0.8453910013000312,-0.9637580466387317,-0.17283178339020333,-0.306027852364138,0.14733577413352877,-0.3276705593413865
2,-2.761340777348057,-0.9512910501158997,-0.7619565013516693,1.3694314305410349,1.3288698380070783,-0.035107600656808,0.028995145282049235,-0.5371818530766308,0.0008488994431213266,0.123441940559595
2,4.007626558910813,-0.6743142956411744,-0.6282524310458323,0.8470443174181946,-0.9050243484931279,1.05122011628671,0.5780164473053042,0.1520441985715029,-0.1368145095648793,0.3922381376439069
2,-2.0922782667805535,0.35737284292304455,-0.015297097291290801,1.0244151225044378,0.6642965106602392,-0.5095546019739527,-0.2385180927225704,-0.3463407032929509,-0.2514277090821549,0.42564713935426074
2,3.924055387714374,-0.4102600551193938,0.22761818506913006,0.45034863004422165,-0.14822093196147082,0.3801254208003395,-1.0175992652409498,-0.06857581987477801,-0.24759529180545997,0.10622196447814818
2,-2.8419104310025443,-1.558643463847513,-0.2990593075219679,1.4398670219870306,0.2918736255404947,0.17077052445288315,-0.5349601964303988,0.21202705754970505,-0.17872451234446532,0.2289349569581833
1,-1.062921039372386,4.028444633488063,-0.12020630733965906,1.9408050094150933,0.15719847675005194,-0.26095401226740045,0.5421143919545033,0.44367709767639013,0.39376693529912676,-0.24834662542983763
1,0.4333892694549565,2.3939116886417544,0.2525201301536429,-0.06935219021481397,-1.170988005582521,-0.6056614181938648,1.160286962263628,-0.8777094984016736,-0.09801324775137567,-0.28166929547387615
2,1.206190858670819,3.3050575342005484,-0.6198472467512407,-1.1635336807687353,1.160312090394994,0.5616335967318343,-0.024232653582385785,0.11056800687145692,0.30191166386029344,-0.2100615129034047
3,-5.744979139604214,-2.7929907208845357,-0.4403427861473983,-0.3995615434078365,-0.13307356987193672,-1.414393857499632,0.549463271832448,0.8442739889245087,-0.09343498546751876,-0.029758101168890466
0,-1.7442545826021392,-0.39072493546641934,0.43072625923553615,1.4893429956036877,-0.3705105800863621,0.24774198484256285,-0.7121555210005276,-0.013756290372982309,0.10879751280557451,-0.18516716538770212
3,-0.5510092044750907,-0.9849265846485833,-0.013283188660941369,-0.5553594519887178,1.3421776217386159,0.9438298459893903,-0.1295279589669363,-0.42472179103849445,-0.15202474828228923,-0.3479946416279736
3,-2.423435467747236,3.3167943391148644,-0.37473990685640807,-0.09138566818123049,0.36871197563489594,0.5507826898400678,0.2786862587083264,0.15745605806868676,0.3940569673639382,-0.36088809228455765
2,2.552363193028584,0.9000195691635957,0.39910507722131816,-0.9993353494323647,-0.6811930170471174,-0.12728134035829647,-0.678884121102011,-0.3590755007226744,0.14723322200672095,0.3472441369058734
3,-4.041996797156491,3.287509188382503,-0.11466967832144706,0.07683655012294044,-1.3594613749239508,0.16775421827687878,0.766525242692105,0.33296442693044476,0.5621826348803244,-0.4107978349908093
2,2.286856533232987,1.8593090023334873,-0.577014722662358,-0.8496231519096255,0.12284619707282154,-0.703405307839443,1.2996885153018218,-0.17527015625477357,-0.6895346193377475,-0.0015429997079283375
2,-2.4245364730244354,-1.9952638379604761,-0.5213084015972235,-2.1808424462181226,1.4591033143886443,-1.086891945881259,-0.19956729230738132,-0.6445812035229953,-0.12433747782352844,0.08288229047624103
2,-0.0765947861629403,-0.5634736551877314,-0.06454578805065612,-0.39705173601297,-0.17435069908375933,0.22291263322481916,-0.5592766240852225,-0.3790860081048616,0.11601093132166726,0.18622866642873226
3,-2.0013678354573416,2.6395156539489912,0.31019372719374,-0.9228063013142924,-1.1268023632820903,0.8254626385825857,-0.36301369113613174,0.6392988712828245,0.6182665948232802,0.18690483546425096
3,-0.1143990784008561,-0.7773556466726248,0.429206770803939,-1.5710093618308885,-0.41781269820383804,0.6243054758408645,-0.16858082160991228,-0.4854508156269353,-0.28192930865625176,-0.2957985342173543
1,1.2390189843680384,2.229363044707319,-0.02187928403211244,0.12438950114119111,0.09382311593115854,-0.6311701204721563,1.088338800874621,-0.5498443761825341,-0.3799179775934131,-0.3113501279043349
2,4.478586749116044,0.9619962310534939,0.008797835980653817,0.21109529280045394,-0.34037581209938367,0.18530304386939614,0.07938106222075376,0.37584105795469575,-0.771775521038446,0.32534225794021904
3,0.33281525911619725,0.9464595798683797,0.8175180127137086,-0.9446271241024666,1.8340633325767783,0.7556736472644975,-0.9260653009594816,-0.06296123568566996,-0.4308004670169005,0.24832358422652473
0,-2.2642636486942442,-3.002166076907051,-0.2031345872059319,-1.0325994504225209,-0.20586160119599678,-0.30412781501460423,-0.21830948366471692,-0.026842957841586447,0.21644614506363496,-0.04450133669730256
1,2.609501205005856,0.06326969501862315,-0.18390124551322165,-2.1929775828831026,-0.3046538630605636,0.011574156421503015,-0.6289167069913711,-0.6741056194914146,0.36572137827074697,0.5389152694057651
1,0.5795212409596306,2.833960075521117,-0.1304454262353089,1.4192392045216837,1.1127678743090301,-0.3378225680215583,0.4400246310011422,0.5507908317588044,-0.19220427599893458,-0.21635027196661916
0,1.9143955022902415,-0.5791531461825511,-0.5148159266646198,-0.916012899434061,-0.8432909328689127,-1.2441242123668794,0.3915459097729585,-0.3823604380925261,0.5889405694197224,0.1290034676454448
1,-2.727186947405128,2.1688461030213197,-0.14039418279254806,0.03835925061467721,-1.6557219711493418,-0.5236461447746432,1.05841361777919,-0.2215172650427835,0.24657181668515957,-0.2544562256769113
2,-1.6420328051752333,0.9391118062722233,0.6408644550668932,0.2018967431521081,-0.1980823888859886,-1.0976230292647469,0.2563589032430032,-0.6790300374432894,-0.5653851436258723,0.2704775488833971
1,5.4026892919814795,-0.4427702490794222,0.7691686167032917,0.6596767662246819,-1.3373058355834704,0.7208789900721951,-0.5138574038732331,-0.056420177798062764,-0.4843698263554296,-0.8291568660116803
0,-1.6604200882381848,-1.566362586151511,0.9301508600531704,1.0047125224411253,-0.194815285316189,-0.09425424826112516,-1.1542665128620775,-0.04282582520164452,-0.0028217523358740663,-0.1557070394866172
0,2.5854643419561496,0.33925833879407863,0.33897452538557865,0.4261207286412858,0.01867300623927664,-1.0334732117865226,-0.6967161179252693,1.442318087889577,-0.23767750021803397,-0.4056188500395454
0,-2.104242889404301,-2.9699280456300614,-0.35272364318892957,-0.8740320478967896,0.2818392850219617,-0.05265880098877174,-0.11001882468971733,-0.036828745570822254,0.2563809983863083,0.12584775838043946
0,-1.2111247825218006,0.6021267066025351,1.1403177976839773,-0.0320777237377682,0.14994334319511515,-1.208551572846969,-0.6941136158385414,-0.18902311509863795,-0.2258638490726927,-0.24658449008227296
3,-0.37898858791959783,-0.8110489722311948,0.73207880089782,-1.0520979476763808,-0.1428638521734214,0.3027089084012963,0.19819408477504474,0.048238749144110395,-0.6916499586265411,-0.3088303617673754
0,0.21855888999209364,2.104782770879479,0.27040158970793376,-1.8815288797133274,0.8735976967443448,-1.181011877439951,-0.8715074141717352,0.6082942441712871,0.4007123893876697,-0.5897841140354374
3,-0.8743128926402979,-1.5964463304031862,0.16485559091831303,0.23965886692911315,-0.9088509146098832,1.4440896277601767,0.19305290452826765,0.2840693655684786,-0.008844315935095147,-0.07429834113876492
0,6.557854796229224,-3.103947469462242,-1.6539806297742334,-0.44615927066775546,0.2208561207090356,-1.5118650043773825,0.11015386210238642,0.20840474689719354,0.27011730300044473,0.609502352366421
0,-0.7411265934815497,2.3557295375850287,0.2546696508382333,1.575825358234996,-0.17877716340290803,-1.3170198792940813,0.31756996736194704,0.8813896293374325,0.3268358633784134,-0.057978758640660016
0,-2.679024865295287,-2.922848944956975,-0.5472541307156792,-0.5823767626647043,0.6897708337561055,-0.2800087966112702,0.3435311440662676,-0.13405632167502343,0.29278944074359925,-0.39737412828311075
1,-3.3148806825193526,1.3314812411346593,-0.14730242941641442,-0.43273476224053525,-1.6158926341842637,0.4865233815812333,0.2971489485100641,-0.10310007015665122,-0.1923924760681013,0.2367991154657419
0,7.419428819483597,-3.0695640653808103,-0.41685603656899667,1.6194208995391137,1.3426673536629898,-1.6416678491104775,-1.1092928019007355,0.4442709757458362,0.0418989777549714,0.05169090393121642
2,-5.090301637935718,-1.7441290824585958,-0.31998336766487345,0.5596810085846584,0.44153215148144204,-0.8071752917840683,0.34738938629018734,0.734868174930317,-0.7438796245778478,0.007169566140607406
2,2.9892310488410927,1.7926590444949078,-0.5637545733212928,-2.4919270575681796,0.7992036298771785,0.1707040135963819,0.5589717541879338,-0.4369453550557091,-0.02937489036803821,0.06726375995901714
2,-0.42848190541884407,3.2519235047948114,0.07982235559468474,0.41366871636855457,-1.1876239552819903,-0.04945403798555206,0.7313792324914473,-0.4587746464696968,0.3126476092649159,-0.32653939080577477
0,-1.3424097200170564,-0.4147881934300307,0.567882146700333,-1.0929989096613517,0.03317983058694094,-0.3530532213853993,-1.4875359505985644,-0.15008035044870005,-0.364078610873906,0.12693129744700987
2,3.379848935456356,1.6426264558411277,-0.27986578307104887,-0.13956780117907056,-0.04408999639593737,0.3253599651346279,0.22518059239973537,0.405310613601443,-0.31879886048112255,0.4193673888305679
3,-0.9199819837341445,-1.6266584756335138,-0.12364754356201735,0.8537721388380344,-0.3681876410773818,1.678059532857681,0.32063231742948756,0.4110878988018431,0.027598648651358512,-0.3866915608668548
2,0.9663028582588361,2.1804633054491873,0.03164845882588312,-0.029815891892144702,-0.47282060600182807,-0.33419165585074206,0.8771269689137414,-0.5177814805109282,-0.1592824404488751,-0.004692996313304961
3,-2.910223930417172,-2.0096044237305515,-0.7410761608732401,0.4076736729191133,1.0556368817362214,0.3124633529524126,0.28289098265338364,0.8017875283709263,-0.2683360673034979,0.23128290738105733
2,-2.1518126608587296,-0.0433406905129028,0.03290230318838919,0.35055714666962307,-1.336754816172858,-0.5678011555834972,0.9839525620535844,-1.0862404534612153,-0.3415076760977084,0.2139350549161948
0,-1.7052926477330326,2.0133129907110363,0.9949520549512614,0.5012013876805839,-1.6616727049545035,-1.389209228507877,0.3717864914293827,0.057194992611198175,0.11674716460552834,-0.345948278467395
0,-2.200097888856069,-1.078056068351866,0.4795296529109652,-0.09706906122754828,-1.2516199972464197,-0.12433200421154082,-0.28648218288750915,-0.5853074915551073,-0.20538266829277538,-0.27818135496349655
1,0.15237224211553882,-0.7722212946311466,-0.41073708296385775,-1.4618744002652848,0.16603302552224386,-0.4045653279841478,-0.29554521491775443,-0.35989263025282464,0.1331833047806379,0.4938913707202865
1,4.03988849825252,0.031145248851636383,-0.7965416989747623,0.3210667476676286,1.3139191232547591,0.3216930067329396,0.45170783429155226,0.201132601284628,-0.0825199515425001,-0.4117083899162962
2,3.610651509368441,0.1226199454468707,-0.23175114626130433,0.33973269894949437,0.06073301379626371,-0.2391254043121124,0.4661982699328075,0.20373607741038877,-0.232546477743615,0.8081116921583246
1,0.8235017704178181,0.9921392285593662,-0.5964604777111906,-2.394453267467704,0.07615959333142029,-0.21974087963851924,0.015029179405948154,-0.23518547957395625,0.5402521913122825,0.14274969443064361
3,-1.6075434857819624,3.3442139712078354,-0.10495557389599569,-2.0726320096451527,1.17948677515808,0.32870240351467506,-0.4989673866330996,0.40006634259012064,0.4930836472839884,-0.06906116602733081
1,3.3833264302960053,-1.1806549417394883,-0.7743399690940898,-0.3761500477076017,-1.346014182343293,0.5318352879145092,0.7405036340593791,-0.5058709167538189,0.3234105358531342,0.0920171050129528
2,4.6334469735476,-0.14741536215090206,-0.3276818378698049,-1.3591592961387118,1.611094770530266,-0.035293098770126666,0.07142116220008779,0.3676640019415912,-0.41015435826170604,-0.027697521022366303
3,0.4626636020339111,-0.5760298707301829,11.93473147916196,-0.19657220314065724,1.7223677804523996,1.7211896016652426,2.3290942540327317,-0.5102723014404992,1.6594101801898966,0.6131357051479567
3,-4.283730444357961,2.4680725691782137,-0.5297002276248743,0.17857613972735928,0.2738642963556881,0.23236598814419843,0.3604884630141133,0.8572185222586632,-0.13606403911958656,-0.14819629094394887
3,-0.32990334672062477,-1.5038858953436687,-0.4350828082525392,-1.2412146261730101,0.39400390266321905,1.0700995183239814,0.25077355503825005,0.13065883151466312,-0.16773656394981193,-0.09852033889841823
1,0.689425843257966,1.7280824696572452,0.27222524684583366,2.282224207557022,0.20046521576630502,-0.0933370692276823,-0.0833202251551408,-0.3043426782265909,-0.27114585307471134,0.03659214621739092
0,4.638646726345234,-1.7629803449109076,-0.8231189812649918,-0.04429189442998544,0.13000010374240367,-1.0985186462813463,-0.37108242757484056,0.24586066464372272,0.45107868842875254,-0.017836049126039887
2,3.7161822757232814,-0.6477527608500634,0.2508754680529466,-0.16218706337093325,-0.751280240311165,0.44000040489051145,-0.6036313105236957,-0.01284747937569799,-0.08178910917898165,0.8050601680628121
2,2.5139963568558072,0.9904419386280574,-0.3389619159133675,-0.5567271507099067,-0.4113686947842477,-0.6054690176122253,1.0759520073212219,-0.5425148801643495,-0.23717855395953033,0.35677721118969946
2,4.763588069490915,0.804102732270597,-0.34341768573667575,0.1528505645744494,0.8288920426207215,0.29473523769015525,0.24165137227494837,0.0045089495156453675,-0.3159269111905132,-0.31495380893153485
0,-0.6815649937071669,2.1987023429408916,1.0249889141923825,-1.3927310851325836,-1.0264105619629718,-0.4110648914418642,-0.5721436710083976,0.5331603040207774,0.2530052703786476,0.05779856883270535
1,4.864597689635988,0.1455883519693371,0.2789831748885714,1.307096125379713,0.8318902164529629,-0.13925971551547514,-0.672129955567843,-0.25545625852153736,-0.08055798890574796,-0.23889236456991944
2,0.10795333754756754,2.1706852560745413,-0.22511869388267733,0.33295692067198646,-1.4888812687583393,-0.15280691879955582,1.1109066571715556,-0.5418128058301463,0.07244662624624486,0.003634311249212231
0,0.36489176451252775,1.3272066399478804,0.7929278007766511,-0.8293094467946961,-0.7470469086766414,-0.9447529762513974,-1.2424832369030403,0.7585824845917633,-0.13490815307315163,0.03485971282268292
1,4.440655596985547,-0.4762634950586373,-1.4811486927245783,0.7970742728784898,1.4705519018333766,0.6363203207181621,0.3616331759217497,0.03005519382867925,0.6040045072101932,0.16760774014688828
2,4.168930043052523,-0.3194242935283935,-0.06235039068084484,-0.9413557754192584,0.5718376118916968,0.13374682623495562,-0.08794844473466595,-0.1036279815531155,-0.2687270846865666,-0.04645945871647403
1,-0.9996088270193636,0.8096247789967947,0.06522922520733074,2.481776852061413,0.19147353280669588,-0.2740927065664116,0.0886453547111573,-0.06408476542668964,0.1241521822500245,0.04240325166460058
2,4.996591081816765,0.6096193676928997,0.6827211664910211,0.723828684266947,-0.08852322576381771,0.5376865600938906,-0.6477391044449297,0.12620912918248334,-0.5880505945680204,0.4652628034038794
3,-0.28795804732594854,-0.06196117233738353,0.49983475290783425,-1.7425723457561508,1.5664789285433869,0.12412741531317342,-0.4487092329911448,-0.13379882855204756,-0.6333473341946149,-0.3091568591910343
1,2.057003171734018,1.647793562244745,-0.4058408392649706,0.06400431973426494,-0.6662233331152956,-0.2903863328405181,1.0217642697430003,-0.25969007648635006,-0.4518896297832108,-0.03827903304742496
3,-0.45830631089123713,0.45535374225594655,0.3221016011092347,-0.11316645505378542,-1.2377943061399295,1.0441126194234962,0.3186385080120698,0.025114261775119075,-0.5037443928950098,-0.24238580127310747
3,-3.3701447644844227,0.521713981429155,-0.35992363202449645,0.8889513415089852,-0.6648075472172115,0.39270760603003085,0.9615664501259786,0.07623476002028916,-0.4022646673384487,0.16448617612379168
2,2.991082682022026,1.7507267374846174,-0.01142435452800986,1.8702524189831509,-0.408209333294813,0.38672175436028466,0.077100047215377,-0.21540917025057918,-0.4686671798196645,0.23282359748895404
0,-0.5564599982120045,2.57363434484194,0.7589862443475949,-0.717116089417428,-1.0583834776050418,-0.5258951743614381,-0.44168075832724873,0.9774128059640778,0.4333708467324758,-0.14118353007261053
1,-4.209318181106629,0.2576371857173031,-0.5338766934172126,2.0580498088385712,1.1165791968394065,0.6658343673967491,-0.0578601588658619,-0.18366776076429128,-0.6305202850966198,0.23613582282413426
1,3.3344250780212557,0.25879012635538107,0.941113694069182,0.9548212724578725,-0.6909841194899137,-0.775152814170311,-0.11927839927837489,-0.07837004451324055,-0.7232198895246622,0.30385199663705026
1,4.944822632446258,-0.12404793058340344,-0.46958126047062726,1.4152183366466056,1.5175327758218977,1.115375586280925,-0.50948738523631,0.2873181953780018,0.14596611503885004,-0.7742221328606343
0,4.79482083669048,-2.9415617805277168,-1.6590214564085652,1.6480066182980544,0.1571787442338085,-0.4628660978947662,0.2527703304486059,0.23511919399020137,0.8285039663413479,0.7623112091282874
3,-1.6301012127744585,0.27778547157407374,1.1075673319845531,-0.8006064985016131,-1.6415547297190785,0.37865551983283013,-0.7778349492802737,-0.05388887495072526,0.05679932769037807,0.014766898485848005
0,6.800627043567738,-3.4642928136847146,-1.9388946459061163,1.6029088829317621,-0.19932913790791612,-0.8895339254140758,0.7473409398235052,1.1680368320566696,0.6413800821409649,0.6135483062015343
3,-4.087863184685691,-3.2904122425382116,-0.13723543011508157,0.4772690027862949,-0.551554296327072,0.37127347725716,0.5946092364672662,0.8165383036966694,-0.4338792067096488,0.07395341875576593
1,-2.3552262866047577,-0.18081725368029622,-0.9191741419494568,-0.3020006357108849,1.401098504015614,-0.8481887037496096,0.3943723267122243,-1.3059009037838072,0.18787143398697986,0.1022822736859934
2,3.559182719343151,0.36633389810276723,0.28814325634296956,0.916052137615065,-0.3474451563684845,0.19105168994840246,-0.2612979047530604,-0.17978775885656914,-0.7400044822663864,0.06230769215537073
0,3.5634888077990903,-1.7581963484975482,-1.7457450490228834,0.8296175482160573,1.1819902383690286,-0.33468373166708415,0.5479046967385663,0.8620733636287627,0.8291584651721224,-0.16712906952019474
0,3.6260345841010753,-1.147865065345021,-0.46739971062963204,-0.27449366484934046,-0.44486823700707856,-1.4637509841490104,-0.06885221003000415,-0.2697416186032094,0.23125627405866772,-0.007241363812450264
3,-0.6726619725805351,1.3322042087951884,0.5513704523435152,-0.10445004432622383,-0.7126130674435,0.7472650378968244,0.1478005480452774,0.21067364660880872,-0.5433219587033555,-0.0022287912383635606
2,4.217932152165843,0.29619234768639907,-0.5334195692809638,-1.097330031857556,0.12478251603854638,0.08496457584600223,0.8917017321439569,-0.31558639383414355,-0.4000595409272599,0.33021360059873295
0,-2.1211349838557023,1.5906563928344282,0.3532312813524381,1.1946131560910573,-0.04493382613287471,-0.3578579723365856,-0.5631883707092311,0.15737552694617304,0.24551427001289322,-0.2124653601480892
1,-2.540123653723997,0.6398969712829657,-0.4848159779842976,-0.25156992111250887,-1.705822696357306,0.5548943796821652,0.5518639792480244,-0.1384001460068053,0.01124563760711602,0.5474398640731927
2,2.3941359530220225,0.36809361744257296,0.18117918573022943,0.28193875753272163,-1.37914326588406,-0.39067288446469123,0.43679736369181327,-0.83526094774635,-0.4655550332994637,-0.1537741634075235
3,-0.09464021784152704,1.4779175526170814,0.5308689815324491,-1.2483074698452272,1.1803246805939385,0.24269744543389882,-0.5728550803824249,0.17900358050638918,-0.16384010811772887,0.32533730931944427
0,-1.9504155085547152,-2.6821715399566273,0.5144130607277595,0.17086155694179891,-1.0370396081239701,-0.24268305870692275,-0.21032323398243216,0.07989512922864268,0.11313288350917036,-0.007084939284225291
3,-2.5748011538094406,0.43954908460278636,-0.055217392326436486,-0.9060621168513959,-0.45353027183728256,0.5840111557986835,0.29989588831592723,0.3621474873633405,0.09130453206276097,0.34815879730908433
0,-2.457623796420849,-2.7504149142312677,-0.6199815554062754,0.16593258494669438,0.5537147264833172,0.509936785951979,-0.45029798127756687,-0.3524269712894051,0.4227979962259031,-0.20200575088769407
3,-0.6826979916831708,1.4537003844240044,0.6329813208059473,-0.37250079454347484,-1.7317654787942547,0.7874619405481501,-0.18934163778192795,0.2555354388023815,0.004784333207041656,0.4442853613643128
2,2.2011000228011834,-0.26152222592934193,0.6181958793751053,-1.1434420337373774,-1.2754165390744594,-0.28235150799325875,-1.0574021775301086,-0.4162361828850272,0.030806487422156466,0.597012825549225
2,-0.12437941981375142,1.1857062262086848,-0.7130383057277614,1.9780992143420923,0.5198068645203344,-0.14451388211899358,0.08966815793477222,0.22314985216720845,0.16828530601346633,0.15052463069048827
3,-5.373468043128619,-1.8193098364386207,-0.391470223867783,-1.0609750142332128,1.1041963685977774,-0.9768610146782284,0.3981237791768235,0.05115997117122797,-0.46686394185808733,-0.20578148477850555
0,-0.899561832172217,2.80567103430698,0.9581179829745592,0.9731779093377213,0.2421480792900437,-2.073288406335007,0.2306898991813697,0.7354343499382389,-0.10017817783850437,-0.3121518595727804
2,-2.2635244151397567,2.6304417680259293,-0.18764492500789928,1.4659559817788033,-0.0755891774326383,0.14652395656830752,0.38284581517345645,-0.023424962492568476,0.07484135051568606,-0.27422789920791896
3,-2.7351339680100217,1.335340612484607,0.09219841749742395,-0.4222816466030145,-0.09446469730211624,0.5352690226429055,-0.07801097634517577,0.7292572355887855,0.10803614759826471,0.09345839542360194
3,-4.504845694652217,0.24045590143264953,-0.7242866470481187,-0.8765897443695102,-0.23204738124031707,0.3321366540804114,-0.06733414945059774,0.38282888174890056,-0.08347695628029299,0.2435651779700236
2,2.873933885688754,-0.6486236214056973,0.4630608720495371,-0.715593469390685,-1.5460430976117072,0.302643130720178,-0.5700479693130889,-0.356314556209014,0.256445272986138,0.7631320781107445
2,-1.800834603294321,-0.37075919247012407,-0.8892303427142881,-0.06109420427992004,1.8247997529983757,0.11449186429297058,-0.3678160904593538,0.07963784046402618,-0.13358416991000496,0.14774655779497367
0,-2.0420082240670756,-2.773349426152963,0.11042345786420117,0.4526454207998627,-0.21054708228644947,0.5009070869124604,-0.8703609253983051,-0.053022242828130055,-0.009686975419476447,-0.30170241260153896
3,-0.23508421508380845,-1.860518354037167,-0.19673904726375158,-0.8690455920804807,-0.4152009204026378,1.6511001905122065,0.1539872917684724,0.46265270620008697,-0.4419574292957699,-0.290952810551612
1,1.8685386721609816,2.198262502156437,-0.4261131011802774,-0.06895154046104544,1.1456281751237873,-0.4058623828956203,0.7162354772442242,0.10302638739927467,-0.4806410822889049,-0.07103288022225653
2,3.5144195518993286,2.4992556978804163,-0.7262222245840383,-3.261665603223297,1.2137228250443897,-0.22301337847849018,1.3809653126157369,0.057264449508471205,-0.4030689780410037,-0.09964188160276193
3,-2.3771363751580634,-0.7215192351883937,0.5276402339724168,-0.6404598477625603,-1.0806409373151087,0.09002736262199139,-0.15478386306782813,0.4493200100469927,-0.4511513740239171,0.05721398554118916
1,4.044783528770013,-0.12072150413554877,0.7914859492250625,1.1354631420253183,-1.0150874170648694,-0.1555475623875593,-0.3256617465045582,0.06966371666742063,-0.6931239311682833,-0.21323142595246186
2,3.9852829192558707,-0.5573750255512224,-1.3732049813406548,-0.4920831103810303,2.05675515133156,0.6252919591302251,-0.039093302843204204,-0.06409656755687555,0.3107252114908255,0.10800092370049619
0,-2.2298408917879176,-2.588067820782597,-0.3189237135520563,0.7298387210889368,-0.4293091019577082,0.6043428313425574,0.028293245831750122,0.024406910317437993,0.37463682173047974,0.08838743577501258
2,-0.37288672101401377,1.687275117913833,0.13362694904304595,0.6555610656933192,0.8480753154276582,-1.093775979281698,0.31325618397624616,-0.16853144397422098,-0.4424395602415516,-0.0885687357802793
0,-2.0993679544008743,1.4432796607570202,0.43462617893966005,0.31639899350206513,-0.2580009467750547,-0.42901245167122243,-0.2775288671248639,-0.10496316169186944,0.07672164345467786,-0.24893656344752324
1,2.0735502784149014,-0.5682130881512577,0.33820638304471917,0.28416575825387513,-0.6095080525659146,-0.6725378809449875,-0.17119355679187784,-1.307491450324987,0.091087026733964,0.318157363027431
2,-2.3175784140619826,2.1351412285474702,-0.15233681704579258,2.3930274243949348,0.3592426530285447,0.4210617464042826,-0.08178492301251106,-0.11107430269357477,-0.4341772032142122,0.6073672653968313
0,-2.2400116745900376,-2.656759040507737,-0.5226815331061024,0.5612084370402207,0.2113544916513521,0.8711338704225481,-0.5490754041947683,-0.2027679340987027,0.6711648013103314,0.18106309919728672
1,2.6233721333754194,1.455616118917729,0.27395553092164887,0.36630393860663146,-1.311596178265315,0.0933843386542421,0.6195932779643791,-1.0402416892617312,-0.2589112726409476,-0.43269978688800415
1,2.5669406832859862,-0.7515385778723125,0.6182197793365068,-0.39113983331689894,-1.539143958899656,0.29271542409425216,-1.0752903225009836,-0.2609429507753046,0.2780477028230086,0.6929452884698363
0,-2.1628396744151366,-1.3417774990822589,-0.08530719896689068,-0.045866330778986865,-0.039937182105782655,-0.23545059800093973,0.07289506083393683,-0.05064247146946611,0.10618594773962876,-0.24333599363483388
3,-3.0586092865282817,0.8918636946072068,0.2150694791064207,0.17472933756381923,-0.7334796270531089,0.03691867528295201,1.0404785431108468,0.2391540339707634,-0.47847015740330634,0.15113473193943586
0,-0.6603629658915535,1.4691850303398675,0.6593350463663183,0.6060352035159288,-1.190989715677973,-2.0029408558559143,0.7081983628810231,0.19204495496790908,0.2589627514013376,-0.2187777793632672
2,2.0166869863989616,0.25555244018781587,0.417699236465333,1.264232894204996,-0.1542848638840937,-0.5578645762892765,-0.20859240445207106,-0.5286368727393423,0.03405641665028885,0.6439818342555195
0,4.5645892965250505,-2.874325931164323,-2.563551160571935,1.1535987467074917,-0.1949628079362969,-0.799170440407358,0.9026080288975031,0.5802164439541109,0.9382175881626712,-0.014754264981473596
2,3.7806915139887365,0.6766419946785117,-0.5378455127577562,-0.46278334683044625,0.028803037721339176,-0.3162898464172781,1.2830474770909488,-0.14254389840041795,-0.5276354126650579,0.14751776865837093
3,-3.409884334399289,-1.724931525309814,-1.0764538706768998,0.5795577926316494,1.3014456259321712,0.40694722121655974,1.1709845327517074,1.0313331019039127,-0.3730664810998689,0.12051257478908303
2,2.8542486429047464,0.6007889009209872,-0.05566991969573438,0.4761294607719923,-0.4599652142629545,-0.657244329860855,0.6905634015758528,0.3021681355437612,-0.6477701098535417,0.5205486421886524
3,-2.7223093861903043,2.8637710436826156,0.22948080027172443,-1.1385590475161984,-1.5571676025458445,0.8489691245541181,-0.16205900618776634,0.7057756937137452,0.9124742717242726,0.09249083934197631
1,1.4037686759942485,0.1320558018891533,1.0498797496032513,1.7471875598857358,-0.16350052583394356,-0.5547664655228194,-0.7324460784955293,-1.2916415496548994,-0.10244198342902988,0.16729310100491512
2,4.353540585702539,-0.2937149413837803,-0.09152793506291211,0.9342059501452762,-0.263902794016282,0.8649030078996776,0.18241859051812026,0.6678138378516193,-0.30320017449848524,0.11242484987882889
3,-4.991650825156965,-0.39542832299322234,-0.776765582120179,0.05676721324973256,1.7533692774533085,0.11487865826545134,-0.17652625506898603,0.696352296665712,-0.18582239706668413,0.3911410868987549
0,-2.522169141760023,-3.034931118774077,-0.3669474181034951,0.08730329019454322,0.2779063926731405,-0.03617477363205062,-0.20056206800584364,0.20552589212054267,0.07687089122650693,-0.21900755671244115
2,4.871434480856072,-0.2670213585509992,0.16087185417895836,-1.0690273308110414,-0.1542167901839659,-0.02948963532968322,0.06362324085501088,-0.09372694302705026,-0.7448055048190477,-0.28594917768958455
3,-3.6997172617290466,0.1958997641879713,-0.5317467351738898,0.6491503759652633,-0.1495735595264562,0.5130959190077592,1.3568733602330216,0.48522666033753886,-0.29189814425254634,0.04992334320641314
2,4.5124458932329485,-0.1982040878053401,-0.5337487989413755,-1.6904449299052586,0.39481364460770496,-0.692352080721744,1.0023453717749113,0.325858523842966,-0.6755841704148131,0.20980237656064746
2,-1.1909227708890144,-0.14366734437477982,-0.41484013380796847,0.506435764324561,0.27066914409118237,-0.733892167378934,0.27649962884880175,-0.9878611557333371,-0.1758552794159402,0.3715913686629014
0,-2.5978104226991134,-3.4095403757813543,-0.5845925485664841,-0.8057778209659892,-0.03012114519452978,-0.40731754256993546,0.07116012706293402,0.048493877061195595,0.23965545357371265,-0.2527086706407695
3,-2.285807095176331,0.7203125452060447,0.574148941563173,-1.3529960046622698,-0.9622908014948837,0.5123790786488184,-0.30587802102249717,-0.04297913261279874,0.36565537098988976,0.1688190185056591
1,2.9535011027133766,-0.28903017401212117,-1.3991000188420832,0.8366018772787611,0.24355944172746696,1.0599359953175513,0.5671495557112981,-0.2591190092181272,0.25623856010694707,-0.04673239897537221
0,1.6592520737249392,0.738764511772806,-0.30771402424451316,1.8125404318807339,-0.03179818642504862,-0.6600167793630309,-0.291311642455332,0.5345696672428145,0.37326576761381697,-0.09387660532548904
0,-1.8112410647093293,0.26287889260060365,0.5204372675055944,0.05843925616923226,0.14931210846246326,-0.3266558998506365,-0.5774591397479659,-0.3063456483980458,-0.3371713059381567,-0.23516772931450755
3,-4.236341699054896,-3.219085362473943,-0.41142842960195586,-0.48528871159664616,0.5168749841647464,0.06170417181168841,0.06609872107390061,0.27968436358460524,-0.1794756962510318,-0.32883160124234717
1,-4.163398728939698,1.799310158655548,-0.9252865891314709,-2.3485304202601704,1.7209092046211458,0.061834814181790626,-0.10745750625651874,-0.4041715698409582,0.38701604053414257,0.06974109825957404
2,4.414079539202464,1.6908126644766655,-0.7030718299207119,-3.1019872306489877,1.0030373185344643,-0.16228110825741032,0.5778014003458679,-0.25117516374769755,-0.1647473984828032,0.24944358757296184
1,4.221586896409178,-1.1697232695859827,-0.652343260796547,-1.4170902997861046,1.0204442305891501,0.3279690840534698,0.139792477776883,-0.06682535362873257,0.07211536822386633,-0.3670207428935686
0,-1.531495689132289,1.6154752241917896,0.8253608112676968,0.37204148523835934,-0.06302393865644614,-1.2345282832661797,-0.3552673739695775,0.1513626354813934,-0.08462762597166937,-0.09510066419387077
3,-1.7599429757598273,0.2548680563638692,0.07719604527642338,0.509103505039093,-0.02958432661663016,0.5601252686895976,-0.283735236739663,-0.137352072257247,-0.09670234894179106,0.05356104887650466
1,-4.061671277449333,-0.9988119001006336,-0.5547691827396877,-0.61066140877448,-0.0588612478096898,-0.5442939243862321,0.1612301184821447,-0.30987512753898666,-0.10309329923799226,-0.164829048178421
1,-0.1757232936121301,1.340269882426322,-0.015042823156386012,-1.0377233442583158,0.45116442647159855,-0.7276795619019731,-1.042803530778197,-0.5434936149272394,0.21107315447885427,0.04527794069643178
0,1.3093764541277024,1.5211741231818523,0.6032100318232682,0.05556168148567807,-0.018439686491737307,-0.39592556372563154,-1.4401102971531101,0.46634475955549803,0.4993794623139107,0.06399038831401377
1,3.2612862071446522,1.3929707842428523,-0.1828202917675706,-0.39205658878906496,-1.6203260673717124,0.5411792483240007,0.35647304474263763,0.03873019554854656,-0.10421470945960783,0.32360907884472523
0,-2.208511585963516,-2.215499559853151,0.6910393549426003,0.024149848875621917,-1.2944999323854067,-0.21383813146398467,-0.4866524260583851,-0.34687251505347766,0.05818381253803479,-0.21784156255013418
2,-1.1658972028243746,-0.39945790892015925,-0.37051003355283235,-0.6394279849477458,-1.3719359565066789,0.5640089250891953,0.2464922785204977,-0.6021230237332467,0.054569748184201294,0.11065127890367402
2,3.620213980990816,-0.8214347354688268,-0.8034063674569794,-0.5007436355766578,-0.04909980112865752,0.42277023910878947,0.7345946162469291,-0.31587621448587466,0.26434849853854575,0.4213558960706691
0,-1.8509536459073326,-1.308770330583596,-0.2871426771795665,-0.7252763734336055,-0.8956794434036377,0.2976826435989604,-0.6470317391745428,-0.2550128526766392,0.3703042907113266,-0.054335173505247726
2,-4.135157922188261,-2.491948773226948,-0.4067773500847412,0.04632440522950571,-0.6311144320568328,-0.7347480700100159,0.208391487056361,-0.5731930151044211,0.20340261876042276,-0.3767387866034435
1,4.121167457599319,-1.107826010857439,-0.013079214551842475,0.9094616463041821,0.3789792632125955,0.8721611617476625,-0.6761557003117147,-0.03173439769939852,0.04900306460276114,-0.24171492574291073
1,-3.419059769953733,-0.35864877813392176,-1.1999091242046394,-1.6138004054788917,1.061580984233644,-0.4016319924153832,-0.281466798369706,-0.9393527582410813,0.16161308033547742,0.2543583950224612
0,-0.8164392348682089,2.209276924279057,0.5723322201563372,0.2799736617289553,-1.7327038984383105,-1.8687760645130542,0.5477469458038557,0.42341979269694885,0.1473209301582819,-0.24219401387284895
3,-0.8354812356531135,-2.0667496361957243,-0.07966744642886252,-0.45230125537642013,-1.1766415886750383,1.5379597877099287,0.27569301765215143,0.3243796120549957,-0.013982410673299889,-0.24032191326379543
0,-2.315146917686188,-2.7644479661016605,-0.3850298998141916,0.6071789110322667,0.22718034185602992,0.29000324133409194,-0.17382800792898648,0.25718587503724255,0.2544969775161762,-0.10324926021976105
0,-1.367894916972364,-2.915520745306307,3.300287399551223,0.46438940647297516,0.03297928302472697,1.1155383582983796,0.46004350070939753,-0.26554545783093997,0.7154418028740942,0.24276474097304981
3,0.012778316333135245,-0.7872534063337293,0.5742764055817537,0.2051957992586881,-0.18041859836566432,1.6131901461803622,-0.5788873100149945,0.2924034565677066,-0.2641626380639551,-0.30378371543863153
2,4.813988178431427,0.6240098874461658,-0.38821791890052676,0.292995790396546,2.0380368978160455,0.4911663697405772,-0.35930917714292177,0.04069142046117323,-0.10316782276363672,-0.5542667734220241
1,1.5442911864059536,0.8063286614051715,0.3565349172000186,1.64595160519504,0.8974445393698639,-0.5566809463209991,-0.060380979872787156,-0.5757707279815333,-0.026832523273951255,0.05767169374249713
2,1.068114856743464,0.6893019171053145,-0.060100175617934855,0.7164754598488949,1.0827409656663878,-0.7350020577794096,-0.07170075842619701,-1.1050357812763076,-0.012043257918915841,0.27086617861461926
2,-3.640922300636841,-1.5305597736161813,-0.42076255102639765,0.9249491830337794,-0.6203798625055523,0.18742486633518524,0.8445035312845394,-0.46275458370754086,-0.402793590471646,0.5640143649623481
1,4.9335966382428715,-0.5433636230471857,0.9783041310412609,0.11642748771740434,-0.17323653023782765,-0.12541815327181458,-0.7597562747165912,0.3383273071078839,-0.7947556891130374,-0.41772166500029134
3,-1.4045351415969765,2.722790983689028,0.4232749544635114,-0.36882296558472005,-0.8231991720796035,0.4281788341940639,0.3647796308226511,0.2771336939112982,-0.14414026480395267,-0.1872667974590114
1,3.873384538992996,0.5672736234265573,0.03247185015694712,-0.22027274340916014,0.6852231784965999,0.22954148457765192,-0.587684533316103,0.14661890477919065,-0.6371237752527656,0.37180237751962075
1,4.591522376742484,-0.7639228168742289,-0.4236452798696611,-0.4466765647482378,0.24919245411724733,0.47035947566516934,0.4555251198758482,0.16734559520090683,-0.16718484554556298,-0.3518772657741734
1,-1.692167054479148,-0.8348717198444199,-0.24914855501864977,2.1342312611398615,0.08889344918938377,0.15385793280743298,0.07528253714202693,-0.7017640427629,-0.06779728420493626,0.4283601908123773
1,1.2722076114207361,1.9195384760967658,0.20937523967413088,-0.6741148911034094,-1.9039565694732126,0.46461508201641366,0.42629298189577886,-0.3259519401286429,0.45311403649812315,-0.16745075421908526
1,4.580783779602981,-1.2969520576400957,-0.7212822016498528,-0.4321185653259169,-0.9109537672341593,1.799310413455703,0.64838124701204,-0.18691162042853945,0.4058463866163248,-0.9488887846384686
3,-2.9257974758481935,-0.5003739795497141,-0.887704602290256,-0.39235868543706154,1.050087448755846,0.6312793189502619,-0.09484855356274216,0.5297576395311496,0.176821317339116,0.17296644972520311
3,-0.27989396258383925,-1.57004715612237,-0.3096050525781842,-0.676744000663476,0.2014400305340012,1.427184983947851,0.31324276359497927,0.26237087603296666,-0.4130617563320333,-0.03349174432062519
0,-1.94714616328083,3.307946293069476,0.36660158484046385,1.1660226567193654,-0.8919673042909381,-0.5866171453749167,0.5574202614037128,0.6911334262927077,0.03860801218265174,-0.22399587714710237
0,0.21904002477281587,2.1286221518470465,0.4765293851812607,-1.4171016225554036,-0.5343071146664049,-0.42938925919623094,-0.3906943762105371,1.1706982917408666,0.13591178026153186,-0.42240579759857794
2,4.208807027406515,0.3521081178949377,-0.48308792593487737,-1.2385856635538417,1.1904117726769337,-0.5614740501267526,0.6642577033999202,-0.4551953955639115,-0.11438049391340306,0.4467496750808446
2,-0.5084865308300606,-0.782977577199814,-0.9387364577859668,-1.0862031544412982,-0.038741104084123734,-0.03498120851090066,-0.08861219037853581,-0.4497611893869416,-0.11803748830633246,0.22854970765208998
2,-4.603847594286396,-2.576308271369428,-0.7644082810296681,-1.180561168822756,1.2606753890625726,-1.469320144312696,0.2732726631493384,-0.2317443111378949,0.3854218320006203,-0.4075906690184939
0,7.044360469852513,-3.8871267090855164,-2.0212274294775834,0.4772630543191774,-0.8074528392846922,-1.0556342757813217,1.0730827722830383,0.4767261756093804,0.6417602842023494,0.03213423741088781
3,-2.143528864195811,-0.37347086426070414,-0.07494599550295354,-0.03273426097628751,-0.48623469617838344,0.996127480703525,-0.40323329197631924,0.526431873115831,0.38212016358102074,0.12672756631335172
2,-0.3730533247466898,0.8286051664168234,-0.3456882448519333,-1.8377334564856094,-0.10332899555297753,-0.045643113209558724,-0.01678097180690077,-0.12899345848445246,0.17916450399462847,0.11141253127523881
3,-1.2582633048681027,0.35072867146798287,-0.23924450964302696,1.1357106998270416,0.26907786129054456,1.3024150129759624,0.319770865835127,0.6217623707100709,-0.1556017447086376,0.09201091311689072
3,-1.9292938797477768,1.6876331571808958,0.1892061108947028,-1.581227338961781,-0.42501115084755814,0.46381992272613365,-0.4492236193677054,0.20515890789882887,0.18572213903975215,0.2141640276273147
1,-3.729699158703899,3.5154888634996104,-0.7731746789458709,1.4646888583676323,0.916148229057697,0.12167664829960727,0.5124072496262345,0.6433136173743622,0.38540599417978477,0.2905933768033777
2,-0.4467717662581875,0.6094077096827151,0.2023203023618898,1.4368898696119188,1.060735137976608,-0.8333803475426119,-0.016720340717717927,-0.5077989313193441,-0.3130991320985116,0.1578999219900375
3,-0.3186222393126656,-0.16761757421768436,0.7901040200293162,0.9136267503817262,-0.2202456215843416,1.4202596558351472,-0.6457538490886926,0.15692441739705312,-0.3242810452748833,-0.20712347977761905
2,4.800081965875436,0.003090088875985357,0.5304062064027856,-0.28637531882227835,-1.3450331147628882,0.24714249281672487,0.5697388706491741,-0.1093366498351805,-0.639084351533769,-0.5529362135596448
2,-3.294903408496543,1.007107032186353,-0.35395042505625157,1.9310763525931152,0.052026444447825906,0.3905031681430624,-0.2230056839605971,-0.3147486691797418,-0.21612340207578326,0.883156828554037
3,-4.762397832644371,-0.336892258391119,-0.5712675705414356,1.2254938399256776,-0.04906466968845428,0.3301563779638015,0.04791639215979415,0.24685350706627976,-0.4396200295961593,0.303488189859458
