target,x000,x001,x002,x003,x004,x005,x006,x007,x008,x009
1,9.19283686392991,1.9485828147867168,-1.1231660395028067,-3.6337306807032306,1.1951111227776618,1.4114244592489569,2.1593698146764813,-0.39840706855913854,-0.15711872963039708,-0.8774016332688377
1,2.3878017363923836,-3.7681717284679155,-0.529292776899237,-1.118264126256763,-0.6217745550391092,0.02865618576764925,0.013357776795003282,0.24098820953432679,-0.7119046698150354,1.10699561791322
1,5.733896258929714,-1.0751739281135786,-0.5517476119335721,-0.9120826773084358,0.1770862070973086,0.5414521209808131,-0.6681666613708829,0.09737365122451407,0.02406584041969804,0.45427533652429924
1,7.122953416025126,10.275588829999645,-3.2327893965663272,-0.1525464822856752,2.960879124006425,3.0534217142370266,1.4299103249608136,1.0595651830172321,-1.405440150063274,-1.116974924536552
1,3.935302069394832,-1.9480716248510472,1.3897667760519279,-2.9406394153579454,-0.5467470964136223,-1.2264945416810726,-0.9362128289096544,0.6363759366616718,-0.2638050505734124,0.3777039880387921
1,2.380247234393141,3.9499288940149353,-2.934876624670687,-0.9410367852559846,1.0560423483149355,-0.45103869598209023,0.49044491780215366,-0.1654438502192517,-0.13347306558816696,-0.5304314795719139
1,2.2388832384009665,-2.690031238526709,-1.6399129296473651,-0.14934004807033224,-0.04035930986686493,-0.12894854443420992,-0.3015675892613713,0.0836981035808725,-0.08002446627400732,0.21914339837779756
1,2.143298569370022,2.340243993470262,-0.8719471346405614,0.12704303143138715,1.4274367566778907,-1.2570393501003392,0.9740995931098605,-0.6533382724190425,0.24818388231971653,1.0005862990543923
1,3.174924334897943,3.3918129175254657,-3.1199857561144615,0.6012972403718928,1.522290557133256,0.5595446818919263,-0.215103799348727,-0.6873411376015118,0.5119242492952577,0.029186712143870936
1,6.351746983323129,7.727173734374835,-4.341916270626791,3.3752012220682004,-1.7102630675713855,-0.7239086831743918,2.5198399560720177,0.36514904452048086,-0.7173975545852646,-1.165629639075526
1,-0.8104138099907887,-2.6592754188534906,-0.4888299299256907,1.6725663721784587,-0.275811639084337,0.12733161747415445,0.6250122335015749,0.1657494428305773,-0.30138071191968524,0.3762359120956265
1,2.6511004812739154,0.06656789235020338,-1.5264553508794803,-0.051261683691125715,-0.3319508817218394,0.7648665815872729,0.6660925736011614,0.6195450837801167,-0.40094152501269886,-0.33106780547414855
1,8.185034628646626,2.7009759896352485,5.730230364817868,1.1122567392538498,-1.0434707079590138,2.5945713161947386,0.9414976666132969,-3.3217840726660866,-0.7477885248773801,0.3959474406541466
1,0.3421258968001353,-0.9682792517990273,1.7171715937377388,0.5950030244573397,-0.4680109517622062,1.0076602725807409,-1.799080948988454,1.1066573243603237,0.26762520017253716,0.4395814914118548
1,4.342379327437419,4.8610831123475755,-2.8161158139020803,1.4545567761491152,-1.290062697624247,-0.34971617128419513,0.7428804713201467,-0.28092617915423884,-0.675103942069567,-0.1156566536532276
1,4.075656230331168,2.977061042253972,-3.1252742962289948,2.4580708085923915,0.40834220033842766,0.4957778630663899,0.9150567438226703,0.30252371834235625,0.4569401819734803,0.44715734802320845
1,0.23005497494591456,-1.5647576244947539,-0.8025190616847605,0.6505829056440835,0.49471089248732053,-0.7621911146286936,-0.086846950105804,0.029509045165264085,0.5032259504168668,-0.4996722283342144
1,4.418010931210076,1.4186702689451691,-2.2703189247658178,0.18627253609328953,1.4238614206722189,-0.7524894401750692,0.4419845314882888,-0.41376977567261675,0.018673442975220764,0.35662964679818615
1,4.948703442642168,-4.11433357502916,-0.3147491136194534,0.08820643860263079,0.05671511402605627,-1.1376888963692364,-0.2512828518761927,0.742152004426009,0.41044687875720903,-0.571326898909633
0,-1.2370633598303664,-0.18821478544198345,-0.5932832516491383,-1.596346042945748,0.4421543299836143,-0.048636754853132395,-1.2016874302450535,0.40362570449897994,0.4053004708628881,0.005925538810020808
0,-1.5781612267625045,0.5728083515687948,-1.801446537739182,-1.1252757462760614,0.39527005091992856,0.4308411933419745,0.3384836282365587,-0.8619594659081646,-0.18720095721664948,0.36092364258690457
0,-3.5573363190205307,1.6629501258631778,0.451187773312931,-2.073764530642509,0.4907464849085331,-0.770068257963371,-0.1910385772917982,-0.244461956896379,0.5468962045384109,0.00763652913853074
1,4.733210834632252,3.3049636071665582,-1.4665365617969588,-2.041149940560257,0.026220542883690277,3.0230440962326264,-1.0071794609500635,0.10463678663693599,0.1685112795840897,-0.24562052628684572
1,4.208524087180635,-5.128366537762987,-0.7524020929664508,0.8627101473960531,0.4709679851017435,-0.5958406894633264,-0.07482874196059991,0.18025252406975256,-0.36412596626269444,0.6915451698952791
1,4.94963201858903,-1.5437523264804764,-1.7131938025300582,-0.04675904531536166,1.739230449399594,-0.8128798389249502,0.8003050720672047,0.4199091334319075,0.8116791140277422,0.021478314424884144
1,7.098562929853712,2.018610141067296,-0.02900948994366176,-2.58795027906687,2.039340685317187,1.184201303036965,0.6018530638548771,-1.307411710662179,1.1010115120322328,2.2862753780804552
1,3.5102626213307615,2.17162505672494,-3.894546462986531,1.2957595685351617,0.06821822869164856,0.7873572799614478,0.28991906026226383,-0.49597754971720726,0.11319020376369393,0.2954416306974003
1,3.0640538678290272,-1.8765524107390974,2.5817477387247423,-0.12848428391372577,0.1166647626076046,-0.9075949896048982,-0.6458346865368835,0.34047381573093544,-0.04391241223779503,-0.3965441668092934
1,4.007264119783316,0.5372420872577267,-2.7616256702473425,1.8983874933138551,0.5256728461419551,0.1928487155112707,0.16113026932900312,0.37883464379188736,0.35728834144088534,-0.5696368911932401
1,1.7153097112184632,-1.523705002062048,0.1461871302759293,-1.9113865156091283,-0.536122940548169,0.03625984749789662,0.18403040479326307,-0.21890227087966133,-0.38166874353854596,-0.03652886861130663
1,6.059445490762562,-0.7571776322754569,-0.3492394829579064,1.0642176224906135,0.746105285279803,0.24208026908243127,0.46197660155198933,-0.29207048983748335,0.2847428457005038,0.11832124034235895
1,2.9022361909261725,4.00529543964113,-3.0014624475408653,0.32531642792019316,0.8553562878548389,1.2346792720923452,1.9780884612155698,0.20263195763672934,0.5646446320798293,-0.229968077010287
1,4.554782681659246,0.3375360650782359,-0.754300703444354,0.7003302033649735,1.5485452901201808,-0.19100762515109115,-0.8895844108997475,-0.2440567577841423,0.4429090900455186,0.14349855554868313
1,4.9906026837005335,-1.1325890380710346,-2.5773843983429128,1.2172615163701443,-0.6699146034314534,0.26747888567360284,1.0326167236458064,1.142731818135992,-0.5667919131949803,0.24491491027628465
1,2.9853407922020376,0.75842321368171,-3.493761779067638,-0.054260484710932325,-0.16709944080981404,1.0017864114661352,0.770771939483207,0.21032408222160903,-0.5856472923981136,-0.07479528884681565
1,2.766369124715118,-0.3543559538107939,-1.8969629406422903,0.5342559424150437,0.8840206132917063,2.0110355639376016,-0.720595135653337,1.4126341067195411,0.19696184122217975,-0.7437563291075632
1,1.2961987846771001,0.9131962653279093,-1.5757687431144112,1.0431665274807795,-0.4147217467006204,0.568595030747988,-0.1427207748748831,0.4886276715579533,0.3912378594858016,-0.3827849808125793
0,-3.7493134146236198,-1.4134729311362006,1.7323079096157912,0.5654426291265024,-0.08033992175531161,0.29026896022131204,-0.8050392804772493,-1.7088436740491257,-0.8924492556672431,-1.0885815276597708
1,-0.9980689598420664,-3.351292830521851,4.305573993215791,0.5612098811397714,0.46437199095481557,-1.4944563264190274,1.2802554701394409,-1.4995675323171962,2.102380603055289,0.011502869197684522
1,0.7652641253729614,0.8862440100088133,-2.7049183195524775,0.27477951816944024,-0.8104294121312766,-1.0373507901707189,-0.17772426598292657,0.1982579495614211,0.4315327387740401,-0.43897368130780906
1,-2.150953522955084,-1.9239914638252777,-1.1804841775289185,1.113197867613978,-0.4484718470284621,0.929112415743717,0.041872799448070396,-0.04864258045731969,0.6671609301578434,0.390635039481176
1,-0.09333135045396314,2.260752115709633,-1.9047262478525349,1.4423073190145141,1.7053636245991193,-2.1226385290457173,-0.49697877212812935,-0.4844532369257288,0.9133161180304498,-0.4307029976223534
1,9.087999730062688,2.018672663760379,2.1412260016235143,1.0692441950348226,-0.7979315355125127,4.311093934101495,0.4341660621886473,1.388237830969958,-0.3528291531175985,-0.9347984651140648
1,0.9904537772469977,0.9849300659793426,-2.3107335896540415,0.2768254997012781,0.6405112012823975,0.24278158214377266,0.6137734292133711,-0.06786888546279261,0.2827611251718393,0.15195987721541312
1,-0.2935465801142579,-0.137098975885258,-3.301931895923781,1.00978569890213,0.022510976978146142,0.11014610977455042,0.23360432468884154,0.17502695317419448,0.5449201204977435,-0.20691781555047203
1,5.380940383636009,-0.13487706617036307,-1.678842499847443,-1.5076949556021502,-0.1519978775249302,0.4239049270679691,-0.7881744688277279,0.7907865617686055,0.11155485027860948,-1.056060742094185
0,-4.581936628907701,1.4842205390891172,0.042074833398077896,-0.2962289761920134,0.7138524200605565,0.5759267475643484,0.22320207608806256,0.8683332336626531,0.3285471488727216,-0.14579980456143787
1,1.70000692285783,2.3522718393568764,-3.078088938984189,0.0660210030524672,1.0564666158258433,-0.28210971672200447,-0.16062056503179595,0.018960104945192,0.5923305770294044,-0.1054265922049262
0,-2.136445270900218,0.09582979816160862,-1.4924117203888576,-1.1210632841372359,0.06803740072045489,-0.693491739768117,0.19733408609726852,-0.040079323793283314,0.4198101665662112,-0.6174339322830175
0,-1.567479028289832,-1.2084330961299126,-0.3691590949561828,1.47562877288888,-0.17275077517538895,0.5452838924537441,-0.6844787835977357,-0.5563520040726943,0.6062363609645636,0.1989644899768531
0,-3.542905578335594,-1.2824954004906501,1.0182110358034504,0.6081563111028023,0.21963561692865843,0.2662478577951869,0.45403735907772974,0.12396057877540383,0.2596091139633089,-0.4347251872768411
0,-3.157814064784573,-1.6889584196821332,-0.4962937714013576,-0.19401240898048233,-1.4399175459131799,-0.25653873889882695,0.44533561606634586,-0.05793084360392957,-0.49250990246347537,-0.24123807680126408
0,-3.4504885365486544,-0.4982185235938372,-0.15251785194166315,-0.5754864470959907,0.05231497186204787,0.6298908221131957,0.06082709464165656,0.5113227682437718,0.41398754305443114,0.8237730387395935
1,3.302550955719974,-1.1309378739173308,0.8263926365357129,-0.982716855486694,1.1952633754695154,0.7078495006434156,0.6485096344111417,-1.539114903357206,-0.6148306289572125,0.08868603487713916
1,-0.6746193405644713,-2.116409590687451,-1.3962197443356719,1.0431385135453932,-0.24181695219043528,-0.6566551371436872,-0.21545311447047213,0.20769851705879822,0.5057829362681747,0.10859737131971162
0,-2.858158430678044,0.15272331595929053,0.4289351934563391,-0.48306005468634566,1.5105366183005815,1.2788637799820297,-0.39290837627933844,0.746072662354194,0.3014188887063168,0.075226882329938
1,4.648738805981155,-2.310332599918258,-0.7288087288311459,-0.6399415941100377,1.1583246699265763,-0.1785919714754551,-0.1855067339780837,0.3095051043164591,0.012545249989565448,-0.11297417212253583
1,2.1768629003732523,0.9721160235339321,-1.9438883499274633,0.7373182607279971,0.3957839789900986,0.46233397378696234,0.536681615020526,-0.9520153266000859,0.0734445411455383,0.19435262937248526
0,-3.721458996511275,-1.7876414670571268,1.2799328999758193,-0.11556570894642815,0.5262823180920099,0.7057397546964335,0.4878069172188695,0.29798579514777124,-0.1273737515745107,0.7369119345918742
0,-4.1359628800002035,2.403792755977985,-1.242958032511564,-2.048346325909733,1.1656526419257016,-0.9010594573197009,0.4068302420116112,1.226140127537981,0.3459134399386665,-0.4646695427376454
0,-2.385835550030422,2.757658254996118,1.2140859746633388,-1.7944885908503354,3.338158573354349,2.5407833338073758,0.746437090420847,-0.9107419383085451,0.262430349567487,1.3190382729726622
0,-2.578883183327263,3.1386720827218175,1.4002806118499742,0.7638671235806467,2.7840948813888655,-0.8157356453038731,-0.3962581192749101,0.23093808280834,0.10304733515534344,-0.928102324974266
1,4.759112227492943,3.0116803190914565,-0.16624083569668557,0.605827775340428,-1.1417016282806542,-1.2200668204157952,0.8200243691477788,0.33103360657319875,0.5286538858878284,-0.4859571148346684
0,-2.314132132597896,3.2679897117915235,2.7962243564641565,-0.5657261146863656,0.3818339437288936,2.958283601187298,0.21056533734480865,-0.6279791297260747,-0.23232525107425467,0.0414030148205119
1,1.6916079459008486,1.5406765814377954,-1.7998451198424104,1.3905896837071807,1.2126747983732185,-1.2432109477041071,-0.005788620216949647,0.3860457755765841,0.8020776142429171,-0.1819071717862591
1,1.8123054074631049,0.7227402125778828,-1.4662494497236,1.1987301954815985,1.428041466089117,-0.728062594565987,-0.5314267349237078,-0.4748107393018778,0.003942883044075356,0.17303975664150242
0,-2.785924681011671,2.310648853045662,0.4727254922099555,1.607160559246437,1.6128576976631688,-1.1895736136397812,0.16952704429350215,0.029850691854232024,-0.111243817830048,-0.271551631404646
0,-3.5186483420544215,-0.6583092741367204,0.5913750989355588,0.010802709829978177,-0.020589381520798165,-0.40570970543729273,-0.526991874460851,1.083024162968757,0.4278019264261174,-0.391577357413567
0,4.330002876180122,9.202525356863372,1.4929625714185146,-0.3199475164799725,-4.728171230736854,2.215765418812454,-2.581058696994753,1.2991536988818986,3.7841184936940904,-2.7381609936175932
0,-3.2612794828062963,-0.9378378959156588,0.2051302422474588,-1.090071469608445,0.46034991302329537,-0.4343290644258582,-0.8500759423628484,0.33516455514438026,-0.004982972993794634,-0.3107154623584306
1,2.7045960677060754,-4.43714175932536,0.3073453700213343,-0.4886929671118428,-0.3724950036879997,-0.29180053286735763,0.28349267180625126,0.08626445417385921,0.32715461254900785,0.03334640887616424
0,-0.30785530744255885,7.387811902851068,3.8190853113442325,-2.1335563159050936,-2.710701720001739,-1.6397586289528592,2.428360230942118,1.3182670749821503,-1.885125076655045,3.1926399828759933
1,5.503705349959281,0.9383252208734708,-2.2101319381156244,1.523795754676131,-0.9248913432864561,-0.5400616727029532,1.5638648560900088,0.5941848522242849,-0.6731001200463264,0.06118293510415606
1,-0.36170918494845977,0.11973919370406645,-2.0409557541536816,-1.0588842120120856,-0.7571090926153562,-0.9204476229323453,0.6977859738445104,-0.39338229923471785,-0.35822062010339356,-0.14754788437427802
0,-2.629976644866104,-0.6973091933678626,-0.5839415587848978,-0.3381817145074701,-0.4675454658557149,0.034868956736768174,0.12012473621539604,-0.4603766495790487,0.31497166309310975,-0.015553503591801542
1,1.4281675425837093,-1.967101344912537,1.111939064512847,-0.7529107358125668,0.5398814409660686,-0.9955631722381879,-0.9089199220131002,1.101329091590382,1.2458726497934256,0.0927369986349953
0,-0.8345177772517012,1.9656049961739173,0.7904329178166812,-3.437630850693024,2.3545514691422973,-0.6131017626067353,-0.7763547093442446,-0.2470555687846844,-0.7735107958193804,1.5180239954448358
1,6.230896566333141,0.9200693518854528,0.08982727678954164,-2.5391587653616017,-0.06213518130181663,0.6834713697833347,1.3998059671958119,0.7198740545419615,-0.09675026188518378,0.5090175849202213
1,11.668714700145324,4.748616740936759,2.0058792638955465,-0.3190480721462874,3.3913610421731146,4.880799210867844,-1.1554938710524427,0.4835025018131589,-1.1714212851604722,-1.324882251183754
0,-2.0215776526424394,-0.25489968489983467,-0.6478719228671633,-0.05925135232929683,0.05484785606847387,-0.07241385267541764,0.05370277723779811,-0.35617966223191777,0.04887550217127473,-0.10784388195863373
0,-1.6383848815686912,1.7159492290366742,0.43420645681984904,1.5279665144929226,1.7693812062480927,-1.5031911098170812,0.14368758476016757,-0.486686752814369,-0.12248558265758946,-0.03906370547954224
0,1.1674616710568075,2.5145158683911313,-1.905718691539413,-0.6383115856005536,-0.23618094077386464,0.1381337483855119,-0.32667917659299633,-0.1520533918356937,-0.22706454298656908,-0.5040583697747407
1,10.769242774859533,-2.2579832549531655,0.0388354953179403,0.38938533084053284,-1.1872885343122954,-2.1881602553197466,0.0356016892541752,-0.5475608460170291,-1.6493087904258976,0.39652317316245683
1,5.0348112028705465,0.7744088948293081,2.68233773252434,1.6665041888950929,0.31161944792512997,-1.422548718748137,-0.04325638817498198,-2.014539033889494,-2.969338142441957,0.022260958734648277
0,-2.1744642955302087,0.496878154806577,-0.9490916237776007,-0.20721913089347416,0.8853461234104758,0.8830401244162911,-0.2553122353236727,-0.23019652866738788,0.42402190211768176,0.14790190468218
1,3.288235355607484,-1.6682370913989966,0.14693193410822478,-0.4374928503150459,1.3685701604703986,0.9680273794498404,-0.15380560197624027,-0.19229434954944769,-0.083524153178151,0.4430417506236586
1,0.6076079505100698,0.16221454231356497,1.6373749867289145,1.1145118773671756,0.5407946338727379,0.5678596239943048,-1.6627838704831797,-0.3495575484177849,0.5720268192596822,-0.12116259163299914
1,3.5835635702590154,-2.206661909985333,-1.7045357604735365,0.8012936815019749,-0.36532181028341243,1.561463949329957,-0.19854274093101576,0.6435914195390687,0.1840035936259574,0.4627778847966005
0,-0.9341580605820459,0.9277015287038658,-0.04016368754463416,1.353398872439669,-0.06494237233849243,0.22389920528333046,0.07698037951829441,-0.14890780901027295,0.26248293259550465,0.4559678984075
0,1.2596046923154378,1.0155770836415754,-0.08059274960228104,-2.0513348556942606,-0.13752001724936416,0.843041076729,-0.1738078459289665,-0.6145515374522967,0.28350347880858573,0.39905313139650367
0,-1.5882639921931496,-1.6196567338443182,0.3099991691142044,1.0919988375047818,-0.053774249023351005,0.32580447287656894,0.2998140894716783,-0.12886540796761436,-0.24652157886027062,0.5215269324223518
1,0.25249754328001667,-0.5313514965241247,0.5893279139771957,0.11053838024973683,-0.4286815307566252,-0.1996344204352281,-1.7271128375818847,0.7867500424438219,0.11684889506011789,0.14425300230551336
0,-2.847431638208915,-2.893647410131028,0.5279888643514967,-0.5988169634374279,-1.4356971410188468,-0.292367067794902,0.09586552234634065,-0.41408988167172606,0.3908665569787232,-0.5904789456708153
0,-1.9649501350089176,-0.9651568159493584,-0.08120793055280422,0.09408080617789373,0.5500237190615526,-0.32139644434532727,-0.5682537639499635,-0.3960667292109606,0.058158610835759454,-0.4916807954642488
1,2.7758655735275015,0.558000506229795,-0.6057711741072466,-0.49983004065912584,-0.4999058391418882,-1.067646389945252,-1.0430720804093814,0.28381391281685137,0.6384610144845874,-0.2972337719678269
1,4.396227918376022,-2.1235078446731683,0.5795098791153317,0.7774134300670367,0.3038341597626845,1.7851250017844444,0.0004246605848577358,0.2927640561604115,-0.5808812130186473,0.49960450685736746
0,-2.592082797164717,0.21363408304968068,1.0356116914606939,-0.662005313304775,0.5407642575363873,-0.09693822468654717,-0.02254473126422581,-1.5977042804087105,0.17958696478380132,0.41032350646421484
0,-3.9043380558726293,1.1900667868422077,1.5519812536367374,0.9357755733437964,0.7081200693522105,-2.354003950681797,1.1167657316049022,-0.14858300645550443,-0.9074128344672959,-0.3167868555459307
0,-2.8182311953514,0.3678841861223253,-1.351435466203343,-1.7384150374192726,-0.2843212001116697,-0.4312826332021051,0.48492352380135934,0.2909504342268918,0.05734335833403171,-0.3828433428543697
1,0.6162809029973904,0.6389116903337689,-0.19991888047610884,1.0974987411038508,-0.11869002756311045,-0.8539390040984094,-0.5065156631422971,-0.6349822472648178,-0.23735032614862003,0.13941324937560068
1,-0.432860254078785,-1.3920442304219436,-0.08271950173516934,1.935279884611794,0.03446011104210642,-0.5963271745438126,0.0029676674591900304,-0.06265692248601448,0.7984258578239323,-0.2097204374134337
0,-4.555028733764053,3.52878626675817,-0.21526354152461066,-1.0918852841763793,2.7583491584510793,-0.9004928728456498,1.4128938774119009,-0.32461982646508647,-0.5059896635926103,-0.19002159813178363
0,-3.4481835712320157,-1.424622268423693,-0.08872395912712314,1.7107277576979925,0.10661631584689234,0.3432392167575152,-0.23800645380586244,-0.5137971306622228,0.4551746108156778,0.1530107107097048
0,-2.115960211464605,1.849373745879073,-0.5566738191023435,0.4643564541772502,0.4749140747801842,-0.9919191609353757,-0.5089249553702174,0.051862035283520395,0.8866841496082949,0.16746351204030888
0,-2.6913521578892388,1.4200618760488506,0.9691509823577794,0.0028598042891834867,1.2565182306049394,0.9415786503515141,0.1579387970564997,-0.592958670628199,0.4783434154271177,0.6489307842915175
1,3.213916885023596,4.0467561732833675,-2.715384398993846,-1.3286254346168977,0.221673671956466,-2.204794792378432,0.5194745820551975,-0.9203005519766032,0.024796254116285776,-0.5971871376700177
0,-0.7492713056698554,1.7976386291179975,-0.5683656112412702,0.5604991181365169,0.9330957161643905,-1.6101870820548865,-0.4983499168799064,-0.4532432542208588,0.5275658081006714,-0.45962736041130065
0,-3.15900606708093,-1.0357492298069835,-1.4906841258908092,0.5931682074271125,-0.5140859214999342,0.35991585659401,0.12324139668844807,-0.26379253556841736,0.28987128251273925,-0.1760554672790086
1,13.056121836450524,0.9815128028449185,0.5988127253788946,-1.4729306476481436,0.5999131951642567,1.0217595011383533,-0.09549117526570913,-0.7686182910912055,0.6275691634284573,-1.0988736273535094
0,-2.22867980014467,0.6674107933465632,-1.0915602301440273,1.0783017108977475,0.29912882594551016,-1.4408755894001253,0.21175578325544892,1.3892968278422164,0.44890633623752024,-0.6295676615015229
0,-2.492830945212421,2.59868639219714,1.6697258214200708,-0.633485688655755,1.1567472367068106,-1.0964081528043668,0.20389704095421546,1.2200375701774198,-0.5709837297459406,-0.743318793833342
0,-0.10335033349447886,2.280143527593136,2.1095628165310747,0.3518460744101263,-0.6224825327290313,-1.459986139468602,-1.0410337994360777,-0.12053755827217638,-0.22736278213907773,0.33645810671282916
0,3.5912943321217887,3.9263327903779524,2.047005979752581,0.23176564341379782,-5.465263761529283,0.8338574005845074,0.4115366823404851,-0.9711571755778644,-0.5357747711227848,-0.24864406536265884
0,-1.3489485474941814,3.5562251305799104,1.73219136467732,0.04699092290795061,0.3452507152021539,-1.2628873737354254,0.1058555207104365,-0.7143259449568377,-0.41067423053318086,0.6963479785398758
0,-2.510117592485263,3.251319687727675,-1.6876241413791446,-1.1899613791697414,0.45558714745066586,-1.7079419365849489,0.5124384380087078,0.3377634755693297,0.6794560405179301,-0.4914766267058758
0,-2.0460295392752292,0.30488500066450364,-0.5338386586645348,0.489841681948789,0.06791200051862632,-1.338929871829328,0.45991151478776615,0.4889389671129527,0.3544123551469568,0.4418331350137309
0,-2.0970690432480175,3.6670959242601318,3.632200583687876,-1.5397868260923286,-2.2365306011078148,-2.295705196100413,-0.919404183276054,1.8997568726663216,0.1543763481573996,-0.44507771777155086
1,3.110527716544546,1.5693895647294687,-2.6139359557351276,-0.6184676612055765,1.181779597168273,-0.7682310789170411,-0.2069780300110392,-0.20981378081444108,0.28481506255362116,-0.03347412710297735
1,4.9567256291667565,2.3848460798765445,-1.9351071506442517,0.6108411836311145,0.1482098255132196,-1.493805956259927,0.4268069308249496,0.27577019459545404,0.3578883240563939,0.0965262478240005
1,0.8510141969985772,-2.3067353316340777,0.5674620544202026,0.04362559268650637,2.0940467973833767,4.979535561649943,-0.9926415472639954,1.0451244430541349,-0.48386367779829076,-0.3710422477644349
0,-2.9659991931311875,0.37150672445731053,-2.0665329415818454,-2.072506435397428,-0.16303733086425296,-0.43838582564418593,0.05698433769426197,0.46405533515025604,0.24594654048176395,-0.493345806444266
1,3.3341331928287743,-1.3255573855037728,0.7280137622314045,-1.003198596020596,0.9337070846320681,-0.5801240882200144,-0.25077057739874303,-0.36204805131311524,-0.2420989806268813,0.14041078866676177
1,12.894612232712866,2.31662197390094,6.328697231786786,-1.942203081804739,3.1602274072347396,-0.9470532785815109,-1.2968799350147882,0.792758197048157,-1.6964624081985868,-0.07772269082832103
0,-0.7707436719651465,-0.06410907057029233,-1.1344085956863381,-2.5104631591457767,-0.020236627393763595,0.1808527135025345,-0.5034841940357953,-1.2958566477891327,-0.0916067623893322,-0.3637016534139095
0,-2.202515502626576,-0.7356051491134585,0.2670798948694473,0.03761907714595462,-2.9340367318460787,-0.24746754187133221,-0.19145489416813233,0.07076063838696625,-0.19816309942812352,-0.4731596134930349
0,-3.1434122779319296,-1.8774088197852123,-0.6703689780891481,-0.30333208438018355,-0.4080693645790808,-0.22712014210045656,0.32162736048169,-0.27020058918938694,-0.17126614081722244,0.29489767308241993
1,-0.6388805444614903,-0.9113659172646352,-2.1427241463457665,2.140915595470874,0.4291395381731141,0.14888210726455453,-0.0416303407415024,0.27227056176468667,0.77258526825738,-0.058902197718867504
1,1.919133352641938,-3.538082377871192,1.2549244724481385,-0.33599914853628715,-0.5890689782744959,1.4685278839934064,-0.14472307540675194,-0.17225650652005975,0.2537201753762712,0.24508541823457777
0,1.4088684179430047,1.3049294191044423,0.6414289227737963,-1.886956279069494,0.03625206788111799,-0.5342970630633996,-1.266372866260113,-0.7221437082390129,-0.3858147005668093,0.5939550064895487
1,4.643691265342633,-1.4820172907604847,-1.1706806869714599,1.2186054392913424,-0.17807254749830528,0.6786615336141484,-0.7409596010812667,-0.6345778198535127,-0.1961355429458447,0.7622724755025608
0,-1.877467307056228,1.4232307986745925,-1.0708119959518863,-1.7093329013756877,0.8845495521013034,0.6546272737306155,0.3147354882010089,0.22283503820515235,-0.6836930942173173,-0.006872686358470106
1,1.4320693947846481,-1.04960387963037,-1.2620111847510094,-0.5331890489646601,0.6266967054108086,-0.7859162148471549,-0.6215555858412801,-0.21494366814093033,0.6695956346428946,0.13105951963507684
1,1.3526269861171285,-1.1541414260248544,-1.2097931944687803,0.828106567344221,0.9868073559832892,0.6869747347208883,-0.31350782055434445,-0.5253712833970665,0.3341540034110754,0.7125908806634778
0,-0.7091148592025867,-1.5682321827277577,-0.6699939686458515,-1.6872640673919506,-0.33931457764734296,0.24635850737852702,-0.8395510521959941,-0.5256821727133657,-0.2326340072939615,0.24161444665545076
1,2.171415947536675,-2.8262607023534123,-0.5621074771943739,0.6608315948693474,0.474970087183567,-0.38444665042482035,-0.13889348741020663,0.40098238077770243,0.015782225959896676,-0.14212820465475717
1,-1.9768403584296717,-0.4193873144355587,-0.3805751246652598,1.7394602057964221,0.3086377742644453,-0.7122805005191306,-0.3173611937914736,0.4234263758662458,0.29634616207669184,-0.1662377821419646
0,-2.6007894755050183,-0.48233531439459887,1.8723728315156678,0.43801837265773136,-0.016083347196030582,-2.0410093614612403,-0.004720810247310879,-1.7469035394050185,0.054060437805861915,-1.3417986336163243
0,-3.258007369590268,-0.41832118674700663,-0.691805453159317,-0.6598536491189964,-0.12156628579581512,0.06728874184728491,-0.43906874218190606,-0.6249776534187039,0.4321696630337363,-0.18593036030003862
1,3.7820264531736347,0.8603815293418342,3.6710011159075404,-2.0478194635286378,2.1837897808113587,1.474236894064941,-0.5633483886680588,0.5559086688545434,1.4343765154267407,-1.8923024412315343
0,-1.9920346699707325,1.3293553479078741,1.1352448719518948,-2.046433049383665,0.2521275378520992,-1.7570826653239022,-1.3958719779110036,-0.6184858283914374,0.19402455546365563,0.07839633174385163
0,-5.015008644292169,0.5747002490111095,-0.8424379203123744,-2.169662645739599,0.8820027787194386,0.9319352962813693,1.1334908512151332,0.26485716529387504,-0.047820905092035196,0.42297545377090817
1,1.3450204215170514,-1.2747709293310456,0.5558436281575764,-0.5748714567676483,0.47084929054009245,-0.17410017076063625,0.5623465452771182,-0.2973086166995039,0.16277984595382555,0.026178981935131216
0,-2.4559687695809314,0.8984554493766856,0.3531336714855063,0.36799176268274575,1.1042865982219374,-0.7788874407766113,0.16926036546341416,-0.977786318105374,-0.5083084748828705,-0.6645770426882369
0,-1.8372816808108992,-0.09102660510115022,-1.4452807300632906,-0.6725485733871382,0.13619910789095568,1.0742421110318356,0.09905541464188299,0.37315138311258167,-0.07121758983479466,-0.25450237923291774
0,-4.346489708757352,-0.8935720554969118,0.6392560958171124,-0.42562703817165615,-0.9564425324783312,-0.09919837210933491,0.3470504317096836,0.14757213820807685,-0.015477171558629961,-0.7727046882173472
0,-0.7328127344423186,3.7021823879956655,0.658505024899148,-2.2361274449299184,0.33646808432838377,-0.3825378757824054,1.361982985235901,0.3716593311537027,-1.207251828000309,1.1895823845975873
1,2.399997925952066,4.8379887481011465,-1.02815680118159,-0.34291631582777093,2.3918730897182527,5.134227759804117,-0.7879231108080514,-0.0976076047105938,-0.0862686526297284,-0.6390845566590394
0,0.39309879098504863,1.0830679387302515,2.247605146697446,0.46185838087650977,-1.6916284356501556,1.5552199795704276,0.6737491549510464,-0.3199439762368761,-1.4190937548494509,0.056535247641888914
0,-0.41232782128088585,-0.3896311982689556,-1.0457703044282267,-1.3662458484612412,-0.8635070504501415,-0.3523599847557201,-0.8862285872966921,-0.3729315055542284,0.23425852423623134,-0.21657119345525333
0,-3.0499249762575387,-2.2377843535042183,-0.4694530537214333,-0.18277504412696075,-1.575846016048568,0.4088015577227089,0.48999061145559275,-0.22392293379693062,-0.05326893541304872,-0.13094367319462796
0,-1.4425637427324836,0.30587060967113094,0.5515482418374247,-0.35607355064998114,2.7029189459350285,1.499707567930801,-0.8312800654344373,-0.8061963585471289,1.033991509182915,1.2005858760969679
0,0.08318636529850874,7.150359658184904,-0.06001025921966792,1.8030816907391551,-0.7381126045892809,-0.5642205368419329,1.6258064926876972,0.6078764165102442,-0.2831216378091183,0.7000366061240954
0,7.093307350380659,12.573193454995856,7.358706900369859,-1.2253423710010574,-7.490433511639212,0.8147311730281939,-1.6810501639195383,-1.6141823842291565,3.6880082280751045,1.0746504127475036
0,-3.743404535546605,0.2505017866142086,-0.0973828946778448,-1.9321469091313237,1.043591648340756,0.1542178350968373,-0.5852945420436358,0.49218261364443394,0.21330420578445056,-0.06357584424262812
0,-0.9691727841789524,0.9449444168369877,-0.8908110955052966,-1.096532239769866,0.6135026837573564,0.970891010122754,-0.42799604412594533,1.2773113416806983,-0.12194275471970868,-0.42700741190566593
0,-2.4187199042364456,0.005552566891256767,-0.7983802984375599,0.07089204452920704,0.07730989897265278,0.8655064181725858,0.1070210247770263,-0.1093364172213079,0.4539296552120145,0.4913535189296045
1,4.100787737829259,-0.3788039228430901,1.4463175638918027,-0.7023684756953315,-0.0006651226231895886,-1.0360962789612063,-0.31772097345267747,-0.42072250879055406,0.21369208812671522,0.2872304930433131
0,-0.7516030747115117,-3.0706485852694825,1.4491816345884756,0.9534258075191426,-0.891929162710486,1.2972366718611839,-0.22158692427671609,-1.238308601787916,-0.004758076859091401,0.07689251730425954
0,-3.6546465209910464,-0.6746485032611919,-0.9069858424189705,-1.5111614550881924,-0.29381187244775286,-0.4139519436619276,0.14207175093131647,-0.12181057962292166,-0.08403396106629742,-0.14852390223528206
0,-4.680211567785919,-1.1038569986411608,-0.25730808337424493,-1.2464758648741396,-0.414618156831915,0.15341604838559397,0.9062286985517489,0.6239965672123878,-0.044964545474403865,-0.3464937262116458
0,-0.5977816970769008,1.7856509172337607,1.4817361397638915,0.1778725801789626,1.5892263932028738,0.5892960549823787,-0.03491884017291374,0.015432815336387934,0.18638783439541165,-0.2575038805340063
1,3.3873307161969413,-2.9110371557425467,3.0072378634661425,-2.828287731225887,-0.5083464109461929,0.589389358861397,-0.8318224424905707,1.0185665582137406,0.5236228419338138,-0.09124027289171216
1,6.1498861291619855,-2.017652866366986,-1.5661437207319997,-0.9716461207775715,0.3363703560971365,0.3437245777719804,-0.07077573163957951,-0.6422621659981337,-0.013657353606886883,-0.398719905087734
0,-1.3250312721744564,1.4692940848379905,0.8484213908151561,1.1427664953934749,0.04782134117220576,-1.8916327823714418,0.02906707667821561,0.4182492964670593,-0.6300500551842216,0.057820488686978186
1,5.494152713034074,-4.165829427940759,-0.6012609666237132,-0.14969993809695303,-0.6255660691241776,1.043038635487363,-0.0704849318607944,0.8329178049745761,-1.0893837033116387,0.7428576618883782
0,-2.997403259356302,-2.7388608670266974,-0.16118377151948224,0.4131696581150598,-0.40554621067378,0.7240924590359773,-0.42274527067014545,-0.13851994788126654,-0.455694363159269,-0.050740761616149904
0,-4.3867327021309785,0.006872572849691306,-0.9481079767695721,-2.7980059181932813,-0.4457306104557312,-1.6880823905548832,0.2823637539069035,0.37264390484378596,-0.11054604317623587,-0.6649410903873371
1,1.2136345851985555,-2.0390389406569627,0.9806961835041927,-0.2389661155534403,-0.08576872042304293,0.6266563646564832,-0.35194023228662735,-0.2575633699340134,0.09814908786871152,0.3100292879077048
1,5.069661064567744,-1.7851524984060234,1.1736468997020735,0.6937327414064046,-0.6486557584840741,-1.978392332851759,1.5988725164027777,-0.4794266806628068,0.6595117489660725,-0.5993724403989511
0,-1.97770147582838,-1.8427792344346072,-0.27735960971359563,-0.5497499324969887,0.20689626479325132,-0.2838645351518761,-0.5541367229123043,-0.9135957908604587,-0.22369338653174287,0.3788168510016569
0,-2.5148764084935444,0.11425252455363667,-0.4966224505722124,-2.3543470290979154,0.6893751584164469,-0.04425895278595796,-1.0484258726604256,-0.02629734414811651,0.5061768168180073,0.3350089442945383
1,-0.9474879314577397,-1.6847534144086969,-0.3511862465941943,0.577210736133907,0.3415419387497079,-0.42263870724795644,0.035773641942785074,0.35304753036964304,0.8088414359727043,-0.48068458261354546
1,2.8193683719972014,1.265103145632869,-2.1531440868044336,-2.708459109445067,0.04004503997545067,-0.5662737539367718,-0.2674835499699932,-1.0654141586445571,-0.09332721893292756,-0.639087081424264
0,-3.4839862099139554,1.6196921462408311,2.675469646019339,-1.2536135556256858,0.598981089854519,-1.343876554516371,-1.0274300123595237,0.4433240013403952,-1.2901017949286144,-0.23482790213593777
0,-4.658729585832665,-0.22291456480724886,1.5593590214677715,-0.5110919138107746,1.8969406415029817,1.3473175486662485,0.2725684487166212,-0.16455067202315327,-0.66990783323498,-0.5375472147101874
0,-5.351618056994447,1.026758108022292,0.32498614790509656,-1.3686823019714716,0.9186616036126897,0.22103684306698945,1.1251520720576949,0.6379674248314492,-0.42502586077405513,0.057802505617899756
0,1.1708981500346065,7.014486265521308,4.271861402247188,0.33263951837736744,-2.9094447352606756,-0.3891475456991794,0.7141963000056563,0.5025605146208268,-1.2499837890108603,0.15121692207498177
1,2.956301887287749,0.7064217759099551,-1.0423355669828223,0.5221493608810857,-1.41363574476413,-0.26894289547088757,-0.9953714585447332,-0.21772890374021994,-0.23135470287405724,-0.4714422963931089
0,-4.975713764547411,-3.3862364369255813,0.43981430896492923,1.5775714970489076,-1.0337661458828693,0.926787545534078,0.4523648992945624,0.09181341033250989,-0.17947272015438473,0.10219292123327933
0,-4.06402563916835,-1.2461659409009442,0.5744779493466964,-1.7053932285596083,-0.6158643624138288,-1.5091338038375501,0.3332938107928336,-0.07764454811956821,-0.39659481640938776,0.26370519667014614
1,9.512669699480892,-5.603484406319313,-0.6372395167907691,-0.22422129321865367,0.40654383334212824,-0.8366144545133923,-0.7146629961297246,-0.8026292961696342,-2.161741393406567,0.02912482234782671
1,9.007165514503178,0.5810307879548958,-3.134715424454703,0.8622694580052679,-0.04572155679481011,0.725774146633439,0.8458901525200092,-0.5915398478230118,-1.0156212235277429,1.202654777366974
1,0.7588784428192747,-1.6085325096973133,-1.5150957283314277,1.0760599071142969,0.04923458171219177,0.09433153406203186,-0.06081191441832007,0.36557638999734077,-0.12069480564628995,-0.41156638561867354
0,-2.6593595534701864,0.5399359005796025,1.707014664829537,-1.2017515559102738,-2.3547421160874604,-1.0044054981422255,-0.26688959284099517,0.08946072719448174,-0.08502772048995048,-1.1925145918274591
1,-0.3900190077566669,-0.9892422676571322,-2.5851693427034057,0.7845269000183704,-0.7343110505838717,0.18373754548074414,0.6915822878007207,0.214829153949235,-0.09687018482142518,0.46094372502889913
0,-3.88906547599703,0.8160719408542476,1.0157176054691832,-0.8249181269548012,2.133572743203451,-0.7937245967013534,0.43744333227555127,1.9019515460598528,-0.3156339182701688,-0.10422379044442247
1,0.3648760580416964,-3.574461112408566,-2.2239785753412056,-0.2231683515961029,-0.7785306993309822,0.5102302649988558,-0.5627930073806379,0.23543879399155856,-0.32562232508524336,0.12468077089634175
0,-2.83589092774278,-0.39872948505514655,-0.3474448813283798,-0.8132475170398085,0.03928056960983732,-0.6355225418552446,-0.5978510407751714,0.16082326574099784,0.5411885902870484,-0.5136387998228829
0,-3.31028361531295,0.155741400895338,0.5414792245698119,0.5124842196174323,1.787878838361447,0.6958501744103706,-0.9106874904381032,-0.01985611728513289,-0.5342740162992927,-0.9633963160374859
0,-3.3573044209503995,-1.103732232142119,0.15208989999415543,-0.8281881191104808,-0.7342592854590749,0.6926264827157856,-0.18774899172307466,0.31689023916578474,0.06372749478422042,-0.2432508176756959
1,6.52311684673285,8.01116917654997,-0.32642416281250736,2.77179847528584,-1.5989319124347385,3.672119522231416,0.4671998620430656,1.3225058271012655,-1.946377589862655,-0.946913049085835
0,-1.7177351205116538,-0.5431655042163636,3.2983751932998318,0.08733084892451891,-0.0841737054951688,1.0050588536629292,1.0007106398835994,-0.996244533318721,0.23253025475183767,-0.11899322442663082
0,-5.565735895766555,-0.477847401224779,4.127462894662248,2.352491191379652,1.052460088202513,2.0935021938192424,1.1673881304455687,-3.953163022074722,-2.0611571961707584,-2.6720093539713576
1,1.7796615642962286,2.7765871055190394,-0.9427629182338365,3.0743522761247295,0.6951326607331711,-1.2013658497028477,0.6288403149850064,0.4579031869142326,0.2524062200156426,0.022234111867492034
1,2.611484922590799,1.5614216209552314,-0.21818702049777847,0.4927752074298987,-1.1043876403160264,0.005818851789185103,-0.863918036110673,0.20500696894549242,-0.356876657713379,-0.41159545590782975
0,-2.8190385231034707,-0.9701103952393061,-0.38259137684165717,-0.4637907087515327,-0.5517868097438068,1.2084608597647895,-0.36625979185011237,0.11381676566640986,0.33022353704406165,0.1980371436084946
1,2.498438926453876,2.2784828204605634,1.3194788264455084,1.180839004231147,1.8997295930365128,-1.700102683648015,-0.9038389987315418,0.4473731523672578,0.3400394522705297,-0.7983117237948181
1,1.2770271669270528,-2.4432590438796264,2.4663167189588275,0.12989032057950956,-2.155306285505418,1.2180659527449744,-0.01817766600804921,0.17860348376582308,-0.12499439518357199,0.5858863328650196
1,3.4731972904392228,-2.277848979689667,-1.2386842635856687,1.1131407043511155,-1.0092589956894507,0.3217731636826384,0.1681319934921339,0.6692836879835341,-0.8927672497851149,0.3039653431869621
1,1.2566750852720872,0.3823933315584417,-3.8383203246878757,0.7169200520151875,0.6511564519723403,1.219262699638913,0.021968554744386245,0.541590679806675,0.3377120960485638,-0.1590361792163038
0,-1.473431350737616,0.11689038525233865,-0.21466774072409936,0.4908089258259096,0.7138416379833857,-0.5411876238035951,-0.1669314844594424,-0.2918997724678561,0.5978811203865697,0.6563208317592647
1,1.6494606482651104,-2.102291037498858,-0.9752716314188222,-0.18804390231989565,-0.9168261521810869,-0.32970016766770455,-0.7278905788220702,0.6217186147079917,-0.447501646833814,-0.45054353071860564
1,9.036589455783211,-0.6551731232909913,0.22127992446753691,0.7647306050488962,-0.5648968707265027,-0.3322327520920184,-2.6706007419560716,-0.2611645798588956,-0.46295872358913165,0.43526528247232726
1,4.554590110299441,3.0866390960106003,-2.270404063271472,2.1911196247240716,3.4613550711491676,-1.1797147828931496,0.0130803436298442,-0.15797741825965364,0.5332230766172347,-0.2799583550432066
0,-0.781189940597884,0.6528493564356239,-0.6436568876262486,-0.21446821088451543,0.43767994340585475,-0.16048953508787173,0.187235118422236,-0.06818961136333837,0.5337580936219127,0.18956160328123967
1,-0.22309261866014518,-0.7018213809085797,-2.2707620260561905,-0.9986317501947765,-0.6464875265707495,0.04292901170449541,0.341180395072989,1.0996444587692957,-0.2806934679517068,-0.2528386456798774
0,-3.4548953509731453,1.3069389490295724,-0.02926417323151887,-0.33050345315069174,1.861911455291729,-0.3283404535328897,-0.44262826992973014,-0.03601947923749702,0.2867089776376288,0.1439680402016866
1,0.44654434366834467,-2.7877076781891454,0.44438231726642313,-0.47202850238764194,0.5299897997137808,1.6565901597542267,-0.16937071052707114,0.25622484615490926,0.48632160623243087,0.787079830984932
0,0.3144382698603562,2.07756073627967,-2.083311913427375,1.0685397642918981,0.21786968983930818,1.18984334691929,0.8621809351787337,0.2691049779061943,-0.7202122085277285,0.028053710192213383
0,-2.059191988973638,-2.4727875954760097,-1.461718807734605,-1.8680823163545834,-1.8385628595456132,-0.5250226151660873,-0.09890181274988205,0.34977282894257283,-0.2797001627506983,-0.5855964672697415
1,4.808969162439545,-3.0291030825950847,2.74401872404412,-0.28336343099012246,-0.19396499724216668,0.984984118389341,-1.5415616899349718,0.5377069208545665,0.4097088387164661,-0.6777691238473537
0,-2.998710518404108,-0.39677786191601694,-0.5964659203946755,0.2080447841413316,-0.5683598407800259,-0.37278628564462707,0.4029633504239828,0.24590949228796763,0.14780441265995664,-0.16913056333179466
1,12.285019620703453,-7.543410550602659,10.11242408878017,-5.19426899148888,3.8525072035543846,-0.8774991702438715,5.417219439195539,1.6029559936503617,1.86475681286693,-2.5614781697797717
1,3.372196796687308,2.5878251648394097,7.092074535405936,0.3674946715739448,-2.770574248518311,-4.217767060365335,-4.084684685707568,4.3623052705540335,-0.65867331560148,1.7074321458975938
1,2.508766363168121,2.6146483941436016,0.20638044109393902,1.8947462824718326,2.1247654002178242,2.465074480996951,-0.7767103095495859,1.5232294970815599,-0.5222573418912843,-0.2908699404462611
1,1.3180685277129163,2.154479502982683,-1.7866325603918822,0.010169608092927685,-0.1671522387664714,0.5690938227024924,-0.03761429901532238,-0.44491303121910003,-0.03356347689000998,0.07260737083231852
0,-0.38875622954239936,2.276797921744905,0.6273321398634094,0.42972710171958706,-0.11938048340380186,0.8498937533881441,-0.9042416301811576,0.40862019666187077,0.3856361296299927,-0.21924748032158298
0,-2.756932930243634,1.0868347542247916,1.707238119210226,0.5168313808875991,-0.8070229714597557,1.7854865506726558,0.4969132680602354,-0.96486317687506,0.6721457490910124,-0.23509282291646208
1,4.943580962997273,-2.848324564550928,0.9138787861793678,-0.33518395590589584,0.48332604570055065,0.35537524157646316,0.48486363926603815,0.32081810734317556,0.4435142170857647,0.7967814686235984
1,4.298077212408243,-4.666275286930957,-0.006841265762607258,3.6533847522129608,-0.1787034263074396,-0.9138735897599073,0.6715823398475873,1.2969934934304197,-0.019668634955815438,0.005751832628591262
0,-2.37350180055802,-0.7334023771483258,-1.526027433713466,-1.8533298890615841,-1.1831177083849325,-0.8578711665322838,0.6587213199565168,-0.06238484970145045,-0.6267196640123286,-0.6032509162032701
0,-0.9671902977534875,0.4384383224108692,-1.4476960935562795,-1.9903614701287178,0.09396647989157064,0.2930129942615555,-0.11255672424259298,-0.15334174557931354,0.018545549764740855,0.20601280869543007
0,-2.9757987268421666,1.810973949626922,-0.22343503175229218,-0.3916349783321477,1.5293708585618284,0.04680162139927019,0.446631407203522,-0.16593858478862192,-0.14990542878423813,0.19239650564078564
1,1.8032470103809604,0.1664609798217716,-2.6285995525880836,0.6437414148542873,0.5218826016822404,0.5697924110878486,0.33234323396735055,0.31460953858889606,-0.21613701452978532,-0.022939409041864374
0,-2.478359526422088,-1.4185762749019764,-0.3165331976332,-0.3285029057972739,-0.6620126467474137,-0.4467463320977593,-0.06841428725706018,0.3714952095832155,0.29329761095047546,-0.2995757670005002
0,-0.8260393274771068,-1.2502473033142736,0.26796105312354596,-2.3106262713849413,1.0148137913137911,0.901629922813572,-0.8023234411901103,0.026223028320810172,0.8697383504985375,0.15606710909089544
0,-3.8946972963513193,0.5385709880182623,-0.8815584957759097,-1.0387999593233688,0.8090290556359208,-0.6909990392923271,0.5066873971279837,-0.5154891392313622,0.08183653758827228,0.3679723101486196
0,-0.38957809440637203,-0.6144153935148992,-1.3528693142514165,-1.1751926420288155,-1.7898930202105623,0.9602688133561547,-0.04008052216792577,-0.0036624557641107757,0.12009941233450527,0.3600433389813024
0,-1.4573213503872018,-0.20172669340815466,-1.0988789187749846,2.00577467477536,-1.4785625048600122,-0.08537959022602354,0.604360447917912,0.5833426215624835,0.33735801855985487,-0.3475888701557383
1,2.755568080816298,3.4657735311771978,-2.4740509081643243,1.008278769808838,-0.15513597154930459,-0.7014087133910328,0.27025235142703236,-0.07247610341933562,0.49596918191215394,0.019194551178263183
1,3.257254641419332,-0.12520046502682905,-2.8960973203501976,-0.7495901834872809,0.35285578017954766,-0.8049437134650983,-1.3954084688282988,-0.6858293604155391,0.29478395802073326,0.3138846695212807
0,-4.01914026404827,-1.3542472374616554,-0.3604728661077538,2.635797592797662,-0.73524532454628,1.5182776051099045,0.5786052679366103,0.26994885108257305,0.830720819371409,1.176418094243164
0,-3.67641331089662,-1.2916289477497855,0.42461016867081863,4.601709911833086,0.7409085817371273,1.0397365300208632,0.676992874616452,-0.147419983744112,0.6774554117652787,1.239338693910976
1,3.3163240271002725,-3.9391523346250414,-0.20545393201929762,2.1182233807644053,-0.9699810494786664,-0.8908139708846279,-0.0926900964400473,0.2378193632105477,-0.6614774075823251,0.10945444599101768
0,-4.036607305170309,1.1625463280386152,0.18974804872760062,-0.940516911437047,0.5655988949815879,-0.8067387394764931,-0.15933765094714133,1.6090693821306943,0.07010003733687081,-0.2047839638435195
0,-2.3342333569947447,-1.3489795827143976,0.23268703989866882,1.212913845685457,-0.05157523529289917,-1.2367194009703206,-0.1742234135922279,-0.13416889890509295,-0.35882665039590633,0.29383637365899823
1,8.403847000088145,-4.153904994012013,0.04696895175665374,0.5518427407923391,0.28808040930840495,-0.5070592178012203,0.7191129012251798,0.6988202472199025,0.15954867540104622,0.5525325330287024
1,2.647568577527186,-3.951172989988834,1.371881177567259,-0.2078195024025982,-1.405054293562224,-0.9045129341228308,-0.3237684772135052,0.9986281145201011,-0.29319904774253225,0.30861723009573017
0,-0.6817688736807571,-1.1359911396634539,1.2336662183584792,3.8644999652948933,-1.4283530551830432,-1.2914291978405084,0.07533457438833523,-0.8257393075447242,-0.38951481574551355,-0.5528355893044617
1,3.3502957221992458,-2.1545701276087073,-1.108943972551464,4.349007561519712,-0.06238493500853544,-0.6857158526441023,-0.21654392552590404,0.3713210572598437,0.7306084067373171,1.4480554973233006
0,-2.2277205414441092,-1.2149994938801147,-0.19241358440163636,-1.471278158223585,-0.0197150727658151,-0.05893760801699567,-0.6902927741804341,0.13538969629615577,0.37732167108076436,-0.024605549493430367
0,-4.477584685580812,-1.7411291124910988,-0.8882070164680091,-0.7646527273272725,-0.6051398267456608,1.0045709731011012,0.2326685123996423,-0.025871698336372272,-0.08990017600493057,-0.13795892901526288
0,1.3226215812407582,4.7894764445419975,-0.6625354242464588,1.0211955195408304,-2.150024522087021,0.4504485438127494,1.1174161311299482,-0.3405648872202358,0.2299294680993378,-0.3978324015370854
0,-1.8500898752865975,-1.584128079932882,1.2639171431326879,0.8021025374070592,-0.7114117981414882,1.5966136935720383,0.08109949073356428,0.14969985811444833,0.4439837586477641,0.32159610535514416
1,3.795565623299634,-1.0262327228013528,0.8986356693742034,0.760460616960631,0.7578471932805747,-0.5227298704774964,-1.3884949955460422,0.09665473792419611,-0.8563265296650905,0.43038146677172945
0,-2.2813180374766495,2.0776861182456297,2.430649412985052,1.186060426615672,2.8590025910405252,-0.9990288247345411,-1.0897642361027942,0.7439216786199606,-0.6307832404352935,-0.9267340430637722
0,-3.2287701322685103,-1.1720733247896753,0.26466430269759306,1.0029444390796312,-0.894467936140255,0.629225068108948,-0.24996789604507105,0.3297501344075911,-0.42227941407134323,-0.7939770990537209
0,1.0259008972954244,2.361261868540561,-1.6168859604375805,-1.1459639264943764,-4.144478209188152,-0.20752849008773536,0.7360689108289211,0.6191413160402133,0.1426540988857034,-0.9046942627640984
0,-2.5825558218265794,0.7292132646401721,-0.5481426423533301,2.332079412159685,1.8352646546752656,0.1401659969437409,0.12196576924602334,0.2728627640963949,0.6096553456870035,0.35047134603704355
0,-2.4858832035384366,0.46059659323751423,-0.5989201285126164,-0.9987175976785824,0.43032390186376096,-0.3796217210004623,-0.33155234717037607,-0.47841093136544743,0.5791897303683281,0.023224377240649983
1,7.143842000074329,-2.074842474596132,1.0883871684045254,-0.716333564412481,-0.8199008219843742,1.1445484272178483,-0.28953728601800083,-0.019306442573321973,1.2165615380340908,0.3079476339148892
0,-3.0324811583429443,-0.6494686004545186,0.31068289442302266,-0.580282359123519,0.7328848157223599,0.5720082482565801,-0.008425237460231114,0.04888697333825988,0.8117963540810482,0.10616028021405956
1,7.0850106928933,0.5282229385779846,-1.2799873073430055,-0.6515636619970443,-1.8538245195287761,-1.8112997866683043,0.5354687155900711,0.9531684555342755,-0.4389790117417475,-0.4044832970894283
1,1.3140989587862058,-1.7754257538350795,-1.6726317040276992,-0.6946201674503066,-0.11281045271298636,-0.08752907686736103,-1.1197517553943102,-0.34592560950550805,-0.11514050566152573,0.05856564979718697
1,3.7116494431273046,-2.8074771095268205,-1.7561935922819445,-0.9041053899642599,0.07098637488352139,-0.20618867112001313,-0.20422640252653043,0.34477374366961844,-0.09848177949151528,0.10030178679157643
1,0.46047909139031695,0.394166378885675,-1.004698356162908,-1.0753881885981005,0.42753490509928327,-0.0914070134546433,-0.5446880572021999,-0.05274247526378815,0.4391784781749271,-0.2766454843222157
1,6.3926498904148685,-1.8230944046023383,0.4798494405862235,1.6964608882000018,-0.556677428624335,-0.10677243999014276,1.3422276879984918,0.26605631246245637,-0.49053045883196644,0.6892250447123673
1,5.255545086183212,3.8945308339417033,-0.8338533949946021,-1.6816007513838915,0.784327445392021,-1.3870889207798807,-0.11000109548884454,-0.950251915855737,0.023693886635588732,1.0789801514697746
1,8.733861561807023,3.2798770394248296,2.9036995771355425,0.27718870404137874,1.0618462946963965,-0.5676913592691751,0.7901842820847687,-1.4345687716425604,1.517596457126183,-0.1086372874800426
1,3.6913178682746355,1.0656459767059479,-3.5155892049407584,4.773196963649272,0.8024837076880553,-1.1415918971439347,-0.003968546839739654,0.07517837241641943,0.5626391651913143,0.6864113501351281
1,3.3782507760994696,-3.371227909525207,-1.7667778356083628,2.077956870491669,0.5977814432563058,-0.4907821807995008,-0.8248325823875836,0.2990116725752268,-0.48620536636892464,0.6834241347681346
1,-0.840209728514797,-3.5000849126888265,0.18248365226837748,1.242572632708871,0.10851700580829265,-0.4169999270491051,-0.24964312766733612,0.20729968775284008,-0.34838177774956314,0.3476927931402972
1,3.284372638269305,-0.9906733319453932,2.554386282342932,0.12282704456285755,-0.35083802673964437,1.477384059109143,-0.0651665791243084,-0.05307353306626688,0.2643514632565342,0.7562718576273088
1,-1.9087689978664515,-3.1219456573815556,-1.0630562011855238,1.0620666362001436,-0.9572966397536024,0.32853505801767324,0.029948665207340772,-0.2122360307463282,-0.0680872851299658,0.04408692245578739
1,1.6147818509466123,-2.4745732690881326,-1.9911347230871619,0.3790910658292523,0.44324880876174433,-0.24436695985373047,-0.6673852661370557,0.2609621855261845,0.6187462624849708,0.32627612165299485
1,6.619726199736388,-6.003276578429198,0.9893776182978675,2.8867577030809084,1.695383671658316,-0.7996731262393733,2.287667475097794,0.44528990609414565,0.6410107494433082,0.518296678499097
0,-1.4646758925594354,1.6866318888524945,1.1699060393640333,-0.325662004639077,0.46487310212702915,1.2484191142373946,0.11576623787294336,0.1441603474358947,0.3609718555021461,-0.49069385564175516
0,-2.012152435245157,-1.103486479452146,1.3380240114939368,1.6156795962136643,-0.6917212869126307,0.5411902155826066,0.09314599463937671,-0.6165005550706625,-0.21169536307252068,-0.20782855619669288
0,-2.284340254034858,0.009493803325269539,-0.45043936079414526,-0.2957796194641171,0.8038675821784782,1.7790188614472144,-0.43526593285179405,0.09779241149530116,0.14946545835020197,-0.120557821710389
0,-0.7397429488920194,3.152520583140316,1.4698577634912966,0.3148935795597381,-0.9476895531165708,-0.5314409973962922,-0.2797753281367246,-0.038403762859996644,0.0954291254439366,-0.3090539198539949
0,-4.506562562630849,-3.169272360239514,-0.18806164003002587,-0.3911603657515584,-1.385206543300871,1.1387788948530981,0.1494041083406706,0.14201297092780163,-0.42971979179848363,0.34854360101196075
0,-3.158754274984656,0.4103020186170913,-1.1088169960324554,-1.971618894385792,0.05858741797542099,-0.2824146714974031,-0.0792682441916968,-0.044303572391100596,0.2585695908268577,0.10908397712476568
1,7.676149410225122,-3.075306552410435,1.481959225496593,-0.5524019500086783,-0.8862052443525145,-0.08252741583447352,1.6521226633971926,0.13499970750293525,-0.24287252888687028,-0.6492971413353581
0,-3.639135891434616,1.5895872720871538,0.7162800926652259,-0.6703849912860302,1.5773310654247146,-0.7452731283871399,-0.30654706726820563,0.8370568638655475,0.36847334628568573,1.083053513745028
1,0.3373454359191375,-3.1443734028135464,-0.11572158080949262,1.8152951552478969,-0.03529341148145143,-0.7162120429785951,-0.05513300734000356,0.11949795239419155,-0.5550035016293852,0.2716536243030635
0,-1.276583345010349,0.849053138247614,3.0700686611441563,-1.1664968694427003,2.6781236843358163,-1.3605087055387786,-1.6491278839958556,-0.8449883228054994,0.4059672353163273,-0.13801950359718343
0,-4.346014053001692,-0.3219777893410492,0.3884750323748673,-1.1071470012906393,1.5033327413344932,0.5377920794156426,-0.17701713884035802,0.08755676147868745,-0.11082640567768279,0.20131806828817145
1,0.01743071764034183,-3.4593431821473795,0.3069208583352277,-0.47557000255043974,-0.4007366979108677,-0.15690745043429163,-1.8742151440750907,0.7800822846917912,-0.3522329138839214,0.15920308514783107
0,-3.492426090512251,-2.6340821912563612,-0.07218760384515933,0.3079776261676747,-0.5250158379069051,0.2333897521696346,0.11357291264933783,-0.4638146100929579,0.14710413458135252,-0.06305517884819099
0,-1.8665488795650713,-0.9020640290936683,-0.8711685111487694,-1.0288144760201077,0.23187723043180233,0.9163083656606108,-0.5687842459653512,-0.9328531002975916,0.5271936273183633,0.7328946457264972
1,4.960268073032885,-1.3411231441099758,-1.4570533894341773,1.468198123842209,0.6124600378344343,-1.0858065508709722,-0.18592110391710048,0.8054988203897623,0.27105711688649736,0.288639906517746
0,-2.470722684693951,-0.13802610328433865,1.7948855840199065,-1.5476268924091348,0.6973620179626941,1.868577475150898,-0.2547792950749843,-0.03828892253863132,0.9747045141565707,0.3251683379058944
1,3.7850600337251956,-1.9019074166999377,-1.7442418187949427,-0.39228466014234453,0.33927983564387987,0.12968390624186635,-1.2777068417102824,-0.05449207947031608,-0.2973400106669257,-0.10264971961984357
1,2.6372557884349033,0.5771549526766079,-1.9946999199604767,-0.27254940060646965,-1.1967678455854631,-0.4878624261759646,0.03940605606552283,-0.9472165422471277,-0.6347295365855441,-0.08925648760236328
0,-1.3726850000160826,0.005805507590415697,1.549289112718415,-0.5844394409428578,-3.0048789173141794,-0.0013720152436030506,-0.8131476105283989,-0.2986887113634049,0.3340451509083857,-1.126492872352103
0,-4.138882586787423,-1.3765080325011527,0.8780487298154235,0.05985634115858583,0.5975965502087396,0.832096190830681,0.36766738681676026,0.004489794282825489,-0.5778793415988608,0.039749195937370536
0,-0.6869401723337268,1.6950095740285482,1.0262125354955067,0.8754778738526212,-2.174675732416155,-0.29678821800462984,0.841094782422032,-0.16355985235330675,-0.3377514315898503,0.33118386547109946
0,-4.312129601841616,-1.9784859105733088,-0.251306505294581,-1.5749115088303642,-1.983410961850723,0.46820750960342494,0.2452359771618233,0.5247461333753992,-0.3430933160028353,-0.4214779380731199
0,0.4033095455660445,3.723433914422445,4.586469076565288,-0.21591086603560572,-0.807801674457121,1.8261268230283922,-2.4488505322137404,0.6373661894819106,1.0275279295169644,1.983872322325042
0,-3.0036057738491824,0.3541603706646701,1.2340151476930181,0.7174570639214506,1.312561991533276,1.9968668083649965,-0.4478905287091145,-0.439379538897912,-0.15447573325473013,-0.15367618008344616
0,3.1340086112277197,4.273459083982939,5.866278512050911,-0.5965837201871886,-4.201027167287433,0.8712700267216064,1.4300717642006875,-0.056655117317396544,-1.7738909074347995,1.6764051370364927
0,-0.41783688053200624,-0.8085764750682557,-1.0932914607618136,0.08972965865435727,-0.25706914068302106,0.24558883870252493,-0.25350349824260443,-0.1314548795829248,0.013112342983265255,0.5290558427481417
0,-1.4202230719632167,1.3939782295363157,-0.8369867193044109,-1.1054451404475756,0.36440090154617294,0.08946601202974863,-0.2634751330369165,0.9647057797949017,-0.475969629696525,-0.07825358088129089
0,-2.870588355684963,-0.2686443115102745,-0.46898707729826294,0.2455036376750181,0.5579191110419439,0.41445102444546467,-0.6574578556615057,0.38991755039182724,0.44783094710599175,0.1299495105954904
0,-3.365845720130129,-0.8076003649650942,-0.8070791860008371,-1.6636860555115298,-0.050586124034345245,-0.656633067320471,-0.18332625942502478,-0.3027871635901467,-0.10696037583594226,0.06050031313867624
0,-3.315000175338306,-1.442175997674078,-0.5836324300084524,-1.7849309058737257,0.01927281254117775,0.6299780497249298,-0.005970834063495627,-0.13443559711903422,-0.522201292318008,-0.20684263973337358
0,-4.769710128615938,-0.5429616503092302,0.8938680602035479,-1.73106150295349,-1.0017124462398352,0.9637677489772539,0.23667689405218814,-0.701538013814851,-0.6680464256298508,-0.8416932900356593
1,-2.3858827543459653,-0.8241154183006615,1.9839636690935505,-0.0552552848120657,0.5057280288712808,-0.9895633608588598,0.5674869467737144,-1.832488033465531,0.6946400481395906,-0.5476970221022971
0,-2.78709605368982,-2.5330338500260323,-0.884034530685754,0.25967429506208456,-1.6478325482040357,0.9434646011626069,0.7521730360481691,0.17526122483350665,-0.008048688145776648,0.5002677013821542
0,-3.393841756664127,0.7539641216125998,1.771793816899227,0.27667364359509783,1.085902471430847,-0.02878658856012513,-0.4136049188272595,0.4493394359667067,0.0659957456000245,-0.0980256668551041
1,6.590235918281146,-1.4848626154379752,0.36133988282382895,-1.188446162249096,0.12091124698751035,-0.8927969696336474,1.1718532383495608,-0.24084204755003144,0.4015844634495501,-0.7919774345707662
0,-1.455330471459863,0.5919429056586064,1.1463403193601533,-0.07901736783630249,-1.087738901932334,1.0579797735633336,0.06425098729379158,0.1747384255729228,0.16245427175279273,0.12122090436412776
1,7.18293311470177,0.05514579842449817,2.0129178406036132,-0.08277585610097904,0.6657817353487101,0.42460344238992315,0.8016688344431837,-0.6900591362435322,0.17997257145901108,0.44025096179878687
0,-3.5788353586088566,0.8915831940542671,0.2614875959301159,0.2540958374987021,0.5995930961424796,-1.7658712076913485,-0.3092182051382581,-0.3896669770977228,-0.1950186262131586,-0.4742922646532977
0,-3.057032617080848,-0.17921324280631876,0.6217734629893429,-0.26139849710512003,-0.8967352404608521,-0.5245687101430327,0.7093636638271518,0.1397482626287219,-0.1650139707540435,-0.5008427054436064
0,-3.074435838098306,-0.30605832738111843,1.2592536847540767,2.2086268702085494,0.6064112601455504,2.3580672186329013,0.013892004359494,0.12957710059901484,-0.08514218322769322,0.21099461838726483
0,-3.8535397409191297,-1.5247262019407095,-1.1445096253033111,-0.815050774386304,-0.49305118664328523,0.28760514641438195,1.046761348963039,-0.04838834105694246,-0.37363928496632326,0.5407098430402066
0,-5.390256367844606,0.5562557393298938,0.560070236570167,-0.4718552684336793,0.3997982942699667,1.4766592408238837,0.9505020082519604,0.13637329120914687,-0.29330791952187646,-0.0729935432914566
0,-4.657682376753576,-3.0653871777008206,-0.07600908627890814,-1.5085166221822113,-1.272815182640085,0.5556950469989258,0.5525496412725085,-0.09941091519230633,-0.4774253937328078,-0.27195637455348576
0,-4.027542411480278,-2.542906809239107,0.35321720139608964,-1.5143876877154143,-0.6674984672893876,-0.09625757532628156,0.839768533724514,-0.3333589091131838,-0.012542369024602134,-0.1734397630696763
0,-3.3478219481135945,-0.06856284888149858,-0.2701930951491645,0.6276365071758403,1.125687383380774,1.3499855413242792,-0.3753641425368635,-0.12146485102785862,0.21292470386108117,0.21898010271328858
0,-3.2998343159217742,-3.1386879817240017,0.14890846810223635,-0.7424920095724798,-0.39447071377601695,0.6412689178473041,-0.17141131009829355,0.041500492406952284,0.012845914726211332,0.232485717080278
0,-2.1364041006278267,-0.004392720527283279,-0.05513894914417024,-1.788113109235509,-1.3004451892659001,-0.06311751472468811,0.41476681380023345,0.29997873394558294,-0.0725815909386137,-0.0725131150917369
0,-4.038017138189395,-0.24069780533112045,-1.3281265703632033,-2.440232370038582,-0.2773887659830426,1.693652067388434,0.41421072376799856,0.10558744922138619,-0.011213739527930864,0.09305263077796197
0,-3.765414389591146,4.398200608348734,3.9502082801456644,0.3072692252137492,4.789656115393571,0.9662756430941417,0.024302159156674247,1.7465844031973086,-2.6186797290881896,-0.24277131481066394
0,-4.871239417462599,-2.339214517768972,-0.16829475028437385,-0.6948900540828132,-0.820938868237277,-0.8244920420550494,0.24284663725534666,0.06748550517814353,-0.33947133455520784,-0.4698740842416968
0,-4.747256308921023,-1.7984229007922403,0.16970435502472178,-1.5516097725480622,-0.5351174683434717,0.7915847502649423,0.05813052506423873,0.15164433671314623,0.1657350989558186,0.0738448871565784
1,1.8953162192945947,-2.392237951665289,-1.6764912959687415,-0.7120284428735897,-0.3834016418074774,-0.3924229091478764,-0.5987178652597168,0.09283319651008963,-0.0954451702417774,0.38120237003495144
0,1.5729313190590857,6.509099140253127,2.167158948840866,-0.0300756882884211,-1.0534115659206793,1.1089430089251915,0.2537637607699906,-1.0342039034337676,0.7258517668653497,-0.03727680134469126
0,-4.026620246836263,-1.4022063059898748,3.18649998697695,-0.01955214651753952,-0.17964887209770802,0.9192955199237819,-0.21099313581679546,-0.5113932478759223,-1.0105267274178091,-1.044507595259526
0,-1.2948660216590857,3.4708086694950904,1.1095280074711773,-0.7666793267037095,-0.21051017688032014,-0.8404568243915234,0.21030449661291298,0.007387303645159846,-0.5747566799929407,-0.062391737137657007
1,1.8348403653658298,-4.321522933858295,0.31668532893647416,-0.997189630764748,-0.25468842345571274,1.6548001876813092,-0.758875546967999,0.32602861766253455,-0.08324972446301677,0.7066451501702692
0,-1.8103805340140917,0.3962074898256865,-1.2303339345694513,-1.276656414585862,-0.007076724601355408,-1.7824078922206075,-0.1291738974914765,-0.7217876326289181,-0.1738600937163464,-0.5804354147375863
1,7.2364852725594835,-0.03570194201464842,-2.8410665137760303,-0.03864158625762742,2.454737080970395,2.5000209820242656,-0.861678827347446,-0.08940881673501552,-0.4233544543511096,0.7635115915930452
0,-3.1456501961501595,-0.7425263362688139,-0.8623513985268596,-0.7551637723150638,-0.3001248939947271,-0.16553738813114108,0.6998576578986362,0.028332023129419327,0.08041881709037439,-0.047292488316958835
0,-2.887268067017161,-0.46473140705345406,-0.4757430950597618,-0.7623018524537778,0.8532163741419311,-0.3062886925597614,-0.40856911186553524,0.011833540518848551,-0.03934984768516995,-0.14363539836854686
0,-3.1496539947198943,-1.771248169939477,-0.035833549187076076,-1.5072397807621791,-0.3533041066169636,-1.1630168123787012,-0.09411204188398715,-0.10140168513564227,-0.8187356512802455,-0.44939992950546037
0,-4.628379505393887,-1.8356181327033363,0.0642309963753532,-0.09419331905634912,-0.8004592323140886,-0.16962052105344028,0.8792930626734704,-0.07564058726222848,-0.23813783233909716,-0.06489698593547757
1,2.2505103533464452,-0.3485359105845257,-1.0647507249929353,0.23175950515824195,1.004500642168349,-0.8745519927430793,-0.870684583348028,-0.6022404204416533,0.31734879151022866,0.0802664144465648
1,2.1078012920882827,1.1219738672982809,1.7751582721181984,-0.2626750622524378,0.9608108890197485,0.05684988482527936,-0.8516756762644602,0.5102121355501678,-1.0750286270726122,-0.3661184703158711
1,1.7859499689380736,-0.2692216074644007,-1.7225153330860534,-1.0326871875947194,-1.1851102377896283,-0.1304785791957669,-0.5503743419689646,0.15411059326515306,-0.06935786750742053,-0.4636812145279205
0,-0.5276965700896351,1.2658716637108807,-0.9204411485784094,-0.42947167663070746,-0.5607828469156579,1.2521714674528917,0.42169765732269227,0.8496955574953939,-0.05229346854500988,-0.26132723577419276
0,-3.2135009602779148,1.103443342031195,1.6119816147310675,0.48643412323247465,3.45924949418346,0.8597649687467052,-0.8435038102684504,1.0336346608122353,-0.8975405024759209,-0.49946964719085357
0,-4.386420466879331,-0.7611012976909234,-0.40059550431505575,-0.5868570378842431,0.3765754791570888,0.5357665483889813,0.7327436393603282,-0.07065374881383814,-0.0014946059539658776,0.3049272455177678
0,-3.8100178742691555,-0.9099183543375673,0.44316777974843236,0.9504232382326998,0.35163569242457565,-0.27774465487538796,-0.1028947516486791,0.25175451923962344,-0.4179041758479929,-0.11232761492797802
1,3.319673945390519,-1.5770528871178595,1.3607285813674301,0.694143277339171,0.9089300362725038,-1.1722173450772737,-0.3372857746986641,-1.2228646526222275,0.6272055301056915,-0.896021000547601
0,-2.3932758848150204,0.9900308842285106,-0.7575100339653843,-1.5549832616461643,-1.431457774111526,-0.3431905296946686,1.2091429489098413,-0.475485330806237,-0.913905523251627,0.563966453779488
1,4.6801662441241545,-0.9685930728523999,-0.29127234785519357,1.0742723487881995,0.13255697427003535,0.5036913473176915,0.13320074466679746,0.8326797341009256,-0.3378290109922774,0.11362898753665716
0,-3.067695106248058,1.1358377538593856,0.3746227978600449,0.6268542720257062,1.4436937522677769,-0.19183728712791656,-0.16990872182473174,-0.7595169739052983,0.2416312776101803,-0.3562329127898897
1,7.353218456852532,-5.2426232901183605,0.31695576285856525,-0.4320397657671345,0.7060342164095476,-1.2631864410262263,0.16917599795906826,0.37914797780894416,-0.13865399392137842,0.3761307789911608
0,0.2953131917784402,0.22693509377302892,-1.0894165653012093,-0.9474228765105693,-0.729094596889881,0.5800104550662251,0.10841342203582228,-0.2572169074061849,0.25603424770451444,-0.03973549926815418
0,-1.938969430884203,2.5449881886158936,-1.0014235530626072,-0.02573999572344913,-1.2060991743385188,0.7321003243792708,0.8164749710965129,-0.12364271189691503,0.8122593661409274,0.01630853544210214
0,-2.077178880924839,1.8065196515297364,-1.167079200427299,-1.1422298157708546,0.4135715516031528,0.11823725221006828,-0.09909277390588224,0.18433992470274804,0.04048076576504023,-0.4331213829118575
1,4.9751623106364,-1.3325723213673386,0.8709775655369719,1.2921314288840005,0.9619686862778214,2.5813129133660193,-1.2332040902758163,-0.7129538561045179,-0.7762625583840747,-0.9214339246700565
0,-2.1769168429785326,0.9589114588435494,-0.23426452747461063,-1.8544725322942963,1.4817809147688283,-0.7693428393932461,-0.38973841181691726,-0.01881688941869397,0.6249007417010657,0.6551838690418774
0,-2.4315513102267228,3.447203939912419,3.456945060601044,-0.49365957090410356,1.0457566118424313,-1.008839692710523,-0.3755650000176583,0.9338966263970417,-1.9509211718901194,-0.6497693518289198
0,-3.367965772081826,-0.5629287138614134,-0.1925735788066009,0.5703792608232894,0.3517285432478004,-0.040263212559445476,0.48849052484899763,0.6233128596970484,-0.30405205933989377,-0.0312378923332175
0,-1.2065978055531947,-1.317044202383995,-0.930740755804746,-1.7047901030874024,-0.7187193731321154,0.6381882714624999,0.1716782316910336,0.6055699617256658,-0.24941396309755423,-0.4079819432579246
0,-3.3260792179717935,0.4751717996728775,-0.8982855503912847,-0.8134878581591911,0.5853795909962811,-0.8823895441928441,0.08414322130426026,0.9518594228918571,-0.1163405834256503,0.114981577845331
0,-1.92879536219884,1.4614699646618547,-0.10064216568304273,-1.8207639615984677,1.9359414290450623,1.3142831970609297,0.1203421319877838,-1.1935637373359635,0.23968957214035364,1.1672674620237937
0,-4.041835091420579,-1.356917256110601,0.5383417409580399,-0.8339119727616872,-0.17874691912840984,0.991709879965289,0.5653938754261182,0.6672052343273336,0.2394577788212631,0.34938985924972754
1,6.182283858908036,5.108005186608176,0.5211406360936103,-0.940738849560653,0.6065250285802092,2.4615948380842583,-1.4682106216920474,0.26865067195819875,-0.8092541007055502,-1.0652625200213914
1,10.934298048188898,-3.703254343257825,-0.8916940821649163,-2.3435075775262084,0.48878628244778455,0.1964364523779646,-0.1097413897306916,0.21984219427776194,-1.7630273585815373,-0.4622728123698016
1,2.118496958808673,0.29662902600527097,0.8674854026082167,1.45028750239946,0.5395099289556785,-1.7333730821776798,-0.21699086544014304,0.8628991689550998,0.5890328287682489,-0.2736618106811513
0,-3.0121949131679244,0.24376006406927822,1.9837329911693031,-1.679725827316244,-1.7036737903594805,1.849805533511981,0.4983430412034451,0.3194017527450604,0.3588963866661718,-0.23906215733507172
0,-0.9826485377356923,0.7972524193531361,2.369421155131736,-0.15692265271846476,-1.5464302760561743,-0.25332224756055205,-0.9265807726921084,0.24807442137245908,0.07175474800825873,-0.6726997737175358
0,0.35789394347515535,2.1278386321267613,0.7082090948738979,-0.18474469506643323,0.1025698579815515,0.5631985620625215,-0.9873750173009705,-0.5298454974710016,0.008718357206336952,0.14526197881721098
0,-3.193917888778597,-1.8491518741587787,0.0993984245704744,0.022782417445163666,-0.17900238958957196,-0.4928166190480324,0.177699207743049,-0.3731513915364195,-0.6435991327239409,-0.3500411027284629
0,-2.993233231361847,1.6313923192877757,2.5567180863303514,-1.3458869511915588,-0.040740536645779556,0.6169901367948635,0.5132242605642076,0.31280049074484234,0.8066491433307951,0.18409620860338388
0,-3.193914124791536,0.5793396234190277,0.4897644165154351,-0.04459404358211039,0.7236070426520903,-1.0373975303619927,1.2905868119731212,-0.2556279516922347,0.7463710554652603,-0.7854369974012138
0,-4.591961392614481,-2.7611262047271987,0.980543312241688,-0.36283850714590604,-0.22008259216750625,0.6905044175114993,0.3413954002801825,0.35336358905460613,0.06587958735476264,-0.08888903291519291
0,-2.4859161783893926,-1.1889392625990967,0.3487768372756517,1.256291884992293,0.12939381317700596,0.5395822477357072,-0.14631447471590936,-0.3833830046265475,0.07089005363499888,0.22214814580711384
0,-2.398665350667312,-0.2507446218072605,-0.32713766257813026,0.27737294346196517,0.35481439173712936,0.01937291580829846,-0.29243390271059866,-0.4614344603107934,0.0799652315484242,-0.022504349010673195
0,-0.7796152416087638,-2.124343295976141,0.32078900025234586,-0.07924893621271871,0.08580984730076265,-0.8931305626754504,-0.8866105695875819,-0.08567133869893373,-0.7389390576003082,-0.39066799912037464
0,-3.139988447004767,-1.4880219635441614,-1.1988784725332025,-0.45344963564590846,-0.8409018114869146,0.3229171601490112,0.15569679500042166,0.2939856596901949,0.07192953502291123,0.29541625248084435
1,2.7350116778501636,-3.945168215219704,-0.017169487716149488,-0.3001108747872026,-0.2832671704260232,-0.5773145181133927,-0.6635511003850906,0.33578227285048456,-0.45609394016888005,0.3710595634557638
1,6.227025953611986,-1.390109908569745,2.7342371589685084,1.0931617736424126,0.5826577098796132,0.9889297555532365,-0.7977453303043043,0.2461068685793596,-0.2730256623872403,-0.3654952959875668
0,-2.223775757075932,-0.35716053691648986,-1.1016821941806518,-0.18622271896392828,0.23927497257845884,0.39849090210932675,-0.06455927977965396,0.5614669822664797,0.4680900512524004,-0.3929697836592534
1,5.307139875123272,-6.723415014529668,1.4856649455178366,-1.7765106726331927,1.0735540976395552,-0.8330773433071962,1.4932899918489073,0.49697915851177066,0.7089679889940467,-0.01696767013497427
1,7.2480009789348765,-3.6554693063047186,-0.15570211009682294,-1.226828891669034,-0.2975896209710442,-0.478343680733245,0.8450063859643199,-0.6367241314023314,-0.20503900223264215,0.16267620751429557
1,4.207220623373245,1.1762427565341784,-1.5900182500781057,0.9788433826446641,0.11758125492170522,2.6701704981015992,-0.9416175679671689,0.8706116936699448,0.42375226245544406,-0.4383720101468339
0,-2.4996364091696823,-2.018535431400342,-0.7312745217897934,-1.9850235198315447,-1.1359552705977478,0.6178191377870109,-0.4797269579690101,0.2208730861640444,-0.3237088103190634,0.37207420434148164
1,3.6350149223945234,-1.9564409666140687,-0.828775236816687,-1.379752822418822,-0.9944205184202958,0.25385494051085744,-1.1792832768233061,-1.5199896866125728,-1.8252344600116728,0.5342725519886047
1,3.519248176818105,-3.8586070933378123,-1.0225290060054684,-1.3841434729463575,-0.3206639437862504,-1.0310282643388442,-0.7473751915008618,0.6959352531242351,-0.3786947078804552,-0.3921533509342427
0,-2.614948324743907,-1.1024742824965759,-1.240735949508372,-0.9094766268605262,-0.3784804223149438,1.618866909722397,0.09393171514512982,0.3445838570990441,-0.06669415986542547,0.522156464886736
0,-0.09610810546534407,-0.1298474984004538,-1.6714640793371125,-1.5274768632128903,-0.40306696210629595,0.7766605542949936,-0.2616877111415077,-0.5374353243127491,-0.7843578189789139,1.0024790832852257
0,2.0448571841714407,6.426819575882899,1.2741207365753613,0.109740968486109,-4.602716652834872,-0.06264240680522162,-0.32200231621611164,-0.8862776132373282,1.2385995329218247,1.2865271478181022
0,-3.0667495735744774,-2.182095560150049,-0.2790627925088583,2.9385572390837718,-0.4732349926890243,0.04897970489239691,0.31423117889317775,0.557522957508245,0.002153862976200958,0.38510739884457557
0,-1.6035863971749453,0.2925963222926617,-1.5862255275430301,-0.9096986666721635,-1.235868731245028,1.0351624301226565,0.2982598894069485,0.7755621339562506,-0.4150331694139812,0.361494909231541
1,3.7659322430570397,5.985295289950441,-4.880361039157827,1.1208727404142074,0.5642370828900646,-0.9324417538124486,0.5563824681327135,0.31556764544473914,0.5687360144335414,-1.3316810640417662
0,-0.9255665444945842,2.302481584136118,-1.596111545910395,-1.676238217073701,1.4269866509653353,-0.4136026518701915,-0.32685561543033886,-0.8422874402093596,0.2817151862528478,-0.20948018660283493
0,-3.2883495907724107,0.20131152376266345,-0.6277561530772997,-0.6128346981774718,-0.1707681071962227,1.5132351285854777,0.11088405395812335,-0.29513598832408255,0.3467536548256459,0.2915717273326362
0,-1.5548520527797285,0.9798576669898463,1.1965593320266612,1.7751764915893524,-3.4991256141816773,0.3122340346036684,0.6416070529527187,0.019769722957997917,-1.0820597953324438,-0.6102891633386284
0,-0.3987798128022232,2.161212710658474,-0.9456051340976797,-0.3724812605620448,-1.0126504758857569,-0.5361616156066003,0.8246303688380137,0.1697712484939834,-0.2565455093340235,0.17366765932586706
0,-2.3005678279249078,-0.9320774215125709,-1.1299532570497925,-1.4523768748463213,-1.5556400637098715,0.5146558081866429,-0.14018190310080447,0.13443802555566156,0.13367093274205744,-0.39357204208780877
1,-0.5429013826147536,-1.3170678409014054,0.9957545363135362,1.484875409631531,-0.2029785707510808,-0.6347794293377054,-1.2047170801493963,0.19364966385674082,0.6119569401826983,-0.20790432516244386
0,-2.0588194094193395,0.3204352287114841,-0.1224585272380147,-1.0208602140940066,-2.0791674708471377,0.8376369863678645,0.5377202179169421,-0.12102660194612906,0.12827081947414531,-0.39796068072868046
0,-3.4245180912877404,-2.4455182348792817,0.04504869532238973,-0.786142195618096,-1.6031821825771584,1.2707487337672887,0.3372027261398803,0.14414180301224067,0.02197633043888673,0.29412217591030654
0,-0.4724063207565537,3.702829315576883,1.9537844343163158,-0.9963171273352105,-3.8143958200699757,-0.9040766384290103,0.7054873967364528,0.19847312721195662,0.17379568453772282,1.4361332427533184
1,4.703500765292657,-0.19595593974288933,3.7570328931589247,1.0042278949140562,-0.3286515890310476,-0.2525823742452541,-2.594846946880051,-0.9890045675878126,-0.2617053008683274,0.14152867642780598
0,-3.643380211952683,0.7868601609666342,-1.1621455235412586,-2.098874912560047,0.4240683496742969,0.15623052043503835,0.32449301510629314,-0.19025422148714283,0.24210149734559638,-0.07301450915799682
0,-3.594689207018671,2.60508737245137,1.8520298767515215,-0.08988506042829075,2.442539713741449,-1.8504752682687649,1.5489490172332003,0.44442371753383436,-0.6212215052257059,0.8833779191357489
1,4.149097353755671,0.7674887748940665,-0.8879746205152479,0.008369628806266786,0.6049797480332675,-1.0170897797956286,-0.005024113400186107,-0.3168563428214184,0.5645796650027884,-0.6161882454415514
1,7.6721415092678695,-0.8604843480450399,-2.153650204508253,-0.25472343559810634,0.2364708323656164,0.4860741542717032,-0.403298062169486,-0.3728219783770797,-0.9272566088906904,0.12028393370089269
0,-2.0103794142481353,0.4296897362004643,-0.10408852638973827,0.16029231883899378,1.509505889840933,-0.07670650543251861,-0.5416181542134342,-0.3981433686082513,0.11318164374454684,-0.16780973407013414
0,-2.920833530264075,-1.7004722934394811,0.29572732635454324,0.41417683904032043,-0.36392014134536943,0.38680690853891836,-0.643236471480277,-0.7502140758521046,-0.570457753576804,-0.1440931353902546
0,-0.500737804334067,0.10673157598232366,-1.0287478490482727,0.30488467355818444,-0.13912128551951147,-0.7447844678722025,-1.0677945311727732,-0.9727805309745079,0.5040045336998619,-0.28929052654259985
0,-1.9114985523095638,-0.6513938106158395,1.4502883893890766,-0.40070327985566934,-2.0630026232290075,0.20388083149970745,-0.09958876651466689,-0.5396070217389006,0.1485177461759355,-0.2786225542336447
0,-3.785099201100947,-0.3261461878043908,-1.0580802673623517,-0.6060080970717631,-1.5261553456105206,0.07310645699272066,1.2387291852925904,0.11001872211054191,0.1201985064087148,-0.1421273839493072
0,-2.7083939534656416,-0.21966558056029994,-0.31450467520769915,-0.055252956740565504,0.04825405091901537,0.16910287956857878,0.6877809823239514,-0.2586256859216595,0.4795506316385775,0.25311905909179544
1,6.289673498268543,2.036547233142727,-3.18208232865033,-0.15554366408495043,-0.2024887302151033,-1.2579857489502273,-0.28615296892777076,-0.21850438377373865,-0.49648119722014916,-0.41698164448538344
0,-3.430770700808571,-0.9926097859148507,-0.7316944071467977,-1.3437230363069772,-0.23583908456636693,-0.691804009481721,-0.052082919059901714,-0.0857860315582249,0.2683439693808789,-0.5870749859174974
0,-2.0013884498316865,-0.29332639802408744,0.6192037879171023,0.35251162216112886,-1.164819905648475,2.43011454264738,0.20578500431118116,-0.16912063858166643,-0.14075006874885737,0.12117683875907735
0,-2.473293104514237,-0.3350468459903167,-1.4823619226461804,-0.46523753488631264,-0.048992535825055715,0.9379162439845211,0.02258942627416512,-0.6987994025473997,-0.06962567574450676,-0.2317381127956734
0,-3.647257766663902,-1.2413649088130378,1.3866247744293385,-1.6139592341067126,0.17299132158114056,0.5970636867235407,-0.2938906248142725,0.40758838100970274,-0.04341363214498242,-0.6095359109329882
0,-2.3461868268475365,0.682741465369826,1.1327340971544444,0.30310391206763215,0.5416751876504811,-1.4185258762713824,0.05544239338989162,-0.18533408617245137,-0.01195863672847694,-0.9148126900998363
0,-1.1429969724017572,-1.9621713305308366,-1.2407195989598208,-1.4790767443938757,-0.4841822397279572,0.304370253881689,-0.5355045952274708,-0.4370836338266208,-0.28404302411524834,0.13423647687253248
0,-1.3508572065260567,0.3695738529995533,2.486675331857224,1.140717434431419,-1.9058647406486147,0.9309493508859157,0.7885687984146822,-0.029251426842535743,-0.4555808347966627,0.0062114756351708674
1,2.763370761089423,-1.0786335055661496,-1.179623899960774,-0.4141591338500665,0.16461169160218334,-0.45916416096293966,-0.7430199422825194,0.046677089254896234,-0.19299068927864094,0.8059070848708597
0,-1.9693236095949818,-0.1758483736394125,0.42073152902349653,0.7863121869739483,0.8612522464921477,1.5866873098149632,-0.5751022626859698,-0.22155875150631593,0.3334045830504663,-0.25871661203648344
0,-2.931187071108095,-0.4948560329729214,-1.0170707794148441,1.6864230260914441,0.5657298508912488,-0.4689285976745773,-0.03421455323719759,-0.19334461771542275,0.4766026487279772,-0.6804129383158478
0,-2.926374375793714,0.37733246437770135,-0.8867936216353887,0.11534496743604117,0.9856801594674391,-0.3344561880648249,-0.018664524835295408,-0.8971508352501731,0.18968341554258641,-0.39942335081187175
0,-3.996188215152559,0.9598561960079046,0.20440394609442114,1.5102300357454452,-1.7092487234588911,-0.28569623313385784,1.2901079756249527,0.31180419406041776,-0.20862795753062208,-0.6827809539521154
0,0.15513806464579447,-0.4380082253299544,-0.4614458563948465,1.4545329382236292,-0.8558403893594724,1.2428747794429404,0.16944193877449096,-0.3037743621977851,-0.023161522180358763,0.4964178780779231
1,-0.9340908658298113,-2.105945532265366,1.4329170494103598,2.894261913238582,1.275415260282686,1.6266919675069766,-0.5476039749323565,0.8500746804890671,0.36868524682537485,0.29219346754547476
0,-1.9296217173399892,0.892466836797754,0.042344980151726976,0.558884548146084,1.2803299518420725,0.11682937533609422,-0.46842296515115817,0.6676574569076251,0.26605645184725835,0.6196762644175412
0,-2.6223385146049347,2.5021017431000407,2.434999821788896,1.8780137760754618,3.1508159678934926,-0.7836540728743226,-0.18863238398142385,0.1565060492735856,-0.2840683847245819,-0.06571396772298624
1,6.003616611413822,-0.09102939290842194,1.7112017413739307,-0.9473746548376051,1.175036168497115,-0.856205024566658,2.504596360571082,0.05632037543739518,1.910405941194145,0.031320623115505104
0,-2.921877757793636,-0.009212501111553216,-0.9013034345496588,-1.7913287655646448,-0.5769792242983767,-0.23981010744055842,0.6760031301667255,0.29535699279233824,-0.49963271721572056,0.06926665449551812
0,-3.341944801535708,-0.022224541135442536,0.5033014120839285,1.1422625778095499,1.5647610581960705,0.1677576630270039,0.07552723045495675,-0.12504376795727265,-0.1610349680994107,-0.5883045354007805
0,-2.014915004589811,0.7784522377985078,0.12557885484418604,0.6597358165778855,0.021929505075921264,0.6893207796284868,0.07556539687308418,-0.04524010969934123,0.7792982855802062,0.30612984667768267
0,1.9884621793416477,2.3160480010043702,1.2363040510693575,-1.7697759282919845,-0.14399574126733894,0.13359602368833248,0.36543721163955867,-0.4985954885522712,-0.7123685267710849,0.005232222134086236
0,-1.6696039223916814,0.8623190250411634,-1.0103059185760703,-1.3238951607362022,0.28156787010791434,-0.23939652145107973,-0.7280749930653484,-0.5912708729110391,0.7338610064877494,-0.15630462893224664
0,-0.3711780950861321,0.11361269995068703,-0.9983636900000719,0.1553696191207307,-1.4759556841849468,0.47596222471465216,-0.08897607043080612,-0.5952503486058242,0.24128741026936867,0.19732415378398982
0,-1.8489598517709425,2.541229774978235,2.0053480393201744,-0.4843713381296997,3.50864533314617,0.5345343171062135,0.6996347288645484,0.02142309469218443,0.8151957918095929,1.3139604181532691
0,-4.703042193179317,-0.43230222209718727,0.005305122942195741,1.3706085980039349,0.08509931440172641,-0.330074027489339,0.9947378523399041,-0.3738478888690772,0.17874115526600573,0.37683693618902947
0,-1.2831870693916776,2.55090938063639,-0.08386027477289316,-0.7715122693050833,-0.5569105525607478,0.2700016519602605,0.5114149955551095,-0.06901317661802227,0.530377707121249,-0.2082818557882698
0,-2.314246806921733,0.402031602278013,0.2746232832833607,1.6704632979982583,0.5367106438802383,0.5083747730456893,-0.13889372507861808,-0.21597918282783246,1.1494272813105646,0.33427408115626817
0,-4.659085170606018,-0.782298532075379,0.19212199616458703,-0.493682015255607,-0.5361221420181189,0.2260418031116504,0.22645160908282572,-0.059374737367976604,-0.22161112525812146,-0.1344976379345194
0,-3.9434734193969714,-2.0300160639932594,0.6917358452689373,-0.5134062877120329,-0.3401147124153805,-0.06509735511729281,0.050226422793245025,0.579632461807418,-0.1976016953254283,-0.20046838278642232
1,4.949858523306372,3.0060639233390085,-1.7540719554453013,0.6723601609168377,-2.8647739559541585,-0.3070805704104832,-0.6498330767635021,-0.20491570047670032,0.49863365526094117,-0.3825664872581034
0,-0.915803419023707,2.4790131752951403,0.36260672831232843,-0.2619665114861816,-0.13847184496561932,-0.9912359134869965,-0.0512036200507036,-0.09396394641314323,-0.6269729361971973,0.10956763525272015
1,4.5491111289324415,-0.8160005714338894,-0.5187550242812712,-0.9163397860502828,0.07148608123472582,-0.9308825702587596,-2.2564487194443212,0.4666730618109838,-0.7802369675635747,-0.4949180829154736
1,4.442342806181369,-0.9924390213032306,1.442319071208236,0.5750347318861859,0.3575897465865902,-0.029967403476457658,-0.32327738693021213,-0.18429771866715147,-0.21190203512894415,-0.1100140705048678
0,-2.1949843280251233,-1.8053530626139087,-0.43510933369366483,-0.9539432214119767,-0.5538003166350034,-0.1686115825489884,-0.23544582666258151,0.2583927508159603,-0.2322698626542136,0.16944266465621122
1,0.6644409127061263,0.43686093089617556,-2.6807818421481557,0.729226479944739,0.027787393401982812,-1.0820507250937974,-0.0010508501331378754,-0.12761756959148404,-0.00994178639447257,-0.4810724377732436
0,-2.240876059396662,-0.4545893558697023,-0.4655274543925932,-0.18872458014320795,0.8282933453563883,0.9533190929846513,0.6734784253739775,0.31771497710301694,0.13815745549067393,0.545590537644672
0,-2.1251804419546056,-1.194796757763422,0.4903721026453979,-0.8553963497830483,0.10593590766843065,0.19534264076074592,-0.0034522165778971456,0.43395422426747327,-0.14082328413827128,0.18764533101708797
0,-2.6153174351368937,-1.8320602766201062,0.7643296147562609,0.8231658837737156,0.3007869927680159,0.08993768795187937,0.1463431140296825,-0.378022999623946,-0.5429751497295268,-0.2192509037487099
0,-3.2109680037096875,-2.2351425019708326,-0.1662244039924717,-1.1300580598323748,-1.2601887236995797,-0.10359134619542824,-0.23537299717434731,-0.2904738244580708,0.0592917489355032,0.5059441689475173
0,-0.3067503269284584,2.1849988456917098,0.03928615561801586,0.4864554045902781,-2.0894504066570807,-1.1041432273359175,-0.13486159049757077,0.33707528059152553,0.5554564834750415,-1.1869045405239202
1,2.472356890389073,-1.4998248220101882,0.5914530274551502,2.2673513198371653,-1.4058408216445186,-0.9648580015275787,-0.8143023667915344,0.9107756341497962,-0.011737872195715511,-0.7365537442790006
0,-3.4547183873788865,-2.1364613392963254,0.19716272269099794,-1.534177111353723,-0.9428751331330332,-0.9371161205292462,0.6832631066054264,0.21948621966319945,-0.308995828416816,0.2826915307105308
0,-3.9005267831346013,0.7307761251888499,2.136071230810944,0.7811731047456433,0.8325510999572993,0.8978210672977381,-0.8910792916797281,-1.0951619711923526,0.25579367257194185,1.5395950730230723
1,0.9817274917778677,-2.210429882698708,-1.6999192801429492,-0.9709723269058341,-1.1832579930906604,0.1436529673951367,-0.4571111554352895,-0.06783351789584195,-0.4502711923890963,0.08306228007792932
0,-1.2572515357897176,1.067691593788742,0.2594753420799362,1.241752239892584,0.3932153989241862,-0.6997706113442226,-0.4981814997317127,-0.22808195857726005,0.4513906125183398,0.6770489616350882
1,3.2454135870839416,-1.7783586921433483,-1.7931538429707174,2.485059262908729,-0.5503523830626339,-0.5986124548890323,-0.46960132089292805,0.028392864017582353,0.23540051060706232,-0.1532287530100062
0,-1.5572194395495178,-1.0379269539230267,-1.301244969845728,-0.621672622824365,0.3793536738241286,1.5356983387783698,-0.29079891962287496,0.389370233975311,-0.11541857907323878,0.34664882023558596
0,-1.2492581279043427,-1.588838701307185,-0.326413544239412,0.9253218696127516,-1.5353501456687748,0.012065335391084139,-0.10117617898905402,-0.3736057958567154,-0.0720826860483775,-0.8157922008959901
1,4.331653245175191,-4.049332463908069,-0.19250559030760173,0.29061328297065825,-0.6108409517986377,-1.4235883007926582,-0.6701408929351097,-0.4949128253825852,-0.5046692204634314,-0.35021937700721967
0,-1.0774511940417721,1.8036180527848555,1.7810411149176484,1.6289517524556467,-3.741754210265689,0.3424348380946408,0.9299648744204138,0.519899009536911,-0.8391916024810139,-0.32261590086742986
1,2.511753030878522,-2.5288075681060413,0.7982024153771837,0.823674680402946,0.4292634037971626,-1.8315346926269123,-2.4042990990934268,0.8927963244002808,-0.1521973910406223,0.07602562912610916
0,-2.217092274363164,0.02989134282739498,0.6364599692999764,3.3767010650192857,-0.4799953699350057,-0.4846464228720573,0.04299840202053466,0.1896335830264952,0.11537057282958194,0.40953788746066044
0,-1.1738306311008695,-0.4748393557090301,-0.4815707414139354,-2.143959424148101,0.24330088246967913,-0.48286051268926394,-0.5075111389513576,-0.40513477182659063,-0.5537796951391661,-0.17356230080780677
0,-2.8363014686856913,-1.018125603642663,-1.4866299028348973,-0.4564057885380681,-0.11470482627629672,0.9738356973638257,-0.15046112410532364,0.0493524070514256,0.5073943770930962,0.17223138056560577
0,-1.8570859176235863,-1.5713930455301541,0.8264826250952885,3.930249471892386,0.2208258931814703,-1.1998403920664447,0.33678776828686696,-0.49519205409127165,-0.14795170798745477,0.10176531991143288
0,-1.3286143734464604,0.777095723269407,1.256758330524598,3.7855439426438635,1.2450619755828836,-0.22562436376560258,-0.7497632817986083,0.22456797215986896,0.477877661171628,-0.5366411259426384
0,-2.8027713900650935,-1.6663014716647715,-0.19401831759917082,2.233107380422005,0.20524621890651423,-0.5721719175432894,-0.3615667354324615,-0.006888043646135282,0.4372286462478973,0.3021993904860196
0,-3.1745688385676534,-2.075733436822624,0.07490030060076348,1.869828998637128,0.20932637047533328,-0.48256604181075874,-0.17958500766610191,0.04373603135500876,0.5105762148646815,0.6739618443664604
0,-4.087077363053417,-0.48470992795087203,0.6313639649031553,3.4027328596635695,0.018223955352954863,-0.3098213577181451,0.23062665370114918,-0.1147382982390282,0.6659466231070548,0.3201890553183687
1,3.47549372807552,-1.6728844614356193,0.8568268001623285,1.1567680434125966,1.3825713142726912,-0.9999211399932086,1.1156333739588724,1.1182681285026752,0.6896469934948654,0.5542299104799213
1,16.319233056646798,-7.775853328901574,6.235415525137017,-2.328072686729288,1.7094561011167648,-1.1248214683333329,4.962496732928674,0.8875128721178472,3.594757417232441,-0.5877081377142948
0,-2.5601150669148676,-2.494045333162926,0.1703124451817443,2.1097563907970827,-0.9792392212071743,0.48875511095104074,-0.04627045893906379,0.5318371234237538,0.38408880483374536,1.0198234317806423
0,-2.9688887844797676,-0.06884696336859493,-0.7784115004632801,0.046666725044729865,-0.22820688345959786,0.3448923637662015,-0.07660139717055983,1.0835769966287498,0.16323559511422112,-0.49678893448308437
0,-2.7574304852387774,-1.793918583987608,-0.7578141148920973,-0.02411854527253544,-1.2839125237228286,-0.6588326365663779,-0.31323355703228883,0.5954829948042676,0.2569237219584444,-0.1601919384860403
0,1.3703399856820198,2.1100112139702767,-0.8537207276721923,0.7237678164864846,-3.8243791163385112,0.22342054146793883,1.4713799917358308,0.8049288036928706,-0.005547022666221663,-0.4065215205059933
0,-0.4176644854106891,0.11651974882855869,-0.5361426563352786,0.364198848196769,-1.5134573241236131,-0.5557004898198058,-0.2172864673168017,0.8101001231781013,0.5639995718534856,-0.5886747544214761
0,-3.838398584975753,0.8991788406515954,0.7005641682523948,0.2199400060890559,1.337162721997257,0.07674439205197134,0.6410427990777876,1.3574026597907978,-0.06838176941493608,-0.3124883297998985
1,5.93096499256647,1.2282963399071358,1.7215871953935085,0.4735818304420202,-2.8835391890986957,-1.10023764915912,2.0243201014123273,-0.48398918938567115,-0.6796663040489412,0.6051747752164752
0,0.645478743827377,3.426011464663255,0.6082852299002978,-0.23448593239047036,1.209698158069252,-2.4278512961530523,-0.9417140794048882,0.1340773683185909,0.37515965310531185,0.030072766223240333
0,-2.683846346076936,1.4435556612830684,0.3394036347119184,0.24481716529374703,0.7926917738423599,0.9256296087835737,0.4960041665176766,-0.27173178899776357,1.2081079349066073,0.9410421379635799
0,-2.0416640386437384,-0.9032558660045897,2.843241415647787,2.8858316833274107,1.0167086870050905,0.104460306928789,0.31958582793897133,-1.033299163757719,0.6088263328085333,0.39769720231083483
0,-1.399296380291215,-1.7722261130399317,-1.4795616215366072,-1.308109377887911,-1.8053144233165233,0.6154645186336158,0.28022034368201315,-0.06489460447143063,0.0002462321174252974,0.10251085061451515
0,-3.536415296198195,-1.2468540674491257,3.3854111115756336,4.66605136534065,1.8757268443163522,0.8903973389083516,0.9255098769331331,-1.0867789536781693,-1.207718833491314,-0.48439572406298387
0,-1.9905293763778313,1.8994626648520572,-2.0309981131832453,-0.9119057610928472,-1.2315541338133325,-0.419627780028288,1.28789272762439,-0.40363774788315293,0.13892932954602127,0.22112779164699567
0,-1.9981853714979458,-0.20637097327500287,-1.6413250041028384,-1.039210703188085,-0.904210780147701,0.36762883940998337,-0.3447804238527534,0.3453657623402933,0.42559731133683004,-0.365848462800674
0,-0.5206581303015125,-0.9733677476942059,-0.3241354593598781,0.543999149105304,-1.4294369209652786,-0.049198898711012046,0.2227030648871611,-0.1953964118082856,0.027760226297889923,-0.40765874943479746
0,-3.1723705201186068,-2.0890521249684375,-0.9788058128054071,-0.38709742792881524,-1.4194753474696555,1.3383653547848757,0.5370581949207192,0.04198981123214695,-0.04193412720019788,0.7870325913314713
0,-2.202710143791366,1.28603946489751,-0.8873991037339439,-0.7011031070421075,-0.17982106355663194,-0.02405208325321399,0.27293649545081633,-0.6517621098185888,0.2593048852004613,-0.510319620996056
1,3.8244331155865035,2.3052361674118846,0.02754609336546454,-0.6702589696740328,-1.2897651832285162,0.8090949476857471,-1.5682756569930354,0.29454932780152365,-0.13556548842004418,0.23555199428409698
0,-2.985484704081049,-0.6733390682057094,-0.5904898337496369,0.5943501763428337,-0.46196950543102083,-0.5454030886105418,0.6173998135836921,-0.36110483516750963,-0.1855495808444707,-0.6059277281875179
0,-2.481055143856911,-2.363958606695817,-0.43261463146736584,0.38346941545645485,-1.0381214447305387,-0.020466969365797706,0.5600935924283033,-0.23918293155389567,0.282232809678461,0.2299309324643401
0,-1.2721114477925437,0.5098340120056724,-2.238991517406072,-1.672376480172,0.11760687779667997,-0.015478905969914674,0.03422980143123533,-0.5572662262139131,-0.41072741120491807,-0.00015270925448536532
0,-2.235156920020416,-1.2987043077672062,-0.9014367785293604,-0.43409420936217674,-0.18292603197236762,-0.16343265274948524,-0.23652197605631345,-1.111512324036966,0.40532220204422054,0.08676284089312881
0,-0.05618311519613832,-0.22738324383919278,-2.2555154811308498,-2.710600646616011,-0.8017849824642151,-0.9605696363145515,-1.0384062919612587,-0.2815873948265598,-0.27414469460957974,-0.25186057525758726
0,2.317390779185867,4.389134139197915,1.7784108710162971,-0.969415780454891,-2.645376560601166,1.5571174474613012,-0.007412931997868014,-0.10363981287937779,0.6213334072296286,0.006656241257794536
0,-2.284331317238601,-2.4668405805219638,-0.8211884831432305,0.04080294793014575,-1.092781396974688,-0.10101398624469404,-0.2482213248442616,-0.23706389382251586,-0.19035924509988503,-0.7374348062334813
1,4.754614823901876,-1.4894236370101337,-1.253751117954993,0.0525869344170635,0.09662487093067144,-0.3553730249832255,-0.6255167866477567,-0.5325229866415953,-0.573445930062037,-0.7423502580924233
0,-1.7263108823028495,0.9981780064783645,-0.08023811142386782,-1.0646468418289152,1.4356170238526438,-0.8660554010350283,-0.3429321660042548,-0.10800679960685594,0.38780366588292725,-0.08963619044580556
1,-0.74178183139227,-2.4520348641618166,-1.997710020629757,0.4579395674081961,-0.26129071193318976,3.2035583027549994,0.1683328891516113,1.0383809400370063,-0.2336600221604884,0.5210470738362701
0,-2.8943106740175577,-0.9779441644708713,-0.8056442653155768,1.720779162401921,0.02898336480831188,0.2119038421798803,0.6725137976118578,0.4786986171597909,0.09462724400754226,-0.014971831538541636
0,-1.6545219299924352,-4.55566395352012,0.7523230831385662,-1.6483230919757048,-1.4030727923257964,-0.5534032092470128,0.12242946822696431,-0.3394278458010724,-0.9660087369465723,-0.6857680799144593
1,3.103519687298836,-1.2361532621823021,1.2873551757693789,-0.608648681727448,1.1222599643268474,0.9300495374319728,-0.19737973162129027,0.1616478639245593,0.030365763576490026,0.5664967647483866
0,-4.064270543490102,-0.5609540568443965,2.1766848633399882,-1.3758683497567241,-0.19946506996440702,0.5647367606198649,0.2688822568278623,0.5164786204853367,-1.2350942350356835,0.0270878854042946
0,-2.7933306638965676,-1.0778880021597477,0.8445421213255807,1.1102075642167013,-0.00486994429662751,0.5656032049894244,0.46899178707063527,0.5743876772602554,-0.35709031689107373,0.2897987970162223
0,-1.4749199736078629,-1.5910940719973055,0.3199915140372512,0.7988321342899617,-0.15805795274721957,-0.4380661243524191,-1.0438261256041756,-0.7601560504332598,-0.47959295049659106,-0.6401012028731243
0,-0.22939460309791515,1.5159035063678774,-2.216282934380427,-0.5555698639459887,-0.2512016782351441,-0.6025604743452366,0.4100432533699403,0.1416688726696403,-0.12681650603959355,-0.5512411930910488
0,-2.553258431761168,-0.7639002980397976,-1.6094030472700898,-0.05992803096569905,-0.505844982384747,0.2137969578312775,0.09832583312226884,0.0073672441862623304,0.10062398730209793,-0.5824581507232671
1,3.715705111545027,-1.058686294174146,0.5219535327084606,-1.3970018496521883,-0.36861415913351375,-1.104610509722525,0.6344598321797195,-0.05913914401191796,-0.28706849932681056,0.3935358587521712
1,5.094841797730487,-2.0192079334830355,-0.7093697701583044,0.08279481531251487,-0.38381688321052343,-1.4479359029832353,-0.5734947055798066,-0.6501204057888044,-0.5360476069970241,0.2512112495818088
0,-0.6006161160471836,-0.8384545702920827,-0.6870419699947017,-1.1553340269263366,-0.9824324001808883,-0.8532304944448251,0.7055309165745636,-1.346939143863009,-0.4889440778337658,0.41666614192526735
1,2.7903999350076565,3.385560683006738,-0.7530762982637426,1.3331819456364977,1.585531619191727,-0.5084178408016284,0.20716224431931585,0.08016987835043597,-0.05170441883711163,0.9756562666574838
0,-1.408771187622845,1.5057707602456447,-0.35389564568647236,-1.1217403899273364,1.8116702794308621,-0.2421454090632702,-1.0461586829173293,0.21013099647960895,-0.03940243973008651,-0.18757422231046322
1,7.2591787185316035,-5.49573588269444,1.9109258326105905,-1.8957166900527376,-0.3963776842875796,0.06639144174836996,1.1539850640990754,0.9925678332029519,0.1675231780235029,-0.5700829593920624
0,1.2988668034084379,7.729852781751356,-0.688914383294127,-2.8927271046902643,2.0153555329257116,-2.202856258413429,1.0259964608121905,-2.0306748673990613,-0.23681786619138503,1.1463559981318046
0,1.0766935592248623,8.294775386558959,0.43419263751660525,-1.9541895524025221,1.3958723345417583,-3.511878253438235,0.6047914318674611,1.2796248348561168,-1.8742038735464888,1.0210263998348839
0,-1.2497604788962324,1.595683959860222,-1.3564745021400595,-0.12626753348552242,-0.023420025347328545,-0.4851495696335607,-0.13607024553712482,-0.6656293963472513,0.778562939910989,0.9401231079981935
0,-1.256928234055086,4.1171867515591805,-0.41272965966083613,-1.0541735891761779,1.1395273222392328,-1.9490431469362783,0.4886222280441662,0.255288734387247,-0.9073254481617993,1.276650294771668
0,-1.1665352352472629,-1.6656935712350731,-0.7378779001840493,-1.762167317999654,-0.738352100549911,-0.8347113294937503,-1.4101277011143631,0.298241439979023,-0.07379651900162433,0.6476681237687012
1,4.09414262865881,2.802927109395952,-0.5074334861243992,1.9773184424320676,-0.13282566668078857,-1.6035213679306513,-1.054296042743713,-0.3568823640409612,-0.4292822169758985,-0.7309532098716042
0,-1.8876391349196309,1.6721917737387455,0.11979741323866537,-1.2182155895254556,-2.5680696648952335,0.2538919265727728,0.5477368377892131,0.5425307525507734,-0.6181947184913541,-0.09170876453264004
0,-2.7674357365608935,-2.1610485870114626,-0.021096049332861938,-1.6102758859067852,-0.7163786040791327,0.03300899785128692,-0.8760671800729032,0.2959240583809254,-0.0334436303785427,0.3415773975966386
1,2.2269945210298716,1.9416347472510163,-2.2856034411846875,0.33986069631837695,0.5368574613298225,-0.1368205404026074,0.39326333258258017,-0.6152758856214798,0.7154166135138013,0.12169964708194857
0,-1.1315769141096141,-1.4110018149050438,-0.5650530002034163,-1.9949608454036423,-0.5284873062880653,0.07255816144530325,-0.17596889038993027,-0.25530146582629754,0.311695316104474,-0.21409828671512238
1,-0.7337724997464105,-1.9436970702368581,-0.2752361718568202,0.3378230117979872,-0.6609913875840352,-0.7743051667365183,-0.14559641617789168,-0.5003655938417371,0.270767656395979,-0.4086405134404294
0,-2.3336707401498464,0.7901468080829784,-0.35004305946508096,-0.4408592860685486,1.4225499678297249,0.04664908105887008,-1.0014033561582305,0.3072323651501254,0.6561773208393312,-0.09081498481576863
1,2.6972237053691726,-1.9437099304454222,-0.960564377258795,-0.45950866440077187,0.5844985945962554,-0.49172559847003355,-0.517208891737177,-0.050072634083055616,-0.13147255061488453,0.22607684927822413
1,3.379014620429255,-2.3334289693443924,-1.2019322428027042,-0.5536131711493045,-0.5278805533810347,-1.018572884482694,-0.026131722816956304,-0.4437457237240349,-0.658745561075446,0.5304100170746544
0,-0.19987055379609012,1.0763601016040745,-0.6731486355505835,-0.628445386520572,0.8402504335935802,-1.287501842859816,0.7487130696488521,-1.3765158643288644,-0.25776702130565615,-0.20826110144901008
0,-1.1760258757115252,1.0113703213598257,-0.7117680625613857,-1.0660682952664795,1.421901145882789,-0.26543973429782747,0.1944452118899462,-0.4627176923015072,0.3580171125889772,0.794775354646203
0,-1.2926364295359787,4.9642248723697,0.3459276681326588,-2.240534149227639,3.8405299479278865,-0.548617784356552,-0.8147893570337418,0.9879771712614247,-0.07056925785825684,-0.05378388876652527
1,8.630755788208376,-3.4594521537094347,-0.17905694600341654,-1.1771641690321477,0.02290585731816718,-0.006691160873941369,0.9620196737727313,-0.39797187978913917,-1.257743996724767,0.8494384761782495
0,-4.429456371214631,-0.7860358212896391,-0.4734190581010888,0.6966168903155988,-0.1038045004969466,0.09718094573009287,0.722518070097552,-0.5085744438314299,0.060611132193325666,0.3882066736293422
0,-0.6198387119438722,0.6363493567255114,-0.488851172512753,0.015154448741093063,0.10640660164756453,-0.6007164007757876,0.1393093020608535,-0.29541624355978546,-0.24398324572477484,0.002340155823258744
0,-3.2523157170910935,1.2859253409852363,-0.21847634380751946,-0.3078082288736459,0.09942893206945477,-1.4031995076474972,0.9536159311520598,0.3002355241844212,-0.5043365338264519,-0.7853132192902791
0,-3.352926972020404,2.6733008121190087,-1.7790868589559852,-1.3895860179334136,0.3544413495733995,-1.2112739177920588,0.8167571204860669,0.37339298448659264,0.2932392219920594,-0.36130474483981984
0,-0.8598030024189256,0.09684868959393711,-2.8140445560785095,-0.1843239533178972,0.6300755645633144,-0.36503929302012195,-0.046256773475948754,0.12574864793519763,0.31256838591587394,-0.2471422242008983
0,-3.156621990978971,-0.8715423765685955,-2.1957146362863487,-1.4498678230856885,-0.4314355645978391,0.3260570850313141,-0.09453337815103839,-0.14928158626134672,0.31918537129456176,-0.22905446853469963
0,0.346528196095219,1.5412253366496649,2.8464542989985326,-1.9098111919508642,0.5718339891105317,-1.6874943612264024,-1.7124114175524168,-2.4106600821501085,0.3332113511659317,-0.1177199013685459
0,-2.4614066350532866,0.6008481926720595,-1.1714648301989845,-2.2110538800994033,0.691912168689967,-0.8526901516927365,-0.028874043427865644,0.2052789605874238,0.032435182823425675,-0.38984912787201986
0,-1.5301007140728766,0.40521792731351447,0.604464962572349,0.3471716760450183,0.7860468518789081,-1.102130565203159,0.08702859304069811,-1.29659185033077,0.1616578039691779,-0.9111213271575096
0,-1.7735850519162444,0.8042101625986285,-2.027917935746221,0.6873331580370322,0.6160920544642031,-0.28932798779015134,0.4734528602016597,0.06968007145972731,0.5439414461177408,0.057258445627419385
0,-2.6804416530940745,-1.4847086842123278,-1.7416932820266824,-1.0234908113022023,-0.2974684640148374,-0.1980778580135888,0.4341312541350205,-0.1691221196785579,0.024851387573659435,0.31940845530298023
1,4.028435188456994,-2.94143018291518,1.6594854239652785,-0.22516713250123807,0.5135946835551073,1.9362225408283953,-0.7282260674605944,-0.7579855832107826,-0.1761350577295325,0.270481361892923
0,-2.136351179670337,1.5185807663434987,0.1789653277550508,0.5007766721878464,-0.6830479433533209,-1.551675666051824,-0.7183273492270482,-0.13975242963963017,0.18845581691525007,-0.37050742102020523
1,5.165410876402179,-2.3822033243534393,-0.4222772641474597,-0.8834276069717076,0.20940839261224556,0.579229995586267,-0.5434881512716935,-0.952768542519588,-0.2480273989603937,0.5291523079215609
1,0.5359319635037498,0.38071516257402016,-0.4431348185044533,1.879371878278671,-0.22686985514314145,-0.5238389285359695,-1.150570867330116,-1.0920921192543258,0.32420117342888355,-0.1039738032457078
0,0.3431234892454866,3.5344810869589973,0.06966899434012047,1.550670668131077,1.9569204164799925,-2.339518063752538,-0.4835069494993356,-0.5024246412444032,-0.06986536947348065,1.2799512487716727
0,-4.197079859096264,2.367392379555685,1.3271447135823966,2.039504189360467,1.7619166619952273,0.04242862325551369,2.168754911382294,1.4812172346305488,-0.32308836898749105,1.1811560048162772
0,-1.1428316926486406,5.59945841969984,1.3010369284092234,2.1882497246837396,-0.7655753603726957,-1.1592265330170746,0.19153534728198227,1.7981401449235397,0.8768384156444881,0.9493123919931243
0,-1.6654750539031309,2.389618207987674,1.5022495620547531,-0.8759510891049075,-0.48454586120947335,-1.1895180247061423,-0.6777552793871711,-0.14664335200815368,-0.2916477108088036,0.10273306054106775
0,1.0117125561381575,1.0923895816065357,-0.6326986303780696,1.7585182105342203,-1.0468265053064687,0.4258946598318909,0.39828593245646166,0.8360359746932469,-0.38414698525698426,0.6196245501549956
0,-1.3009297429106652,-1.8214152220661148,0.3733074298715575,1.8481688935426812,-0.19962741007540594,0.7657542537218455,-0.46671508566335046,-0.3985792656356121,0.3649915630499676,0.7948280372454916
0,-2.373428772174934,-1.6815761181293276,0.384528112350438,3.01672865418144,0.03824597485153997,0.06881350179961075,-0.4152222851100018,-0.5083930119127178,0.2782724003570208,0.2878343439387398
0,-1.665870993928139,-0.21396263453209294,-0.1480724287533944,0.19705162014624564,-0.5564803389573245,-0.9315821686635261,0.5243195188542438,-0.30070199494319744,-0.3566221527565703,0.41860233398973673
0,-1.927678207116016,-1.137739796910267,0.4782023330495306,1.1575004254301553,0.20234160653161581,0.11489819791564596,-0.11625484732804772,0.013630607132462325,0.05805699342068802,0.13243398531111752
0,-4.237216594208895,0.18427273714618372,-0.3264182033148514,-0.5883032762511942,0.7046268324335306,-0.14609137263653416,0.2598571086149451,-0.14956884537826867,0.5648536751315097,0.5751753067042366
0,-2.6778706153040015,2.315792932708257,-0.05384818921852717,-0.3404497392140386,-0.4506481308749307,-0.6783477268826794,0.06410083647107091,0.9709665223805629,-0.4552754649668125,0.09538405644839257
0,-3.8364977999860215,0.4962500826810329,0.9232397221642527,0.5518716751111479,-0.08003580796975746,-0.11266886816451677,0.47448675991616224,0.16984419465076261,0.41054890182660964,-0.2196050638371845
0,-2.551440279878927,0.22833006537427286,1.4141781195749417,1.9707901146207734,1.4563246837343382,0.8555216156223056,1.02192117212157,0.1604909875367618,0.44714215981400596,0.399078125832017
0,-4.694923444012123,-0.7674777517265251,1.5439649528207982,0.7790191945155676,0.7848967253872818,0.8513734496004105,0.7526681370815007,1.0704258939007922,-0.5893183639598061,0.06891064548581635
0,-2.0250371064863195,1.2612419551277843,0.5049260541410394,1.1355274468991157,0.1142625264174216,1.7847768905553105,0.39049546729161777,-0.8744235152790844,0.31124120681806167,0.36569403228335745
0,-2.895948237462749,-1.4516356240303279,0.7805460089399089,2.970448263602498,0.3571492212448146,-0.5832026752015589,-0.6184117482033422,0.9392225533508818,0.3625405139253603,0.44891608084580636
0,-3.502200961781073,1.8008325930800626,2.7664567565322575,0.8663075685925785,0.6253641620067384,0.41226965405339944,-0.307665879550158,0.35790887907542707,-0.14318172651221955,-0.4518806249417473
0,-2.15390367652398,-0.8300687381563255,0.564796616182816,3.011755852221697,-0.5658259824128501,-0.5504026834717489,-0.4844052942434536,0.893182633973037,0.43548642528492076,0.24413876927628242
0,-2.055083996723672,1.616459317871675,1.8389594309523434,3.113535062916401,-0.21104366229570867,-1.641806150565556,-1.0888527214501396,0.35019344511009926,0.5150640154271668,-0.004946532817985585
0,-3.877289547112696,1.0842549498040346,1.8599442425748143,0.4337400731134599,1.6874382274103854,-0.8148927012181986,-0.4710738565154719,0.0713846977623753,-0.7018808838696343,-0.07064352072413305
0,-4.063862084788871,0.12216855948940973,3.238772766395674,3.4691834336936482,2.2419072025268205,0.1749089189878374,1.077254222025098,0.1294944847310848,-0.4270308376170287,-0.27728599325833564
0,-0.09866731385769431,-0.21355986405763694,0.38892918871393345,1.0127101294131724,-2.9890681166994257,0.012452491332352808,-0.2902564469142593,-0.31234357144727654,-0.06786416399847266,-0.32577034046855285
0,-1.0893761340971149,1.2928479050780644,1.4293787606577621,3.3721364217670575,-0.9473425748972168,-1.7258697285048354,-0.3539743855006711,-1.164339389469878,-0.2074954094106345,-1.3917081070886599
0,-0.4817709252199536,-0.17801968334757573,1.032107449838798,2.0102801303035758,-0.32710358763183167,-0.992062370051305,-0.04854574690688705,-0.19522104512473532,-0.3258652964639265,0.42907233889423096
0,-4.87030954664516,-2.13110595501864,3.4141887347848363,5.133988505950617,0.48891937479475445,-1.1107924355234193,0.4883716629864303,-1.289284316253207,-1.3904792629980447,-1.7466617595131755
1,5.917612646264873,3.4826363743815167,-3.2627921136479365,3.917585151636129,-1.7163823856423583,1.0135990889871913,0.271442676745275,0.09196349770718876,0.37247584633662456,-0.6304238871764187
1,8.741338075615872,-0.5738549839993683,0.897089919941305,-0.3851499315931397,-0.6790432022275349,-0.30075261069067627,0.09482439107449867,-0.7340817486655287,0.8310938840477294,0.4506374734387844
1,6.439315424396146,-3.576817586108238,2.4594865905153487,-1.1773139785946087,0.07482411531912596,-2.375192849940716,-0.5961297647004858,-0.03547085364982824,0.9879293847559979,0.25698786025556697
1,3.7933822831571136,-3.5840479571353097,2.0884763248323384,2.5060279019305947,0.5107218419934562,-0.2467101551278253,-0.7163262264028643,-1.1133596046485472,-0.10520724975923125,-0.10863253872410154
1,1.2561792512514365,-1.9022967619844988,0.5627302632124892,2.089226742951446,-1.809991794210341,-0.5344470967313352,-0.1927579699342536,0.34188708690972613,0.3939167226805666,0.520877514934465
1,10.37479407173286,1.6720097158678946,-1.877029596781825,2.356031132890248,0.03374192744559576,0.5679365206851461,0.22308155536956237,-0.2802386206660689,-0.5420343241668596,-0.08929650538260377
0,-5.475243290702442,-0.6706366250430624,1.4904430242328481,2.2991572086744116,0.1847029316797494,1.6178372274466781,1.698951868050457,1.0463536617615605,0.37410049855595223,-0.04772516289282216
