target,x000,x001,x002,x003,x004,x005,x006,x007,x008,x009
1,9.192836863929909,1.9485828147867152,-1.123166039502807,-3.6337306807032306,1.195111122777662,1.4114244592489562,2.1593698146764813,-0.3984070685591384,-0.15711872963039814,-0.8774016332688372
1,2.387801736392382,-3.768171728467915,-0.529292776899237,-1.118264126256763,-0.6217745550391096,0.02865618576764914,0.013357776795003324,0.2409882095343264,-0.7119046698150355,1.1069956179132197
1,5.733896258929712,-1.075173928113579,-0.5517476119335725,-0.9120826773084356,0.17708620709730843,0.5414521209808129,-0.6681666613708823,0.09737365122451404,0.024065840419698382,0.4542753365242993
1,7.1229534160251236,10.275588829999643,-3.2327893965663277,-0.15254648228567566,2.9608791240064254,3.0534217142370252,1.4299103249608138,1.0595651830172326,-1.4054401500632752,-1.1169749245365515
1,3.935302069394832,-1.9480716248510475,1.3897667760519279,-2.940639415357946,-0.5467470964136222,-1.2264945416810726,-0.9362128289096542,0.6363759366616718,-0.2638050505734124,0.37770398803879224
1,2.380247234393141,3.9499288940149335,-2.934876624670687,-0.9410367852559849,1.056042348314936,-0.45103869598209023,0.49044491780215355,-0.16544385021925143,-0.13347306558816724,-0.5304314795719139
1,2.238883238400966,-2.690031238526709,-1.6399129296473651,-0.1493400480703324,-0.040359309866864965,-0.12894854443420972,-0.3015675892613714,0.0836981035808724,-0.08002446627400714,0.21914339837779753
1,2.143298569370021,2.340243993470261,-0.8719471346405614,0.12704303143138698,1.4274367566778914,-1.257039350100339,0.9740995931098604,-0.6533382724190422,0.2481838823197162,1.0005862990543926
1,3.1749243348979417,3.3918129175254648,-3.119985756114462,0.6012972403718926,1.5222905571332566,0.5595446818919262,-0.2151037993487269,-0.687341137601512,0.5119242492952573,0.02918671214387148
1,6.351746983323128,7.727173734374833,-4.341916270626791,3.3752012220682,-1.7102630675713857,-0.7239086831743914,2.5198399560720177,0.3651490445204806,-0.7173975545852649,-1.165629639075527
1,-0.8104138099907886,-2.6592754188534906,-0.4888299299256907,1.6725663721784587,-0.27581163908433715,0.12733161747415475,0.6250122335015745,0.1657494428305769,-0.30138071191968485,0.37623591209562607
1,2.651100481273915,0.06656789235020287,-1.5264553508794803,-0.051261683691125666,-0.33195088172183956,0.7648665815872727,0.6660925736011613,0.6195450837801166,-0.40094152501269875,-0.3310678054741489
1,8.185034628646624,2.700975989635246,5.730230364817868,1.1122567392538494,-1.0434707079590158,2.594571316194738,0.9414976666132979,-3.3217840726660897,-0.7477885248773805,0.3959474406541467
1,0.34212589680013455,-0.9682792517990271,1.7171715937377388,0.5950030244573397,-0.4680109517622063,1.0076602725807409,-1.7990809489884536,1.1066573243603235,0.2676252001725372,0.4395814914118548
1,4.342379327437417,4.861083112347574,-2.8161158139020803,1.4545567761491147,-1.2900626976242475,-0.3497161712841949,0.7428804713201465,-0.2809261791542388,-0.6751039420695671,-0.11565665365322823
1,4.075656230331167,2.9770610422539705,-3.1252742962289948,2.458070808592391,0.408342200338428,0.4957778630663901,0.9150567438226703,0.3025237183423561,0.45694018197347996,0.44715734802320894
1,0.23005497494591434,-1.5647576244947539,-0.8025190616847606,0.6505829056440834,0.4947108924873207,-0.7621911146286934,-0.08684695010580402,0.029509045165264182,0.5032259504168669,-0.4996722283342145
1,4.418010931210075,1.418670268945168,-2.2703189247658178,0.18627253609328928,1.423861420672219,-0.7524894401750691,0.4419845314882888,-0.413769775672616,0.018673442975220497,0.35662964679818665
1,4.948703442642166,-4.11433357502916,-0.31474911361945324,0.08820643860263087,0.05671511402605636,-1.137688896369236,-0.25128285187619287,0.7421520044260089,0.41044687875720953,-0.5713268989096331
0,-1.2370633598303653,-0.188214785441983,-0.5932832516491384,-1.5963460429457477,0.44215432998361437,-0.04863675485313241,-1.2016874302450535,0.4036257044989801,0.40530047086288795,0.005925538810020998
0,-1.578161226762504,0.5728083515687951,-1.801446537739182,-1.1252757462760612,0.3952700509199287,0.43084119334197457,0.3384836282365585,-0.8619594659081644,-0.1872009572166495,0.3609236425869049
0,-3.557336319020529,1.6629501258631778,0.45118777331293103,-2.0737645306425088,0.49074648490853345,-0.7700682579633709,-0.19103857729179807,-0.24446195689637876,0.5468962045384108,0.0076365291385313205
1,4.733210834632251,3.304963607166557,-1.4665365617969588,-2.0411499405602567,0.026220542883689864,3.0230440962326255,-1.007179460950063,0.10463678663693564,0.16851127958408918,-0.24562052628684516
1,4.208524087180633,-5.128366537762986,-0.7524020929664509,0.8627101473960529,0.47096798510174354,-0.5958406894633261,-0.07482874196059996,0.18025252406975237,-0.36412596626269395,0.6915451698952793
1,4.9496320185890275,-1.5437523264804776,-1.7131938025300584,-0.04675904531536176,1.739230449399594,-0.8128798389249502,0.8003050720672047,0.41990913343190756,0.8116791140277422,0.021478314424884484
1,7.098562929853709,2.018610141067293,-0.029009489943661315,-2.58795027906687,2.0393406853171867,1.1842013030369645,0.6018530638548776,-1.307411710662179,1.1010115120322321,2.286275378080456
1,3.5102626213307606,2.171625056724939,-3.894546462986531,1.2957595685351615,0.06821822869164855,0.7873572799614479,0.28991906026226383,-0.4959775497172073,0.11319020376369375,0.29544163069740037
1,3.0640538678290254,-1.8765524107390976,2.5817477387247423,-0.1284842839137258,0.11666476260760467,-0.9075949896048982,-0.6458346865368834,0.34047381573093544,-0.04391241223779489,-0.3965441668092931
1,4.007264119783314,0.5372420872577256,-2.7616256702473425,1.8983874933138547,0.5256728461419552,0.1928487155112707,0.16113026932900298,0.3788346437918873,0.35728834144088545,-0.5696368911932399
1,1.7153097112184634,-1.523705002062048,0.14618713027592933,-1.911386515609128,-0.5361229405481691,0.03625984749789651,0.18403040479326296,-0.21890227087966127,-0.38166874353854613,-0.03652886861130668
1,6.05944549076256,-0.7571776322754575,-0.3492394829579066,1.0642176224906132,0.7461052852798029,0.24208026908243133,0.4619766015519895,-0.29207048983748324,0.2847428457005039,0.11832124034235904
1,2.9022361909261716,4.005295439641129,-3.0014624475408653,0.32531642792019333,0.8553562878548392,1.2346792720923452,1.9780884612155698,0.20263195763672917,0.564644632079829,-0.22996807701028707
1,4.554782681659243,0.33753606507823475,-0.754300703444354,0.7003302033649732,1.548545290120181,-0.19100762515109115,-0.8895844108997474,-0.2440567577841418,0.4429090900455185,0.1434985555486834
1,4.990602683700533,-1.1325890380710357,-2.5773843983429128,1.2172615163701441,-0.6699146034314534,0.26747888567360295,1.0326167236458064,1.1427318181359918,-0.5667919131949799,0.244914910276284
1,2.985340792202037,0.7584232136817095,-3.493761779067638,-0.05426048471093247,-0.16709944080981387,1.001786411466135,0.7707719394832068,0.21032408222160903,-0.5856472923981138,-0.07479528884681584
1,2.766369124715116,-0.35435595381079427,-1.89696294064229,0.5342559424150437,0.8840206132917064,2.011035563937601,-0.7205951356533369,1.412634106719541,0.19696184122217977,-0.7437563291075633
1,1.2961987846770997,0.9131962653279088,-1.575768743114411,1.0431665274807795,-0.4147217467006204,0.5685950307479881,-0.1427207748748831,0.48862767155795317,0.39123785948580153,-0.38278498081257967
0,-3.7493134146236184,-1.4134729311361995,1.7323079096157912,0.5654426291265022,-0.08033992175531152,0.290268960221312,-0.8050392804772492,-1.7088436740491262,-0.892449255667243,-1.0885815276597717
1,-0.9980689598420669,-3.3512928305218503,4.305573993215791,0.5612098811397722,0.46437199095481485,-1.4944563264190276,1.280255470139441,-1.4995675323171962,2.102380603055289,0.011502869197684758
1,0.7652641253729611,0.8862440100088133,-2.7049183195524775,0.2747795181694402,-0.8104294121312768,-1.0373507901707184,-0.17772426598292668,0.19825794956142093,0.43153273877404025,-0.43897368130780956
1,-2.1509535229550836,-1.9239914638252773,-1.1804841775289185,1.1131978676139778,-0.4484718470284625,0.9291124157437171,0.04187279944807034,-0.04864258045732007,0.6671609301578436,0.39063503948117595
1,-0.09333135045396318,2.2607521157096317,-1.9047262478525349,1.4423073190145137,1.7053636245991197,-2.122638529045717,-0.49697877212812935,-0.48445323692572806,0.9133161180304495,-0.43070299762235326
1,9.087999730062684,2.018672663760378,2.1412260016235143,1.0692441950348226,-0.7979315355125136,4.311093934101495,0.43416606218864756,1.3882378309699575,-0.3528291531175985,-0.9347984651140643
1,0.9904537772469976,0.9849300659793425,-2.3107335896540415,0.27682549970127807,0.6405112012823976,0.24278158214377266,0.613773429213371,-0.06786888546279257,0.2827611251718392,0.15195987721541312
1,-0.29354658011425794,-0.13709897588525785,-3.301931895923781,1.00978569890213,0.02251097697814622,0.11014610977455067,0.23360432468884132,0.1750269531741944,0.5449201204977437,-0.20691781555047228
1,5.380940383636008,-0.1348770661703639,-1.6788424998474432,-1.5076949556021502,-0.15199787752493032,0.423904927067969,-0.7881744688277281,0.7907865617686053,0.11155485027860933,-1.056060742094185
0,-4.581936628907701,1.4842205390891183,0.04207483339807794,-0.2962289761920133,0.7138524200605567,0.5759267475643483,0.22320207608806245,0.8683332336626535,0.3285471488727218,-0.14579980456143776
1,1.7000069228578294,2.3522718393568756,-3.078088938984189,0.06602100305246701,1.0564666158258438,-0.2821097167220044,-0.16062056503179595,0.018960104945192294,0.5923305770294041,-0.10542659220492644
0,-2.136445270900217,0.09582979816160928,-1.4924117203888576,-1.1210632841372354,0.06803740072045508,-0.6934917397681166,0.1973340860972683,-0.04007932379328303,0.4198101665662111,-0.6174339322830176
0,-1.5674790282898312,-1.2084330961299121,-0.3691590949561828,1.47562877288888,-0.17275077517538914,0.5452838924537441,-0.6844787835977357,-0.5563520040726944,0.6062363609645633,0.19896448997685304
0,-3.542905578335593,-1.2824954004906493,1.0182110358034506,0.6081563111028025,0.21963561692865824,0.26624785779518684,0.45403735907772963,0.12396057877540378,0.2596091139633093,-0.4347251872768411
0,-3.1578140647845725,-1.6889584196821321,-0.4962937714013576,-0.19401240898048214,-1.4399175459131803,-0.25653873889882695,0.4453356160663454,-0.05793084360392932,-0.49250990246347504,-0.24123807680126472
0,-3.450488536548653,-0.4982185235938365,-0.15251785194166315,-0.5754864470959906,0.052314971862047734,0.6298908221131957,0.060827094641656615,0.5113227682437717,0.41398754305443103,0.8237730387395936
1,3.302550955719973,-1.1309378739173317,0.826392636535713,-0.982716855486694,1.1952633754695159,0.7078495006434153,0.6485096344111417,-1.539114903357206,-0.6148306289572126,0.08868603487713965
1,-0.6746193405644713,-2.1164095906874505,-1.396219744335672,1.0431385135453932,-0.2418169521904354,-0.656655137143687,-0.21545311447047225,0.20769851705879827,0.505782936268175,0.10859737131971137
0,-2.858158430678043,0.15272331595929084,0.4289351934563391,-0.48306005468634555,1.5105366183005813,1.2788637799820295,-0.3929083762793383,0.7460726623541939,0.3014188887063167,0.07522688232993847
1,4.6487388059811545,-2.310332599918258,-0.7288087288311458,-0.6399415941100375,1.1583246699265768,-0.1785919714754551,-0.1855067339780837,0.30950510431645917,0.012545249989565087,-0.11297417212253567
1,2.1768629003732514,0.9721160235339312,-1.9438883499274633,0.7373182607279968,0.39578397899009876,0.46233397378696234,0.536681615020526,-0.9520153266000859,0.07344454114553815,0.19435262937248515
0,-3.721458996511274,-1.7876414670571252,1.2799328999758193,-0.11556570894642786,0.5262823180920098,0.7057397546964336,0.4878069172188698,0.29798579514777135,-0.12737375157451056,0.7369119345918745
0,-4.135962880000203,2.4037927559779857,-1.242958032511564,-2.0483463259097325,1.165652641925702,-0.901059457319701,0.406830242011611,1.226140127537981,0.3459134399386662,-0.46466954273764527
0,-2.385835550030421,2.7576582549961177,1.2140859746633388,-1.7944885908503359,3.3381585733543493,2.5407833338073758,0.7464370904208474,-0.9107419383085444,0.26243034956748623,1.3190382729726633
0,-2.5788831833272625,3.138672082721817,1.4002806118499742,0.7638671235806466,2.784094881388866,-0.8157356453038728,-0.39625811927491,0.23093808280834055,0.10304733515534331,-0.928102324974266
1,4.759112227492941,3.0116803190914556,-0.1662408356966856,0.605827775340428,-1.1417016282806545,-1.2200668204157945,0.8200243691477787,0.3310336065731986,0.5286538858878281,-0.48595711483466864
0,-2.3141321325978947,3.267989711791523,2.796224356464157,-0.5657261146863655,0.3818339437288934,2.9582836011872975,0.21056533734480903,-0.6279791297260753,-0.23232525107425506,0.041403014820512694
1,1.691607945900848,1.5406765814377945,-1.7998451198424106,1.3905896837071805,1.2126747983732193,-1.2432109477041071,-0.0057886202169497025,0.3860457755765844,0.8020776142429171,-0.18190717178625893
1,1.8123054074631042,0.7227402125778822,-1.4662494497236,1.198730195481598,1.4280414660891174,-0.7280625945659869,-0.531426734923708,-0.47481073930187767,0.0039428830440752785,0.17303975664150265
0,-2.7859246810116702,2.3106488530456617,0.47272549220995563,1.607160559246437,1.6128576976631694,-1.189573613639781,0.1695270442935023,0.02985069185423232,-0.11124381783004819,-0.27155163140464594
0,-3.518648342054421,-0.6583092741367196,0.5913750989355588,0.010802709829978357,-0.0205893815207981,-0.4057097054372928,-0.5269918744608509,1.083024162968757,0.4278019264261176,-0.39157735741356714
0,4.330002876180121,9.20252535686337,1.4929625714185142,-0.3199475164799726,-4.728171230736856,2.215765418812454,-2.5810586969947527,1.2991536988818975,3.7841184936940895,-2.7381609936175932
0,-3.261279482806296,-0.9378378959156577,0.2051302422474588,-1.090071469608445,0.4603499130232954,-0.4343290644258581,-0.8500759423628483,0.33516455514438026,-0.004982972993794575,-0.3107154623584305
1,2.7045960677060736,-4.43714175932536,0.30734537002133433,-0.4886929671118427,-0.3724950036880001,-0.29180053286735763,0.28349267180625126,0.08626445417385906,0.3271546125490085,0.033346408876164114
0,-0.3078553074425581,7.387811902851066,3.8190853113442325,-2.133556315905093,-2.7107017200017385,-1.6397586289528596,2.428360230942118,1.3182670749821506,-1.885125076655045,3.1926399828759937
1,5.5037053499592785,0.9383252208734698,-2.2101319381156244,1.5237957546761307,-0.9248913432864561,-0.5400616727029529,1.5638648560900084,0.5941848522242849,-0.6731001200463262,0.06118293510415573
1,-0.36170918494845933,0.11973919370406662,-2.0409557541536816,-1.0588842120120854,-0.7571090926153562,-0.920447622932345,0.69778597384451,-0.39338229923471785,-0.35822062010339356,-0.14754788437427835
0,-2.6299766448661037,-0.6973091933678618,-0.5839415587848978,-0.33818171450746976,-0.46754546585571505,0.03486895673676823,0.1201247362153961,-0.4603766495790486,0.3149716630931099,-0.015553503591801644
1,1.4281675425837088,-1.9671013449125372,1.1119390645128473,-0.7529107358125664,0.5398814409660686,-0.9955631722381879,-0.9089199220131001,1.1013290915903817,1.2458726497934256,0.09273699863499564
0,-0.8345177772517004,1.965604996173918,0.7904329178166812,-3.4376308506930235,2.354551469142298,-0.6131017626067353,-0.776354709344244,-0.24705556878468313,-0.7735107958193812,1.5180239954448362
1,6.230896566333138,0.9200693518854515,0.08982727678954186,-2.539158765361602,-0.06213518130181677,0.6834713697833343,1.3998059671958119,0.7198740545419616,-0.09675026188518429,0.5090175849202212
1,11.668714700145323,4.7486167409367575,2.005879263895546,-0.3190480721462879,3.391361042173116,4.880799210867843,-1.1554938710524418,0.4835025018131583,-1.171421285160473,-1.3248822511837528
0,-2.0215776526424385,-0.2548996848998341,-0.6478719228671633,-0.05925135232929681,0.054847856068474005,-0.07241385267541753,0.053702777237798024,-0.3561796622319177,0.048875502171274815,-0.10784388195863376
0,-1.63838488156869,1.715949229036674,0.43420645681984915,1.5279665144929222,1.7693812062480936,-1.5031911098170805,0.14368758476016766,-0.48668675281436835,-0.12248558265758977,-0.03906370547954203
0,1.1674616710568073,2.5145158683911313,-1.905718691539413,-0.6383115856005537,-0.2361809407738644,0.13813374838551198,-0.3266791765929962,-0.15205339183569383,-0.2270645429865692,-0.5040583697747407
1,10.76924277485953,-2.2579832549531673,0.03883549531794024,0.38938533084053223,-1.1872885343122954,-2.188160255319746,0.03560168925417509,-0.5475608460170287,-1.6493087904258978,0.396523173162456
1,5.034811202870545,0.7744088948293071,2.68233773252434,1.6665041888950922,0.31161944792513024,-1.4225487187481372,-0.043256388174981786,-2.0145390338894944,-2.9693381424419574,0.022260958734648055
0,-2.1744642955302074,0.49687815480657743,-0.9490916237776007,-0.20721913089347424,0.8853461234104759,0.8830401244162911,-0.25531223532367253,-0.2301965286673877,0.4240219021176814,0.14790190468218017
1,3.2882353556074833,-1.6682370913989966,0.14693193410822478,-0.4374928503150459,1.3685701604703984,0.9680273794498403,-0.15380560197624024,-0.19229434954944757,-0.0835241531781509,0.443041750623659
1,0.6076079505100697,0.16221454231356483,1.6373749867289145,1.1145118773671754,0.5407946338727379,0.5678596239943048,-1.6627838704831792,-0.3495575484177849,0.572026819259682,-0.12116259163299875
1,3.583563570259014,-2.2066619099853333,-1.7045357604735365,0.801293681501975,-0.36532181028341254,1.561463949329957,-0.19854274093101587,0.6435914195390683,0.18400359362595764,0.46277788479659976
0,-0.9341580605820452,0.9277015287038657,-0.04016368754463415,1.353398872439669,-0.06494237233849252,0.22389920528333046,0.07698037951829453,-0.14890780901027312,0.2624829325955046,0.4559678984075001
0,1.2596046923154378,1.015577083641575,-0.08059274960228092,-2.051334855694261,-0.13752001724936425,0.8430410767289999,-0.17380784592896636,-0.6145515374522965,0.28350347880858534,0.399053131396504
0,-1.5882639921931494,-1.6196567338443177,0.3099991691142044,1.091998837504782,-0.05377424902335111,0.325804472876569,0.2998140894716783,-0.1288654079676145,-0.24652157886027032,0.5215269324223518
1,0.2524975432800164,-0.5313514965241247,0.5893279139771957,0.11053838024973675,-0.42868153075662535,-0.199634420435228,-1.7271128375818847,0.7867500424438212,0.11684889506011807,0.14425300230551347
0,-2.847431638208913,-2.893647410131026,0.5279888643514967,-0.5988169634374275,-1.4356971410188475,-0.2923670677949019,0.09586552234634065,-0.41408988167172656,0.39086655697872347,-0.5904789456708154
0,-1.9649501350089165,-0.9651568159493579,-0.08120793055280422,0.09408080617789373,0.5500237190615528,-0.3213964443453272,-0.5682537639499635,-0.39606672921096037,0.058158610835759496,-0.49168079546424853
1,2.7758655735275006,0.5580005062297942,-0.6057711741072466,-0.49983004065912573,-0.4999058391418883,-1.0676463899452517,-1.0430720804093814,0.2838139128168515,0.6384610144845874,-0.29723377196782697
1,4.396227918376021,-2.1235078446731683,0.5795098791153317,0.7774134300670366,0.3038341597626844,1.7851250017844444,0.00042466058485803504,0.29276405616041135,-0.5808812130186469,0.49960450685736735
0,-2.592082797164715,0.2136340830496812,1.035611691460694,-0.6620053133047749,0.5407642575363877,-0.09693822468654725,-0.022544731264225727,-1.5977042804087103,0.179586964783801,0.4103235064642152
0,-3.9043380558726284,1.1900667868422077,1.5519812536367374,0.9357755733437964,0.7081200693522106,-2.354003950681797,1.116765731604902,-0.14858300645550382,-0.9074128344672959,-0.31678685554593117
0,-2.8182311953513985,0.3678841861223259,-1.351435466203343,-1.7384150374192722,-0.28432120011166984,-0.43128263320210514,0.48492352380135906,0.2909504342268918,0.05734335833403183,-0.38284334285436983
1,0.6162809029973904,0.6389116903337687,-0.19991888047610884,1.0974987411038506,-0.11869002756311037,-0.8539390040984093,-0.5065156631422969,-0.634982247264818,-0.2373503261486202,0.13941324937560054
1,-0.4328602540787853,-1.3920442304219436,-0.08271950173516934,1.935279884611794,0.034460111042106376,-0.5963271745438123,0.002967667459190058,-0.0626569224860143,0.7984258578239324,-0.2097204374134339
0,-4.5550287337640505,3.5287862667581704,-0.2152635415246106,-1.0918852841763795,2.758349158451081,-0.9004928728456499,1.4128938774119006,-0.32461982646508575,-0.5059896635926103,-0.19002159813178293
0,-3.4481835712320152,-1.4246222684236924,-0.08872395912712314,1.7107277576979925,0.10661631584689199,0.34323921675751506,-0.2380064538058623,-0.5137971306622225,0.4551746108156777,0.1530107107097048
0,-2.115960211464604,1.8493737458790729,-0.5566738191023436,0.4643564541772502,0.4749140747801843,-0.9919191609353756,-0.5089249553702173,0.05186203528352059,0.8866841496082948,0.16746351204030907
0,-2.691352157889238,1.4200618760488508,0.9691509823577794,0.002859804289183465,1.2565182306049396,0.941578650351514,0.15793879705650005,-0.5929586706281987,0.47834341542711756,0.6489307842915183
1,3.2139168850235955,4.046756173283367,-2.715384398993846,-1.3286254346168982,0.22167367195646648,-2.204794792378432,0.5194745820551973,-0.9203005519766027,0.024796254116285412,-0.5971871376700181
0,-0.7492713056698552,1.7976386291179969,-0.5683656112412702,0.5604991181365168,0.9330957161643911,-1.610187082054886,-0.49834991687990626,-0.45324325422085826,0.5275658081006712,-0.45962736041130065
0,-3.1590060670809286,-1.0357492298069824,-1.4906841258908092,0.5931682074271126,-0.5140859214999342,0.3599158565940101,0.12324139668844795,-0.2637925355684174,0.28987128251273936,-0.17605546727900886
1,13.056121836450522,0.9815128028449159,0.5988127253788946,-1.4729306476481439,0.599913195164256,1.0217595011383533,-0.09549117526570952,-0.7686182910912062,0.627569163428457,-1.0988736273535087
0,-2.228679800144669,0.6674107933465631,-1.0915602301440273,1.0783017108977475,0.2991288259455106,-1.4408755894001248,0.21175578325544878,1.3892968278422169,0.44890633623752046,-0.629567661501523
0,-2.49283094521242,2.598686392197139,1.6697258214200708,-0.6334856886557553,1.1567472367068112,-1.0964081528043665,0.20389704095421543,1.2200375701774204,-0.5709837297459404,-0.7433187938333414
0,-0.10335033349447881,2.280143527593135,2.1095628165310747,0.35184607441012633,-0.6224825327290313,-1.4599861394686018,-1.0410337994360777,-0.12053755827217633,-0.22736278213907807,0.3364581067128292
0,3.5912943321217874,3.926332790377951,2.047005979752581,0.23176564341379777,-5.465263761529285,0.8338574005845073,0.411536682340485,-0.9711571755778655,-0.5357747711227849,-0.24864406536265984
0,-1.3489485474941807,3.5562251305799095,1.73219136467732,0.04699092290795047,0.345250715202154,-1.2628873737354254,0.10585552071043665,-0.7143259449568373,-0.4106742305331813,0.696347978539876
0,-2.5101175924852615,3.251319687727675,-1.6876241413791446,-1.1899613791697414,0.45558714745066603,-1.707941936584949,0.5124384380087077,0.33776347556933006,0.67945604051793,-0.4914766267058759
0,-2.046029539275229,0.30488500066450386,-0.5338386586645348,0.48984168194878913,0.06791200051862645,-1.3389298718293277,0.4599115147877661,0.4889389671129528,0.35441235514695696,0.4418331350137309
0,-2.0970690432480166,3.6670959242601318,3.632200583687876,-1.5397868260923286,-2.236530601107815,-2.2957051961004127,-0.919404183276054,1.8997568726663216,0.15437634815739934,-0.4450777177715507
1,3.1105277165445453,1.5693895647294678,-2.6139359557351276,-0.6184676612055768,1.1817795971682732,-0.768231078917041,-0.20697803001103932,-0.20981378081444055,0.284815062553621,-0.033474127102977085
1,4.956725629166756,2.384846079876543,-1.9351071506442517,0.6108411836311142,0.1482098255132195,-1.4938059562599268,0.4268069308249494,0.2757701945954539,0.35788832405639376,0.09652624782400059
1,0.851014196998577,-2.3067353316340777,0.5674620544202026,0.043625592686506405,2.0940467973833767,4.979535561649942,-0.9926415472639949,1.0451244430541344,-0.4838636777982908,-0.3710422477644342
0,-2.965999193131186,0.3715067244573111,-2.0665329415818454,-2.0725064353974285,-0.16303733086425282,-0.4383858256441859,0.05698433769426179,0.4640553351502562,0.24594654048176395,-0.4933458064442661
1,3.334133192828773,-1.325557385503773,0.7280137622314045,-1.003198596020596,0.933707084632068,-0.5801240882200144,-0.2507705773987429,-0.3620480513131155,-0.24209898062688123,0.140410788666762
1,12.894612232712864,2.3166219739009373,6.328697231786786,-1.94220308180474,3.1602274072347405,-0.9470532785815112,-1.2968799350147877,0.7927581970481579,-1.6964624081985873,-0.07772269082831945
0,-0.7707436719651458,-0.06410907057029178,-1.1344085956863381,-2.5104631591457762,-0.02023662739376345,0.18085271350253446,-0.5034841940357954,-1.2958566477891325,-0.09160676238933228,-0.3637016534139093
0,-2.2025155026265755,-0.7356051491134578,0.26707989486944717,0.037619077145954825,-2.934036731846079,-0.2474675418713321,-0.19145489416813263,0.07076063838696582,-0.19816309942812335,-0.4731596134930355
0,-3.143412277931928,-1.8774088197852117,-0.6703689780891481,-0.3033320843801834,-0.40806936457908094,-0.22712014210045656,0.3216273604816898,-0.27020058918938705,-0.1712661408172222,0.29489767308241976
1,-0.6388805444614907,-0.911365917264635,-2.142724146345767,2.1409155954708736,0.429139538173114,0.14888210726455464,-0.04163034074150246,0.27227056176468656,0.7725852682573803,-0.0589021977188677
1,1.9191333526419367,-3.5380823778711914,1.2549244724481385,-0.33599914853628693,-0.5890689782744963,1.4685278839934062,-0.14472307540675178,-0.17225650652006,0.25372017537627145,0.2450854182345777
0,1.408868417943004,1.3049294191044418,0.6414289227737963,-1.8869562790694943,0.03625206788111808,-0.5342970630633996,-1.2663728662601128,-0.7221437082390129,-0.3858147005668096,0.5939550064895491
1,4.64369126534263,-1.482017290760485,-1.1706806869714599,1.2186054392913424,-0.17807254749830534,0.6786615336141485,-0.7409596010812665,-0.6345778198535132,-0.19613554294584412,0.7622724755025603
0,-1.8774673070562267,1.4232307986745925,-1.0708119959518863,-1.7093329013756877,0.8845495521013036,0.6546272737306152,0.31473548820100883,0.22283503820515274,-0.6836930942173174,-0.006872686358469861
1,1.4320693947846477,-1.04960387963037,-1.2620111847510094,-0.53318904896466,0.6266967054108087,-0.7859162148471548,-0.6215555858412802,-0.21494366814093027,0.6695956346428946,0.13105951963507706
1,1.3526269861171278,-1.1541414260248541,-1.2097931944687803,0.8281065673442207,0.9868073559832894,0.6869747347208883,-0.3135078205543444,-0.5253712833970665,0.3341540034110752,0.7125908806634782
0,-0.7091148592025862,-1.5682321827277568,-0.6699939686458515,-1.6872640673919506,-0.3393145776473429,0.246358507378527,-0.8395510521959944,-0.5256821727133657,-0.23263400729396147,0.24161444665545082
1,2.1714159475366746,-2.826260702353412,-0.5621074771943739,0.6608315948693472,0.47497008718356726,-0.3844466504248203,-0.1388934874102068,0.40098238077770243,0.01578222595989692,-0.1421282046547572
1,-1.976840358429671,-0.4193873144355583,-0.3805751246652598,1.7394602057964221,0.30863777426444544,-0.7122805005191304,-0.3173611937914736,0.4234263758662456,0.29634616207669184,-0.1662377821419648
0,-2.600789475505018,-0.4823353143945984,1.872372831515668,0.43801837265773136,-0.016083347196030287,-2.0410093614612403,-0.004720810247311018,-1.7469035394050183,0.05406043780586167,-1.3417986336163243
0,-3.2580073695902665,-0.41832118674700586,-0.6918054531593172,-0.6598536491189961,-0.12156628579581504,0.0672887418472849,-0.4390687421819062,-0.6249776534187038,0.43216966303373644,-0.18593036030003868
1,3.7820264531736343,0.8603815293418332,3.6710011159075404,-2.0478194635286373,2.1837897808113587,1.4742368940649406,-0.5633483886680587,0.5559086688545433,1.43437651542674,-1.8923024412315332
0,-1.9920346699707308,1.3293553479078741,1.135244871951895,-2.046433049383665,0.2521275378520992,-1.757082665323902,-1.3958719779110036,-0.6184858283914366,0.19402455546365538,0.07839633174385201
0,-5.015008644292166,0.5747002490111109,-0.8424379203123744,-2.1696626457395984,0.8820027787194389,0.9319352962813691,1.1334908512151334,0.264857165293875,-0.04782090509203498,0.4229754537709084
1,1.3450204215170514,-1.2747709293310456,0.5558436281575765,-0.574871456767648,0.47084929054009256,-0.17410017076063627,0.5623465452771181,-0.29730861669950387,0.16277984595382547,0.026178981935131337
0,-2.45596876958093,0.8984554493766852,0.3531336714855063,0.3679917626827455,1.1042865982219379,-0.778887440776611,0.169260365463414,-0.9777863181053738,-0.5083084748828706,-0.6645770426882368
0,-1.8372816808108987,-0.09102660510114971,-1.4452807300632908,-0.672548573387138,0.1361991078909558,1.0742421110318356,0.09905541464188285,0.3731513831125817,-0.07121758983479468,-0.2545023792329177
0,-4.346489708757351,-0.8935720554969107,0.6392560958171124,-0.42562703817165587,-0.956442532478331,-0.09919837210933496,0.34705043170968347,0.1475721382080769,-0.015477171558629632,-0.7727046882173472
0,-0.7328127344423179,3.702182387995665,0.6585050248991481,-2.2361274449299184,0.3364680843283842,-0.3825378757824055,1.3619829852359007,0.3716593311537032,-1.2072518280003093,1.1895823845975877
1,2.399997925952066,4.837988748101145,-1.02815680118159,-0.3429163158277711,2.3918730897182527,5.134227759804116,-0.7879231108080508,-0.09760760471059361,-0.0862686526297289,-0.6390845566590386
0,0.3930987909850486,1.0830679387302513,2.247605146697446,0.4618583808765099,-1.6916284356501559,1.5552199795704273,0.6737491549510465,-0.3199439762368765,-1.4190937548494509,0.05653524764188847
0,-0.4123278212808855,-0.38963119826895515,-1.0457703044282267,-1.3662458484612412,-0.8635070504501416,-0.35235998475572,-0.8862285872966922,-0.37293150555422844,0.2342585242362314,-0.2165711934552535
0,-3.049924976257538,-2.2377843535042166,-0.4694530537214334,-0.18277504412696038,-1.5758460160485686,0.40880155772270876,0.4899906114555924,-0.22392293379693065,-0.053268935413048335,-0.1309436731946285
0,-1.4425637427324833,0.3058706096711311,0.5515482418374247,-0.3560735506499812,2.7029189459350293,1.4997075679308007,-0.8312800654344369,-0.8061963585471282,1.0339915091829146,1.2005858760969692
0,0.08318636529850859,7.150359658184901,-0.06001025921966792,1.8030816907391551,-0.7381126045892807,-0.564220536841933,1.6258064926876972,0.6078764165102443,-0.2831216378091188,0.700036606124095
0,7.093307350380657,12.57319345499585,7.358706900369859,-1.2253423710010578,-7.490433511639216,0.8147311730281936,-1.6810501639195374,-1.614182384229159,3.6880082280751036,1.074650412747503
0,-3.743404535546604,0.2505017866142094,-0.09738289467784475,-1.9321469091313233,1.0435916483407561,0.1542178350968372,-0.5852945420436357,0.49218261364443433,0.2133042057844506,-0.06357584424262763
0,-0.9691727841789515,0.9449444168369879,-0.8908110955052966,-1.0965322397698658,0.6135026837573567,0.9708910101227538,-0.4279960441259453,1.2773113416806983,-0.12194275471970878,-0.4270074119056657
0,-2.418719904236445,0.005552566891257094,-0.7983802984375596,0.07089204452920712,0.0773098989726526,0.8655064181725856,0.10702102477702646,-0.10933641722130802,0.4539296552120144,0.4913535189296046
1,4.100787737829258,-0.3788039228430907,1.4463175638918024,-0.7023684756953315,-0.0006651226231898422,-1.0360962789612063,-0.3177209734526774,-0.4207225087905539,0.21369208812671495,0.28723049304331333
0,-0.7516030747115117,-3.0706485852694816,1.4491816345884756,0.9534258075191427,-0.8919291627104867,1.2972366718611836,-0.22158692427671592,-1.2383086017879166,-0.0047580768590913085,0.07689251730425939
0,-3.654646520991045,-0.6746485032611906,-0.9069858424189705,-1.5111614550881922,-0.29381187244775303,-0.4139519436619276,0.14207175093131627,-0.1218105796229216,-0.08403396106629728,-0.14852390223528233
0,-4.680211567785916,-1.1038569986411597,-0.25730808337424493,-1.2464758648741392,-0.4146181568319149,0.15341604838559383,0.9062286985517487,0.6239965672123883,-0.04496454547440362,-0.3464937262116457
0,-0.5977816970769007,1.7856509172337598,1.4817361397638915,0.1778725801789625,1.5892263932028736,0.5892960549823785,-0.03491884017291349,0.015432815336388203,0.1863878343954113,-0.25750388053400575
1,3.387330716196941,-2.911037155742547,3.0072378634661425,-2.828287731225886,-0.5083464109461934,0.5893893588613965,-0.8318224424905704,1.0185665582137409,0.5236228419338141,-0.09124027289171166
1,6.149886129161985,-2.0176528663669866,-1.5661437207319997,-0.971646120777572,0.33637035609713634,0.34372457777198023,-0.0707757316395799,-0.6422621659981339,-0.013657353606886833,-0.3987199050877339
0,-1.3250312721744562,1.4692940848379907,0.8484213908151559,1.1427664953934744,0.047821341172206086,-1.8916327823714418,0.029067076678215457,0.41824929646705955,-0.6300500551842216,0.057820488686978214
1,5.494152713034073,-4.165829427940758,-0.6012609666237133,-0.14969993809695306,-0.6255660691241777,1.043038635487363,-0.07048493186079437,0.8329178049745755,-1.0893837033116378,0.7428576618883774
0,-2.997403259356301,-2.738860867026695,-0.16118377151948224,0.41316965811505973,-0.40554621067377983,0.7240924590359771,-0.4227452706701454,-0.13851994788126673,-0.45569436315926865,-0.05074076161615008
0,-4.386732702130976,0.006872572849692063,-0.9481079767695721,-2.798005918193281,-0.44573061045573087,-1.6880823905548832,0.2823637539069033,0.37264390484378573,-0.1105460431762357,-0.6649410903873372
1,1.2136345851985546,-2.0390389406569627,0.9806961835041929,-0.23896611555344016,-0.08576872042304313,0.626656364656483,-0.3519402322866272,-0.2575633699340136,0.09814908786871152,0.3100292879077049
1,5.069661064567741,-1.785152498406024,1.1736468997020737,0.6937327414064048,-0.6486557584840741,-1.9783923328517585,1.5988725164027777,-0.4794266806628068,0.6595117489660727,-0.5993724403989515
0,-1.9777014758283793,-1.8427792344346066,-0.27735960971359563,-0.5497499324969887,0.20689626479325135,-0.28386453515187593,-0.5541367229123043,-0.9135957908604586,-0.22369338653174284,0.37881685100165696
0,-2.514876408493542,0.11425252455363732,-0.4966224505722124,-2.354347029097915,0.6893751584164473,-0.044258952785957935,-1.0484258726604254,-0.02629734414811624,0.5061768168180072,0.33500894429453876
1,-0.9474879314577397,-1.6847534144086962,-0.3511862465941942,0.5772107361339072,0.3415419387497079,-0.4226387072479563,0.03577364194278496,0.35304753036964315,0.8088414359727045,-0.48068458261354535
1,2.8193683719972014,1.265103145632869,-2.1531440868044336,-2.7084591094450667,0.04004503997545079,-0.566273753936772,-0.2674835499699933,-1.0654141586445567,-0.09332721893292768,-0.6390870814242638
0,-3.483986209913953,1.6196921462408316,2.6754696460193395,-1.2536135556256855,0.5989810898545195,-1.3438765545163711,-1.0274300123595232,0.4433240013403956,-1.2901017949286144,-0.23482790213593782
0,-4.658729585832663,-0.22291456480724778,1.5593590214677715,-0.5110919138107743,1.8969406415029824,1.347317548666248,0.2725684487166211,-0.1645506720231531,-0.66990783323498,-0.537547214710187
0,-5.351618056994444,1.026758108022293,0.3249861479050965,-1.3686823019714711,0.9186616036126899,0.22103684306698934,1.125152072057695,0.6379674248314497,-0.4250258607740551,0.057802505617900034
0,1.1708981500346065,7.014486265521306,4.271861402247188,0.33263951837736705,-2.909444735260676,-0.38914754569918,0.7141963000056567,0.5025605146208268,-1.2499837890108603,0.1512169220749813
1,2.9563018872877467,0.7064217759099547,-1.0423355669828223,0.5221493608810854,-1.4136357447641303,-0.2689428954708875,-0.995371458544733,-0.21772890374022016,-0.23135470287405727,-0.47144229639310936
0,-4.97571376454741,-3.386236436925579,0.4398143089649295,1.5775714970489072,-1.0337661458828695,0.9267875455340779,0.4523648992945623,0.0918134103325091,-0.17947272015438404,0.10219292123327901
0,-4.064025639168348,-1.2461659409009431,0.5744779493466965,-1.705393228559608,-0.6158643624138289,-1.50913380383755,0.3332938107928334,-0.07764454811956759,-0.39659481640938765,0.26370519667014564
1,9.51266969948089,-5.603484406319312,-0.6372395167907692,-0.2242212932186542,0.40654383334212824,-0.836614454513392,-0.7146629961297247,-0.8026292961696345,-2.161741393406566,0.02912482234782619
1,9.007165514503175,0.5810307879548943,-3.134715424454703,0.8622694580052677,-0.045721556794810596,0.725774146633439,0.8458901525200089,-0.5915398478230118,-1.015621223527743,1.2026547773669733
1,0.7588784428192744,-1.6085325096973133,-1.5150957283314277,1.0760599071142969,0.04923458171219181,0.09433153406203204,-0.06081191441832019,0.36557638999734077,-0.12069480564628976,-0.41156638561867387
0,-2.6593595534701855,0.5399359005796032,1.707014664829537,-1.2017515559102736,-2.354742116087461,-1.0044054981422252,-0.2668895928409952,0.08946072719448153,-0.08502772048995036,-1.1925145918274593
1,-0.39001900775666704,-0.9892422676571322,-2.5851693427034057,0.7845269000183702,-0.7343110505838714,0.18373754548074434,0.6915822878007206,0.21482915394923482,-0.09687018482142495,0.4609437250288984
0,-3.889065475997029,0.8160719408542482,1.0157176054691832,-0.824918126954801,2.1335727432034512,-0.7937245967013536,0.4374433322755515,1.9019515460598537,-0.31563391827016907,-0.10422379044442191
1,0.3648760580416961,-3.574461112408565,-2.2239785753412056,-0.22316835159610282,-0.7785306993309822,0.5102302649988558,-0.5627930073806381,0.23543879399155837,-0.3256223250852424,0.12468077089634148
0,-2.835890927742779,-0.39872948505514605,-0.3474448813283798,-0.8132475170398084,0.039280569609837404,-0.6355225418552445,-0.5978510407751715,0.16082326574099778,0.5411885902870485,-0.513638799822883
0,-3.3102836153129496,0.15574140089533856,0.5414792245698119,0.5124842196174321,1.787878838361448,0.6958501744103704,-0.9106874904381027,-0.01985611728513262,-0.5342740162992929,-0.9633963160374858
0,-3.357304420950398,-1.1037322321421177,0.15208989999415548,-0.8281881191104806,-0.7342592854590756,0.6926264827157856,-0.18774899172307452,0.3168902391657848,0.06372749478422045,-0.24325081767569565
1,6.523116846732847,8.011169176549968,-0.32642416281250736,2.7717984752858396,-1.5989319124347388,3.672119522231416,0.4671998620430657,1.3225058271012655,-1.9463775898626554,-0.946913049085836
0,-1.7177351205116533,-0.5431655042163632,3.298375193299832,0.08733084892451912,-0.08417370549516913,1.005058853662929,1.0007106398835994,-0.9962445333187212,0.2325302547518376,-0.11899322442663096
0,-5.565735895766553,-0.4778474012247778,4.127462894662248,2.352491191379652,1.052460088202513,2.0935021938192424,1.1673881304455689,-3.9531630220747234,-2.0611571961707584,-2.6720093539713576
1,1.7796615642962277,2.7765871055190385,-0.9427629182338366,3.074352276124728,0.6951326607331715,-1.2013658497028474,0.6288403149850065,0.4579031869142327,0.25240622001564234,0.02223411186749189
1,2.611484922590799,1.5614216209552303,-0.2181870204977786,0.49277520742989855,-1.1043876403160264,0.005818851789185175,-0.8639180361106729,0.20500696894549217,-0.3568766577133789,-0.41159545590783
0,-2.81903852310347,-0.9701103952393052,-0.38259137684165717,-0.46379070875153244,-0.5517868097438074,1.2084608597647892,-0.3662597918501122,0.11381676566640951,0.33022353704406177,0.19803714360849467
1,2.4984389264538756,2.2784828204605616,1.3194788264455084,1.1808390042311465,1.8997295930365137,-1.7001026836480149,-0.9038389987315416,0.44737315236725866,0.34003945227052934,-0.7983117237948176
1,1.277027166927052,-2.4432590438796264,2.466316718958828,0.1298903205795099,-2.155306285505419,1.2180659527449742,-0.018177666008049043,0.1786034837658226,-0.12499439518357185,0.5858863328650191
1,3.473197290439221,-2.2778489796896664,-1.2386842635856687,1.1131407043511155,-1.0092589956894509,0.3217731636826385,0.16813199349213384,0.6692836879835339,-0.8927672497851149,0.30396534318696145
1,1.256675085272087,0.3823933315584414,-3.838320324687876,0.7169200520151875,0.6511564519723405,1.219262699638913,0.021968554744386245,0.5415906798066747,0.33771209604856384,-0.15903617921630397
0,-1.4734313507376156,0.11689038525233866,-0.21466774072409936,0.49080892582590974,0.713841637983386,-0.5411876238035951,-0.1669314844594423,-0.2918997724678559,0.5978811203865695,0.6563208317592649
1,1.6494606482651097,-2.102291037498858,-0.9752716314188222,-0.18804390231989565,-0.916826152181087,-0.3297001676677044,-0.7278905788220704,0.6217186147079913,-0.4475016468338137,-0.4505435307186061
1,9.036589455783211,-0.6551731232909924,0.22127992446753636,0.7647306050488957,-0.5648968707265027,-0.33223275209201825,-2.6706007419560716,-0.261164579858896,-0.4629587235891316,0.43526528247232743
1,4.554590110299439,3.086639096010598,-2.270404063271472,2.1911196247240707,3.461355071149168,-1.1797147828931498,0.013080343629844256,-0.15797741825965278,0.5332230766172342,-0.27995835504320615
0,-0.7811899405978837,0.652849356435624,-0.6436568876262487,-0.21446821088451531,0.4376799434058549,-0.16048953508787173,0.18723511842223595,-0.0681896113633383,0.5337580936219125,0.1895616032812399
1,-0.22309261866014482,-0.7018213809085786,-2.2707620260561905,-0.9986317501947765,-0.6464875265707495,0.04292901170449549,0.34118039507298875,1.0996444587692957,-0.2806934679517066,-0.2528386456798778
0,-3.454895350973144,1.3069389490295726,-0.029264173231518843,-0.33050345315069174,1.8619114552917295,-0.32834045353288965,-0.4426282699297301,-0.036019479237496384,0.28670897763762854,0.1439680402016871
1,0.44654434366834406,-2.7877076781891446,0.44438231726642313,-0.47202850238764166,0.5299897997137807,1.6565901597542267,-0.1693707105270708,0.25622484615490915,0.48632160623243076,0.7870798309849326
0,0.31443826986035606,2.0775607362796693,-2.083311913427375,1.068539764291898,0.21786968983930832,1.18984334691929,0.8621809351787337,0.2691049779061942,-0.7202122085277284,0.028053710192213224
0,-2.059191988973636,-2.472787595476008,-1.461718807734605,-1.8680823163545832,-1.8385628595456134,-0.5250226151660873,-0.09890181274988247,0.3497728289425729,-0.27970016275069803,-0.5855964672697425
1,4.808969162439544,-3.0291030825950847,2.74401872404412,-0.2833634309901221,-0.19396499724216706,0.9849841183893407,-1.5415616899349716,0.5377069208545656,0.40970883871646613,-0.6777691238473535
0,-2.998710518404107,-0.3967778619160163,-0.5964659203946755,0.20804478414133162,-0.5683598407800262,-0.37278628564462696,0.4029633504239827,0.24590949228796785,0.1478044126599569,-0.16913056333179494
1,12.285019620703448,-7.543410550602661,10.11242408878017,-5.194268991488879,3.8525072035543846,-0.8774991702438724,5.417219439195539,1.6029559936503617,1.8647568128669305,-2.5614781697797704
1,3.372196796687306,2.587825164839408,7.092074535405936,0.3674946715739444,-2.7705742485183116,-4.217767060365335,-4.084684685707567,4.362305270554033,-0.6586733156014801,1.707432145897594
1,2.50876636316812,2.6146483941436007,0.20638044109393902,1.8947462824718326,2.1247654002178247,2.4650744809969507,-0.776710309549585,1.5232294970815599,-0.5222573418912846,-0.2908699404462603
1,1.3180685277129163,2.1544795029826824,-1.7866325603918822,0.010169608092927444,-0.16715223876647148,0.5690938227024924,-0.037614299015322435,-0.44491303121909975,-0.03356347689001017,0.07260737083231851
0,-0.3887562295423992,2.2767979217449046,0.6273321398634094,0.42972710171958717,-0.11938048340380188,0.8498937533881439,-0.9042416301811574,0.4086201966618707,0.3856361296299922,-0.2192474803215829
0,-2.7569329302436327,1.0868347542247916,1.7072381192102262,0.5168313808875992,-0.807022971459756,1.7854865506726556,0.4969132680602356,-0.9648631768750604,0.6721457490910124,-0.23509282291646244
1,4.943580962997271,-2.848324564550929,0.913878786179368,-0.33518395590589567,0.48332604570055043,0.35537524157646294,0.48486363926603837,0.32081810734317545,0.44351421708576455,0.7967814686235987
1,4.298077212408241,-4.666275286930957,-0.006841265762607147,3.6533847522129608,-0.17870342630743974,-0.9138735897599067,0.6715823398475874,1.2969934934304195,-0.0196686349558148,0.005751832628591037
0,-2.3735018005580195,-0.7334023771483249,-1.526027433713466,-1.8533298890615841,-1.183117708384933,-0.8578711665322836,0.6587213199565164,-0.06238484970145018,-0.6267196640123283,-0.6032509162032706
0,-0.9671902977534869,0.4384383224108698,-1.4476960935562797,-1.9903614701287173,0.09396647989157077,0.2930129942615556,-0.1125567242425931,-0.15334174557931338,0.01854554976474078,0.2060128086954301
0,-2.9757987268421657,1.8109739496269215,-0.22343503175229215,-0.3916349783321478,1.5293708585618289,0.046801621399270146,0.44663140720352207,-0.16593858478862172,-0.14990542878423815,0.1923965056407859
1,1.80324701038096,0.1664609798217713,-2.628599552588084,0.6437414148542873,0.5218826016822404,0.5697924110878486,0.3323432339673505,0.3146095385888961,-0.21613701452978537,-0.022939409041864534
0,-2.4783595264220875,-1.4185762749019757,-0.3165331976332,-0.3285029057972738,-0.6620126467474136,-0.4467463320977593,-0.06841428725706028,0.37149520958321547,0.29329761095047563,-0.2995757670005004
0,-0.8260393274771064,-1.2502473033142731,0.26796105312354596,-2.310626271384941,1.0148137913137911,0.9016299228135717,-0.8023234411901102,0.0262230283208102,0.8697383504985373,0.156067109090896
0,-3.894697296351318,0.538570988018263,-0.8815584957759097,-1.0387999593233688,0.8090290556359209,-0.6909990392923268,0.5066873971279836,-0.5154891392313616,0.08183653758827204,0.3679723101486196
0,-0.38957809440637164,-0.6144153935148987,-1.3528693142514165,-1.1751926420288152,-1.7898930202105627,0.9602688133561548,-0.04008052216792588,-0.0036624557641111674,0.12009941233450537,0.3600433389813021
0,-1.4573213503872016,-0.20172669340815436,-1.0988789187749846,2.00577467477536,-1.4785625048600124,-0.0853795902260235,0.6043604479179119,0.583342621562483,0.3373580185598551,-0.34758887015573886
1,2.755568080816297,3.4657735311771964,-2.4740509081643243,1.0082787698088378,-0.15513597154930467,-0.7014087133910324,0.27025235142703224,-0.07247610341933611,0.49596918191215367,0.01919455117826325
1,3.257254641419332,-0.1252004650268295,-2.8960973203501976,-0.7495901834872812,0.3528557801795476,-0.8049437134650982,-1.3954084688282986,-0.6858293604155392,0.2947839580207332,0.31388466952128086
0,-4.019140264048269,-1.3542472374616543,-0.3604728661077537,2.6357975927976613,-0.7352453245462801,1.5182776051099043,0.5786052679366105,0.2699488510825728,0.830720819371409,1.1764180942431637
0,-3.676413310896619,-1.2916289477497853,0.4246101686708187,4.601709911833086,0.740908581737127,1.0397365300208634,0.676992874616452,-0.14741998374411236,0.6774554117652789,1.2393386939109758
1,3.3163240271002703,-3.9391523346250414,-0.20545393201929762,2.118223380764405,-0.9699810494786666,-0.8908139708846277,-0.0926900964400473,0.23781936321054742,-0.6614774075823251,0.10945444599101702
0,-4.036607305170307,1.1625463280386155,0.18974804872760065,-0.9405169114370467,0.5655988949815882,-0.8067387394764931,-0.15933765094714128,1.6090693821306943,0.07010003733687085,-0.20478396384351932
0,-2.3342333569947438,-1.3489795827143967,0.23268703989866885,1.212913845685457,-0.05157523529289896,-1.2367194009703202,-0.17422341359222787,-0.13416889890509281,-0.35882665039590633,0.29383637365899795
1,8.403847000088142,-4.153904994012016,0.04696895175665391,0.5518427407923392,0.2880804093084049,-0.5070592178012201,0.7191129012251791,0.6988202472199022,0.15954867540104636,0.5525325330287022
1,2.6475685775271853,-3.9511729899888333,1.371881177567259,-0.20781950240259803,-1.4050542935622243,-0.9045129341228306,-0.3237684772135052,0.9986281145201005,-0.29319904774253214,0.3086172300957297
0,-0.6817688736807576,-1.135991139663454,1.2336662183584794,3.8644999652948924,-1.4283530551830437,-1.2914291978405081,0.075334574388335,-0.8257393075447245,-0.38951481574551333,-0.5528355893044627
1,3.350295722199244,-2.1545701276087086,-1.108943972551464,4.349007561519712,-0.06238493500853569,-0.6857158526441021,-0.21654392552590404,0.37132105725984366,0.7306084067373175,1.4480554973233006
0,-2.2277205414441084,-1.214999493880114,-0.19241358440163636,-1.4712781582235852,-0.019715072765815057,-0.05893760801699567,-0.6902927741804341,0.13538969629615605,0.3773216710807644,-0.02460554949343013
0,-4.477584685580811,-1.7411291124910977,-0.8882070164680096,-0.7646527273272724,-0.6051398267456611,1.0045709731011008,0.2326685123996421,-0.02587169833637276,-0.08990017600493032,-0.13795892901526297
0,1.322621581240758,4.789476444541996,-0.6625354242464588,1.0211955195408302,-2.1500245220870213,0.4504485438127494,1.1174161311299482,-0.3405648872202362,0.2299294680993375,-0.39783240153708593
0,-1.8500898752865975,-1.5841280799328814,1.263917143132688,0.8021025374070592,-0.7114117981414888,1.596613693572038,0.08109949073356439,0.14969985811444753,0.4439837586477643,0.32159610535514443
1,3.7955656232996318,-1.0262327228013535,0.8986356693742034,0.7604606169606307,0.757847193280575,-0.5227298704774962,-1.3884949955460422,0.0966547379241963,-0.8563265296650909,0.4303814667717297
0,-2.2813180374766486,2.077686118245629,2.430649412985052,1.1860604266156718,2.859002591040526,-0.9990288247345414,-1.0897642361027937,0.7439216786199611,-0.630783240435294,-0.9267340430637718
0,-3.228770132268509,-1.1720733247896742,0.26466430269759295,1.0029444390796314,-0.8944679361402548,0.6292250681089478,-0.24996789604507094,0.32975013440759093,-0.4222794140713429,-0.7939770990537215
0,1.0259008972954242,2.3612618685405606,-1.6168859604375805,-1.1459639264943762,-4.144478209188152,-0.2075284900877353,0.7360689108289208,0.6191413160402127,0.14265409888570357,-0.9046942627640993
0,-2.582555821826578,0.729213264640172,-0.5481426423533301,2.332079412159685,1.835264654675266,0.14016599694374096,0.12196576924602343,0.27286276409639504,0.6096553456870034,0.3504713460370439
0,-2.4858832035384357,0.4605965932375149,-0.5989201285126164,-0.9987175976785826,0.43032390186376107,-0.3796217210004622,-0.3315523471703762,-0.4784109313654473,0.5791897303683281,0.023224377240650202
1,7.1438420000743275,-2.074842474596133,1.0883871684045254,-0.716333564412481,-0.8199008219843745,1.1445484272178479,-0.28953728601800066,-0.019306442573322452,1.2165615380340906,0.30794763391488955
0,-3.032481158342944,-0.649468600454518,0.31068289442302266,-0.5802823591235188,0.73288481572236,0.5720082482565799,-0.008425237460231114,0.048886973338260045,0.8117963540810483,0.10616028021405988
1,7.085010692893298,0.5282229385779835,-1.2799873073430055,-0.6515636619970445,-1.8538245195287764,-1.8112997866683038,0.5354687155900708,0.9531684555342753,-0.4389790117417473,-0.4044832970894288
1,1.3140989587862053,-1.7754257538350793,-1.6726317040276995,-0.6946201674503065,-0.11281045271298633,-0.08752907686736096,-1.1197517553943102,-0.34592560950550816,-0.11514050566152555,0.058565649797186925
1,3.7116494431273024,-2.80747710952682,-1.7561935922819445,-0.9041053899642597,0.07098637488352151,-0.206188671120013,-0.20422640252653043,0.3447737436696184,-0.09848177949151522,0.1003017867915763
1,0.460479091390317,0.3941663788856749,-1.004698356162908,-1.0753881885981005,0.4275349050992835,-0.09140701345464314,-0.5446880572021998,-0.05274247526378807,0.43917847817492706,-0.27664548432221564
1,6.392649890414865,-1.8230944046023396,0.47984944058622325,1.6964608882000016,-0.5566774286243353,-0.10677243999014274,1.3422276879984916,0.2660563124624562,-0.49053045883196644,0.6892250447123673
1,5.2555450861832105,3.8945308339417,-0.8338533949946021,-1.681600751383892,0.7843274453920215,-1.3870889207798807,-0.11000109548884454,-0.9502519158557363,0.023693886635588177,1.0789801514697743
1,8.733861561807023,3.2798770394248264,2.903699577135541,0.27718870404137885,1.0618462946963967,-0.5676913592691755,0.7901842820847683,-1.434568771642561,1.5175964571261817,-0.10863728748004214
1,3.6913178682746337,1.0656459767059463,-3.5155892049407584,4.773196963649271,0.8024837076880557,-1.141591897143934,-0.003968546839739654,0.07517837241641973,0.5626391651913142,0.686411350135128
1,3.378250776099467,-3.371227909525207,-1.7667778356083628,2.077956870491668,0.5977814432563061,-0.49078218079950026,-0.8248325823875835,0.29901167257522676,-0.4862053663689241,0.6834241347681346
1,-0.8402097285147971,-3.5000849126888256,0.18248365226837748,1.242572632708871,0.10851700580829278,-0.4169999270491049,-0.24964312766733626,0.20729968775283983,-0.3483817777495628,0.347692793140297
1,3.284372638269304,-0.9906733319453938,2.554386282342932,0.12282704456285765,-0.35083802673964487,1.477384059109143,-0.065166579124308,-0.053073533066267026,0.264351463256534,0.756271857627309
1,-1.908768997866451,-3.1219456573815547,-1.0630562011855238,1.0620666362001436,-0.9572966397536026,0.3285350580176734,0.029948665207340495,-0.21223603074632857,-0.06808728512996544,0.0440869224557869
1,1.6147818509466114,-2.4745732690881326,-1.9911347230871619,0.3790910658292523,0.44324880876174444,-0.2443669598537303,-0.6673852661370558,0.2609621855261845,0.6187462624849711,0.32627612165299463
1,6.619726199736385,-6.003276578429198,0.9893776182978675,2.886757703080908,1.695383671658316,-0.7996731262393729,2.2876674750977934,0.44528990609414554,0.6410107494433086,0.518296678499097
0,-1.4646758925594345,1.6866318888524936,1.1699060393640333,-0.3256620046390769,0.46487310212702904,1.2484191142373942,0.11576623787294364,0.14416034743589473,0.36097185550214606,-0.49069385564175483
0,-2.012152435245157,-1.1034864794521457,1.3380240114939368,1.6156795962136643,-0.6917212869126308,0.5411902155826065,0.09314599463937671,-0.6165005550706629,-0.21169536307252054,-0.207828556196693
0,-2.284340254034857,0.009493803325270106,-0.45043936079414537,-0.29577961946411696,0.8038675821784782,1.7790188614472147,-0.435265932851794,0.09779241149530123,0.14946545835020186,-0.12055782171038879
0,-0.7397429488920192,3.152520583140315,1.4698577634912966,0.314893579559738,-0.9476895531165705,-0.5314409973962921,-0.27977532813672445,-0.038403762859996596,0.09542912544393646,-0.30905391985399494
0,-4.506562562630847,-3.1692723602395128,-0.18806164003002587,-0.39116036575155794,-1.3852065433008713,1.1387788948530981,0.1494041083406705,0.1420129709278001,-0.4297197917984834,0.3485436010119604
0,-3.1587542749846538,0.41030201861709176,-1.1088169960324556,-1.9716188943857917,0.058587417975421115,-0.2824146714974032,-0.07926824419169681,-0.04430357239110037,0.25856959082685765,0.10908397712476584
1,7.67614941022512,-3.075306552410435,1.481959225496593,-0.5524019500086781,-0.8862052443525148,-0.08252741583447366,1.6521226633971924,0.1349997075029348,-0.24287252888687036,-0.6492971413353585
0,-3.639135891434615,1.5895872720871538,0.7162800926652259,-0.6703849912860301,1.5773310654247146,-0.7452731283871398,-0.30654706726820535,0.837056863865548,0.36847334628568557,1.0830535137450288
1,0.337345435919137,-3.1443734028135455,-0.11572158080949273,1.8152951552478969,-0.035293411481451334,-0.7162120429785949,-0.05513300734000363,0.11949795239419156,-0.5550035016293847,0.27165362430306317
0,-1.2765833450103483,0.8490531382476141,3.0700686611441568,-1.1664968694427003,2.6781236843358167,-1.3605087055387788,-1.6491278839958554,-0.8449883228054987,0.40596723531632695,-0.13801950359718262
0,-4.34601405300169,-0.32197778934104837,0.38847503237486736,-1.107147001290639,1.5033327413344937,0.5377920794156424,-0.1770171388403577,0.08755676147868774,-0.11082640567768302,0.20131806828817186
1,0.017430717640341483,-3.4593431821473786,0.3069208583352277,-0.47557000255043985,-0.40073669791086775,-0.15690745043429152,-1.8742151440750905,0.7800822846917908,-0.35223291388392103,0.159203085147831
0,-3.492426090512251,-2.634082191256361,-0.07218760384515922,0.30797762616767493,-0.5250158379069052,0.2333897521696347,0.11357291264933772,-0.46381461009295794,0.14710413458135282,-0.06305517884819119
0,-1.866548879565071,-0.9020640290936676,-0.8711685111487694,-1.0288144760201074,0.2318772304318022,0.9163083656606106,-0.568784245965351,-0.9328531002975914,0.5271936273183632,0.7328946457264972
1,4.960268073032884,-1.3411231441099767,-1.4570533894341773,1.4681981238422088,0.6124600378344346,-1.0858065508709718,-0.18592110391710048,0.8054988203897622,0.2710571168864975,0.28863990651774574
0,-2.4707226846939503,-0.13802610328433804,1.7948855840199065,-1.547626892409134,0.697362017962694,1.8685774751508972,-0.2547792950749838,-0.03828892253863162,0.9747045141565703,0.3251683379058952
1,3.7850600337251934,-1.9019074166999381,-1.7442418187949429,-0.3922846601423447,0.3392798356438802,0.12968390624186646,-1.2777068417102824,-0.05449207947031629,-0.29734001066692595,-0.10264971961984377
1,2.6372557884349033,0.5771549526766075,-1.9946999199604767,-0.27254940060646987,-1.1967678455854633,-0.4878624261759646,0.03940605606552261,-0.9472165422471277,-0.6347295365855441,-0.08925648760236365
0,-1.372685000016082,0.005805507590416097,1.549289112718415,-0.5844394409428576,-3.0048789173141794,-0.001372015243603113,-0.8131476105283989,-0.29868871136340547,0.3340451509083859,-1.1264928723521033
0,-4.138882586787422,-1.3765080325011516,0.8780487298154235,0.059856341158585916,0.5975965502087396,0.8320961908306811,0.36766738681676014,0.004489794282825595,-0.5778793415988606,0.03974919593737062
0,-0.6869401723337266,1.6950095740285478,1.0262125354955067,0.8754778738526211,-2.174675732416156,-0.2967882180046299,0.8410947824220318,-0.16355985235330706,-0.33775143158985044,0.33118386547109896
0,-4.312129601841614,-1.9784859105733072,-0.251306505294581,-1.5749115088303636,-1.983410961850723,0.46820750960342494,0.24523597716182308,0.5247461333753989,-0.3430933160028351,-0.4214779380731197
0,0.4033095455660448,3.723433914422443,4.586469076565288,-0.2159108660356054,-0.8078016744571217,1.8261268230283918,-2.4488505322137395,0.6373661894819105,1.0275279295169637,1.9838723223250423
0,-3.0036057738491815,0.35416037066467043,1.2340151476930181,0.7174570639214505,1.3125619915332762,1.9968668083649963,-0.4478905287091143,-0.4393795388979121,-0.1544757332547302,-0.15367618008344588
0,3.134008611227719,4.273459083982937,5.866278512050911,-0.5965837201871886,-4.2010271672874335,0.8712700267216058,1.4300717642006875,-0.05665511731739683,-1.7738909074347997,1.676405137036492
0,-0.4178368805320061,-0.8085764750682555,-1.0932914607618136,0.08972965865435732,-0.2570691406830211,0.245588838702525,-0.2535034982426045,-0.13145487958292484,0.013112342983265291,0.5290558427481415
0,-1.4202230719632154,1.393978229536316,-0.836986719304411,-1.1054451404475756,0.36440090154617333,0.08946601202974855,-0.2634751330369164,0.9647057797949019,-0.47596962969652507,-0.07825358088129084
0,-2.870588355684961,-0.268644311510274,-0.46898707729826294,0.24550363767501812,0.5579191110419438,0.41445102444546467,-0.6574578556615054,0.38991755039182713,0.4478309471059917,0.12994951059549067
0,-3.3658457201301277,-0.8076003649650934,-0.8070791860008371,-1.6636860555115296,-0.050586124034345085,-0.656633067320471,-0.18332625942502506,-0.3027871635901464,-0.10696037583594224,0.060500313138676313
0,-3.315000175338305,-1.4421759976740767,-0.5836324300084527,-1.7849309058737253,0.019272812541177842,0.6299780497249298,-0.005970834063495738,-0.13443559711903405,-0.5222012923180079,-0.20684263973337363
0,-4.7697101286159365,-0.5429616503092289,0.8938680602035479,-1.73106150295349,-1.0017124462398352,0.9637677489772539,0.23667689405218803,-0.7015380138148513,-0.6680464256298507,-0.8416932900356595
1,-2.3858827543459644,-0.8241154183006609,1.9839636690935505,-0.055255284812065604,0.5057280288712809,-0.9895633608588598,0.5674869467737139,-1.8324880334655307,0.6946400481395907,-0.5476970221022965
0,-2.7870960536898197,-2.533033850026031,-0.884034530685754,0.25967429506208484,-1.6478325482040366,0.9434646011626071,0.7521730360481688,0.17526122483350642,-0.008048688145776344,0.5002677013821536
0,-3.393841756664125,0.7539641216126,1.771793816899227,0.27667364359509744,1.085902471430847,-0.02878658856012517,-0.4136049188272592,0.4493394359667071,0.0659957456000243,-0.09802566685510379
1,6.5902359182811425,-1.4848626154379758,0.36133988282382895,-1.188446162249096,0.12091124698751067,-0.8927969696336476,1.1718532383495601,-0.24084204755003147,0.4015844634495501,-0.7919774345707662
0,-1.4553304714598625,0.5919429056586061,1.1463403193601533,-0.07901736783630224,-1.0877389019323345,1.0579797735633334,0.0642509872937917,0.17473842557292238,0.16245427175279295,0.12122090436412765
1,7.182933114701767,0.05514579842449683,2.0129178406036137,-0.08277585610097934,0.6657817353487105,0.4246034423899228,0.8016688344431839,-0.690059136243533,0.1799725714590111,0.44025096179878714
0,-3.578835358608856,0.8915831940542668,0.2614875959301159,0.2540958374987019,0.59959309614248,-1.7658712076913483,-0.3092182051382584,-0.38966697709772247,-0.19501862621315855,-0.4742922646532975
0,-3.0570326170808473,-0.17921324280631812,0.621773462989343,-0.26139849710512,-0.8967352404608523,-0.5245687101430329,0.7093636638271514,0.13974826262872184,-0.16501397075404342,-0.5008427054436067
0,-3.074435838098305,-0.306058327381118,1.259253684754077,2.20862687020855,0.6064112601455501,2.3580672186329004,0.013892004359494056,0.12957710059901467,-0.08514218322769325,0.21099461838726513
0,-3.8535397409191283,-1.5247262019407077,-1.1445096253033111,-0.8150507743863036,-0.493051186643285,0.28760514641438223,1.0467613489630387,-0.04838834105694231,-0.373639284966323,0.5407098430402065
0,-5.3902563678446045,0.556255739329895,0.5600702365701672,-0.47185526843367903,0.3997982942699662,1.4766592408238832,0.9505020082519604,0.13637329120914687,-0.29330791952187674,-0.0729935432914565
0,-4.657682376753574,-3.0653871777008184,-0.07600908627890803,-1.5085166221822108,-1.2728151826400855,0.5556950469989257,0.552549641272508,-0.09941091519230674,-0.4774253937328073,-0.2719563745534854
0,-4.027542411480276,-2.542906809239106,0.3532172013960897,-1.5143876877154143,-0.6674984672893879,-0.09625757532628136,0.839768533724514,-0.33335890911318344,-0.012542369024601745,-0.17343976306967662
0,-3.347821948113593,-0.06856284888149809,-0.2701930951491644,0.6276365071758405,1.1256873833807741,1.349985541324279,-0.3753641425368633,-0.12146485102785883,0.2129247038610813,0.21898010271328888
0,-3.2998343159217733,-3.138687981724,0.14890846810223635,-0.7424920095724796,-0.39447071377601733,0.641268917847304,-0.1714113100982935,0.04150049240695187,0.012845914726211596,0.23248571708027807
0,-2.136404100627825,-0.004392720527282608,-0.05513894914417035,-1.7881131092355085,-1.3004451892659004,-0.06311751472468821,0.41476681380023334,0.2999787339455826,-0.07258159093861367,-0.07251311509173713
0,-4.038017138189392,-0.2406978053311192,-1.3281265703632033,-2.4402323700385815,-0.2773887659830425,1.6936520673884337,0.41421072376799856,0.1055874492213863,-0.011213739527930726,0.09305263077796225
0,-3.7654143895911445,4.398200608348735,3.9502082801456635,0.3072692252137491,4.789656115393573,0.9662756430941412,0.0243021591566749,1.7465844031973095,-2.61867972908819,-0.24277131481066316
0,-4.871239417462598,-2.339214517768971,-0.16829475028437374,-0.6948900540828129,-0.8209388682372775,-0.8244920420550493,0.24284663725534666,0.06748550517814378,-0.3394713345552075,-0.4698740842416975
0,-4.747256308921022,-1.7984229007922385,0.16970435502472184,-1.5516097725480618,-0.5351174683434717,0.7915847502649422,0.05813052506423884,0.15164433671314603,0.16573509895581884,0.07384488715657861
1,1.8953162192945943,-2.392237951665289,-1.6764912959687417,-0.7120284428735897,-0.38340164180747727,-0.3924229091478763,-0.5987178652597167,0.09283319651008949,-0.0954451702417771,0.38120237003495133
0,1.5729313190590857,6.509099140253125,2.167158948840866,-0.030075688288421134,-1.0534115659206795,1.108943008925191,0.2537637607699908,-1.0342039034337673,0.725851766865349,-0.03727680134469095
0,-4.026620246836262,-1.4022063059898737,3.1864999869769504,-0.01955214651753969,-0.17964887209770808,0.9192955199237817,-0.21099313581679546,-0.5113932478759226,-1.0105267274178091,-1.0445075952595257
0,-1.2948660216590853,3.470808669495089,1.1095280074711773,-0.7666793267037099,-0.21051017688031995,-0.8404568243915235,0.21030449661291292,0.007387303645160109,-0.5747566799929409,-0.06239173713765713
1,1.834840365365828,-4.321522933858294,0.3166853289364742,-0.9971896307647474,-0.2546884234557132,1.6548001876813092,-0.7588755469679989,0.32602861766253405,-0.0832497244630164,0.7066451501702694
0,-1.8103805340140908,0.39620748982568693,-1.2303339345694513,-1.2766564145858619,-0.007076724601355123,-1.782407892220607,-0.12917389749147673,-0.7217876326289178,-0.17386009371634653,-0.5804354147375864
1,7.236485272559481,-0.03570194201465003,-2.8410665137760307,-0.03864158625762753,2.454737080970396,2.500020982024265,-0.8616788273474456,-0.0894088167350151,-0.42335445435110974,0.7635115915930454
0,-3.1456501961501586,-0.7425263362688131,-0.8623513985268596,-0.7551637723150636,-0.30012489399472725,-0.16553738813114102,0.699857657898636,0.02833202312941939,0.08041881709037442,-0.04729248831695899
0,-2.8872680670171604,-0.46473140705345345,-0.4757430950597617,-0.7623018524537777,0.8532163741419312,-0.3062886925597612,-0.40856911186553524,0.011833540518848763,-0.03934984768517001,-0.14363539836854664
0,-3.1496539947198934,-1.7712481699394755,-0.0358335491870763,-1.5072397807621791,-0.3533041066169634,-1.1630168123787012,-0.09411204188398738,-0.10140168513564206,-0.8187356512802454,-0.44939992950546026
0,-4.6283795053938865,-1.8356181327033354,0.06423099637535326,-0.09419331905634884,-0.8004592323140888,-0.16962052105344014,0.8792930626734702,-0.07564058726222889,-0.2381378323390969,-0.06489698593547814
1,2.250510353346445,-0.34853591058452604,-1.0647507249929353,0.23175950515824173,1.0045006421683496,-0.874551992743079,-0.8706845833480279,-0.6022404204416532,0.31734879151022866,0.08026641444656504
1,2.107801292088282,1.1219738672982802,1.7751582721181984,-0.2626750622524382,0.9608108890197492,0.05684988482527914,-0.85167567626446,0.5102121355501681,-1.075028627072612,-0.3661184703158707
1,1.7859499689380733,-0.2692216074644005,-1.7225153330860534,-1.0326871875947192,-1.1851102377896288,-0.13047857919576683,-0.5503743419689647,0.15411059326515295,-0.06935786750742058,-0.4636812145279208
0,-0.5276965700896349,1.2658716637108807,-0.9204411485784094,-0.42947167663070734,-0.5607828469156579,1.2521714674528917,0.4216976573226922,0.8496955574953939,-0.05229346854500985,-0.261327235774193
0,-3.213500960277914,1.1034433420311949,1.6119816147310677,0.48643412323247426,3.4592494941834615,0.859764968746705,-0.8435038102684501,1.033634660812236,-0.8975405024759209,-0.4994696471908525
0,-4.386420466879328,-0.7611012976909225,-0.40059550431505564,-0.5868570378842428,0.37657547915708905,0.5357665483889812,0.732743639360328,-0.0706537488138382,-0.0014946059539657794,0.30492724551776784
0,-3.810017874269154,-0.9099183543375662,0.4431677797484325,0.9504232382327,0.3516356924245756,-0.27774465487538785,-0.10289475164867896,0.2517545192396234,-0.4179041758479929,-0.11232761492797841
1,3.3196739453905177,-1.57705288711786,1.3607285813674301,0.6941432773391711,0.9089300362725038,-1.1722173450772737,-0.3372857746986641,-1.2228646526222273,0.6272055301056917,-0.8960210005476009
0,-2.3932758848150186,0.9900308842285107,-0.7575100339653844,-1.5549832616461639,-1.4314577741115264,-0.3431905296946686,1.2091429489098409,-0.47548533080623706,-0.913905523251627,0.5639664537794876
1,4.680166244124154,-0.9685930728523999,-0.2912723478551936,1.0742723487881993,0.13255697427003535,0.5036913473176914,0.13320074466679754,0.8326797341009253,-0.33782901099227763,0.11362898753665732
0,-3.067695106248056,1.1358377538593856,0.3746227978600449,0.6268542720257062,1.4436937522677775,-0.1918372871279165,-0.16990872182473166,-0.759516973905298,0.24163127761018013,-0.35623291278988933
1,7.35321845685253,-5.2426232901183605,0.3169557628585651,-0.4320397657671346,0.7060342164095476,-1.263186441026226,0.16917599795906793,0.37914797780894416,-0.1386539939213784,0.37613077899116104
0,0.29531319177844023,0.22693509377302898,-1.0894165653012093,-0.9474228765105693,-0.7290945968898811,0.5800104550662248,0.10841342203582219,-0.25721690740618497,0.2560342477045144,-0.03973549926815431
0,-1.9389694308842016,2.5449881886158927,-1.0014235530626072,-0.025739995723448955,-1.2060991743385192,0.7321003243792708,0.8164749710965128,-0.12364271189691532,0.8122593661409273,0.016308535442102035
0,-2.077178880924838,1.8065196515297364,-1.1670792004272987,-1.1422298157708548,0.413571551603153,0.11823725221006812,-0.09909277390588235,0.18433992470274815,0.04048076576504009,-0.43312138291185776
1,4.975162310636398,-1.332572321367339,0.8709775655369721,1.292131428884,0.9619686862778214,2.5813129133660184,-1.233204090275816,-0.7129538561045177,-0.7762625583840752,-0.9214339246700562
0,-2.1769168429785317,0.9589114588435494,-0.23426452747461063,-1.854472532294296,1.4817809147688288,-0.7693428393932462,-0.3897384118169171,-0.018816889418693555,0.6249007417010656,0.6551838690418781
0,-2.431551310226722,3.4472039399124177,3.456945060601044,-0.4936595709041037,1.0457566118424315,-1.0088396927105234,-0.37556500001765797,0.9338966263970422,-1.9509211718901198,-0.6497693518289199
0,-3.367965772081825,-0.5629287138614129,-0.19257357880660086,0.5703792608232895,0.35172854324780045,-0.04026321255944543,0.4884905248489974,0.6233128596970483,-0.3040520593398935,-0.031237892333217276
0,-1.2065978055531943,-1.3170442023839946,-0.930740755804746,-1.7047901030874022,-0.7187193731321153,0.6381882714624997,0.1716782316910335,0.6055699617256654,-0.24941396309755395,-0.40798194325792486
0,-3.3260792179717917,0.47517179967287826,-0.8982855503912849,-0.813487858159191,0.5853795909962815,-0.882389544192844,0.08414322130426026,0.951859422891857,-0.11634058342565017,0.11498157784533121
0,-1.928795362198839,1.4614699646618556,-0.1006421656830427,-1.820763961598468,1.9359414290450632,1.3142831970609297,0.12034213198778392,-1.1935637373359633,0.23968957214035325,1.1672674620237946
0,-4.041835091420578,-1.3569172561106002,0.5383417409580399,-0.8339119727616868,-0.1787469191284101,0.9917098799652886,0.5653938754261182,0.6672052343273334,0.2394577788212634,0.3493898592497277
1,6.1822838589080344,5.108005186608173,0.5211406360936098,-0.9407388495606536,0.6065250285802094,2.461594838084258,-1.468210621692047,0.2686506719581985,-0.8092541007055507,-1.0652625200213912
1,10.934298048188893,-3.703254343257826,-0.8916940821649162,-2.3435075775262075,0.488786282447785,0.19643645237796442,-0.10974138973069163,0.21984219427776208,-1.7630273585815368,-0.4622728123698019
1,2.118496958808672,0.2966290260052702,0.8674854026082163,1.45028750239946,0.5395099289556785,-1.7333730821776796,-0.21699086544014298,0.8628991689550999,0.589032828768249,-0.27366181068115125
0,-3.012194913167923,0.24376006406927878,1.9837329911693031,-1.6797258273162436,-1.703673790359481,1.8498055335119805,0.4983430412034455,0.31940175274506,0.3588963866661718,-0.23906215733507163
0,-0.9826485377356923,0.7972524193531356,2.369421155131736,-0.1569226527184647,-1.5464302760561752,-0.2533222475605522,-0.9265807726921083,0.248074421372459,0.07175474800825869,-0.6726997737175359
0,0.3578939434751555,2.127838632126761,0.7082090948738979,-0.18474469506643335,0.1025698579815514,0.5631985620625214,-0.9873750173009703,-0.5298454974710015,0.00871835720633665,0.14526197881721117
0,-3.193917888778596,-1.849151874158777,0.0993984245704744,0.022782417445163617,-0.1790023895895719,-0.4928166190480323,0.1776992077430488,-0.37315139153641935,-0.6435991327239404,-0.3500411027284635
0,-2.9932332313618457,1.6313923192877753,2.5567180863303514,-1.3458869511915583,-0.04074053664577995,0.6169901367948631,0.5132242605642079,0.31280049074484223,0.8066491433307948,0.18409620860338435
0,-3.1939141247915352,0.5793396234190279,0.48976441651543506,-0.04459404358211031,0.7236070426520905,-1.0373975303619927,1.2905868119731208,-0.2556279516922344,0.7463710554652603,-0.7854369974012138
0,-4.591961392614479,-2.7611262047271974,0.9805433122416881,-0.3628385071459056,-0.22008259216750636,0.6905044175114989,0.3413954002801825,0.3533635890546056,0.06587958735476274,-0.08888903291519273
0,-2.4859161783893917,-1.188939262599096,0.34877683727565173,1.256291884992293,0.12939381317700582,0.5395822477357073,-0.1463144747159093,-0.3833830046265476,0.070890053634999,0.22214814580711384
0,-2.3986653506673115,-0.25074462180726,-0.32713766257813026,0.2773729434619651,0.3548143917371294,0.0193729158082986,-0.2924339027105987,-0.4614344603107934,0.07996523154842422,-0.02250434901067306
0,-0.7796152416087637,-2.1243432959761406,0.3207890002523458,-0.07924893621271883,0.08580984730076291,-0.8931305626754502,-0.8866105695875821,-0.08567133869893365,-0.7389390576003081,-0.390667999120375
0,-3.1399884470047668,-1.4880219635441607,-1.1988784725332025,-0.4534496356459083,-0.8409018114869142,0.32291716014901106,0.1556967950004216,0.2939856596901949,0.07192953502291152,0.295416252480844
1,2.7350116778501627,-3.9451682152197027,-0.017169487716149432,-0.30011087478720255,-0.2832671704260234,-0.5773145181133924,-0.6635511003850908,0.33578227285048456,-0.4560939401688799,0.3710595634557638
1,6.227025953611984,-1.3901099085697457,2.7342371589685084,1.0931617736424126,0.582657709879613,0.9889297555532361,-0.797745330304304,0.24610686857935926,-0.2730256623872405,-0.3654952959875664
0,-2.2237757570759316,-0.3571605369164893,-1.1016821941806518,-0.18622271896392814,0.23927497257845873,0.3984909021093268,-0.06455927977965399,0.5614669822664801,0.46809005125240055,-0.39296978365925334
1,5.30713987512327,-6.723415014529668,1.4856649455178363,-1.7765106726331923,1.0735540976395552,-0.8330773433071961,1.4932899918489069,0.4969791585117707,0.7089679889940469,-0.01696767013497414
1,7.248000978934874,-3.655469306304719,-0.1557021100968231,-1.2268288916690337,-0.29758962097104436,-0.478343680733245,0.8450063859643197,-0.6367241314023315,-0.20503900223264182,0.16267620751429515
1,4.207220623373244,1.1762427565341775,-1.5900182500781057,0.978843382644664,0.11758125492170515,2.6701704981015992,-0.9416175679671687,0.8706116936699446,0.423752262455444,-0.43837201014683413
0,-2.499636409169682,-2.0185354314003403,-0.7312745217897934,-1.9850235198315442,-1.135955270597748,0.6178191377870109,-0.47972695796901027,0.220873086164044,-0.3237088103190632,0.37207420434148153
1,3.6350149223945225,-1.956440966614069,-0.828775236816687,-1.3797528224188225,-0.9944205184202957,0.25385494051085733,-1.179283276823306,-1.519989686612573,-1.825234460011673,0.5342725519886043
1,3.5192481768181034,-3.858607093337812,-1.0225290060054681,-1.3841434729463573,-0.3206639437862503,-1.031028264338844,-0.747375191500862,0.6959352531242347,-0.37869470788045495,-0.39215335093424303
0,-2.6149483247439065,-1.102474282496575,-1.240735949508372,-0.9094766268605259,-0.3784804223149439,1.6188669097223969,0.09393171514512988,0.34458385709904377,-0.06669415986542544,0.5221564648867363
0,-0.09610810546534389,-0.1298474984004534,-1.6714640793371125,-1.5274768632128901,-0.4030669621062961,0.7766605542949935,-0.2616877111415078,-0.5374353243127491,-0.7843578189789138,1.0024790832852257
0,2.04485718417144,6.426819575882897,1.2741207365753613,0.10974096848610898,-4.602716652834874,-0.06264240680522162,-0.3220023162161114,-0.8862776132373291,1.238599532921824,1.2865271478181017
0,-3.0667495735744783,-2.1820955601500485,-0.2790627925088582,2.9385572390837713,-0.4732349926890249,0.04897970489239695,0.31423117889317775,0.5575229575082455,0.002153862976201464,0.3851073988445752
0,-1.6035863971749444,0.2925963222926623,-1.5862255275430301,-0.9096986666721631,-1.2358687312450283,1.0351624301226563,0.2982598894069484,0.7755621339562504,-0.4150331694139811,0.3614949092315406
1,3.7659322430570388,5.9852952899504395,-4.880361039157827,1.1208727404142074,0.564237082890065,-0.9324417538124484,0.5563824681327131,0.3155676454447397,0.5687360144335409,-1.331681064041767
0,-0.9255665444945835,2.302481584136118,-1.596111545910395,-1.6762382170737016,1.4269866509653355,-0.41360265187019146,-0.32685561543033886,-0.8422874402093592,0.2817151862528476,-0.2094801866028345
0,-3.28834959077241,0.20131152376266406,-0.6277561530772997,-0.6128346981774715,-0.17076810719622254,1.5132351285854775,0.11088405395812341,-0.29513598832408267,0.3467536548256458,0.29157172733263625
0,-1.5548520527797274,0.9798576669898461,1.1965593320266612,1.775176491589352,-3.4991256141816773,0.31223403460366833,0.6416070529527187,0.019769722957996574,-1.0820597953324433,-0.6102891633386296
0,-0.398779812802223,2.1612127106584733,-0.9456051340976795,-0.37248126056204484,-1.0126504758857566,-0.5361616156066001,0.8246303688380135,0.1697712484939835,-0.25654550933402365,0.17366765932586672
0,-2.300567827924907,-0.9320774215125701,-1.1299532570497925,-1.4523768748463208,-1.5556400637098715,0.5146558081866428,-0.1401819031008045,0.13443802555566137,0.13367093274205766,-0.39357204208780894
1,-0.5429013826147538,-1.3170678409014052,0.9957545363135362,1.484875409631531,-0.202978570751081,-0.6347794293377051,-1.204717080149396,0.1936496638567407,0.6119569401826984,-0.20790432516244384
0,-2.058819409419339,0.3204352287114846,-0.1224585272380147,-1.0208602140940066,-2.0791674708471386,0.8376369863678641,0.5377202179169421,-0.12102660194612931,0.1282708194741454,-0.397960680728681
0,-3.424518091287739,-2.4455182348792803,0.04504869532238979,-0.7861421956180956,-1.603182182577159,1.2707487337672887,0.33720272613988006,0.14414180301224042,0.02197633043888705,0.29412217591030626
0,-0.47240632075655326,3.702829315576882,1.9537844343163158,-0.9963171273352105,-3.814395820069976,-0.9040766384290103,0.7054873967364527,0.1984731272119563,0.17379568453772246,1.4361332427533182
1,4.703500765292654,-0.1959559397428899,3.7570328931589247,1.0042278949140564,-0.3286515890310479,-0.25258237424525415,-2.5948469468800504,-0.9890045675878129,-0.26170530086832794,0.1415286764278059
0,-3.643380211952681,0.7868601609666352,-1.1621455235412586,-2.098874912560047,0.4240683496742971,0.1562305204350383,0.32449301510629314,-0.1902542214871426,0.24210149734559644,-0.07301450915799672
0,-3.5946892070186696,2.60508737245137,1.8520298767515215,-0.08988506042829071,2.4425397137414495,-1.850475268268765,1.5489490172332006,0.44442371753383536,-0.6212215052257062,0.8833779191357495
1,4.149097353755671,0.7674887748940654,-0.8879746205152479,0.008369628806266606,0.6049797480332676,-1.0170897797956282,-0.005024113400186218,-0.3168563428214176,0.5645796650027883,-0.6161882454415514
1,7.672141509267868,-0.8604843480450411,-2.153650204508253,-0.2547234355981067,0.2364708323656168,0.486074154271703,-0.403298062169486,-0.37282197837707987,-0.9272566088906904,0.1202839337008927
0,-2.010379414248135,0.4296897362004649,-0.10408852638973838,0.1602923188389937,1.509505889840933,-0.07670650543251853,-0.5416181542134342,-0.398143368608251,0.11318164374454662,-0.16780973407013386
0,-2.920833530264074,-1.7004722934394798,0.29572732635454313,0.41417683904032043,-0.36392014134536954,0.3868069085389183,-0.643236471480277,-0.7502140758521048,-0.570457753576804,-0.14409313539025503
0,-0.5007378043340669,0.10673157598232358,-1.0287478490482727,0.3048846735581844,-0.13912128551951133,-0.7447844678722024,-1.0677945311727732,-0.9727805309745079,0.504004533699862,-0.28929052654260007
0,-1.911498552309563,-0.6513938106158389,1.4502883893890766,-0.40070327985566917,-2.0630026232290084,0.20388083149970726,-0.09958876651466703,-0.539607021738901,0.1485177461759357,-0.27862255423364496
0,-3.7850992011009454,-0.3261461878043897,-1.0580802673623517,-0.6060080970717627,-1.5261553456105212,0.07310645699272049,1.2387291852925901,0.11001872211054152,0.12019850640871495,-0.1421273839493077
0,-2.708393953465641,-0.21966558056029936,-0.31450467520769926,-0.05525295674056535,0.04825405091901523,0.16910287956857875,0.6877809823239512,-0.25862568592165947,0.47955063163857736,0.2531190590917954
1,6.289673498268542,2.0365472331427257,-3.18208232865033,-0.1555436640849508,-0.20248873021510289,-1.257985748950227,-0.2861529689277712,-0.21850438377373818,-0.49648119722014883,-0.4169816444853835
0,-3.43077070080857,-0.9926097859148496,-0.7316944071467975,-1.3437230363069765,-0.2358390845663668,-0.6918040094817209,-0.05208291905990199,-0.08578603155822459,0.26834396938087896,-0.5870749859174977
0,-2.001388449831686,-0.29332639802408694,0.6192037879171024,0.352511622161129,-1.1648199056484758,2.4301145426473796,0.20578500431118132,-0.16912063858166687,-0.14075006874885737,0.12117683875907724
0,-2.4732931045142355,-0.33504684599031614,-1.4823619226461804,-0.46523753488631253,-0.04899253582505575,0.9379162439845212,0.022589426274164926,-0.6987994025473999,-0.06962567574450673,-0.23173811279567358
0,-3.6472577666639006,-1.241364908813037,1.3866247744293387,-1.6139592341067126,0.17299132158114042,0.5970636867235406,-0.2938906248142724,0.4075883810097027,-0.043413632144982325,-0.6095359109329872
0,-2.3461868268475357,0.6827414653698264,1.1327340971544446,0.30310391206763204,0.5416751876504812,-1.4185258762713822,0.055442393389891674,-0.18533408617245115,-0.011958636728476978,-0.9148126900998365
0,-1.1429969724017568,-1.962171330530836,-1.2407195989598208,-1.4790767443938757,-0.4841822397279574,0.3043702538816891,-0.5355045952274707,-0.43708363382662097,-0.28404302411524796,0.13423647687253232
0,-1.350857206526057,0.3695738529995535,2.486675331857224,1.1407174344314193,-1.9058647406486153,0.9309493508859156,0.7885687984146823,-0.0292514268425361,-0.4555808347966626,0.006211475635170354
1,2.7633707610894223,-1.0786335055661498,-1.179623899960774,-0.4141591338500665,0.16461169160218342,-0.45916416096293944,-0.7430199422825192,0.046677089254896324,-0.19299068927864094,0.8059070848708597
0,-1.9693236095949818,-0.1758483736394121,0.4207315290234966,0.7863121869739482,0.8612522464921474,1.586687309814963,-0.5751022626859694,-0.2215587515063159,0.3334045830504661,-0.25871661203648333
0,-2.931187071108094,-0.49485603297292086,-1.0170707794148444,1.6864230260914437,0.565729850891249,-0.46892859767457706,-0.034214553237197645,-0.19334461771542263,0.47660264872797714,-0.680412938315848
0,-2.926374375793713,0.3773324643777018,-0.8867936216353887,0.11534496743604089,0.9856801594674395,-0.3344561880648248,-0.018664524835295435,-0.8971508352501726,0.18968341554258636,-0.39942335081187186
0,-3.99618821515256,0.9598561960079047,0.2044039460944213,1.5102300357454455,-1.7092487234588911,-0.28569623313385784,1.2901079756249527,0.3118041940604175,-0.2086279575306218,-0.6827809539521161
0,0.15513806464579422,-0.43800822532995437,-0.4614458563948465,1.4545329382236292,-0.8558403893594727,1.2428747794429402,0.16944193877449112,-0.3037743621977853,-0.0231615221803587,0.496417878077923
1,-0.9340908658298117,-2.1059455322653653,1.4329170494103598,2.894261913238582,1.275415260282686,1.6266919675069766,-0.5476039749323561,0.850074680489067,0.36868524682537507,0.29219346754547504
0,-1.9296217173399888,0.892466836797754,0.042344980151726934,0.558884548146084,1.2803299518420725,0.11682937533609433,-0.4684229651511581,0.6676574569076256,0.2660564518472583,0.6196762644175418
0,-2.6223385146049343,2.50210174310004,2.434999821788896,1.8780137760754623,3.1508159678934935,-0.7836540728743223,-0.1886323839814235,0.1565060492735861,-0.2840683847245822,-0.06571396772298564
1,6.003616611413818,-0.09102939290842334,1.711201741373931,-0.9473746548376044,1.1750361684971145,-0.8562050245666585,2.504596360571082,0.056320375437395286,1.910405941194144,0.0313206231155055
0,-2.921877757793635,-0.009212501111552389,-0.9013034345496588,-1.7913287655646446,-0.5769792242983763,-0.23981010744055847,0.6760031301667254,0.29535699279233835,-0.4996327172157205,0.06926665449551798
0,-3.3419448015357074,-0.022224541135442248,0.5033014120839285,1.1422625778095497,1.564761058196071,0.16775766302700407,0.07552723045495681,-0.1250437679572724,-0.1610349680994107,-0.5883045354007804
0,-2.0149150045898105,0.778452237798508,0.12557885484418607,0.6597358165778857,0.021929505075921042,0.6893207796284869,0.07556539687308432,-0.04524010969934132,0.7792982855802054,0.306129846677683
0,1.9884621793416477,2.31604800100437,1.2363040510693575,-1.7697759282919845,-0.14399574126733922,0.13359602368833218,0.36543721163955867,-0.49859548855227104,-0.7123685267710853,0.005232222134086492
0,-1.669603922391681,0.8623190250411636,-1.0103059185760703,-1.3238951607362022,0.2815678701079144,-0.23939652145107967,-0.7280749930653485,-0.5912708729110389,0.7338610064877494,-0.15630462893224645
0,-0.37117809508613187,0.11361269995068714,-0.9983636900000719,0.15536961912073072,-1.4759556841849473,0.4759622247146521,-0.08897607043080612,-0.5952503486058244,0.24128741026936878,0.19732415378398954
0,-1.8489598517709414,2.5412297749782344,2.005348039320175,-0.4843713381296995,3.50864533314617,0.5345343171062132,0.6996347288645487,0.02142309469218503,0.8151957918095922,1.3139604181532714
0,-4.703042193179315,-0.4323022220971866,0.005305122942195741,1.3706085980039346,0.08509931440172638,-0.3300740274893389,0.9947378523399041,-0.37384788886907716,0.17874115526600595,0.3768369361890294
0,-1.2831870693916767,2.55090938063639,-0.08386027477289308,-0.7715122693050835,-0.5569105525607478,0.2700016519602603,0.5114149955551095,-0.06901317661802225,0.5303777071212491,-0.2082818557882698
0,-2.3142468069217323,0.402031602278013,0.2746232832833608,1.6704632979982588,0.536710643880238,0.5083747730456893,-0.13889372507861777,-0.21597918282783243,1.1494272813105646,0.33427408115626844
0,-4.659085170606017,-0.7822985320753778,0.19212199616458706,-0.4936820152556067,-0.5361221420181193,0.2260418031116504,0.22645160908282566,-0.05937473736797695,-0.22161112525812127,-0.13449763793451974
0,-3.9434734193969705,-2.030016063993257,0.6917358452689373,-0.5134062877120327,-0.34011471241538044,-0.06509735511729278,0.050226422793244914,0.579632461807418,-0.19760169532542798,-0.20046838278642243
1,4.949858523306371,3.006063923339007,-1.7540719554453017,0.6723601609168377,-2.864773955954159,-0.30708057041048314,-0.6498330767635023,-0.20491570047670074,0.4986336552609411,-0.38256648725810377
0,-0.9158034190237065,2.4790131752951403,0.3626067283123284,-0.2619665114861819,-0.1384718449656191,-0.9912359134869961,-0.051203620050703544,-0.09396394641314312,-0.6269729361971975,0.10956763525272015
1,4.549111128932441,-0.8160005714338899,-0.5187550242812713,-0.916339786050283,0.0714860812347263,-0.9308825702587594,-2.256448719444321,0.46667306181098395,-0.780236967563575,-0.4949180829154737
1,4.442342806181367,-0.9924390213032315,1.442319071208236,0.5750347318861858,0.3575897465865902,-0.02996740347645768,-0.32327738693021213,-0.18429771866715125,-0.21190203512894404,-0.11001407050486779
0,-2.194984328025122,-1.8053530626139072,-0.43510933369366483,-0.9539432214119765,-0.5538003166350033,-0.1686115825489883,-0.23544582666258154,0.25839275081595997,-0.2322698626542134,0.169442664656211
1,0.6644409127061262,0.43686093089617534,-2.6807818421481557,0.7292264799447388,0.027787393401983003,-1.0820507250937972,-0.001050850133138153,-0.12761756959148396,-0.009941786394472492,-0.481072437773244
0,-2.240876059396661,-0.45458935586970173,-0.4655274543925931,-0.18872458014320778,0.8282933453563885,0.9533190929846512,0.6734784253739775,0.31771497710301694,0.138157455490674,0.5455905376446722
0,-2.125180441954605,-1.1947967577634213,0.49037210264539793,-0.8553963497830479,0.10593590766843072,0.19534264076074584,-0.003452216577897118,0.43395422426747327,-0.14082328413827125,0.18764533101708808
0,-2.615317435136893,-1.832060276620105,0.7643296147562609,0.8231658837737156,0.300786992768016,0.08993768795187933,0.1463431140296824,-0.378022999623946,-0.5429751497295264,-0.21925090374871029
0,-3.2109680037096866,-2.2351425019708313,-0.16622440399247193,-1.1300580598323744,-1.26018872369958,-0.10359134619542816,-0.2353729971743475,-0.29047382445807113,0.05929174893550341,0.505944168947517
0,-0.30675032692845805,2.1849988456917098,0.03928615561801583,0.4864554045902779,-2.089450406657081,-1.1041432273359177,-0.13486159049757104,0.33707528059152525,0.5554564834750413,-1.1869045405239207
1,2.4723568903890727,-1.4998248220101884,0.5914530274551502,2.2673513198371653,-1.4058408216445186,-0.9648580015275785,-0.8143023667915344,0.910775634149796,-0.011737872195715262,-0.7365537442790011
0,-3.4547183873788856,-2.1364613392963245,0.19716272269099794,-1.5341771113537226,-0.9428751331330332,-0.9371161205292462,0.683263106605426,0.21948621966319937,-0.3089958284168157,0.28269153071053055
0,-3.9005267831345996,0.7307761251888508,2.136071230810944,0.7811731047456435,0.8325510999572988,0.8978210672977377,-0.8910792916797278,-1.0951619711923521,0.2557936725719418,1.539595073023073
1,0.9817274917778672,-2.210429882698708,-1.6999192801429495,-0.9709723269058341,-1.1832579930906604,0.14365296739513675,-0.45711115543528963,-0.06783351789584219,-0.45027119238909596,0.08306228007792889
0,-1.2572515357897172,1.0676915937887417,0.2594753420799362,1.2417522398925838,0.39321539892418644,-0.6997706113442225,-0.4981814997317127,-0.22808195857726007,0.45139061251833956,0.6770489616350884
1,3.24541358708394,-1.7783586921433487,-1.7931538429707174,2.485059262908729,-0.5503523830626341,-0.5986124548890317,-0.46960132089292805,0.0283928640175821,0.2354005106070626,-0.15322875301000635
0,-1.5572194395495174,-1.0379269539230258,-1.301244969845728,-0.6216726228243649,0.37935367382412866,1.5356983387783698,-0.29079891962287485,0.38937023397531084,-0.1154185790732387,0.3466488202355861
0,-1.2492581279043424,-1.5888387013071843,-0.3264135442394121,0.925321869612752,-1.535350145668775,0.01206533539108416,-0.10117617898905411,-0.3736057958567156,-0.07208268604837718,-0.8157922008959908
1,4.331653245175189,-4.049332463908068,-0.19250559030760173,0.2906132829706581,-0.6108409517986378,-1.423588300792658,-0.6701408929351099,-0.49491282538258546,-0.5046692204634313,-0.35021937700722006
0,-1.077451194041772,1.803618052784855,1.7810411149176484,1.6289517524556467,-3.74175421026569,0.3424348380946406,0.9299648744204138,0.5198990095369097,-0.8391916024810137,-0.3226159008674309
1,2.5117530308785216,-2.5288075681060405,0.7982024153771836,0.8236746804029457,0.42926340379716293,-1.8315346926269116,-2.4042990990934263,0.8927963244002806,-0.15219739104062172,0.07602562912610933
0,-2.2170922743631643,0.029891342827395,0.6364599692999764,3.376701065019285,-0.47999536993500586,-0.48464642287205706,0.04299840202053476,0.1896335830264949,0.1153705728295822,0.4095378874606602
0,-1.1738306311008688,-0.4748393557090296,-0.4815707414139354,-2.143959424148101,0.24330088246967937,-0.4828605126892637,-0.5075111389513576,-0.4051347718265904,-0.5537796951391663,-0.1735623008078067
0,-2.8363014686856904,-1.0181256036426622,-1.4866299028348973,-0.4564057885380679,-0.11470482627629668,0.9738356973638257,-0.1504611241053236,0.0493524070514256,0.5073943770930962,0.17223138056560575
0,-1.8570859176235859,-1.5713930455301537,0.8264826250952884,3.930249471892385,0.22082589318147036,-1.1998403920664444,0.33678776828686674,-0.49519205409127137,-0.1479517079874547,0.10176531991143242
0,-1.3286143734464606,0.7770957232694065,1.256758330524598,3.7855439426438626,1.245061975582884,-0.22562436376560235,-0.749763281798608,0.22456797215986904,0.477877661171628,-0.5366411259426381
0,-2.8027713900650926,-1.6663014716647715,-0.19401831759917082,2.233107380422004,0.20524621890651432,-0.5721719175432892,-0.36156673543246154,-0.0068880436461350135,0.4372286462478976,0.3021993904860197
0,-3.1745688385676534,-2.075733436822623,0.07490030060076354,1.8698289986371281,0.20932637047533326,-0.4825660418107585,-0.17958500766610186,0.04373603135500856,0.5105762148646817,0.6739618443664603
0,-4.0870773630534165,-0.4847099279508717,0.6313639649031554,3.4027328596635695,0.018223955352954548,-0.30982135771814495,0.23062665370114918,-0.11473829823902827,0.665946623107055,0.3201890553183686
1,3.4754937280755183,-1.6728844614356202,0.8568268001623287,1.1567680434125966,1.3825713142726914,-0.9999211399932086,1.1156333739588724,1.1182681285026752,0.6896469934948654,0.5542299104799218
1,16.319233056646794,-7.775853328901578,6.235415525137017,-2.328072686729288,1.709456101116765,-1.124821468333333,4.962496732928674,0.8875128721178468,3.5947574172324415,-0.5877081377142942
0,-2.560115066914867,-2.494045333162925,0.17031244518174435,2.1097563907970827,-0.9792392212071743,0.488755110951041,-0.04627045893906379,0.5318371234237534,0.38408880483374563,1.0198234317806423
0,-2.9688887844797662,-0.06884696336859453,-0.7784115004632801,0.046666725044730135,-0.22820688345959775,0.3448923637662014,-0.07660139717055989,1.08357699662875,0.16323559511422123,-0.49678893448308414
0,-2.7574304852387765,-1.7939185839876068,-0.7578141148920973,-0.02411854527253508,-1.2839125237228284,-0.6588326365663778,-0.313233557032289,0.5954829948042671,0.25692372195844454,-0.1601919384860406
0,1.3703399856820195,2.110011213970276,-0.8537207276721924,0.7237678164864845,-3.824379116338512,0.22342054146793888,1.4713799917358306,0.8049288036928697,-0.00554702266622156,-0.40652152050599444
0,-0.4176644854106891,0.11651974882855876,-0.5361426563352786,0.3641988481967691,-1.5134573241236133,-0.5557004898198056,-0.21728646731680182,0.8101001231781013,0.5639995718534857,-0.5886747544214763
0,-3.8383985849757503,0.8991788406515957,0.7005641682523949,0.219940006089056,1.3371627219972575,0.07674439205197116,0.6410427990777877,1.3574026597907982,-0.06838176941493598,-0.3124883297998981
1,5.930964992566468,1.2282963399071345,1.721587195393509,0.47358183044202,-2.8835391890986966,-1.10023764915912,2.024320101412327,-0.48398918938567154,-0.679666304048941,0.6051747752164748
0,0.6454787438273771,3.4260114646632545,0.608285229900298,-0.23448593239047055,1.209698158069253,-2.4278512961530523,-0.9417140794048884,0.13407736831859132,0.37515965310531135,0.030072766223240736
0,-2.6838463460769355,1.443555661283068,0.3394036347119185,0.24481716529374722,0.7926917738423599,0.9256296087835736,0.49600416651767687,-0.27173178899776357,1.2081079349066066,0.9410421379635802
0,-2.0416640386437384,-0.9032558660045897,2.8432414156477877,2.8858316833274107,1.0167086870050903,0.10446030692878903,0.3195858279389718,-1.0332991637577187,0.6088263328085334,0.3976972023108351
0,-1.3992963802912146,-1.7722261130399308,-1.4795616215366072,-1.3081093778879107,-1.8053144233165235,0.6154645186336158,0.280220343682013,-0.06489460447143089,0.00024623211742548837,0.10251085061451469
0,-3.5364152961981956,-1.2468540674491249,3.3854111115756336,4.666051365340649,1.8757268443163526,0.8903973389083513,0.9255098769331334,-1.086778953678169,-1.2077188334913138,-0.4843957240629843
0,-1.99052937637783,1.899462664852057,-2.0309981131832453,-0.9119057610928473,-1.231554133813333,-0.4196277800282878,1.2878927276243899,-0.4036377478831529,0.13892932954602114,0.22112779164699528
0,-1.9981853714979447,-0.20637097327500217,-1.6413250041028384,-1.039210703188085,-0.9042107801477013,0.3676288394099834,-0.3447804238527534,0.34536576234029337,0.42559731133683015,-0.36584846280067423
0,-0.5206581303015126,-0.9733677476942053,-0.3241354593598781,0.5439991491053041,-1.4294369209652789,-0.049198898711011976,0.22270306488716088,-0.19539641180828574,0.027760226297890118,-0.407658749434798
0,-3.172370520118606,-2.089052124968436,-0.9788058128054071,-0.38709742792881485,-1.4194753474696564,1.3383653547848755,0.5370581949207193,0.041989811232146346,-0.04193412720019768,0.7870325913314711
0,-2.2027101437913648,1.2860394648975102,-0.8873991037339439,-0.7011031070421073,-0.17982106355663188,-0.024052083253213896,0.2729364954508162,-0.651762109818589,0.25930488520046113,-0.5103196209960561
1,3.824433115586503,2.305236167411884,0.02754609336546454,-0.6702589696740329,-1.2897651832285162,0.8090949476857471,-1.5682756569930352,0.2945493278015235,-0.13556548842004446,0.2355519942840971
0,-2.985484704081048,-0.6733390682057089,-0.5904898337496371,0.5943501763428335,-0.4619695054310209,-0.5454030886105415,0.6173998135836916,-0.3611048351675097,-0.18554958084447062,-0.6059277281875182
0,-2.4810551438569095,-2.363958606695816,-0.43261463146736573,0.38346941545645513,-1.038121444730539,-0.02046696936579733,0.560093592428303,-0.2391829315538958,0.28223280967846126,0.22993093246433974
0,-1.2721114477925435,0.5098340120056727,-2.238991517406072,-1.672376480172,0.11760687779668012,-0.01547890596991459,0.034229801431235246,-0.5572662262139131,-0.410727411204918,-0.00015270925448540216
0,-2.2351569200204153,-1.2987043077672056,-0.9014367785293602,-0.43409420936217663,-0.18292603197236765,-0.16343265274948504,-0.23652197605631353,-1.1115123240369658,0.40532220204422054,0.0867628408931289
0,-0.05618311519613785,-0.22738324383919223,-2.25551548113085,-2.710600646616011,-0.8017849824642153,-0.9605696363145514,-1.0384062919612589,-0.2815873948265597,-0.2741446946095798,-0.2518605752575874
0,2.3173907791858666,4.389134139197914,1.7784108710162971,-0.9694157804548909,-2.6453765606011665,1.5571174474613008,-0.007412931997867848,-0.10363981287937826,0.6213334072296284,0.006656241257794499
0,-2.2843313172386,-2.466840580521962,-0.8211884831432305,0.04080294793014579,-1.0927813969746878,-0.10101398624469385,-0.24822132484426174,-0.2370638938225161,-0.19035924509988483,-0.7374348062334816
1,4.754614823901874,-1.489423637010134,-1.2537511179549932,0.05258693441706341,0.09662487093067176,-0.35537302498322537,-0.6255167866477568,-0.532522986641595,-0.5734459300620373,-0.7423502580924235
0,-1.7263108823028486,0.9981780064783645,-0.08023811142386787,-1.064646841828915,1.435617023852644,-0.8660554010350281,-0.34293216600425475,-0.10800679960685544,0.3878036658829271,-0.08963619044580527
1,-0.7417818313922698,-2.4520348641618157,-1.997710020629757,0.45793956740819614,-0.26129071193319,3.2035583027549994,0.16833288915161135,1.0383809400370059,-0.23366002216048815,0.5210470738362698
0,-2.8943106740175573,-0.9779441644708706,-0.8056442653155766,1.7207791624019209,0.028983364808311908,0.21190384217988037,0.6725137976118578,0.47869861715979056,0.09462724400754258,-0.014971831538541851
0,-1.6545219299924347,-4.555663953520117,0.7523230831385663,-1.6483230919757048,-1.4030727923257962,-0.5534032092470129,0.12242946822696386,-0.33942784580107244,-0.9660087369465715,-0.68576807991446
1,3.103519687298834,-1.2361532621823028,1.2873551757693789,-0.608648681727448,1.1222599643268472,0.9300495374319727,-0.19737973162129016,0.16164786392455924,0.030365763576489888,0.5664967647483873
0,-4.0642705434901005,-0.5609540568443954,2.1766848633399882,-1.375868349756724,-0.199465069964407,0.5647367606198646,0.26888225682786243,0.5164786204853367,-1.2350942350356835,0.027087885404294583
0,-2.7933306638965667,-1.077888002159747,0.8445421213255808,1.1102075642167013,-0.004869944296627669,0.5656032049894242,0.4689917870706355,0.5743876772602552,-0.35709031689107357,0.28979879701622235
0,-1.4749199736078626,-1.5910940719973046,0.31999151403725107,0.7988321342899612,-0.15805795274721948,-0.4380661243524189,-1.0438261256041759,-0.76015605043326,-0.47959295049659095,-0.6401012028731248
0,-0.22939460309791518,1.5159035063678774,-2.2162829343804273,-0.5555698639459888,-0.2512016782351439,-0.6025604743452363,0.41004325336994,0.14166887266964048,-0.12681650603959352,-0.551241193091049
0,-2.5532584317611673,-0.7639002980397969,-1.60940304727009,-0.05992803096569898,-0.505844982384747,0.21379695783127753,0.09832583312226867,0.007367244186262234,0.1006239873020983,-0.5824581507232675
1,3.715705111545026,-1.058686294174147,0.5219535327084606,-1.3970018496521883,-0.36861415913351364,-1.104610509722525,0.6344598321797192,-0.059139144011917916,-0.28706849932681067,0.39353585875217106
1,5.094841797730486,-2.0192079334830355,-0.7093697701583044,0.08279481531251455,-0.3838168832105233,-1.447935902983235,-0.5734947055798068,-0.6501204057888045,-0.5360476069970238,0.25121124958180857
0,-0.6006161160471832,-0.8384545702920823,-0.6870419699947017,-1.1553340269263364,-0.9824324001808882,-0.853230494444825,0.7055309165745632,-1.346939143863009,-0.48894407783376587,0.4166661419252671
1,2.7903999350076556,3.3855606830067364,-0.7530762982637426,1.3331819456364973,1.5855316191917272,-0.5084178408016282,0.20716224431931607,0.08016987835043621,-0.05170441883711199,0.9756562666574842
0,-1.4087711876228444,1.5057707602456445,-0.35389564568647236,-1.1217403899273364,1.8116702794308623,-0.2421454090632702,-1.0461586829173295,0.21013099647960948,-0.03940243973008677,-0.1875742223104628
1,7.259178718531599,-5.495735882694439,1.9109258326105905,-1.8957166900527371,-0.39637768428757986,0.06639144174836975,1.1539850640990752,0.9925678332029515,0.1675231780235033,-0.5700829593920629
0,1.2988668034084383,7.729852781751354,-0.6889143832941269,-2.8927271046902643,2.015355532925713,-2.202856258413429,1.0259964608121905,-2.03067486739906,-0.23681786619138595,1.1463559981318052
0,1.0766935592248628,8.294775386558957,0.43419263751660525,-1.954189552402523,1.3958723345417594,-3.511878253438235,0.6047914318674611,1.2796248348561172,-1.8742038735464894,1.0210263998348843
0,-1.2497604788962324,1.5956839598602222,-1.3564745021400595,-0.12626753348552247,-0.023420025347328653,-0.4851495696335605,-0.13607024553712477,-0.6656293963472514,0.7785629399109888,0.9401231079981935
0,-1.2569282340550854,4.1171867515591805,-0.41272965966083625,-1.0541735891761783,1.1395273222392335,-1.9490431469362781,0.4886222280441664,0.2552887343872476,-0.9073254481617995,1.276650294771668
0,-1.1665352352472622,-1.6656935712350724,-0.7378779001840493,-1.762167317999654,-0.7383521005499109,-0.83471132949375,-1.4101277011143631,0.298241439979023,-0.07379651900162426,0.6476681237687011
1,4.094142628658808,2.802927109395951,-0.5074334861243992,1.9773184424320667,-0.1328256666807884,-1.603521367930651,-1.054296042743713,-0.3568823640409611,-0.4292822169758987,-0.7309532098716045
0,-1.8876391349196298,1.6721917737387457,0.11979741323866537,-1.2182155895254558,-2.568069664895234,0.25389192657277265,0.5477368377892127,0.542530752550773,-0.6181947184913541,-0.09170876453264051
0,-2.7674357365608926,-2.1610485870114613,-0.021096049332861938,-1.6102758859067852,-0.716378604079133,0.03300899785128674,-0.8760671800729033,0.2959240583809257,-0.03344363037854255,0.3415773975966387
1,2.2269945210298707,1.9416347472510151,-2.2856034411846875,0.33986069631837684,0.5368574613298226,-0.1368205404026074,0.39326333258258017,-0.6152758856214797,0.715416613513801,0.12169964708194878
0,-1.1315769141096137,-1.4110018149050432,-0.5650530002034163,-1.9949608454036418,-0.5284873062880655,0.07255816144530318,-0.17596889038993033,-0.25530146582629737,0.31169531610447404,-0.21409828671512238
1,-0.7337724997464105,-1.9436970702368577,-0.2752361718568203,0.3378230117979872,-0.6609913875840353,-0.774305166736518,-0.14559641617789185,-0.5003655938417372,0.2707676563959793,-0.4086405134404297
0,-2.333670740149846,0.7901468080829785,-0.3500430594650811,-0.4408592860685485,1.422549967829725,0.046649081058870105,-1.0014033561582305,0.30723236515012575,0.656177320839331,-0.09081498481576815
1,2.6972237053691717,-1.9437099304454222,-0.9605643772587952,-0.459508664400772,0.5844985945962556,-0.49172559847003355,-0.5172088917371771,-0.050072634083055394,-0.13147255061488444,0.22607684927822413
1,3.3790146204292535,-2.333428969344393,-1.2019322428027042,-0.5536131711493046,-0.5278805533810346,-1.0185728844826938,-0.026131722816956443,-0.44374572372403487,-0.658745561075446,0.5304100170746542
0,-0.19987055379609,1.076360101604074,-0.6731486355505835,-0.6284453865205724,0.8402504335935806,-1.2875018428598157,0.7487130696488519,-1.376515864328864,-0.25776702130565626,-0.20826110144901
0,-1.1760258757115243,1.0113703213598257,-0.7117680625613857,-1.0660682952664795,1.421901145882789,-0.2654397342978273,0.19444521188994623,-0.4627176923015068,0.3580171125889771,0.7947753546462033
0,-1.2926364295359778,4.964224872369699,0.3459276681326588,-2.2405341492276394,3.8405299479278883,-0.5486177843565517,-0.8147893570337416,0.9879771712614255,-0.07056925785825777,-0.05378388876652417
1,8.630755788208372,-3.4594521537094343,-0.1790569460034166,-1.1771641690321482,0.02290585731816713,-0.0066911608739413896,0.9620196737727313,-0.3979718797891393,-1.2577439967247668,0.8494384761782499
0,-4.429456371214628,-0.7860358212896382,-0.4734190581010888,0.6966168903155988,-0.10380450049694662,0.0971809457300931,0.7225180700975518,-0.5085744438314301,0.06061113219332578,0.38820667362934197
0,-0.6198387119438717,0.6363493567255116,-0.488851172512753,0.015154448741092995,0.10640660164756463,-0.6007164007757876,0.13930930206085337,-0.2954162435597854,-0.24398324572477484,0.002340155823258613
0,-3.252315717091092,1.2859253409852363,-0.21847634380751946,-0.30780822887364595,0.09942893206945512,-1.4031995076474975,0.9536159311520593,0.30023552418442156,-0.5043365338264522,-0.7853132192902793
0,-3.352926972020402,2.6733008121190087,-1.7790868589559852,-1.3895860179334136,0.35444134957339984,-1.2112739177920586,0.8167571204860663,0.3733929844865931,0.2932392219920595,-0.36130474483981984
0,-0.8598030024189254,0.09684868959393717,-2.8140445560785095,-0.1843239533178972,0.6300755645633146,-0.36503929302012184,-0.046256773475948976,0.1257486479351979,0.312568385915874,-0.24714222420089835
0,-3.156621990978969,-0.8715423765685945,-2.1957146362863487,-1.4498678230856883,-0.431435564597839,0.32605708503131414,-0.09453337815103853,-0.1492815862613468,0.3191853712945618,-0.22905446853469968
0,0.3465281960952194,1.5412253366496649,2.8464542989985326,-1.9098111919508642,0.5718339891105312,-1.6874943612264024,-1.7124114175524165,-2.410660082150108,0.33321135116593115,-0.11771990136854542
0,-2.4614066350532857,0.6008481926720601,-1.1714648301989845,-2.2110538800994033,0.6919121686899674,-0.8526901516927364,-0.028874043427865818,0.20527896058742418,0.032435182823425585,-0.38984912787201953
0,-1.5301007140728762,0.40521792731351436,0.604464962572349,0.3471716760450182,0.7860468518789083,-1.102130565203159,0.08702859304069789,-1.29659185033077,0.16165780396917762,-0.9111213271575095
0,-1.773585051916244,0.8042101625986287,-2.027917935746221,0.687333158037032,0.6160920544642033,-0.2893279877901512,0.47345286020165955,0.06968007145972752,0.5439414461177408,0.05725844562741922
0,-2.680441653094074,-1.4847086842123267,-1.7416932820266824,-1.023490811302202,-0.2974684640148377,-0.19807785801358868,0.4341312541350202,-0.16912211967855778,0.02485138757365961,0.3194084553029801
1,4.028435188456992,-2.94143018291518,1.6594854239652785,-0.22516713250123793,0.5135946835551072,1.936222540828395,-0.7282260674605943,-0.7579855832107828,-0.17613505772953253,0.2704813618929234
0,-2.1363511796703367,1.5185807663434991,0.17896532775505075,0.5007766721878462,-0.6830479433533208,-1.5516756660518238,-0.7183273492270484,-0.1397524296396299,0.18845581691524993,-0.3705074210202053
1,5.165410876402176,-2.38220332435344,-0.4222772641474597,-0.8834276069717075,0.2094083926122456,0.5792299955862669,-0.5434881512716935,-0.9527685425195882,-0.2480273989603939,0.5291523079215608
1,0.5359319635037495,0.3807151625740198,-0.4431348185044534,1.8793718782786708,-0.22686985514314145,-0.5238389285359691,-1.150570867330116,-1.092092119254326,0.32420117342888344,-0.103973803245708
0,0.34312348924548647,3.534481086958995,0.06966899434012047,1.5506706681310762,1.956920416479993,-2.3395180637525375,-0.4835069494993355,-0.5024246412444023,-0.06986536947348118,1.2799512487716733
0,-4.197079859096263,2.3673923795556844,1.3271447135823964,2.0395041893604673,1.761916661995228,0.042428623255513526,2.1687549113822944,1.481217234630549,-0.3230883689874911,1.1811560048162777
0,-1.1428316926486404,5.599458419699837,1.3010369284092234,2.1882497246837396,-0.7655753603726956,-1.1592265330170743,0.19153534728198243,1.79814014492354,0.8768384156444874,0.9493123919931242
0,-1.6654750539031298,2.389618207987674,1.502249562054753,-0.8759510891049077,-0.48454586120947335,-1.1895180247061423,-0.6777552793871712,-0.1466433520081533,-0.2916477108088037,0.1027330605410678
0,1.0117125561381568,1.0923895816065352,-0.6326986303780696,1.7585182105342199,-1.046826505306469,0.425894659831891,0.3982859324564617,0.8360359746932466,-0.3841469852569842,0.6196245501549951
0,-1.3009297429106657,-1.8214152220661144,0.3733074298715576,1.8481688935426812,-0.19962741007540624,0.7657542537218455,-0.46671508566335024,-0.39857926563561275,0.36499156304996766,0.7948280372454913
0,-2.3734287721749343,-1.6815761181293272,0.384528112350438,3.0167286541814398,0.03824597485153995,0.06881350179961078,-0.41522228511000175,-0.5083930119127181,0.2782724003570209,0.2878343439387396
0,-1.6658709939281386,-0.21396263453209258,-0.1480724287533944,0.1970516201462456,-0.5564803389573246,-0.9315821686635257,0.5243195188542435,-0.3007019949431974,-0.35662215275657017,0.4186023339897366
0,-1.927678207116016,-1.1377397969102665,0.4782023330495306,1.1575004254301555,0.20234160653161581,0.11489819791564607,-0.11625484732804764,0.013630607132462343,0.05805699342068819,0.1324339853111175
0,-4.237216594208894,0.18427273714618442,-0.3264182033148514,-0.588303276251194,0.7046268324335307,-0.14609137263653418,0.2598571086149452,-0.14956884537826853,0.5648536751315099,0.5751753067042367
0,-2.677870615304001,2.3157929327082574,-0.05384818921852716,-0.34044973921403865,-0.45064813087493066,-0.6783477268826794,0.06410083647107086,0.9709665223805635,-0.45527546496681254,0.0953840564483925
0,-3.8364977999860215,0.4962500826810332,0.9232397221642527,0.5518716751111479,-0.0800358079697574,-0.11266886816451682,0.47448675991616224,0.16984419465076267,0.4105489018266097,-0.2196050638371847
0,-2.5514402798789257,0.22833006537427283,1.4141781195749417,1.9707901146207725,1.4563246837343382,0.8555216156223054,1.0219211721215704,0.160490987536762,0.44714215981400574,0.39907812583201757
0,-4.6949234440121215,-0.7674777517265243,1.5439649528207982,0.7790191945155676,0.7848967253872815,0.8513734496004104,0.7526681370815009,1.0704258939007922,-0.589318363959806,0.06891064548581656
0,-2.0250371064863186,1.2612419551277838,0.5049260541410395,1.1355274468991157,0.11426252641742134,1.7847768905553103,0.39049546729161805,-0.8744235152790845,0.31124120681806156,0.36569403228335745
0,-2.8959482374627483,-1.4516356240303276,0.7805460089399089,2.970448263602498,0.3571492212448147,-0.5832026752015587,-0.6184117482033421,0.939222553350882,0.36254051392536063,0.44891608084580625
0,-3.5022009617810723,1.8008325930800622,2.7664567565322575,0.8663075685925792,0.6253641620067387,0.41226965405339927,-0.3076658795501576,0.35790887907542707,-0.14318172651221941,-0.4518806249417472
0,-2.1539036765239796,-0.8300687381563254,0.564796616182816,3.011755852221697,-0.5658259824128502,-0.5504026834717487,-0.4844052942434535,0.8931826339730368,0.4354864252849211,0.2441387692762823
0,-2.055083996723672,1.6164593178716749,1.8389594309523434,3.1135350629164003,-0.21104366229570864,-1.6418061505655557,-1.0888527214501393,0.35019344511009937,0.515064015427167,-0.004946532817985622
0,-3.877289547112694,1.0842549498040348,1.8599442425748143,0.43374007311345975,1.687438227410386,-0.8148927012181983,-0.4710738565154718,0.07138469776237555,-0.7018808838696343,-0.07064352072413257
0,-4.0638620847888705,0.12216855948940977,3.2387727663956745,3.4691834336936482,2.241907202526821,0.17490891898783725,1.0772542220250982,0.12949448473108477,-0.4270308376170288,-0.2772859932583354
0,-0.09866731385769455,-0.2135598640576369,0.38892918871393345,1.0127101294131726,-2.9890681166994266,0.012452491332352924,-0.2902564469142594,-0.31234357144727715,-0.06786416399847246,-0.32577034046855347
0,-1.0893761340971146,1.2928479050780646,1.4293787606577621,3.372136421767058,-0.947342574897217,-1.7258697285048357,-0.3539743855006713,-1.1643393894698781,-0.2074954094106345,-1.3917081070886603
0,-0.48177092521995407,-0.17801968334757598,1.032107449838798,2.0102801303035758,-0.3271035876318316,-0.992062370051305,-0.04854574690688707,-0.19522104512473534,-0.3258652964639265,0.4290723388942308
0,-4.870309546645159,-2.1311059550186386,3.4141887347848363,5.133988505950616,0.48891937479475456,-1.1107924355234196,0.4883716629864301,-1.2892843162532064,-1.3904792629980445,-1.7466617595131761
1,5.917612646264871,3.482636374381515,-3.2627921136479365,3.917585151636129,-1.7163823856423586,1.0135990889871913,0.2714426767452749,0.09196349770718835,0.37247584633662456,-0.6304238871764202
1,8.741338075615868,-0.5738549839993702,0.8970899199413055,-0.38514993159313965,-0.6790432022275352,-0.3007526106906763,0.09482439107449861,-0.7340817486655296,0.8310938840477295,0.4506374734387841
1,6.4393154243961455,-3.5768175861082394,2.4594865905153487,-1.1773139785946085,0.07482411531912624,-2.375192849940716,-0.5961297647004856,-0.035470853649828174,0.987929384755998,0.25698786025556736
1,3.793382283157112,-3.5840479571353097,2.0884763248323384,2.506027901930594,0.5107218419934562,-0.2467101551278253,-0.716326226402864,-1.1133596046485472,-0.10520724975923117,-0.10863253872410149
1,1.2561792512514354,-1.9022967619844988,0.5627302632124892,2.089226742951446,-1.8099917942103412,-0.534447096731335,-0.1927579699342536,0.3418870869097257,0.39391672268056693,0.5208775149344645
1,10.374794071732856,1.6720097158678922,-1.877029596781825,2.3560311328902475,0.03374192744559564,0.5679365206851461,0.22308155536956215,-0.2802386206660694,-0.5420343241668597,-0.08929650538260411
0,-5.475243290702441,-0.670636625043062,1.4904430242328484,2.2991572086744125,0.1847029316797494,1.6178372274466775,1.698951868050457,1.04635366176156,0.3741004985559525,-0.04772516289282213
